listing_id,district,latitude,longitude,rooms,living_area,year_built,floor,has_balcony,has_elevator,monthly_rent_chf
LS-100674,D12,47.370435,8.542258,1.5,40.1 m2,,0,yes,1,1210.0
LS-102063,D03,47.371758,8.533008,2.5,50.7 m2,1967.0,8,yes,1,1535.0
LS-100377,D08,47.405321,8.491611,1.5,35.8 m2,1936.0,5,yes,1,625.0
LS-100802,D02,47.372874,8.509684,1.5,44.2 m2,1925.0,2,no,1,1050.0
LS-101208,D12,47.390334,8.541419,4.0,103.0 m2,1919.0,1,no,0,1565.0
LS-102726,D07,47.378248,8.469991,4.0,84.6 m2,1927.0,5,no,1,1415.0
LS-100852,D11,47.39922,8.5026,2.5,59.0 m2,1984.0,6,no,1,1175.0
LS-102868,D06,47.340156,8.518688,3.5,89.3 sqm,1893.0,7,yes,1,1860.0
LS-102986,D07,47.363752,8.457598,4.0,92.5 m2,1907.0,1,yes,0,1115.0
LS-102736,D02,47.382578,8.51495,3.0,78.6 m2,1898.0,0,yes,1,1635.0
LS-100429,D05,47.350264,8.493473,3.5,93.9 m2,1981.0,6,no,1,1690.0
LS-102149,D02,47.385973,8.499524,2.5,66.8 sqm,2019.0,1,yes,1,1865.0
LS-100727,D08,47.398682,8.494984,4.0,112.3 m2,1989.0,7,yes,1,1675.0
LS-100454,D07,47.377413,8.468279,2.5,61.0 sqm,1890.0,7,yes,1,1215.0
LS-100740,D05,47.360626,8.477815,2.0,54.4 m2,1926.0,3,no,1,980000.0
LS-100362,D06,47.343729,8.537951,2.0,62.7 m2,1987.0,5,yes,1,1315.0
LS-101337,D07,47.359454,8.483197,4.5,87.9 m2,1925.0,0,no,0,1305.0
LS-101216,D03,47.367212,8.544075,3.5,104.8 m2,1982.0,5,yes,1,2695.0
LS-100580,D06,47.343416,8.517233,2.5,83.1 m2,1956.0,3,no,1,1615.0
LS-100125,D01,47.372011,8.535105,4.5,151.4 sqm,1961.0,5,yes,1,3010.0
LS-101740,D03,47.367026,8.536329,3.0,95.2 m2,1962.0,1,no,0,2410.0
LS-102441,D05,47.353765,8.496329,1.0,34.3 m2,1982.0,3,yes,0,1105.0
LS-100502,D09,47.354699,8.476111,3.5,85.2 m2,1892.0,-99,yes,1,1315.0
LS-101227,D12,47.372777,8.564212,3.5,94.8 m2,2020.0,6,no,1,2270.0
LS-100807,D01,47.348064,8.552052,1.0,25.0 m2,1977.0,2,no,0,575.0
LS-101495,D12,47.3688,8.548467,1.0,30.0 m2,1924.0,0,yes,1,740.0
LS-101903,D05,47.36261,8.495352,2.0,69.9 m2,1948.0,8,yes,1,1635.0
LS-102902,D07,47.373002,8.466758,2.5,63.3 m2,2023.0,8,yes,1,1690.0
LS-101312,D09,47.353493,8.469789,4.5,114.2 m2,1918.0,1,yes,0,1305.0
LS-100752,D10,47.361575,8.523396,2.0,63.5 m2,1952.0,3,yes,0,1240.0
LS-101051,D01,47.366471,8.547615,1.0,29.0 m2,1974.0,1,yes,1,710.0
LS-102434,D08,47.409907,8.501152,3.0,74.8 m2,2017.0,2,no,0,1260.0
LS-102843,D07,47.379721,8.469262,5.0,152.5 m2,,8,no,1,2640.0
LS-100296,D10,47.358555,8.541002,2.5,87.3 m2,1929.0,6,yes,1,1915.0
LS-101918,D02,47.376884,8.497253,1.5,55.2 m2,1950.0,6,no,1,1175.0
LS-100318,D02,47.384239,8.487113,1.0,30.9 m2,1970.0,-99,yes,1,535.0
LS-100889,D04,47.341386,8.563894,3.0,57.3 m2,1891.0,5,yes,1,1535.0
LS-100699,D06,47.360624,8.51735,2.5,86.6 m2,2002.0,5,yes,1,1995.0
LS-101151,D09,47.36073,8.476141,3.5,87.5 m2,1982.0,-99,yes,0,1240.0
LS-100720,D01,47.375916,8.544108,1.5,33.3 sqm,1916.0,1,yes,1,760.0
LS-101417,D10,47.35026,8.534327,2.0,66.4 m2,1958.0,6,no,1,1135.0
LS-100180,D03,47.361194,8.549668,3.0,71.8 m2,1958.0,4,no,0,1560.0
LS-100638,D03,47.370098,8.527081,3.0,57.8 m2,1930.0,6,yes,1,1585.0
LS-101496,D03,47.364798,8.529936,3.5,83.5 m2,2010.0,8,no,1,2125.0
LS-100206,D11,47.383052,8.48629,2.0,62.3 m2,1935.0,2,yes,0,985.0
LS-101533,D10,47.351958,8.535728,4.0,140.8 m2,1972.0,1,yes,0,2530.0
LS-101236,D11,47.378739,8.490073,1.5,44.1 m2,1957.0,5,yes,1,1025.0
LS-101463,D05,47.365242,8.496063,3.5,89.9 m2,1964.0,7,no,1,1800.0
LS-102730,D09,47.354259,8.47918,1.5,45.4 m2,2021.0,6,no,1,1265.0
LS-102101,D01,47.361133,8.545613,4.5,136.1 m2,1920.0,1,no,1,2755.0
LS-100717,D04,47.335543,8.563053,3.0,88.3 m2,2008.0,6,yes,1,2075.0
LS-100275,D03,47.365588,8.549203,3.5,116.2 m2,1969.0,0,yes,0,2715.0
LS-100415,D08,47.405341,8.495707,3.5,79.9 m2,2020.0,5,no,1,1790.0
LS-102263,D11,47.378964,8.506022,5.0,149.6 m2,1944.0,1,no,0,3095.0
LS-102922,D12,47.367867,8.548849,2.0,74.5 m2,1979.0,1,no,0,1690.0
LS-102480,D08,47.417544,8.503605,2.5,67.5 m2,1985.0,5,yes,1,1215.0
LS-101808,D02,47.387862,8.493118,4.5,107.7 m2,1924.0,2,no,0,1695.0
LS-100095,D03,47.360443,8.534446,3.0,83.0 m2,1927.0,-99,yes,1,2125.0
LS-101491,D06,47.336481,8.531631,3.5,67.1 m2,1918.0,4,no,0,1010.0
LS-100603,D01,47.364535,8.554613,4.5,121.3 m2,1900.0,1,no,0,2070.0
LS-100527,D05,47.366569,8.494891,3.0,73.6 m2,1917.0,2,yes,0,1415.0
LS-101526,D11,47.393219,8.485271,4.0,63.0 m2,1939.0,6,yes,1,1295.0
LS-102193,D08,47.399682,8.505063,3.5,94.0 m2,1905.0,0,yes,0,1605.0
LS-101545,D06,47.348259,8.521365,2.5,45.7 m2,2004.0,8,yes,1,1265.0
LS-100742,D06,47.342642,8.524257,2.0,53.1 m2,1931.0,0,yes,1,1235.0
LS-102836,D07,47.373619,8.465726,4.0,106.0 m2,1933.0,0,yes,0,1610.0
LS-101683,D01,47.375044,8.530785,3.0,76.3 m2,1902.0,5,yes,1,1650.0
LS-100819,D06,47.352338,8.514333,5.5,134.3 m2,1917.0,7,yes,1,2785.0
LS-100838,D06,47.347567,8.522017,2.5,69.0 m2,2017.0,8,no,1,2000.0
LS-100737,D02,47.372615,8.493771,3.0,57.4 m2,1989.0,1,no,1,1160.0
LS-102527,D11,47.379443,8.495172,4.0,100.7 m2,1963.0,1,yes,0,1760.0
LS-100121,D01,47.372499,8.554485,4.5,151.6 m2,1897.0,2,no,0,2670.0
LS-100224,D02,47.37801,8.498397,4.0,94.6 m2,1931.0,1,no,1,1750.0
LS-100804,D01,47.371081,8.536681,3.5,98.7 m2,1981.0,0,no,0,1810.0
LS-101365,D09,47.361782,8.474385,4.0,114.5 m2,1996.0,8,no,1,1825.0
LS-101549,D12,47.375471,8.558558,2.5,67.1 m2,2003.0,5,no,1,1505.0
LS-101619,D08,47.395693,8.492419,2.0,70.3 m2,1985.0,3,yes,1,1255.0
LS-102847,D09,47.356312,8.475974,5.5,149.7 m2,1950.0,6,no,1,1940.0
LS-100259,D06,47.348126,8.531238,1.5,50.2 m2,1907.0,2,no,0,925.0
LS-101458,D10,47.357655,8.514447,4.0,67.5 m2,1979.0,5,no,1,1300.0
LS-101831,D03,47.364575,8.53212,2.5,55.0 m2,2001.0,5,no,1,1480.0
LS-102141,D01,47.353795,8.539421,3.0,69.2 m2,1935.0,4,no,0,1105.0
LS-101382,D03,47.360093,8.543966,3.5,114.1 m2,1984.0,5,yes,1,2685.0
LS-102409,D01,47.364201,8.541016,3.5,110.5 m2,1966.0,5,no,1,2100000.0
LS-102102,D02,47.374027,8.507325,5.0,139.7 m2,1948.0,1,no,0,2530.0
LS-102334,D10,47.354338,8.539655,2.0,42.1 m2,1903.0,-99,yes,1,880.0
LS-102342,D08,47.407182,8.500357,2.5,65.1 m2,1906.0,3,no,1,795.0
LS-102584,D01,47.36995,8.54621,3.5,106.7 m2,1898.0,4,no,0,2445.0
LS-102422,D10,47.349497,8.533171,1.5,46.7 m2,1915.0,4,no,1,725.0
LS-102416,D03,47.368417,8.558645,3.0,74.1 m2,2006.0,7,yes,1,1730.0
LS-101778,D10,47.360672,8.52504,3.0,105.5 m2,1972.0,3,no,1,2010.0
LS-102649,D04,47.352873,8.57513,5.0,150.5 m2,1939.0,1,yes,0,3205.0
LS-102779,D12,47.375178,8.554485,3.0,59.6 m2,1931.0,3,yes,0,1235.0
LS-102634,D04,47.349814,8.562742,2.0,64.7 m2,1955.0,5,yes,1,1560.0
LS-100748,D06,47.349086,8.516536,4.0,75.9 m2,1895.0,3,yes,1,1600.0
LS-101923,D03,47.367423,8.535599,1.5,48.5 m2,1972.0,1,yes,1,1340.0
LS-102662,D04,47.340272,8.56906,1.5,45.9 m2,2011.0,4,no,1,1215.0
LS-101777,D06,47.344758,8.532129,3.0,79.3 m2,1904.0,0,yes,1,1620.0
LS-101324,D07,47.367074,8.465509,3.0,63.2 m2,1978.0,-99,yes,1,1050.0
LS-102825,D11,47.378858,8.49213,5.0,141.5 m2,2007.0,8,yes,1,2685.0
LS-101593,D04,47.35208,8.574811,3.5,81.7 sqm,1974.0,3,yes,1,1950.0
LS-100658,D06,47.343525,8.517679,3.0,54.6 m2,1894.0,4,no,1,855.0
LS-101969,D08,47.406605,8.498125,2.0,55.4 m2,1893.0,2,yes,1,870.0
LS-101707,D02,47.381169,8.499864,4.5,131.6 m2,1958.0,2,no,0,2255.0
LS-102501,D05,47.352479,8.489676,2.5,54.6 m2,2000.0,3,yes,0,960.0
LS-100280,D01,47.364326,8.547929,2.5,41.7 m2,1993.0,0,yes,0,1155.0
LS-101825,D08,47.397487,8.500796,3.5,76.8 m2,2011.0,6,yes,1,1270.0
LS-102495,D04,47.348778,8.566283,3.5,113.3 m2,1928.0,2,yes,0,2370.0
LS-101966,D09,47.357449,8.476995,3.5,106.3 m2,1989.0,6,no,1,1310.0
LS-101537,D10,47.353639,8.540766,5.5,124.3 m2,1975.0,3,yes,1,2360.0
LS-102755,D04,47.342131,8.564143,4.5,123.1 m2,2015.0,1,yes,0,2855.0
LS-100840,D02,47.376442,8.510935,3.0,85.4 m2,1931.0,-99,yes,1,1935.0
LS-102280,D02,47.374783,8.503323,1.5,33.2 m2,1948.0,5,yes,1,815.0
LS-101209,D04,47.344227,8.558232,2.5,73.6 m2,1893.0,4,no,0,1495.0
LS-102430,D10,47.367118,8.541502,2.5,58.1 m2,1919.0,3,yes,1,1405.0
LS-101144,D07,47.380353,8.486819,4.0,103.3 m2,1997.0,3,yes,1,1775.0
LS-101308,D12,47.372847,8.545821,3.0,85.9 m2,1897.0,5,yes,1,1965.0
LS-102396,D04,47.341601,8.558516,4.0,103.2 m2,2018.0,3,yes,1,2855.0
LS-100864,D12,47.387608,8.562771,4.0,123.4 m2,1912.0,6,yes,1,2060.0
LS-100419,D05,47.353341,8.48928,2.0,56.1 m2,1913.0,3,no,1,980.0
LS-102431,D02,47.377821,8.502118,2.0,61.8 m2,1901.0,0,yes,1,1360.0
LS-100694,D12,47.372768,8.551951,1.5,39.6 m2,1988.0,5,no,1,920.0
LS-100662,D12,47.374798,8.547726,1.5,47.1 m2,1916.0,0,no,1,935.0
LS-101806,D08,47.400933,8.487226,4.0,100.0 m2,1977.0,8,no,1,1505.0
LS-102753,D10,47.351463,8.531526,5.5,131.3 m2,1893.0,8,no,1,2190.0
LS-100523,D11,47.382253,8.496434,5.0,109.5 m2,1978.0,-99,yes,1,2150.0
LS-102904,D09,47.349651,8.480076,4.5,136.8 m2,1989.0,0,yes,0,1780.0
LS-101785,D11,47.39028,8.501542,5.0,147.2 m2,2018.0,6,yes,1,3340.0
LS-100769,D07,47.372087,8.474765,3.5,104.6 m2,1986.0,2,yes,1,1885.0
LS-102023,D10,47.356538,8.531624,2.5,77.4 m2,,2,yes,0,1595.0
LS-100666,D05,47.360265,8.511272,3.5,81.6 m2,1988.0,3,yes,1,1925.0
LS-100669,D02,47.372745,8.509923,4.0,114.3 m2,1897.0,3,no,1,2235.0
LS-101275,D11,47.382553,8.503202,2.0,67.2 m2,1917.0,6,no,1,1590.0
LS-102136,D10,47.360214,8.521154,5.5,134.6 m2,1958.0,0,yes,1,2575.0
LS-100612,D06,47.349667,8.516966,3.5,105.8 m2,1933.0,8,yes,1,2155.0
LS-100631,D02,47.379574,8.512888,5.5,109.6 m2,1977.0,4,yes,1,2335.0
LS-102223,D08,47.397333,8.516541,2.0,75.2 m2,2004.0,8,no,1,1155.0
LS-100863,D10,47.358454,8.528095,2.5,71.1 m2,2005.0,0,yes,1,1515.0
LS-100795,D07,47.36806,8.465744,2.5,81.2 m2,1948.0,4,yes,1,1350.0
LS-100444,D10,47.348251,8.526573,2.0,57.5 m2,1965.0,7,yes,1,1305.0
LS-102189,D04,47.353434,8.562428,1.0,45.2 m2,2009.0,7,yes,1,1310.0
LS-100732,D08,47.399277,8.480453,1.0,36.4 m2,1899.0,1,no,0,450.0
LS-102837,D05,47.35476,8.483508,2.0,50.9 m2,2005.0,2,no,0,1005.0
LS-102078,D12,47.36631,8.560321,1.5,38.5 m2,1931.0,5,yes,1,865.0
LS-102425,D01,47.36135,8.537313,1.0,29.4 m2,2004.0,4,yes,1,910.0
LS-100427,D05,47.351962,8.49314,3.0,93.5 m2,1957.0,1,no,0,1760.0
LS-100412,D11,47.384184,8.493527,4.5,104.3 m2,1950.0,4,no,1,1880.0
LS-102059,D05,47.357844,8.497032,3.0,70.9 m2,2015.0,0,no,1,1815.0
LS-101414,D10,47.354949,8.532721,3.0,78.2 m2,1982.0,6,no,1,1915.0
LS-102268,D11,47.384438,8.493082,4.5,97.7 m2,1934.0,6,yes,1,2195.0
LS-101782,D09,47.354055,8.479159,1.0,36.8 sqm,1941.0,8,no,1,470.0
LS-101745,D01,47.366215,8.533115,2.5,80.1 m2,1943.0,7,no,1,1525.0
LS-102869,D01,47.360587,8.544094,3.0,87.3 m2,1953.0,2,yes,0,1900.0
LS-102502,D11,47.381222,8.497547,3.5,81.3 m2,1980.0,8,yes,1,2030.0
LS-101483,D08,47.407112,8.491715,5.0,84.1 m2,1952.0,7,no,1,1070.0
LS-101134,D07,47.387158,8.470543,2.0,63.6 m2,1916.0,-99,no,1,980.0
LS-101977,D11,47.38847,8.501938,2.5,40.8 sqm,1957.0,3,yes,1,795.0
LS-102157,D09,47.363601,8.46382,2.5,59.5 m2,1989.0,8,no,1,810.0
LS-100640,D07,47.365872,8.465905,5.5,153.5 m2,1903.0,6,yes,1,2575.0
LS-102357,D12,47.38123,8.552067,3.5,82.0 m2,,3,no,0,1575.0
LS-101524,D06,47.345095,8.528139,2.5,50.8 m2,1917.0,0,yes,1,1150.0
LS-102171,D02,47.374345,8.51075,3.0,82.1 m2,2006.0,7,yes,1,2080.0
LS-102200,D06,47.351672,8.511968,3.5,82.4 m2,1891.0,8,no,1,1730.0
LS-102265,D08,47.396761,8.493199,4.0,95.5 m2,1935.0,6,yes,1,1400.0
LS-102968,D11,47.382122,8.497073,4.5,112.5 m2,1893.0,4,yes,1,2090.0
LS-100440,D08,47.400996,8.486502,4.0,115.2 m2,1956.0,2,yes,1,1810.0
LS-100414,D12,47.380741,8.552976,4.5,102.5 m2,2017.0,4,yes,0,2430.0
LS-102732,D03,47.352204,8.5378,2.0,50.0 m2,2003.0,3,yes,1,1255.0
LS-102589,D09,47.373108,8.473368,4.0,89.7 m2,1895.0,7,yes,1,1085.0
LS-102081,D04,47.345686,8.570579,3.5,102.2 m2,1915.0,4,no,1,2140.0
LS-100945,D03,47.35099,8.525288,2.5,71.6 m2,1903.0,3,yes,0,1245.0
LS-101875,D06,47.345966,8.512919,1.5,45.5 m2,1904.0,1,yes,1,845.0
LS-102962,D05,47.362761,8.485221,3.5,91.6 m2,1923.0,7,no,1,1755.0
LS-102905,D11,47.385047,8.499503,4.5,120.0 m2,1968.0,1,no,1,2075.0
LS-101321,D12,47.376293,8.548785,5.0,133.7 m2,,5,yes,1,2865.0
LS-102498,D06,47.339269,8.509249,3.5,98.3 m2,1948.0,0,yes,1,1505.0
LS-102547,D08,47.404209,8.491843,2.5,63.9 m2,1910.0,8,yes,1,810.0
LS-102704,D03,47.369059,8.536113,3.5,79.0 m2,1973.0,6,no,1,2275.0
LS-102733,D10,47.359259,8.535149,2.0,61.3 m2,1924.0,2,no,0,1395.0
LS-100833,D10,47.363278,8.539883,3.0,72.5 m2,,4,yes,1,1925.0
LS-102312,D05,47.356604,8.48143,4.0,110.6 m2,1958.0,1,no,0,1510.0
LS-102537,D09,47.35151,8.492229,1.5,34.7 m2,2023.0,5,no,1,1075.0
LS-100985,D04,47.353828,8.566297,3.0,78.3 m2,1892.0,1,yes,1,1745.0
LS-102363,D11,47.385904,8.496448,3.0,79.8 m2,1981.0,8,yes,1,2060.0
LS-102407,D09,47.354688,8.471557,3.5,98.9 m2,1970.0,0,yes,1,1295.0
LS-102747,D09,47.351985,8.475881,5.5,67.5 m2,1969.0,7,no,1,695.0
LS-100890,D08,47.40758,8.492971,2.5,78.8 m2,2015.0,6,no,1,1485.0
LS-100172,D06,47.354349,8.519118,1.5,54.9 m2,1910.0,3,yes,0,1115.0
LS-102576,D09,47.353991,8.470471,5.0,83.1 m2,2009.0,4,no,1,1140.0
LS-101073,D12,47.360972,8.541747,4.0,117.9 m2,1994.0,3,no,0,2510.0
LS-102164,D03,47.353683,8.538142,1.0,29.7 m2,1936.0,3,no,0,800.0
LS-100110,D12,47.380286,8.54945,3.5,73.4 m2,1997.0,8,yes,1,1740.0
LS-100070,D01,47.367088,8.54304,4.0,87.7 m2,1932.0,6,yes,1,1845.0
LS-101506,D10,47.358231,8.53708,4.5,110.0 m2,2017.0,2,yes,1,2855.0
LS-101966,D09,47.357449,8.476995,3.5,106.3 m2,1989.0,6,no,1,1310.0
LS-101078,D04,47.357881,8.558297,3.5,88.5 m2,1939.0,8,no,1,2630.0
LS-100868,D11,47.391958,8.495725,1.0,18.0 m2,1998.0,-99,yes,1,510.0
LS-102921,D01,47.374471,8.537238,4.5,123.4 m2,1945.0,2,no,0,2485.0
LS-101780,D03,47.35469,8.524818,2.0,73.4 m2,1989.0,8,yes,1,1860.0
LS-101916,D06,47.338535,8.519714,1.0,33.8 m2,1936.0,0,no,1,555.0
LS-101445,D02,47.370214,8.507634,3.5,57.0 m2,1990.0,0,no,0,1175.0
LS-100034,D08,47.411947,8.474113,1.5,52.6 m2,1988.0,0,yes,1,740.0
LS-100935,D06,47.355192,8.514275,2.5,48.1 m2,,5,yes,1,1335.0
LS-100992,D08,47.391055,8.499471,2.0,43.1 m2,1954.0,6,no,1,640.0
LS-101223,D05,47.347846,8.490627,3.0,49.2 m2,1987.0,4,yes,0,875.0
LS-100803,D08,47.404658,8.493649,3.0,80.8 m2,1972.0,2,yes,1,1210.0
LS-100361,D11,47.381705,8.506982,2.0,56.2 m2,1997.0,7,no,1,1280.0
LS-100420,D11,47.38641,8.495841,2.0,61.5 m2,2016.0,3,yes,0,1655.0
LS-100426,D07,47.379036,8.472377,2.0,44.0 m2,1917.0,-99,yes,0,785.0
LS-100619,D12,47.379841,8.540734,3.0,76.1 m2,1955.0,8,yes,1,1935.0
LS-100375,D08,47.399328,8.493589,2.0,57.6 m2,1908.0,6,no,1,1060.0
LS-100030,D08,47.392146,8.508192,1.5,44.8 m2,1936.0,7,no,1,1005.0
LS-100372,D08,47.405621,8.50461,4.0,90.7 m2,1966.0,7,yes,1,1430.0
LS-100340,D03,47.369518,8.533483,2.5,81.8 m2,1943.0,0,no,0,2325.0
LS-100584,D02,47.374048,8.50401,3.0,88.2 m2,1991.0,0,yes,1,1620.0
LS-100118,D06,47.347064,8.537305,3.0,67.5 m2,1927.0,7,no,1,1405.0
LS-102528,D09,47.3593,8.469441,4.0,92.1 sqm,1957.0,0,yes,1,1250.0
LS-101325,D08,47.408809,8.492882,3.5,86.4 m2,2021.0,8,no,1,1965.0
LS-102091,D01,47.366808,8.561367,4.0,129.6 m2,1987.0,3,yes,0,2565.0
LS-101391,D06,47.335307,8.514917,4.5,152.2 m2,,1,yes,0,2155.0
LS-101975,D06,47.350029,8.523451,3.5,115.4 m2,1961.0,1,no,0,1955.0
LS-102384,D05,47.354494,8.490885,4.5,114.2 m2,,2,yes,1,1930.0
LS-101086,D12,47.38109,8.556071,5.0,140.1 m2,1948.0,0,yes,0,2695.0
LS-100305,D04,47.353784,8.561416,2.0,59.6 m2,1905.0,0,yes,0,1505.0
LS-101818,D08,47.403505,8.487288,4.0,104.6 m2,1922.0,3,yes,0,1480.0
LS-100637,D02,47.379131,8.498239,4.5,117.3 sqm,1946.0,6,yes,1,2270.0
LS-100852,D11,47.39922,8.5026,2.5,59.0 m2,1984.0,6,no,1,1175.0
LS-101040,D11,47.388629,8.481472,5.5,123.4 sqm,1948.0,0,yes,0,2045.0
LS-100707,D10,47.366072,8.530272,3.0,54.2 m2,1939.0,7,no,1,1215.0
LS-101705,D08,47.403376,8.498545,3.0,86.0 m2,1898.0,7,yes,1,1155.0
LS-102812,D04,47.345167,8.562728,4.0,111.9 m2,1943.0,1,yes,1,2445.0
LS-100584,D02,47.374048,8.50401,3.0,88.2 m2,1991.0,0,yes,1,1620.0
LS-100468,D06,47.350705,8.523944,3.5,80.0 sqm,2008.0,3,yes,1,1780.0
LS-102220,D05,47.361707,8.486026,2.0,53.3 m2,1916.0,1,no,0,965.0
LS-100079,D11,47.379289,8.500295,3.0,99.2 m2,1924.0,3,yes,0,1820.0
LS-102944,D01,47.376433,8.546706,5.5,125.2 m2,1932.0,3,no,0,2160.0
LS-100734,D04,47.359054,8.557316,2.0,73.8 m2,1907.0,4,no,0,1805.0
LS-100847,D05,47.349983,8.495003,3.0,67.9 m2,1925.0,4,yes,0,1415.0
LS-102993,D09,47.369091,8.468501,1.5,43.8 m2,2005.0,6,yes,1,515.0
LS-102403,D08,47.409395,8.505785,2.0,46.1 m2,1980.0,5,yes,1,905000.0
LS-101576,D06,47.343639,8.521722,4.5,131.3 m2,1946.0,5,yes,1,2600.0
LS-100757,D05,47.352708,8.489875,2.0,42.2 m2,2002.0,6,no,1,790.0
LS-102287,D02,47.373261,8.507772,3.5,89.7 m2,1980.0,8,no,1,2055.0
LS-102316,D10,47.354005,8.535637,5.0,114.5 m2,2015.0,1,yes,1,2555.0
LS-102376,D03,47.361939,8.538611,3.5,76.2 m2,1937.0,5,no,1,2015.0
LS-101680,D08,47.403323,8.48426,5.5,172.2 m2,1966.0,0,yes,0,2095.0
LS-100474,D03,47.363411,8.539478,5.0,134.4 m2,1923.0,1,no,1,3250.0
LS-102616,D08,47.409045,8.498473,4.0,116.9 m2,1924.0,4,no,1,1575.0
LS-100203,D07,47.377699,8.477337,5.5,156.0 m2,1989.0,6,yes,1,2565.0
LS-102317,D04,47.340259,8.560084,2.0,50.1 m2,1995.0,8,no,1,1085.0
LS-101157,D01,47.373091,8.539977,3.5,112.5 m2,1891.0,2,yes,0,2285.0
LS-101338,D06,47.337468,8.528242,5.0,72.0 m2,1923.0,0,no,1,1125.0
LS-101189,D07,47.375524,8.455433,1.0,26.7 m2,1948.0,7,yes,1,465.0
LS-100186,D05,47.354668,8.485857,5.0,134.6 m2,,5,no,1,2860.0
LS-102943,D12,47.378519,8.553657,2.5,70.1 m2,1983.0,4,yes,1,1585.0
LS-100691,D04,47.345689,8.547834,1.0,22.2 m2,1972.0,6,no,1,625.0
LS-102570,D05,47.364397,8.49266,3.0,57.2 m2,1936.0,7,yes,1,1360.0
LS-101490,D10,47.35289,8.54632,3.5,87.6 m2,1928.0,0,yes,1,1720.0
LS-101436,D06,47.353413,8.526228,1.0,33.5 m2,1944.0,7,yes,1,640.0
LS-102763,D04,47.341102,8.571065,1.5,52.5 m2,1941.0,0,no,1,1435.0
LS-100536,D04,47.360416,8.567785,1.5,43.2 m2,1974.0,0,no,1,995.0
LS-102642,D03,47.360762,8.540369,3.5,82.1 m2,1904.0,-99,yes,0,2120.0
LS-101801,D12,47.388321,8.557698,2.5,44.3 m2,2007.0,-99,no,1,925.0
LS-100547,D11,47.387063,8.485914,3.0,114.7 m2,1966.0,1,no,1,1755.0
LS-102047,D10,47.358782,8.526999,3.5,117.8 m2,,8,yes,1,2275.0
LS-102356,D08,47.411477,8.503291,4.0,101.0 m2,1899.0,7,no,1,1350.0
LS-101693,D02,47.373314,8.510757,1.0,31.6 m2,1993.0,7,yes,1,615.0
LS-101294,D07,47.367168,8.490167,4.5,160.1 m2,1901.0,3,yes,1,2895.0
LS-102234,D02,47.370822,8.498571,1.0,33.6 m2,1964.0,5,yes,1,690.0
LS-101589,D10,47.366023,8.52485,4.0,120.9 m2,,-99,yes,1,2620.0
LS-102618,D01,47.375856,8.538095,3.5,104.3 m2,2007.0,8,yes,1,2270.0
LS-100190,D11,47.37621,8.498727,5.0,152.8 m2,,0,no,1,2955.0
LS-102714,D06,47.345996,8.528458,4.0,113.4 m2,1918.0,5,yes,1,2185.0
LS-100430,D08,47.404329,8.488427,4.0,68.1 m2,2023.0,8,yes,1,1715.0
LS-102622,D02,47.376433,8.506365,2.5,60.9 m2,2010.0,2,no,1,1255.0
LS-101234,D06,47.354594,8.53486,3.0,67.7 m2,1964.0,1,yes,1,1475.0
LS-102096,D06,47.346056,8.522744,2.0,52.9 m2,1926.0,6,yes,1,1230.0
LS-102620,D11,47.373508,8.484201,5.0,179.6 m2,1892.0,1,no,0,3125.0
LS-101374,D08,47.399914,8.498962,2.0,48.2 m2,1937.0,1,no,0,780.0
LS-100002,D06,47.343718,8.521365,4.5,100.1 m2,1928.0,3,yes,0,1780.0
LS-101159,D10,47.351377,8.532761,3.0,50.1 m2,2000.0,1,yes,0,1040.0
LS-100314,D04,47.349903,8.569805,4.0,110.5 m2,2014.0,3,yes,0,2510.0
LS-102115,D12,47.376332,8.525734,2.5,80.3 m2,1962.0,1,yes,0,1925.0
LS-100358,D04,47.358149,8.573357,4.5,133.5 m2,1953.0,6,no,1,3205.0
LS-100568,D12,47.374976,8.550677,1.5,49.7 m2,2000.0,5,yes,1,1110.0
LS-101582,D07,47.390664,8.467631,2.5,81.4 m2,2005.0,0,yes,0,1310.0
LS-100716,D05,47.362791,8.506445,1.0,37.2 m2,1898.0,3,no,1,705.0
LS-101279,D10,47.348229,8.535965,4.0,116.0 m2,1927.0,2,no,0,2000.0
LS-101609,D01,47.374293,8.537916,4.5,91.5 m2,2012.0,8,yes,1,1985.0
LS-101485,D12,47.377115,8.544895,3.5,76.6 m2,1967.0,4,no,1,1680.0
LS-102037,D11,47.383099,8.49359,1.5,40.1 m2,1962.0,1,yes,0,760.0
LS-100632,D06,47.349076,8.516478,4.0,122.3 m2,1999.0,4,yes,1,2485.0
LS-102596,D04,47.343806,8.563234,5.0,123.4 m2,1982.0,4,no,0,2355.0
LS-100713,D09,47.36296,8.477854,3.5,96.6 m2,1926.0,6,no,1,1265.0
LS-100485,D10,47.353953,8.528457,2.0,60.3 m2,1947.0,0,no,0,1045.0
LS-102866,D04,47.34909,8.557237,2.5,65.0 m2,1890.0,3,no,1,1490.0
LS-100933,D10,47.361591,8.535174,2.5,71.4 m2,2007.0,5,yes,1,1860.0
LS-101991,D11,47.384323,8.496669,3.5,74.8 m2,1902.0,0,no,0,1405.0
LS-102173,D11,47.37726,8.496931,5.5,150.4 m2,1966.0,-99,yes,1,2925.0
LS-102613,D06,47.340196,8.513286,2.5,93.4 m2,1952.0,7,yes,1,1875.0
LS-102455,D09,47.352193,8.47199,3.5,78.7 m2,1994.0,2,yes,0,1155.0
LS-102582,D01,47.373615,8.552058,2.5,55.6 m2,,6,no,1,1095.0
LS-102955,D08,47.399907,8.496725,3.5,106.4 m2,1977.0,7,yes,1,1730.0
LS-100450,D03,47.353824,8.522529,3.0,88.6 m2,1936.0,6,no,1,1710.0
LS-102224,D07,47.376564,8.45651,3.5,113.0 m2,1977.0,5,no,1,1600.0
LS-101263,D12,47.379167,8.54476,1.0,38.7 m2,1934.0,3,yes,1,1025.0
LS-102414,D05,47.364103,8.491599,5.5,137.0 m2,2010.0,1,yes,1,2550.0
LS-101796,D02,47.370769,8.511788,5.0,151.1 m2,1970.0,8,yes,1,3185.0
LS-100278,D09,47.363875,8.478539,1.5,41.7 m2,1954.0,3,yes,0,480.0
LS-100151,D11,47.373584,8.494671,5.0,139.6 sqm,1964.0,8,yes,1,2755.0
LS-101102,D12,47.375052,8.545535,2.0,46.8 m2,1978.0,2,yes,1,1140.0
LS-101513,D12,47.383576,8.552896,3.5,92.5 m2,1916.0,8,no,1,1720.0
LS-102314,D03,47.364116,8.548182,5.5,160.4 m2,1950.0,5,no,1,3705.0
LS-100773,D01,47.368451,8.552731,1.5,42.8 m2,1975.0,3,no,0,1200.0
LS-101179,D02,47.37351,8.495513,2.5,62.8 m2,1901.0,5,yes,1,1265.0
LS-102984,D07,47.373352,8.47023,5.0,141.8 m2,1954.0,3,yes,0,2000.0
LS-101368,D02,47.376298,8.520892,5.5,147.0 sqm,1892.0,2,no,1,3015.0
LS-102826,D08,47.40315,8.498874,3.0,62.1 m2,1980.0,-99,no,1,775.0
LS-100735,D07,47.364245,8.474291,3.5,104.6 sqm,1910.0,5,yes,1,1600.0
LS-100386,D09,47.366574,8.482224,3.5,102.0 m2,1913.0,3,no,0,1000.0
LS-102252,D01,47.353654,8.545095,1.5,50.0 m2,1967.0,-99,yes,1,1020.0
LS-101420,D11,47.387381,8.495753,1.0,35.5 m2,1993.0,0,yes,0,790.0
LS-100142,D04,47.344356,8.571512,4.0,105.3 m2,2021.0,-99,no,1,2735.0
LS-102041,D07,47.358828,8.471325,1.5,48.6 m2,,7,yes,1,895.0
LS-100705,D10,47.353091,8.52575,1.0,34.6 m2,1983.0,6,yes,1,850.0
LS-100099,D08,47.404134,8.496236,4.0,95.3 m2,2001.0,3,yes,1,1385.0
LS-101813,D12,47.3778,8.538468,2.0,41.7 m2,2000.0,7,yes,1,1175.0
LS-102533,D04,47.348985,8.564483,1.5,36.4 m2,1944.0,8,yes,1,1175.0
LS-102321,D04,47.352652,8.55526,3.0,93.1 m2,2001.0,0,yes,1,2195.0
LS-101005,D10,47.341006,8.529304,4.5,107.6 m2,1926.0,5,no,1,1680.0
LS-100325,D12,47.382331,8.566602,4.5,141.9 m2,1999.0,3,no,1,2400.0
LS-102371,D02,47.37563,8.50965,3.5,121.2 m2,1926.0,-99,yes,1,2585.0
LS-102467,D07,47.377899,8.468958,1.5,38.2 m2,,-99,yes,1,720.0
LS-100891,D04,47.350256,8.555463,2.0,69.2 m2,1948.0,4,yes,0,1545.0
LS-101203,D08,47.405214,8.500011,4.0,118.5 m2,1993.0,7,yes,1,1740.0
LS-100513,D10,47.361094,8.529809,1.0,35.6 m2,1966.0,5,yes,1,875.0
LS-100356,D02,47.38341,8.51243,4.0,92.7 m2,1928.0,6,yes,1,1925.0
LS-102877,D06,47.342083,8.519556,3.0,43.5 m2,1986.0,7,no,1,1175.0
LS-101902,D12,47.376898,8.543079,3.0,79.2 m2,2015.0,0,yes,1,2285.0
LS-102277,D11,47.380746,8.490516,3.5,113.0 m2,1913.0,5,no,1,1905.0
LS-101167,D09,47.352747,8.476398,3.5,70.2 m2,2016.0,7,yes,1,1750.0
LS-101218,D06,47.352314,8.530917,1.0,37.5 m2,1937.0,1,yes,1,1030.0
LS-102230,D07,47.368633,8.483832,2.0,54.5 m2,1916.0,1,no,0,665.0
LS-102319,D07,47.363972,8.476822,1.0,18.0 m2,1932.0,8,yes,1,480.0
LS-100962,D02,47.372939,8.488996,4.5,126.4 m2,,0,yes,0,2065.0
LS-101703,D02,47.379866,8.492692,3.0,77.5 m2,1996.0,-99,yes,1,1535.0
LS-100036,D08,47.404508,8.502472,1.0,44.7 m2,1956.0,8,yes,1,770.0
LS-102526,D05,47.352957,8.502123,3.0,85.4 m2,1918.0,1,yes,0,1720.0
LS-102867,D06,47.333296,8.522737,3.5,81.2 m2,1981.0,0,no,1,1315.0
LS-101635,D03,47.357453,8.535147,5.0,128.5 m2,1958.0,0,yes,1,2850.0
LS-101166,D01,47.362929,8.550104,3.0,62.3 m2,2005.0,8,yes,1,1385.0
LS-101673,D01,47.373675,8.538432,3.5,76.6 m2,1968.0,2,yes,1,1860.0
LS-101961,D07,47.37394,8.466549,3.0,73.6 m2,1993.0,6,yes,1,1410.0
LS-100562,D05,47.354202,8.497661,3.0,95.9 m2,1912.0,1,yes,1,1660.0
LS-102478,D06,47.340078,8.528242,5.0,130.7 m2,2010.0,6,yes,1,2375.0
LS-101096,D04,47.351396,8.561676,1.5,52.4 m2,1992.0,0,yes,0,1070.0
LS-102839,D05,47.353814,8.489322,3.5,106.1 m2,1903.0,5,no,1,1775.0
LS-101022,D11,47.379182,8.487713,2.5,69.1 m2,1963.0,5,no,1,1280.0
LS-101682,D11,47.386658,8.49553,4.0,91.9 m2,1936.0,7,yes,1,1975.0
LS-100672,D07,47.37154,8.481651,2.5,79.5 m2,,0,yes,0,2070.0
LS-101206,D09,47.360475,8.483309,4.0,98.8 m2,1920.0,4,yes,1,1300000.0
LS-102272,D04,47.331308,8.572077,3.5,49.5 m2,1923.0,1,yes,0,990.0
LS-101058,D10,47.353525,8.522463,3.0,90.9 m2,1963.0,5,yes,1,1550.0
LS-102666,D04,47.356483,8.564744,2.0,52.8 m2,1899.0,3,yes,0,1320.0
LS-101783,D07,47.365355,8.46949,3.0,76.7 m2,1891.0,3,yes,0,1350.0
LS-100587,D03,47.375722,8.528217,3.5,75.5 m2,2003.0,8,no,1,1830.0
LS-101315,D02,47.377187,8.504827,3.0,89.8 m2,1919.0,0,yes,0,1690.0
LS-101416,D06,47.350996,8.527817,2.0,48.9 m2,2021.0,6,yes,1,1355.0
LS-102217,D02,47.371184,8.50088,5.0,106.1 m2,1927.0,-99,no,1,2160.0
LS-102003,D04,47.334247,8.565407,5.0,99.9 m2,1947.0,6,no,1,1610.0
LS-101430,D08,47.405838,8.50384,2.5,77.3 m2,1893.0,8,yes,1,1085.0
LS-100798,D08,47.41026,8.494442,4.5,117.9 m2,1920.0,8,no,1,1535.0
LS-100071,D04,47.352216,8.566712,3.5,92.8 m2,1925.0,0,yes,0,2080.0
LS-102365,D05,47.357869,8.484548,4.5,131.0 m2,,8,no,1,2440.0
LS-102629,D11,47.37334,8.501147,3.5,101.6 m2,2017.0,6,yes,1,2880.0
LS-100416,D08,47.411967,8.497274,3.5,86.1 m2,2006.0,2,yes,1,1395.0
LS-102604,D12,47.383789,8.534117,3.5,103.1 m2,1898.0,3,yes,0,2275.0
LS-102821,D02,47.371383,8.508228,2.5,80.1 m2,1949.0,3,no,1,1390.0
LS-101670,D07,47.374011,8.47739,4.0,90.8 m2,2015.0,3,no,1,1725.0
LS-101629,D12,47.39378,8.551076,3.0,81.2 m2,2023.0,2,yes,0,1890.0
LS-100770,D07,47.369582,8.469699,3.5,84.0 m2,1949.0,8,yes,1,1245.0
LS-101140,D04,47.355041,8.551487,4.5,127.4 m2,1940.0,0,yes,1,3240.0
LS-100178,D03,47.355408,8.534888,5.5,165.7 m2,1946.0,-99,yes,1,3685.0
LS-102459,D01,47.363642,8.564731,4.5,124.2 m2,1942.0,5,yes,1,2225.0
LS-100879,D08,47.404954,8.495108,2.0,47.2 m2,1953.0,1,yes,1,565.0
LS-102024,D07,47.378973,8.467155,4.0,79.8 m2,1922.0,8,yes,1,1465.0
LS-102002,D09,47.355591,8.479027,2.0,57.1 m2,2013.0,1,yes,1,930.0
LS-100841,D07,47.363018,8.483133,4.5,96.4 m2,2021.0,0,yes,1,2125.0
LS-101061,D03,47.361593,8.533773,2.0,51.8 m2,1905.0,7,yes,1,1610.0
LS-102260,D12,47.384012,8.553286,1.0,34.8 m2,1919.0,2,yes,1,830.0
LS-101897,D10,47.364324,8.529996,4.0,99.6 m2,2002.0,3,no,0,2315.0
LS-100087,D02,47.381985,8.50445,5.5,175.2 m2,1960.0,8,yes,1,3255.0
LS-100883,D08,47.408389,8.489772,4.5,102.4 m2,1953.0,2,no,1,1280.0
LS-101732,D09,47.364703,8.470165,3.5,99.6 m2,1986.0,3,no,1,1390.0
LS-102827,D08,47.402119,8.494475,1.0,29.4 m2,1985.0,6,no,1,450.0
LS-100652,D10,47.35963,8.530206,1.0,28.7 m2,1949.0,1,no,1,780.0
LS-101515,D08,47.401696,8.49523,2.5,69.4 m2,1895.0,7,no,1,775.0
LS-100526,D08,47.409149,8.507373,3.5,81.0 m2,1897.0,7,no,1,1190.0
LS-101847,D01,47.384441,8.538433,2.5,51.9 m2,1944.0,-99,no,1,1015.0
LS-102489,D03,47.371546,8.536364,4.5,136.1 m2,1960.0,2,yes,1,3375.0
LS-100532,D11,47.368021,8.501282,1.0,47.0 sqm,2003.0,5,no,1,1170.0
LS-101481,D06,47.343714,8.518382,2.0,51.5 m2,1930.0,0,yes,0,980.0
LS-102089,D12,47.397824,8.563362,3.5,95.1 m2,1974.0,4,yes,1,1630.0
LS-102328,D09,47.370438,8.475324,3.0,79.7 m2,1981.0,3,no,0,895.0
LS-101443,D03,47.351377,8.548965,3.0,99.0 m2,1942.0,7,yes,1,2090.0
LS-102553,D02,47.383219,8.49925,1.5,47.1 m2,1904.0,2,yes,1,910.0
LS-102987,D01,47.369706,8.545593,2.5,82.3 m2,1919.0,1,yes,0,1605000.0
LS-102519,D12,47.381768,8.528993,3.5,103.0 m2,1908.0,7,no,1,1875.0
LS-102963,D11,47.372861,8.501024,4.0,122.8 m2,1904.0,7,yes,1,2560.0
LS-102301,D02,47.378027,8.503877,2.5,70.8 m2,1970.0,7,yes,1,1495.0
LS-101561,D06,47.345666,8.530974,2.5,64.8 m2,1948.0,8,yes,1,1490.0
LS-102966,D11,47.386526,8.492164,1.5,54.4 m2,1911.0,0,no,1,870.0
LS-100701,D11,47.387955,8.495053,5.0,130.3 m2,1960.0,2,yes,1,2650.0
LS-102391,D04,47.35275,8.571383,2.0,63.8 m2,1926.0,7,yes,1,1570.0
LS-102811,D04,47.354088,8.574216,2.5,58.0 m2,1959.0,5,yes,1,1585.0
LS-102619,D06,47.344338,8.529657,4.0,124.8 m2,1990.0,6,yes,1,2555.0
LS-100226,D07,47.375532,8.477502,4.5,93.8 m2,2001.0,4,yes,0,1630.0
LS-101543,D04,47.354344,8.570085,3.0,62.4 m2,2013.0,1,yes,0,1740.0
LS-102786,D01,47.367041,8.546153,1.5,53.7 sqm,,4,no,0,925.0
LS-100400,D06,47.347257,8.524169,3.5,76.2 m2,1898.0,2,yes,1,1440.0
LS-100855,D05,47.353403,8.488234,4.5,87.5 m2,1969.0,5,no,1,1625.0
LS-101595,D08,47.40434,8.480443,3.5,85.0 m2,2015.0,4,no,1,1285.0
LS-102246,D10,47.357862,8.533303,5.0,143.2 m2,1900.0,8,yes,1,2820.0
LS-101945,D02,47.375265,8.500446,2.0,49.2 m2,2019.0,2,no,0,1275.0
LS-102033,D08,47.396505,8.497985,3.5,96.1 m2,1994.0,3,no,1,1615.0
LS-101864,D12,47.379508,8.538056,5.0,161.9 m2,1926.0,1,yes,0,2955.0
LS-102774,D06,47.34373,8.531291,5.5,121.7 m2,2015.0,4,yes,1,2960.0
LS-101081,D08,47.399042,8.501205,2.5,74.9 m2,1901.0,4,yes,0,1050.0
LS-101573,D10,47.350751,8.539284,3.5,63.1 m2,1942.0,2,no,1,1085.0
LS-102888,D06,47.337815,8.515884,3.0,77.4 m2,1940.0,5,yes,1,1325.0
LS-100456,D11,47.375692,8.486902,2.0,69.3 m2,1973.0,2,no,0,1120.0
LS-100842,D04,47.339727,8.565555,2.5,58.3 m2,1946.0,3,yes,0,1235.0
LS-102724,D10,47.350847,8.526468,1.5,41.3 m2,1897.0,2,yes,0,830.0
LS-100338,D05,47.35285,8.486023,3.5,75.9 m2,1986.0,2,no,0,1205.0
LS-100026,D08,47.406034,8.495149,3.5,96.0 sqm,2009.0,2,no,1,1510.0
LS-101183,D02,47.3693,8.516909,3.5,97.1 m2,1990.0,-99,yes,1,2460.0
LS-101684,D08,47.404889,8.48761,3.0,86.3 m2,1975.0,1,yes,0,1045.0
LS-100024,D09,47.357147,8.482987,2.5,72.3 m2,1919.0,5,yes,1,1210.0
LS-101459,D10,47.358063,8.528661,1.5,56.1 m2,1913.0,8,yes,1,1180.0
LS-102180,D02,47.374587,8.502658,3.0,68.3 m2,2002.0,2,no,0,1490.0
LS-102389,D05,47.352583,8.490063,2.5,68.7 m2,1915.0,4,yes,1,1290.0
LS-100000,D09,47.362476,8.482738,3.5,71.2 m2,2000.0,4,yes,0,895.0
LS-102109,D04,47.343987,8.570485,2.5,77.7 m2,1897.0,7,yes,1,1835.0
LS-102194,D05,47.359204,8.48937,5.0,158.6 m2,1932.0,5,yes,1,2950.0
LS-102609,D05,47.36806,8.485331,2.5,64.3 m2,2000.0,1,yes,0,1235.0
LS-102131,D08,47.403615,8.492942,3.0,73.2 m2,1989.0,5,yes,1,985.0
LS-100060,D01,47.369622,8.553469,3.0,69.6 m2,1959.0,3,yes,1,1530.0
LS-100690,D10,47.350378,8.534543,3.5,103.8 m2,1895.0,1,yes,0,1935.0
LS-101010,D04,47.350296,8.566279,4.0,92.2 m2,1986.0,6,yes,1,2325.0
LS-101751,D10,47.363564,8.533478,2.5,81.6 m2,1960.0,4,yes,1,1725.0
LS-101795,D07,47.366877,8.467975,5.5,150.7 m2,2023.0,4,yes,1,2800.0
LS-101898,D09,47.349961,8.473034,3.5,95.3 m2,1957.0,6,no,1,1105.0
LS-102850,D11,47.381802,8.49461,3.5,96.1 sqm,1900.0,6,yes,1,2150.0
LS-101965,D06,47.353277,8.525317,1.0,30.1 m2,2006.0,3,no,0,725.0
LS-100582,D09,47.35971,8.47249,5.0,121.8 m2,,8,no,1,1620.0
LS-100433,D03,47.35904,8.547255,4.5,95.6 m2,2019.0,7,yes,1,2815.0
LS-101306,D10,47.338903,8.528867,4.5,130.4 m2,1962.0,6,no,1,2300.0
LS-102668,D06,47.340231,8.517161,2.5,66.8 m2,1992.0,5,no,1,1210.0
LS-101816,D03,47.360356,8.542861,3.5,90.9 m2,1926.0,-99,yes,1,2210.0
LS-100947,D04,47.347762,8.561269,2.5,73.8 m2,1968.0,8,yes,1,1640.0
LS-102320,D07,47.372796,8.46924,4.5,132.8 m2,1970.0,8,yes,1,2360.0
LS-100539,D06,47.345816,8.528662,3.0,74.4 m2,1950.0,2,yes,1,1580.0
LS-100423,D08,47.401522,8.505273,1.0,41.5 m2,,8,yes,1,695.0
LS-100241,D04,47.358085,8.570361,4.0,115.6 m2,1901.0,5,yes,1,2660.0
LS-100858,D10,47.353426,8.541463,4.5,134.5 m2,1927.0,6,no,1,2510.0
LS-101974,D12,47.383547,8.555222,5.0,105.2 m2,,6,no,1,2130.0
LS-100746,D08,47.412005,8.491715,1.0,26.3 m2,1939.0,2,yes,1,450.0
LS-100131,D08,47.398478,8.48643,1.5,56.9 m2,1915.0,2,yes,1,935.0
LS-102215,D04,47.347849,8.566364,4.5,149.0 m2,2022.0,5,no,1,3680.0
LS-102746,D10,47.34758,8.52009,4.0,133.6 m2,2019.0,4,yes,1,2865.0
LS-102242,D11,47.386677,8.496679,4.5,115.1 m2,1913.0,6,no,1,2045.0
LS-100194,D02,47.371502,8.512525,4.5,114.6 m2,1967.0,1,no,1,2465.0
LS-101617,D05,47.360005,8.486649,2.5,67.9 m2,1903.0,3,no,0,955.0
LS-101068,D06,47.346669,8.523466,1.5,45.4 m2,1955.0,0,yes,0,885.0
LS-100832,D01,47.368284,8.53388,3.5,94.0 m2,1946.0,-99,no,0,1665.0
LS-100735,D07,47.364245,8.474291,3.5,104.6 sqm,1910.0,5,yes,1,1600.0
LS-101659,D01,47.368923,8.54202,4.0,113.7 m2,1926.0,1,yes,1,2475.0
LS-100170,D11,47.38933,8.49809,2.5,75.4 m2,1995.0,6,no,1,1385.0
LS-101163,D02,47.381215,8.499581,5.0,88.3 m2,1955.0,7,yes,1,1980.0
LS-102673,D02,47.382031,8.504678,2.0,58.4 m2,1899.0,7,yes,1,1420.0
LS-100643,D06,47.344902,8.52847,3.0,95.2 m2,1980.0,-99,yes,1,2005.0
LS-100561,D12,47.376767,8.552393,3.5,93.5 m2,2006.0,0,yes,0,1945.0
LS-102515,D12,47.380068,8.554095,3.0,96.1 m2,2005.0,6,yes,1,1785.0
LS-102594,D05,47.351777,8.493496,2.0,50.3 m2,1947.0,8,no,1,810.0
LS-100219,D12,47.380588,8.537932,2.5,49.2 m2,1943.0,0,yes,1,990.0
LS-102973,D11,47.373595,8.500963,4.5,114.0 m2,1963.0,5,yes,1,2420.0
LS-101942,D07,47.358676,8.47081,2.0,53.3 m2,1947.0,3,yes,0,980.0
LS-102309,D02,47.374666,8.501184,4.5,147.4 m2,1995.0,3,no,0,2675.0
LS-102292,D11,47.378796,8.505904,3.5,102.4 m2,1987.0,1,yes,0,2045.0
LS-101715,D04,47.347213,8.555914,1.5,35.9 m2,1928.0,3,yes,1,925.0
LS-102998,D11,47.375142,8.491782,4.5,85.5 m2,1972.0,4,no,0,1620.0
LS-101587,D04,47.346804,8.563229,3.5,106.5 m2,1979.0,3,no,0,2150.0
LS-101979,D03,47.365477,8.530319,2.0,39.7 m2,1974.0,6,yes,1,1485.0
LS-101578,D05,47.364604,8.498777,1.5,46.0 m2,,-99,no,0,630.0
LS-100267,D12,47.372307,8.557423,2.0,60.8 m2,2007.0,1,no,0,1245.0
LS-102791,D02,47.374377,8.504635,3.0,83.7 m2,1981.0,7,yes,1,1795.0
LS-101776,D09,47.365633,8.469452,3.0,59.7 m2,1937.0,-99,yes,1,1040.0
LS-100514,D06,47.346622,8.517105,4.0,115.1 m2,1967.0,3,yes,0,2205.0
LS-101098,D11,47.374893,8.490637,3.5,62.2 m2,1907.0,6,yes,1,1395.0
LS-100631,D02,47.379574,8.512888,5.5,109.6 m2,1977.0,4,yes,1,2335.0
LS-100704,D10,47.352828,8.535137,1.5,38.0 m2,1898.0,3,no,0,520.0
LS-100592,D12,47.390416,8.538488,3.0,61.3 m2,1982.0,6,yes,1,1325.0
LS-100836,D08,47.401109,8.49881,3.5,78.7 m2,2005.0,8,yes,1,1435.0
LS-101580,D07,47.383953,8.488319,2.5,69.8 m2,1890.0,6,yes,1,1315.0
LS-101070,D09,47.365528,8.466924,2.5,71.7 m2,1980.0,2,no,0,790.0
LS-101650,D11,47.37624,8.517562,3.0,59.6 m2,1977.0,6,no,1,1305.0
LS-102857,D12,47.378248,8.539076,3.5,94.9 m2,2008.0,0,yes,0,2010.0
LS-101547,D12,47.380426,8.560414,4.5,158.9 m2,2022.0,6,yes,1,3505.0
LS-101193,D02,47.376178,8.506523,1.5,34.0 m2,1935.0,2,yes,0,680.0
LS-100684,D06,47.349565,8.520976,4.0,116.1 m2,2010.0,5,yes,1,2315.0
LS-100253,D11,47.378215,8.499121,2.0,69.1 m2,2011.0,4,yes,0,1510.0
LS-100674,D12,47.370435,8.542258,1.5,40.1 m2,,0,yes,1,1210.0
LS-102948,D02,47.372192,8.50515,4.0,90.5 m2,1995.0,-99,no,1,1900.0
LS-100295,D07,47.365106,8.484627,1.5,46.1 m2,1944.0,8,no,1,830.0
LS-101454,D05,47.360476,8.488261,5.5,125.2 m2,1976.0,-99,no,1,2345.0
LS-100053,D09,47.350803,8.476711,1.0,33.1 m2,1947.0,1,no,1,450000.0
LS-101779,D03,47.359261,8.539466,4.0,112.6 m2,1989.0,4,no,1,2635.0
LS-100328,D08,47.401082,8.486007,2.5,77.8 m2,2005.0,4,yes,1,1385.0
LS-100596,D06,47.354726,8.525812,4.5,100.1 m2,1998.0,6,yes,1,2465.0
LS-100270,D03,47.364924,8.537453,2.0,54.3 m2,1965.0,6,no,1,1320.0
LS-100301,D01,47.371515,8.539295,3.5,120.6 m2,1934.0,6,yes,1,2900.0
LS-100365,D02,47.369805,8.519146,3.0,94.0 m2,1912.0,5,no,1,2225.0
LS-101390,D06,47.349335,8.544407,4.5,109.1 m2,1967.0,1,no,0,2300.0
LS-102923,D04,47.346804,8.558883,2.0,46.4 m2,1917.0,3,no,0,950.0
LS-102561,D06,47.352367,8.532946,2.0,53.9 m2,1931.0,7,yes,1,1255.0
LS-100651,D07,47.37443,8.478998,4.0,101.5 m2,1972.0,1,yes,1,1595.0
LS-101724,D09,47.358711,8.476915,2.5,58.9 m2,1900.0,3,yes,1,815.0
LS-101240,D06,47.341562,8.520509,5.0,106.5 m2,,6,yes,1,2075.0
LS-102819,D12,47.382412,8.558143,5.0,128.9 m2,1963.0,6,yes,1,2465.0
LS-100191,D07,47.371432,8.472011,4.0,81.2 m2,2001.0,6,yes,1,1495.0
LS-101016,D05,47.361249,8.483341,4.0,137.4 m2,1890.0,6,yes,1,2360.0
LS-102203,D05,47.3691,8.497182,3.0,49.6 sqm,1901.0,0,yes,1,1020.0
LS-100374,D05,47.369443,8.486595,3.0,96.1 m2,1924.0,5,yes,1,1560.0
LS-102310,D12,47.389287,8.552381,2.5,64.6 sqm,1978.0,1,no,0,1165.0
LS-101893,D12,47.386163,8.536254,5.5,163.1 m2,,3,no,1,2945.0
LS-100291,D10,47.356708,8.529669,3.0,82.5 m2,1928.0,7,no,1,1815.0
LS-101364,D05,47.347243,8.487958,4.5,88.3 m2,1943.0,0,yes,1,1485.0
LS-101205,D06,47.340125,8.515756,4.5,98.2 m2,1923.0,0,yes,0,1695.0
LS-102118,D09,47.358525,8.478464,3.5,116.2 m2,1968.0,2,yes,0,1390.0
LS-102643,D05,47.362642,8.479898,3.5,82.0 m2,1952.0,4,yes,0,1495.0
LS-101303,D06,47.350178,8.537146,4.0,99.3 m2,,7,no,1,2270.0
LS-100857,D10,47.350919,8.524955,4.0,72.2 m2,1957.0,7,yes,1,1430.0
LS-102383,D04,47.344787,8.557677,5.0,136.5 m2,1897.0,0,yes,0,2875.0
LS-101423,D01,47.363116,8.554079,3.5,93.9 m2,1991.0,2,yes,1,1795.0
LS-102293,D05,47.357635,8.481837,4.0,119.3 m2,,0,yes,1,1830.0
LS-102211,D10,47.368388,8.520453,5.5,131.3 m2,2020.0,0,yes,1,2885.0
LS-101111,D07,47.364009,8.477364,3.5,123.7 m2,,5,no,1,2070.0
LS-102590,D06,47.349576,8.511385,5.0,109.6 m2,2023.0,3,no,0,2405.0
LS-102245,D09,47.3473,8.474292,3.0,90.2 m2,1942.0,1,yes,0,1195.0
LS-100179,D03,47.360688,8.535925,2.5,65.2 m2,1941.0,-99,yes,0,1550.0
LS-101611,D05,47.356025,8.497166,5.5,179.0 m2,,8,no,1,3395.0
LS-100939,D06,47.346284,8.517678,4.5,129.5 m2,2021.0,8,yes,1,3000.0
LS-101521,D06,47.350512,8.528271,3.0,108.2 m2,2005.0,7,yes,1,2300.0
LS-100488,D11,47.383152,8.489905,4.0,98.3 m2,2020.0,4,yes,0,2405.0
LS-101758,D09,47.359246,8.482128,3.5,77.2 m2,1905.0,6,yes,1,715.0
LS-100760,D03,47.371861,8.536272,1.5,42.6 m2,1990.0,0,no,0,1215.0
LS-100051,D08,47.400765,8.499337,2.0,75.3 m2,1912.0,0,no,0,1195.0
LS-102222,D10,47.361066,8.532104,3.0,84.4 m2,1952.0,2,yes,0,1635.0
LS-102700,D04,47.351489,8.558814,3.5,101.4 m2,1921.0,-99,yes,0,2440.0
LS-101971,D04,47.338873,8.574788,3.0,68.0 m2,2018.0,6,yes,1,1935.0
LS-102841,D12,47.370215,8.547238,4.0,81.0 m2,1902.0,7,yes,1,2065.0
LS-100063,D02,47.377474,8.508477,3.0,85.6 m2,1978.0,-99,no,1,1895.0
LS-101884,D07,47.365969,8.464264,3.0,83.8 m2,,5,no,1,1110.0
LS-101767,D11,47.384279,8.482644,1.5,55.9 m2,1918.0,2,yes,0,905.0
LS-102066,D07,47.375734,8.466897,3.5,79.5 m2,1992.0,3,yes,0,1410.0
LS-102555,D08,47.400969,8.489653,2.0,53.1 m2,1973.0,7,yes,1,1005.0
LS-100210,D07,47.380139,8.478942,2.5,49.3 m2,2023.0,6,yes,1,1610.0
LS-101447,D06,47.340746,8.512429,4.5,86.0 m2,2006.0,3,yes,0,1735.0
LS-102580,D08,47.40981,8.506229,5.0,85.6 m2,1982.0,5,yes,1,1565.0
LS-101029,D06,47.337087,8.512399,3.5,77.6 m2,1944.0,2,yes,1,1435.0
LS-102734,D08,47.407757,8.495107,2.0,57.1 m2,1918.0,4,no,1,780.0
LS-100993,D06,47.353236,8.537036,5.5,145.9 m2,1910.0,2,yes,0,3250.0
LS-100871,D05,47.351442,8.509539,3.5,70.8 m2,1902.0,8,yes,1,1465.0
LS-101353,D07,47.3818,8.470149,3.0,86.7 m2,1891.0,-99,no,1,1195.0
LS-101095,D04,47.349072,8.556327,3.5,78.6 m2,1910.0,8,no,1,1885.0
LS-100339,D01,47.370416,8.544759,1.5,35.1 m2,1933.0,0,yes,1,995.0
LS-102672,D12,47.373526,8.544767,4.5,101.0 m2,1990.0,5,yes,1,2365.0
LS-101297,D01,47.375951,8.547685,1.0,34.9 m2,1940.0,0,no,0,450.0
LS-100670,D05,47.351853,8.501012,1.0,42.7 m2,1971.0,8,yes,1,960.0
LS-101897,D10,47.364324,8.529996,4.0,99.6 m2,2002.0,3,no,0,2315.0
LS-102386,D10,47.365506,8.540128,1.0,30.1 m2,2013.0,1,no,0,565.0
LS-102021,D02,47.379907,8.49409,3.0,76.9 m2,1911.0,8,no,1,1350.0
LS-101116,D10,47.354698,8.53108,3.0,61.0 m2,1993.0,2,yes,1,1240.0
LS-101742,D02,47.380237,8.501246,3.5,102.4 m2,1928.0,8,no,1,1940.0
LS-100974,D04,47.353334,8.581561,1.5,37.2 m2,1955.0,1,no,0,700.0
LS-102721,D05,47.366786,8.495641,3.5,93.5 m2,1962.0,4,yes,0,1780.0
LS-101608,D08,47.411604,8.492772,3.0,79.5 m2,2020.0,0,yes,0,1825.0
LS-101926,D06,47.347804,8.519797,4.5,108.9 m2,1970.0,6,yes,1,2315.0
LS-101939,D07,47.368792,8.46509,2.5,75.1 m2,1971.0,1,no,1,1305.0
LS-102845,D12,47.386076,8.549617,3.5,83.5 m2,1906.0,4,no,0,1470.0
LS-102703,D01,47.360672,8.551852,2.5,77.0 m2,2001.0,5,yes,1,1720.0
LS-102082,D10,47.347679,8.527773,3.0,113.5 m2,1906.0,7,no,1,2090.0
LS-100354,D04,47.349133,8.55308,5.0,162.3 m2,2010.0,3,yes,1,3875.0
LS-102828,D10,47.356094,8.534245,1.5,52.5 m2,,2,no,0,955.0
LS-101082,D12,47.376799,8.556041,2.0,56.9 m2,2008.0,8,no,1,1435.0
LS-102462,D02,47.384815,8.497707,4.0,89.9 m2,1915.0,2,no,1,1720.0
LS-102531,D09,47.356779,8.478489,4.0,107.0 m2,,8,no,1,1405.0
LS-100767,D03,47.356659,8.531352,5.5,130.4 m2,1907.0,6,no,1,2785.0
LS-102168,D01,47.380372,8.536332,2.5,88.8 m2,2004.0,5,yes,1,1860.0
LS-102853,D02,47.383138,8.510342,4.5,111.4 m2,2014.0,8,no,1,2155.0
LS-100058,D05,47.360629,8.4908,4.0,111.9 m2,1942.0,0,no,1,2025.0
LS-101921,D10,47.340291,8.543202,4.0,102.6 m2,,2,yes,1,1860.0
LS-102087,D12,47.379522,8.544698,4.5,121.8 m2,1939.0,5,yes,1,2730.0
LS-102776,D05,47.355735,8.49526,2.0,51.6 m2,1991.0,6,yes,1,955.0
LS-102271,D10,47.355615,8.525145,4.5,118.6 m2,2007.0,3,no,0,2070.0
LS-100214,D12,47.377189,8.539003,4.0,81.5 m2,1939.0,1,yes,0,1735.0
LS-102551,D08,47.40706,8.498215,2.5,75.3 m2,1929.0,1,yes,1,1215.0
LS-101083,D08,47.409846,8.492443,3.5,111.6 m2,1980.0,1,yes,1,1545.0
LS-101192,D07,47.378676,8.474079,3.0,66.4 m2,1942.0,0,yes,1,985.0
LS-102457,D12,47.372071,8.556175,5.5,103.1 m2,2014.0,7,yes,1,2255.0
LS-101213,D08,47.396308,8.500102,3.5,74.6 m2,2004.0,5,yes,1,1230.0
LS-101196,D09,47.346474,8.474249,2.5,78.2 m2,,8,no,1,1045.0
LS-102387,D11,47.375313,8.502637,5.5,131.2 m2,1906.0,1,yes,0,2435.0
LS-100453,D02,47.376544,8.506733,2.5,49.5 m2,1927.0,6,no,1,1135.0
LS-102603,D09,47.361397,8.486424,1.0,27.1 m2,,0,yes,0,695.0
LS-102297,D11,47.390613,8.490644,1.0,32.1 m2,2023.0,0,yes,1,1205.0
LS-102852,D11,47.382001,8.482504,2.5,73.9 m2,2010.0,7,no,1,1275.0
LS-100213,D06,47.33968,8.521892,2.0,52.9 m2,2020.0,6,no,1,1520.0
LS-101180,D04,47.346483,8.55895,4.5,107.9 m2,2019.0,6,yes,1,2950.0
LS-102701,D05,47.361803,8.49319,2.5,48.7 m2,1996.0,0,yes,0,980.0
LS-101748,D05,47.355897,8.504035,2.5,30.1 m2,,6,no,1,615.0
LS-100341,D10,47.360684,8.525197,2.0,57.0 m2,1900.0,5,yes,1,860.0
LS-100147,D07,47.372786,8.478074,1.0,36.9 m2,1897.0,4,no,1,455.0
LS-101674,D03,47.366373,8.533814,3.0,85.6 sqm,1918.0,1,yes,1,2375.0
LS-102483,D05,47.365027,8.488863,3.0,76.3 m2,2012.0,5,no,1,1585.0
LS-102914,D02,47.380456,8.515222,3.5,115.0 m2,1915.0,-99,yes,0,2490.0
LS-101448,D03,47.367508,8.547066,3.0,85.0 m2,1894.0,4,yes,1,2190.0
LS-100217,D05,47.362531,8.486436,3.0,89.2 m2,1917.0,6,yes,1,1710.0
LS-102030,D03,47.366809,8.537297,5.5,161.8 m2,1952.0,5,yes,1,4240.0
LS-100452,D11,47.383976,8.507951,2.5,76.9 m2,1968.0,1,yes,1,1635.0
LS-102197,D12,47.372194,8.550774,1.0,31.9 m2,1936.0,8,yes,1,745.0
LS-101293,D05,47.355819,8.495387,3.5,75.0 m2,1992.0,6,no,1,1210.0
LS-101251,D04,47.34461,8.569884,2.5,50.0 m2,1927.0,0,yes,0,1400.0
LS-100676,D03,47.357787,8.534756,2.0,70.6 m2,2014.0,6,no,1,1855.0
LS-100943,D07,47.358882,8.477972,2.5,65.9 m2,2008.0,0,no,0,910.0
LS-101232,D11,47.375457,8.498947,3.5,85.2 m2,2002.0,-99,no,0,1455.0
LS-101872,D03,47.365757,8.544964,5.5,103.2 m2,1905.0,6,yes,1,2735.0
LS-102347,D12,47.37285,8.546922,3.5,101.3 m2,,0,yes,0,2280.0
LS-102940,D11,47.383817,8.487404,5.0,174.4 m2,1964.0,3,yes,0,3010.0
LS-101412,D10,47.349836,8.532682,4.0,102.3 m2,1987.0,1,yes,0,2000.0
LS-102050,D10,47.348659,8.526889,3.0,64.5 m2,1908.0,-99,no,1,965.0
LS-102154,D09,47.370137,8.483854,4.0,72.9 m2,1980.0,1,yes,1,860.0
LS-102125,D12,47.385401,8.554747,2.0,71.8 m2,2013.0,7,no,1,1380.0
LS-101124,D04,47.340529,8.572638,5.0,138.9 m2,1998.0,6,yes,1,2745.0
LS-100920,D03,47.371455,8.535036,4.0,98.3 m2,2002.0,8,yes,1,2565.0
LS-102451,D05,47.357171,8.486238,1.0,19.5 m2,1982.0,3,yes,1,515.0
LS-100971,D08,47.400173,8.496263,4.0,77.7 m2,1924.0,3,no,1,1020.0
LS-102355,D12,47.375895,8.567546,3.0,84.0 m2,,6,no,1,1615.0
LS-102741,D08,47.396279,8.496225,3.0,84.7 m2,1902.0,8,no,1,1150.0
LS-101544,D03,47.358657,8.546307,3.5,90.3 m2,1980.0,8,yes,1,2340.0
LS-102159,D11,47.373638,8.504685,5.0,110.6 m2,1955.0,2,yes,1,2255.0
LS-100751,D08,47.397197,8.494235,4.5,109.2 m2,1895.0,7,yes,1,1590.0
LS-101084,D05,47.36098,8.48988,3.0,80.9 m2,1929.0,0,yes,1,1685.0
LS-100150,D10,47.358122,8.522837,2.0,56.3 m2,1916.0,6,yes,1,1150.0
LS-102401,D11,47.379373,8.493349,4.0,93.7 m2,1946.0,3,yes,0,1565.0
LS-102935,D03,47.374248,8.534086,4.5,95.0 m2,1910.0,5,no,1,2460.0
LS-102470,D05,47.353891,8.49789,4.5,92.9 m2,1965.0,3,yes,0,1860.0
LS-102395,D11,47.384419,8.492389,2.5,82.5 m2,1891.0,0,no,0,1370.0
LS-100484,D01,47.366795,8.537382,4.0,99.0 m2,1904.0,3,no,0,2215.0
LS-102658,D10,47.354086,8.528863,4.5,115.4 m2,,7,yes,1,2280.0
LS-102698,D12,47.385156,8.536037,4.0,105.8 m2,2010.0,0,yes,0,1915.0
LS-101882,D07,47.371402,8.467805,2.0,65.4 m2,1956.0,1,yes,1,1075.0
LS-102361,D11,47.377529,8.487774,1.5,42.9 m2,2016.0,1,no,0,1145.0
LS-100649,D04,47.350533,8.570925,4.0,104.6 m2,,4,yes,1,2435.0
LS-102720,D03,47.360838,8.531467,5.0,163.5 m2,1894.0,3,no,1,3890.0
LS-102536,D04,47.344457,8.582096,4.0,124.3 m2,1925.0,5,yes,1,2490.0
LS-101583,D03,47.369156,8.535556,3.0,91.1 m2,1965.0,0,no,0,2265.0
LS-100569,D12,47.372857,8.563988,4.0,97.7 m2,2006.0,2,no,0,2050.0
LS-100736,D04,47.341432,8.575259,2.5,64.9 m2,1944.0,0,no,0,1210.0
LS-102338,D11,47.386367,8.5075,4.0,106.9 m2,1983.0,0,yes,1,2310.0
LS-100517,D09,47.363555,8.462508,3.0,61.1 m2,1950.0,2,yes,1,645.0
LS-102294,D01,47.362288,8.553542,5.5,123.7 m2,1920.0,1,yes,0,1875.0
LS-102088,D11,47.380009,8.499166,3.5,99.4 m2,1895.0,-99,yes,1,1995.0
LS-100895,D12,47.373998,8.555002,1.0,35.2 m2,2021.0,-99,yes,1,1510.0
LS-102427,D03,47.355203,8.541177,3.5,108.2 m2,,2,no,0,2075.0
LS-102289,D06,47.347452,8.515496,5.0,120.5 m2,1905.0,3,yes,0,2015.0
LS-100192,D12,47.382462,8.54644,4.0,115.0 m2,1953.0,2,yes,1,2315.0
LS-101471,D12,47.38987,8.523573,4.0,81.3 m2,1937.0,8,yes,1,1790.0
LS-100959,D06,47.340894,8.529809,1.5,41.4 m2,1924.0,-99,no,1,795.0
LS-102195,D08,47.409027,8.498571,2.0,57.4 m2,1997.0,-99,yes,1,875.0
LS-102743,D03,47.356478,8.540079,2.0,40.9 m2,1926.0,8,no,1,1185.0
LS-100072,D06,47.349166,8.517575,4.5,141.1 m2,2021.0,4,yes,0,3330.0
LS-101302,D06,47.340713,8.521715,3.5,93.7 m2,1897.0,-99,yes,1,1540.0
LS-100089,D03,47.357867,8.54472,4.0,92.3 m2,2007.0,8,yes,1,2190.0
LS-101170,D03,47.368004,8.539099,4.0,108.4 m2,1925.0,2,yes,0,3090.0
LS-100017,D08,47.404404,8.495906,3.0,75.6 m2,,2,no,1,985.0
LS-100877,D07,47.369135,8.471374,5.0,139.9 m2,2009.0,6,yes,1,2290.0
LS-100664,D03,47.354313,8.534714,5.5,136.7 m2,2022.0,7,no,1,3365.0
LS-101990,D04,47.343927,8.563481,4.0,97.9 m2,1897.0,8,yes,1,2145.0
LS-102682,D03,47.364528,8.534875,4.0,103.4 m2,,3,no,1,3145.0
LS-100115,D07,47.364817,8.488116,2.0,61.8 m2,2002.0,7,yes,1,1285.0
LS-102378,D01,47.372955,8.539052,2.5,89.2 m2,1953.0,8,yes,1,2030.0
LS-102999,D12,47.382839,8.554053,4.0,92.0 m2,1963.0,8,no,1,1590.0
LS-101057,D04,47.345085,8.565417,3.0,80.2 m2,2005.0,2,no,1,1655.0
LS-102532,D04,47.351518,8.560328,5.0,130.4 m2,1978.0,5,yes,1,3305.0
LS-102103,D07,47.367143,8.474265,5.0,144.1 m2,1950.0,2,yes,1,2255.0
LS-100262,D06,47.353462,8.517983,3.5,87.9 m2,1974.0,8,yes,1,1880.0
LS-100524,D02,47.380007,8.505959,3.0,96.0 m2,1915.0,6,yes,1,2195.0
LS-101849,D06,47.344923,8.533535,3.0,83.4 m2,1938.0,6,yes,1,1955.0
LS-100750,D10,47.363813,8.528697,2.0,49.4 m2,1919.0,3,no,0,895.0
LS-101395,D01,47.379375,8.547554,5.0,130.4 m2,1914.0,6,yes,1,2515.0
LS-101135,D01,47.371986,8.543423,3.0,75.9 m2,1964.0,8,yes,1,1890.0
LS-100298,D04,47.338517,8.567131,5.0,127.6 m2,1900.0,1,yes,1,2425.0
LS-102485,D06,47.340336,8.520324,1.0,24.7 m2,1892.0,0,no,0,450.0
LS-101141,D04,47.341572,8.566405,1.5,31.3 m2,1906.0,4,no,0,650.0
LS-101997,D02,47.377801,8.503208,2.0,46.9 m2,1997.0,1,no,1,1145.0
LS-101733,D12,47.380195,8.53703,3.0,90.6 m2,1981.0,3,yes,0,2050.0
LS-100512,D01,47.377892,8.541583,5.5,182.0 m2,1960.0,5,no,1,3355.0
LS-100037,D04,47.356747,8.566006,4.0,106.5 m2,1960.0,8,yes,1,2550.0
LS-102443,D07,47.37727,8.48622,2.5,80.5 m2,1908.0,1,yes,1,1135.0
LS-100984,D05,47.361755,8.492955,2.0,63.1 m2,1967.0,5,yes,1,1125.0
LS-100739,D12,47.391531,8.548867,4.0,108.9 m2,1906.0,7,no,1,2015.0
LS-100398,D05,47.357711,8.497894,2.5,56.1 m2,1929.0,6,yes,1,1275.0
LS-102095,D08,47.408137,8.487197,2.5,46.3 m2,1968.0,0,yes,0,490.0
LS-100801,D06,47.34297,8.530714,2.0,57.1 m2,1975.0,6,yes,1,1415.0
LS-101435,D02,47.373343,8.514375,1.5,28.6 m2,1982.0,7,yes,1,650.0
LS-102065,D08,47.407904,8.49264,5.0,124.9 m2,1977.0,1,yes,1,1725.0
LS-101842,D06,47.344623,8.536361,4.0,102.2 m2,1997.0,8,no,1,2190.0
LS-102980,D07,47.372332,8.475418,1.0,33.8 sqm,1905.0,1,no,1,450.0
LS-101252,D03,47.357422,8.541554,4.5,112.4 m2,1939.0,7,yes,1,2610.0
LS-100395,D11,47.382238,8.493797,1.0,26.8 m2,1990.0,6,yes,1,1035.0
LS-100094,D01,47.368284,8.538757,1.5,52.8 m2,1959.0,5,no,1,970.0
LS-102031,D07,47.375722,8.490008,4.5,115.4 m2,2022.0,5,yes,1,2600.0
LS-100729,D04,47.336284,8.570949,2.5,69.0 m2,1983.0,1,yes,0,1440.0
LS-101631,D03,47.362321,8.538485,4.0,87.3 m2,2019.0,8,yes,1,2795.0
LS-101313,D05,47.359553,8.490257,2.0,57.6 m2,1998.0,8,yes,1,1215.0
LS-100961,D01,47.365071,8.55523,2.0,64.8 m2,1949.0,3,yes,0,1295.0
LS-101283,D08,47.397072,8.513395,5.0,111.3 m2,1977.0,0,yes,1,1980.0
LS-102712,D04,47.351131,8.571711,4.0,100.3 m2,1935.0,-99,yes,1,2260.0
LS-102681,D08,47.407619,8.494571,2.5,63.4 m2,1957.0,8,yes,1,970.0
LS-101957,D02,47.385303,8.497308,3.0,68.7 m2,2015.0,8,no,1,1580.0
LS-101286,D12,47.389498,8.544238,4.5,118.1 m2,1994.0,8,yes,1,2120.0
LS-100196,D02,47.371945,8.508814,1.5,44.0 m2,1940.0,4,no,1,760.0
LS-100407,D12,47.390946,8.552494,3.5,110.3 m2,1925.0,7,yes,1,1790.0
LS-100661,D05,47.356342,8.487413,3.5,73.7 m2,1929.0,7,yes,1,1470.0
LS-100578,D04,47.358113,8.56234,1.0,41.3 m2,1966.0,1,yes,0,1210.0
LS-102442,D05,47.35877,8.494505,4.0,84.4 m2,,5,no,1,1655.0
LS-100964,D07,47.362793,8.477384,5.0,122.7 m2,2005.0,1,no,1,1845.0
LS-102336,D06,47.357802,8.527016,3.5,89.8 m2,1930.0,2,no,1,1970.0
LS-100317,D02,47.370379,8.518537,3.0,63.4 m2,,4,yes,0,1410.0
LS-101681,D09,47.367689,8.452808,3.5,96.7 m2,1961.0,8,yes,1,1270.0
LS-102410,D12,47.368114,8.544641,4.5,102.4 m2,1949.0,6,no,1,2455.0
LS-102092,D02,47.374529,8.529083,4.0,83.2 m2,,0,yes,0,2110.0
LS-100892,D03,47.35321,8.546875,1.5,46.7 m2,,1,yes,0,1550.0
LS-100848,D06,47.343242,8.521582,1.5,51.4 m2,1989.0,2,yes,1,1030.0
LS-101653,D09,47.367236,8.467244,2.0,52.6 m2,1929.0,7,yes,1,715.0
LS-102474,D08,47.405674,8.497099,2.5,75.9 m2,2021.0,3,yes,0,1640.0
LS-100544,D06,47.342503,8.528787,4.0,128.3 m2,1905.0,8,no,1,2395.0
LS-101455,D01,47.372231,8.535636,4.5,90.9 m2,1940.0,8,no,1,1890.0
LS-102227,D06,47.352279,8.5314,4.5,91.0 m2,1982.0,8,yes,1,2065.0
LS-102614,D05,47.362111,8.502059,2.5,74.4 m2,1910.0,7,no,1,1490.0
LS-100546,D05,47.363791,8.504866,3.5,87.6 m2,1990.0,1,no,1,1815.0
LS-101244,D08,47.402188,8.503008,5.5,139.3 m2,,5,yes,1,2150.0
LS-102633,D02,47.377521,8.516672,4.0,115.1 m2,1926.0,8,yes,1,2590.0
LS-102335,D11,47.3894,8.496263,2.0,56.5 m2,1908.0,3,yes,0,1395.0
LS-102648,D03,47.364979,8.526527,2.5,68.1 m2,1979.0,4,yes,0,1730.0
LS-102255,D04,47.349616,8.580417,2.5,79.2 m2,1931.0,1,no,0,1760.0
LS-102725,D03,47.360239,8.538188,3.5,105.5 m2,2012.0,2,yes,1,2590.0
LS-100635,D07,47.380933,8.460841,3.0,90.3 m2,2015.0,1,yes,1,1645.0
LS-101453,D04,47.338877,8.575973,3.0,95.8 m2,1944.0,8,yes,1,1815.0
LS-100590,D12,47.378168,8.544422,1.0,28.3 m2,1948.0,3,yes,1,495.0
LS-102982,D02,47.382263,8.504837,4.0,57.7 m2,1899.0,0,no,1,985.0
LS-101384,D09,47.36218,8.461484,2.5,83.2 m2,1942.0,0,yes,1,715.0
LS-102187,D03,47.356093,8.524538,5.0,174.3 m2,1919.0,1,no,1,3660.0
LS-100108,D09,47.355327,8.478557,3.5,68.4 m2,1892.0,0,no,1,645.0
LS-100718,D04,47.356605,8.577843,4.5,127.8 m2,1919.0,1,no,0,2550.0
LS-102916,D02,47.367416,8.507067,4.5,94.9 m2,2008.0,4,yes,0,2090000.0
LS-101333,D08,47.399731,8.511892,2.5,48.0 m2,1998.0,3,no,0,510.0
LS-101905,D01,47.375677,8.537579,2.0,60.6 m2,1914.0,7,yes,1,1190.0
LS-102304,D10,47.358356,8.536159,3.0,68.3 m2,1974.0,2,no,1,1340.0
LS-102228,D06,47.340377,8.5209,3.0,86.4 m2,1984.0,3,yes,0,1690.0
LS-102641,D02,47.380209,8.505837,3.0,85.1 m2,1966.0,1,no,0,1325.0
LS-100921,D11,47.380722,8.488651,5.0,112.7 m2,1898.0,2,no,1,2030.0
LS-100712,D09,47.358592,8.482598,5.0,101.6 m2,2018.0,0,yes,0,1645.0
LS-100287,D02,47.369081,8.491073,2.5,69.0 m2,2000.0,6,no,1,1510.0
LS-101054,D02,47.375614,8.511768,3.5,85.3 m2,2005.0,2,no,0,2165.0
LS-101761,D11,47.379787,8.491676,3.0,97.0 m2,1898.0,6,no,1,1700.0
LS-101036,D05,47.362243,8.496739,4.0,90.6 m2,1973.0,5,no,1,1835.0
LS-101803,D07,47.365996,8.455553,3.5,99.1 m2,1909.0,7,yes,1,1415.0
LS-101643,D12,47.377405,8.541053,4.0,99.4 m2,1925.0,8,no,1,2330.0
LS-101267,D07,47.37977,8.457933,4.5,94.7 m2,2009.0,1,yes,1,1395.0
LS-101647,D01,47.372731,8.554761,4.5,96.4 m2,1939.0,6,yes,1,1845.0
LS-100744,D02,47.372002,8.501659,4.5,95.8 m2,1894.0,3,no,1,1690.0
LS-101925,D12,47.375055,8.549624,3.5,102.2 m2,1968.0,3,yes,1,2030.0
LS-102699,D04,47.346689,8.556719,2.0,53.3 m2,1927.0,1,yes,0,1025.0
LS-100854,D01,47.366474,8.548157,4.5,88.4 m2,1971.0,8,no,1,1660.0
LS-100200,D03,47.360238,8.527966,1.5,53.2 m2,2015.0,-99,yes,1,1820.0
LS-101915,D12,47.387707,8.544603,4.5,134.6 m2,2010.0,3,yes,0,2460.0
LS-102816,D05,47.3574,8.497399,5.5,130.5 m2,1942.0,5,no,1,2335.0
LS-102221,D11,47.373731,8.49016,4.0,117.0 m2,1995.0,5,yes,1,2475.0
LS-100928,D12,47.377571,8.538721,5.0,83.0 m2,1898.0,6,no,1,1900.0
LS-101379,D03,47.362774,8.555038,3.5,88.9 m2,1965.0,5,no,1,2205.0
LS-101442,D11,47.379479,8.495321,3.0,92.9 m2,1963.0,5,yes,1,1760.0
LS-100525,D10,47.345315,8.531432,4.0,120.3 m2,1941.0,2,yes,1,1740.0
LS-101401,D07,47.364784,8.48172,5.0,102.7 m2,1961.0,0,no,1,1560.0
LS-101714,D07,47.374577,8.478982,4.0,87.8 m2,1994.0,-99,yes,1,1535.0
LS-102163,D08,47.401223,8.487054,5.0,135.4 m2,1914.0,7,no,1,1750.0
LS-100506,D08,47.393799,8.495469,4.5,108.5 m2,2017.0,5,yes,1,1950.0
LS-100479,D09,47.357719,8.473721,1.0,32.0 m2,1965.0,1,no,0,450.0
LS-100687,D11,47.378514,8.50352,2.5,68.3 m2,1942.0,8,yes,1,1650.0
LS-101062,D06,47.354871,8.541616,1.5,38.4 m2,2009.0,4,yes,0,1160.0
LS-101318,D01,47.374931,8.546779,4.0,116.9 m2,1891.0,7,yes,1,2255.0
LS-100396,D02,47.384152,8.508866,2.5,55.8 m2,1930.0,8,yes,1,1295.0
LS-102452,D11,47.367565,8.494364,4.5,97.7 m2,1985.0,3,no,1,1930.0
LS-101422,D04,47.344704,8.550878,2.0,75.3 m2,1988.0,5,yes,1,1845.0
LS-101377,D03,47.360367,8.541858,2.0,42.5 sqm,1975.0,6,yes,1,1185.0
LS-100897,D05,47.363074,8.477993,2.5,66.6 m2,1999.0,1,yes,1,1120.0
LS-102686,D10,47.351066,8.532525,2.0,48.8 m2,1972.0,5,no,1,940.0
LS-102233,D08,47.406099,8.483839,3.0,108.9 m2,2023.0,3,no,0,1800.0
LS-100602,D02,47.377641,8.511359,2.5,79.7 m2,1903.0,3,yes,0,1295.0
LS-100240,D04,47.354878,8.572913,4.0,111.9 m2,2021.0,2,yes,1,2975.0
LS-101402,D08,47.401862,8.502486,2.5,58.2 m2,1973.0,7,yes,1,955.0
LS-100448,D02,47.37969,8.520305,2.0,70.1 m2,2007.0,8,yes,1,1725.0
LS-100824,D02,47.376446,8.496626,3.5,100.6 m2,2017.0,8,no,1,2205.0
LS-102490,D12,47.379245,8.56118,4.5,100.5 m2,,5,no,1,2485.0
LS-100013,D07,47.366176,8.480642,4.0,99.0 m2,1965.0,0,yes,0,1365.0
LS-102995,D06,47.353533,8.520936,5.0,157.2 m2,1939.0,1,no,0,3195.0
LS-102518,D01,47.368219,8.554956,3.0,86.6 m2,1997.0,0,no,0,1425.0
LS-101067,D06,47.3597,8.531995,3.5,92.5 m2,2015.0,2,no,1,2585.0
LS-102612,D01,47.370778,8.549907,2.0,46.9 m2,1986.0,2,no,1,1050.0
LS-102770,D12,47.370401,8.558156,2.0,36.6 m2,2009.0,0,yes,0,805.0
LS-100376,D04,47.351356,8.571339,5.5,132.3 m2,1916.0,5,yes,1,2985.0
LS-101225,D01,47.373402,8.557567,3.0,57.6 m2,,8,yes,1,1315.0
LS-100263,D08,47.400546,8.494642,2.0,62.1 m2,1944.0,2,yes,1,905.0
LS-100615,D06,47.341864,8.521528,3.0,61.7 m2,1893.0,3,yes,0,1040.0
LS-100503,D07,47.363226,8.477712,3.5,108.7 m2,1926.0,2,yes,1,1735.0
LS-100057,D06,47.354717,8.537309,4.5,113.3 m2,1964.0,4,no,0,2715.0
LS-102593,D04,47.339664,8.553833,3.0,75.6 m2,1985.0,5,yes,1,1855.0
LS-102318,D12,47.374178,8.546203,1.0,34.8 m2,1918.0,5,no,1,650.0
LS-102067,D09,47.357638,8.474648,2.5,68.4 m2,1905.0,4,yes,0,740.0
LS-102385,D12,47.378062,8.55664,3.5,76.9 m2,,8,no,1,1510.0
LS-102705,D09,47.358719,8.473049,4.0,105.0 m2,1972.0,6,yes,1,1405.0
LS-100232,D09,47.36254,8.482396,3.0,69.6 m2,,4,yes,1,675.0
LS-102573,D02,47.379225,8.509633,3.5,75.9 sqm,1932.0,7,yes,1,1760.0
LS-101625,D09,47.355865,8.477128,2.5,76.1 m2,2007.0,2,yes,0,935.0
LS-102838,D12,47.380232,8.549856,2.5,54.7 m2,1926.0,8,no,1,915.0
LS-101085,D10,47.346488,8.532052,5.0,195.0 m2,2004.0,3,yes,0,3250.0
LS-101291,D07,47.367214,8.462237,3.5,80.8 m2,2022.0,7,yes,1,1920.0
LS-102207,D07,47.367332,8.472159,3.5,94.6 m2,1915.0,8,yes,1,1660.0
LS-101568,D09,47.365806,8.47475,4.0,57.5 m2,2021.0,0,no,0,1290.0
LS-101075,D11,47.387157,8.485821,3.0,68.9 m2,1919.0,7,yes,1,1385.0
LS-100785,D09,47.355336,8.473768,2.0,74.7 m2,1928.0,4,no,1,910.0
LS-102810,D02,47.376443,8.490176,2.5,76.1 m2,2000.0,2,yes,1,1615.0
LS-100173,D10,47.359552,8.534294,1.0,39.8 m2,1973.0,4,yes,1,905.0
LS-100141,D08,47.400326,8.489345,4.5,118.0 m2,1897.0,8,yes,1,1550.0
LS-100204,D12,47.380978,8.555534,1.0,32.9 m2,1890.0,7,yes,1,565.0
LS-102061,D10,47.346135,8.532717,1.0,26.0 m2,1960.0,2,no,1,455.0
LS-101765,D03,47.370623,8.526338,1.0,26.5 m2,1891.0,8,yes,1,865.0
LS-102072,D08,47.406457,8.492522,3.0,87.1 m2,2007.0,5,no,1,1540.0
LS-102040,D10,47.348252,8.541058,2.0,53.8 m2,1911.0,1,no,0,940.0
LS-102933,D02,47.373804,8.506442,3.0,77.4 m2,2002.0,8,yes,1,1665.0
LS-102111,D08,47.408951,8.496197,4.5,145.1 m2,1935.0,6,no,1,1835.0
LS-100681,D03,47.353397,8.528077,2.0,64.2 m2,1966.0,8,yes,1,1590.0
LS-100977,D07,47.371585,8.480878,3.5,105.8 m2,,5,no,1,1600.0
LS-102212,D01,47.371896,8.535234,3.5,89.6 m2,1899.0,6,no,1,1840.0
LS-100845,D09,47.356255,8.472489,3.0,87.7 sqm,2012.0,7,yes,1,1305.0
LS-102360,D08,47.394952,8.496512,3.0,82.9 m2,1964.0,5,yes,1,1455.0
LS-101698,D11,47.393315,8.494844,3.0,77.2 m2,2022.0,3,no,1,1875.0
LS-101123,D09,47.364153,8.481615,2.0,55.2 m2,1999.0,0,yes,0,695.0
LS-101809,D07,47.360827,8.487963,1.0,40.3 m2,1895.0,6,no,1,630.0
LS-100789,D09,47.354616,8.475382,2.5,84.3 m2,,2,no,1,950.0
LS-102891,D06,47.35302,8.520583,1.5,43.3 m2,1944.0,0,yes,0,705.0
LS-102762,D03,47.357998,8.54058,4.0,111.7 m2,1904.0,4,yes,1,2520.0
LS-102958,D11,47.37545,8.492944,4.0,102.6 m2,2023.0,3,yes,0,2490.0
LS-101520,D12,47.363745,8.559617,3.0,54.8 m2,1949.0,1,no,0,975.0
LS-101181,D10,47.348485,8.527811,4.0,96.3 m2,1899.0,1,no,0,1490.0
LS-100268,D10,47.35221,8.53495,4.5,114.0 m2,1921.0,0,no,0,1700.0
LS-102152,D01,47.378741,8.539221,3.5,112.3 m2,,4,yes,0,2230.0
LS-101002,D01,47.367638,8.522777,2.5,77.2 m2,2004.0,-99,yes,1,1770.0
LS-100511,D03,47.356446,8.53744,2.5,65.2 m2,1908.0,1,yes,1,1455.0
LS-101531,D02,47.378424,8.51002,3.5,108.1 m2,1926.0,6,no,1,2305000.0
LS-101649,D07,47.363034,8.464902,3.5,76.8 m2,1916.0,0,no,1,850.0
LS-100100,D08,47.396501,8.478172,4.5,86.9 m2,1919.0,6,no,1,1125.0
LS-100012,D03,47.365651,8.5206,3.0,78.5 m2,1926.0,0,yes,1,1765.0
LS-100644,D12,47.385804,8.539096,3.5,98.1 m2,,5,yes,1,2285.0
LS-101614,D12,47.376902,8.539296,4.5,129.7 m2,1924.0,0,yes,1,2470.0
LS-100778,D08,47.402473,8.496641,1.0,37.8 m2,1984.0,1,no,0,525.0
LS-100929,D06,47.349863,8.532641,4.0,103.6 m2,1900.0,4,yes,1,1910.0
LS-101320,D03,47.357165,8.529523,3.5,82.4 m2,2012.0,7,no,1,1845.0
LS-101165,D10,47.357499,8.525636,2.5,73.5 m2,1911.0,8,yes,1,1535.0
LS-100992,D08,47.391055,8.499471,2.0,43.1 m2,1954.0,6,no,1,640.0
LS-101366,D03,47.358162,8.534414,4.0,120.0 m2,1996.0,-99,no,1,2870.0
LS-102199,D01,47.364449,8.547581,3.0,70.4 m2,1902.0,7,no,1,1260.0
LS-101900,D06,47.341994,8.532354,4.5,154.6 m2,2022.0,4,no,0,3335.0
LS-101523,D07,47.371645,8.469501,4.0,94.4 m2,1928.0,3,no,1,1710.0
LS-100020,D06,47.357369,8.520615,3.0,79.7 m2,2023.0,3,no,0,2105.0
LS-100749,D09,47.362193,8.472606,1.5,38.6 m2,1989.0,2,yes,0,560.0
LS-101077,D09,47.363565,8.46491,4.0,85.1 m2,1920.0,6,yes,1,1165.0
LS-100117,D04,47.342566,8.562075,4.0,82.9 m2,1891.0,1,no,0,1555.0
LS-102951,D10,47.347796,8.542137,2.0,44.7 m2,1905.0,6,no,1,695.0
LS-101164,D01,47.360325,8.55514,4.0,105.4 m2,2004.0,8,no,1,2075.0
LS-101409,D05,47.360678,8.48921,4.5,117.9 m2,2008.0,7,yes,1,2235.0
LS-100563,D05,47.351497,8.485283,4.5,76.6 m2,1906.0,-99,yes,1,1570.0
LS-102635,D08,47.413448,8.503534,1.0,18.1 m2,,6,no,1,450.0
LS-102711,D03,47.369398,8.537632,2.5,62.1 m2,2011.0,8,yes,1,1590.0
LS-100490,D05,47.359219,8.505183,3.0,75.4 m2,1932.0,0,yes,1,1655.0
LS-100046,D05,47.362759,8.507474,5.5,111.5 m2,1958.0,3,yes,1,2465.0
LS-100492,D09,47.353662,8.462684,2.0,33.8 m2,2003.0,1,yes,1,520.0
LS-102366,D12,47.384739,8.542051,1.5,36.6 m2,1928.0,8,no,1,1165.0
LS-102493,D06,47.346217,8.530843,1.0,27.2 m2,1953.0,5,yes,1,590.0
LS-102458,D06,47.350766,8.531191,5.5,89.3 sqm,1920.0,7,yes,1,1905.0
LS-101699,D03,47.378202,8.540005,3.0,92.1 m2,,0,no,0,1965.0
LS-102500,D02,47.374622,8.510449,4.5,77.6 m2,1907.0,4,yes,1,1795.0
LS-100768,D01,47.364091,8.545203,4.0,86.5 m2,1945.0,4,no,1,1550.0
LS-101398,D02,47.379612,8.507191,5.5,170.9 m2,1996.0,2,no,1,3400.0
LS-101726,D01,47.377659,8.552289,1.0,28.5 m2,2013.0,1,yes,1,995.0
LS-102766,D05,47.357654,8.491766,4.0,87.2 m2,1955.0,2,yes,1,1925.0
LS-102631,D05,47.357182,8.500873,1.5,38.5 m2,1900.0,8,yes,1,845.0
LS-102745,D10,47.346486,8.52863,4.5,108.8 m2,1906.0,8,yes,1,1870.0
LS-101038,D12,47.380293,8.549027,3.0,85.0 m2,1905.0,3,no,1,1640.0
LS-102742,D07,47.362865,8.475253,1.5,44.2 m2,1904.0,6,yes,1,735.0
LS-102969,D01,47.369146,8.548072,4.0,96.5 m2,1930.0,8,yes,1,2205.0
LS-100564,D10,47.354852,8.525788,3.5,92.4 m2,1952.0,1,yes,1,1940.0
LS-100609,D04,47.343143,8.575159,1.5,59.8 m2,1905.0,2,no,0,1165.0
LS-102783,D07,47.365448,8.484795,3.0,77.7 m2,1996.0,5,yes,1,1385.0
LS-102768,D10,47.362031,8.534235,4.0,103.6 m2,,2,yes,1,2300.0
LS-101949,D12,47.378338,8.551236,4.5,126.8 m2,1958.0,1,no,0,2430.0
LS-102676,D02,47.385811,8.497367,4.5,119.7 m2,2005.0,2,yes,0,1950.0
LS-101256,D10,47.347825,8.529628,2.5,67.1 m2,1923.0,8,no,1,1305.0
LS-100576,D05,47.351691,8.505901,3.5,82.5 m2,1927.0,0,yes,1,1380.0
LS-100626,D01,47.376431,8.536163,1.0,43.6 m2,1917.0,5,no,1,1160.0
LS-102236,D07,47.366729,8.480097,3.0,70.0 m2,1926.0,6,no,1,1405.0
LS-101434,D06,47.340188,8.532391,5.0,177.7 m2,1890.0,-99,yes,1,3200.0
LS-102874,D06,47.349717,8.525558,1.5,26.9 m2,1910.0,5,no,1,605.0
LS-102367,D02,47.385939,8.500932,2.5,42.1 m2,,4,yes,0,805.0
LS-101598,D04,47.348283,8.572702,4.5,122.3 m2,2014.0,2,no,0,2705.0
LS-101958,D12,47.381163,8.549584,3.0,76.6 m2,1927.0,0,yes,1,1570.0
LS-101224,D02,47.38718,8.521325,3.5,79.1 m2,1930.0,6,yes,1,1820.0
LS-100755,D06,47.345825,8.513098,5.5,168.8 m2,1904.0,0,no,1,2880.0
LS-101754,D04,47.352511,8.56686,3.5,77.4 m2,1997.0,7,yes,1,2030.0
LS-101596,D10,47.352426,8.520913,2.5,79.2 m2,1947.0,4,yes,0,1315.0
LS-102646,D02,47.377763,8.500964,4.5,111.5 m2,1936.0,5,yes,1,2070.0
LS-100639,D03,47.367426,8.53326,5.0,169.5 m2,2013.0,6,yes,1,4470.0
LS-101032,D06,47.34564,8.528097,2.5,74.4 m2,1987.0,4,no,0,1615.0
LS-100043,D05,47.353042,8.498097,2.0,66.8 m2,2004.0,1,no,1,1380.0
LS-100007,D02,47.387656,8.524447,2.5,55.5 m2,1942.0,0,yes,0,925.0
LS-102390,D10,47.353085,8.52864,1.5,49.7 m2,1975.0,8,yes,1,1400.0
LS-100738,D03,47.370339,8.540501,3.0,95.4 m2,2020.0,8,no,1,3290.0
LS-100032,D02,47.37974,8.502129,3.0,135.7 m2,1991.0,7,yes,1,2810.0
LS-100470,D11,47.381817,8.499698,1.0,42.0 m2,1933.0,0,yes,0,985.0
LS-100471,D03,47.366921,8.534171,5.0,106.0 m2,1957.0,6,yes,1,2965.0
LS-100421,D02,47.371458,8.4998,3.5,90.5 m2,1977.0,6,yes,1,2000.0
LS-101759,D01,47.369712,8.540921,2.5,68.6 m2,1913.0,3,yes,1,1730.0
LS-102281,D02,47.373848,8.502537,1.0,29.1 m2,1958.0,5,no,1,540.0
LS-101642,D01,47.370192,8.539686,3.5,100.5 m2,1951.0,0,yes,1,2360.0
LS-101538,D09,47.356843,8.485206,5.5,128.3 m2,1980.0,6,yes,1,2020.0
LS-102178,D09,47.37309,8.479503,2.0,59.8 m2,1927.0,5,yes,1,815.0
LS-102777,D09,47.346872,8.454266,4.5,108.1 m2,1979.0,2,yes,0,1295.0
LS-102750,D06,47.350383,8.515995,3.0,95.8 m2,1934.0,7,yes,1,1875.0
LS-101706,D03,47.372694,8.540309,1.0,37.2 m2,1957.0,8,yes,1,1340.0
LS-100905,D12,47.379193,8.540305,3.0,80.9 m2,1938.0,1,yes,1,1670.0
LS-101109,D09,47.358351,8.478834,5.0,96.3 m2,1928.0,5,yes,1,1385.0
LS-102860,D09,47.359815,8.477994,2.0,56.3 m2,1971.0,1,yes,1,845.0
LS-101678,D11,47.377144,8.490764,2.5,77.5 sqm,1933.0,3,yes,1,1660.0
LS-101127,D06,47.34794,8.531009,4.5,81.8 m2,2018.0,8,yes,1,2340.0
LS-100464,D11,47.372742,8.493743,2.0,79.9 m2,1950.0,5,yes,1,1445.0
LS-101389,D03,47.358988,8.530877,4.5,141.8 m2,1912.0,2,no,1,2985.0
LS-101305,D06,47.338296,8.533158,4.0,118.3 m2,1918.0,4,yes,0,2205.0
LS-102502,D11,47.381222,8.497547,3.5,81.3 m2,1980.0,8,yes,1,2030.0
LS-101039,D04,47.342079,8.570849,3.0,72.1 m2,1976.0,1,no,1,1570.0
LS-100667,D03,47.361659,8.551099,3.5,80.1 m2,1998.0,6,yes,1,2045.0
LS-100009,D04,47.352326,8.578517,1.5,45.4 m2,1980.0,3,yes,0,1080.0
LS-102284,D09,47.354497,8.464724,4.0,97.0 m2,1923.0,3,no,0,890.0
LS-101792,D11,47.385183,8.48489,4.0,131.3 m2,1960.0,3,yes,0,2385.0
LS-101146,D01,47.371387,8.539258,5.5,208.9 m2,2010.0,8,no,1,4665.0
LS-100997,D09,47.352392,8.46503,2.0,45.5 m2,1929.0,6,yes,1,570.0
LS-101336,D12,47.378894,8.549902,3.5,95.7 m2,1935.0,2,yes,0,1680.0
LS-100983,D12,47.379173,8.558611,3.5,100.0 m2,1895.0,1,no,1,1825.0
LS-101514,D05,47.350293,8.501957,4.5,125.0 sqm,1896.0,1,yes,1,2495.0
LS-102499,D11,47.389851,8.483126,3.5,94.7 m2,1895.0,6,no,1,1630.0
LS-100979,D08,47.400676,8.50465,1.5,32.6 m2,,3,yes,1,450.0
LS-101347,D08,47.405562,8.479315,2.0,59.1 m2,,0,no,1,815.0
LS-102015,D06,47.356915,8.529863,2.5,83.5 m2,1941.0,6,no,1,2045.0
LS-101502,D12,47.372113,8.549073,1.0,18.0 m2,1911.0,1,no,1,520.0
LS-100048,D06,47.329278,8.529477,3.0,85.5 m2,1979.0,1,yes,1,1405.0
LS-102517,D02,47.368088,8.507719,2.0,37.8 m2,1924.0,4,no,0,970.0
LS-101171,D04,47.366624,8.565765,4.0,119.0 m2,2005.0,1,yes,0,2955.0
LS-101429,D06,47.343943,8.516813,3.5,89.9 m2,2023.0,6,no,1,2185.0
LS-101720,D07,47.373063,8.475396,3.5,90.7 m2,2007.0,2,no,1,1475.0
LS-100432,D04,47.345642,8.558799,3.5,84.0 sqm,1960.0,3,no,0,1735.0
LS-100786,D07,47.369016,8.475037,3.0,78.2 sqm,1987.0,3,yes,1,1265.0
LS-101763,D12,47.376381,8.540218,5.5,167.9 m2,1976.0,4,no,1,3625.0
LS-100124,D10,47.364553,8.537598,3.5,89.9 m2,1915.0,3,no,0,1635.0
LS-100065,D12,47.378228,8.549687,1.0,28.5 m2,1973.0,7,yes,1,635.0
LS-102006,D07,47.358537,8.467036,2.5,57.8 m2,1992.0,0,yes,0,1025.0
LS-101242,D05,47.35161,8.488094,4.5,101.0 m2,1915.0,6,yes,1,1865.0
LS-101968,D12,47.384218,8.543891,2.5,68.2 m2,2011.0,4,no,0,1535.0
LS-102556,D10,47.3551,8.539604,1.5,42.3 m2,1922.0,0,no,0,780.0
LS-101787,D11,47.376041,8.505145,2.0,64.6 m2,1903.0,6,yes,1,1420.0
LS-101396,D10,47.359986,8.539176,4.0,110.5 m2,1899.0,3,yes,1,2170.0
LS-100780,D10,47.352076,8.532973,4.5,104.6 m2,1937.0,4,no,0,1735.0
LS-101371,D10,47.365118,8.53002,3.5,77.7 m2,2014.0,2,yes,1,1665.0
LS-100129,D12,47.380585,8.54031,2.5,71.2 m2,1981.0,5,no,1,1360.0
LS-101228,D07,47.361339,8.480273,4.5,104.6 m2,1967.0,5,yes,1,1940.0
LS-101435,D02,47.373343,8.514375,1.5,28.6 m2,1982.0,7,yes,1,650.0
LS-101418,D04,47.353625,8.569941,1.5,29.1 m2,2021.0,3,yes,1,1125.0
LS-101675,D12,47.377593,8.549427,4.5,115.9 m2,1919.0,0,yes,1,2655.0
LS-102992,D04,47.346947,8.569901,2.5,64.3 m2,,5,no,1,1620000.0
LS-102516,D10,47.344608,8.548141,3.5,84.0 m2,2015.0,1,yes,1,2140.0
LS-102077,D04,47.353763,8.553561,2.0,52.8 m2,2004.0,0,yes,1,1385.0
LS-102961,D08,47.407571,8.485333,2.0,58.8 m2,1913.0,1,no,0,765.0
LS-102855,D01,47.371784,8.553444,5.5,125.3 m2,1911.0,4,no,0,2445.0
LS-102684,D09,47.351455,8.467979,3.5,92.6 m2,1959.0,5,yes,1,1125.0
LS-101122,D05,47.360337,8.502283,3.5,90.1 m2,1922.0,1,yes,0,1870.0
LS-102324,D01,47.371441,8.535244,5.5,177.4 m2,,1,yes,1,3580.0
LS-100237,D08,47.399269,8.49016,2.5,64.8 m2,1920.0,6,no,1,995.0
LS-101793,D12,47.376524,8.556085,1.5,33.1 m2,1953.0,8,no,1,915.0
LS-102333,D04,47.337449,8.55338,4.5,119.2 m2,1900.0,4,no,1,2670.0
LS-101271,D01,47.370729,8.555507,5.0,140.0 m2,1932.0,8,yes,1,2750.0
LS-102875,D10,47.361263,8.535643,4.5,121.1 m2,,0,no,0,2295.0
LS-101591,D05,47.370069,8.512001,1.5,56.4 m2,1904.0,7,yes,1,1500.0
LS-100898,D04,47.346298,8.570277,1.0,34.1 m2,1971.0,8,yes,1,885.0
LS-101771,D04,47.347842,8.562327,2.0,63.0 m2,1942.0,2,yes,0,1475.0
LS-100762,D09,47.361596,8.47726,4.5,144.6 m2,1990.0,8,no,1,1905.0
LS-100369,D11,47.383487,8.491318,3.0,76.4 m2,1995.0,5,no,1,1670.0
LS-100522,D10,47.353352,8.528743,1.5,37.7 m2,1908.0,1,yes,1,840.0
LS-101235,D04,47.345751,8.568755,2.5,81.0 m2,,1,yes,1,1660.0
LS-100075,D08,47.403653,8.490851,1.0,33.6 m2,1985.0,4,no,0,585.0
LS-102939,D04,47.350473,8.566681,3.5,98.7 m2,1948.0,4,yes,1,2605.0
LS-100054,D12,47.372382,8.544404,4.0,115.8 m2,1970.0,2,yes,1,2955.0
LS-100266,D02,47.378308,8.492451,4.5,123.0 m2,,3,no,0,1990.0
LS-102628,D10,47.36289,8.530465,2.5,63.1 m2,1993.0,4,no,0,1130.0
LS-101691,D08,47.402967,8.482523,3.5,68.9 m2,1950.0,8,no,1,1060.0
LS-101852,D04,47.340518,8.56429,4.5,125.6 m2,1942.0,-99,no,1,2475.0
LS-102989,D05,47.361779,8.49314,3.0,53.0 m2,2003.0,3,yes,0,1160.0
LS-100382,D01,47.373623,8.549671,1.0,28.0 m2,1948.0,4,yes,1,470.0
LS-102903,D09,47.364307,8.476001,4.5,134.4 m2,,6,yes,1,1680.0
LS-101980,D06,47.347709,8.528474,3.0,88.4 m2,1911.0,-99,no,1,1880.0
LS-102834,D10,47.349452,8.535998,4.0,103.9 m2,1921.0,7,yes,1,1900.0
LS-102329,D02,47.378699,8.506828,3.0,92.0 m2,,6,yes,1,1860.0
LS-101769,D05,47.355035,8.506192,1.0,37.4 m2,2012.0,6,yes,1,800.0
LS-100835,D09,47.360898,8.461874,3.0,93.2 m2,1906.0,8,yes,1,1215.0
LS-102934,D02,47.384296,8.511936,3.0,79.6 m2,1923.0,1,yes,1,1465.0
LS-100463,D04,47.344747,8.56139,2.5,66.1 m2,1922.0,3,yes,1,1360.0
LS-101820,D04,47.34671,8.569772,2.5,58.9 m2,1962.0,-99,yes,0,1310.0
LS-102814,D05,47.362761,8.493111,3.5,113.1 m2,1901.0,7,no,1,1945.0
LS-101352,D10,47.349496,8.518672,1.5,46.0 m2,2020.0,2,no,0,1320.0
LS-101906,D07,47.369332,8.462387,3.5,82.0 m2,2008.0,3,yes,0,1485.0
LS-101385,D01,47.359851,8.53902,1.0,49.6 m2,1993.0,4,no,0,975.0
LS-101784,D08,47.410708,8.490924,2.0,66.8 m2,1997.0,4,yes,0,985.0
LS-101257,D06,47.344607,8.514105,2.5,73.1 m2,1943.0,1,yes,0,1365.0
LS-101202,D07,47.365272,8.474711,5.0,108.6 m2,1927.0,0,no,0,1645.0
LS-100595,D03,47.366707,8.532258,4.5,109.9 m2,1981.0,1,no,1,2520.0
LS-101615,D04,47.343541,8.558299,2.0,70.4 m2,1929.0,0,yes,0,1390.0
LS-101229,D09,47.349526,8.468494,2.5,69.4 m2,1971.0,6,yes,1,955.0
LS-101898,D09,47.349961,8.473034,3.5,95.3 m2,1957.0,6,no,1,1105.0
LS-102300,D03,47.372337,8.543031,3.5,103.5 m2,1968.0,6,yes,1,3115.0
LS-101892,D03,47.35418,8.539158,1.5,39.2 m2,2013.0,6,yes,1,1160.0
LS-100367,D10,47.352585,8.528724,3.5,76.1 m2,1956.0,4,no,1,1395.0
LS-102607,D09,47.361932,8.484959,5.5,138.0 m2,2010.0,4,no,0,1620.0
LS-101090,D01,47.367604,8.560834,1.5,58.4 m2,2015.0,6,yes,1,1605.0
LS-100097,D11,47.380058,8.502431,3.0,75.3 m2,1973.0,7,no,1,1430.0
LS-101747,D02,47.383654,8.501167,4.0,112.4 m2,1920.0,0,no,0,1590.0
LS-102440,D07,47.375537,8.463306,4.5,76.0 m2,1934.0,5,yes,1,1180.0
LS-101509,D12,47.379411,8.539659,3.0,88.4 m2,2002.0,8,yes,1,2000.0
LS-100381,D08,47.389553,8.504057,5.5,143.8 m2,,3,yes,0,2190.0
LS-102938,D10,47.352052,8.530032,5.0,121.6 m2,1964.0,2,yes,0,2095.0
LS-102170,D10,47.353062,8.520362,3.5,96.8 m2,1976.0,8,yes,1,1910.0
LS-100028,D09,47.362251,8.482785,1.5,42.3 m2,,6,yes,1,580.0
LS-100447,D04,47.346766,8.557499,5.0,151.5 m2,1983.0,2,no,0,3140.0
LS-102432,D12,47.380391,8.55113,2.5,67.6 m2,1983.0,1,no,0,1075.0
LS-100820,D11,47.382153,8.488251,1.5,46.7 m2,2002.0,4,yes,1,870.0
LS-102568,D02,47.381823,8.511627,2.0,59.2 m2,2012.0,7,no,1,1340.0
LS-101910,D01,47.381424,8.543963,3.0,58.5 m2,1931.0,-99,no,1,935.0
LS-101261,D09,47.356378,8.478249,1.5,34.6 m2,2008.0,3,no,0,950.0
LS-101104,D05,47.364649,8.476387,3.0,78.8 m2,1963.0,8,no,1,1315.0
LS-102571,D05,47.366806,8.492723,2.5,56.4 m2,1946.0,6,yes,1,1380.0
LS-100721,D10,47.36057,8.538843,2.0,52.5 m2,1985.0,4,yes,0,1210.0
LS-101188,D07,47.36946,8.469401,3.0,72.4 m2,1986.0,7,yes,1,1555.0
LS-101475,D09,47.355522,8.463068,4.0,90.4 m2,2021.0,2,no,1,1425.0
LS-102962,D05,47.362761,8.485221,3.5,91.6 m2,1923.0,7,no,1,1755.0
LS-101153,D11,47.388534,8.500795,2.0,42.5 m2,1939.0,3,yes,1,940.0
LS-102897,D03,47.366093,8.543394,2.5,34.5 m2,1913.0,3,no,1,635.0
LS-100779,D12,47.374914,8.556614,2.5,77.4 m2,1997.0,3,yes,0,1820.0
LS-101023,D06,47.334478,8.526542,2.5,75.9 m2,1894.0,0,yes,1,1205.0
LS-100004,D08,47.419738,8.480393,5.5,141.4 m2,1931.0,5,yes,1,1630.0
LS-102018,D02,47.376589,8.512946,5.5,127.3 m2,1994.0,7,yes,1,2660.0
LS-102388,D03,47.37297,8.545501,3.0,77.7 m2,1920.0,6,no,1,2025.0
LS-102965,D05,47.351181,8.498282,2.5,66.6 m2,1936.0,5,yes,1,1295.0
LS-100516,D02,47.371193,8.509765,4.0,112.5 m2,1896.0,0,no,1,2445.0
LS-102261,D04,47.340628,8.554318,4.5,105.1 m2,1952.0,5,yes,1,2325.0
LS-102820,D05,47.35996,8.484568,1.0,27.4 m2,1921.0,2,yes,1,475.0
LS-102761,D05,47.354686,8.486973,3.0,94.8 m2,1927.0,3,no,0,1645.0
LS-100350,D11,47.387324,8.493727,3.5,103.5 m2,1918.0,2,no,1,1830.0
LS-101222,D02,47.381037,8.520148,2.5,66.4 m2,1983.0,5,yes,1,1615.0
LS-102585,D10,47.347438,8.527145,4.5,99.4 m2,1954.0,0,yes,1,1495.0
LS-102075,D06,47.343639,8.507244,5.5,141.0 m2,1921.0,4,no,0,2570.0
LS-100660,D12,47.36771,8.549951,5.5,161.3 m2,,1,no,0,3210000.0
LS-102773,D11,47.386434,8.491806,4.5,108.4 m2,1943.0,1,no,0,1670.0
LS-102205,D10,47.359144,8.529113,5.0,157.9 m2,1917.0,4,no,1,2870.0
LS-100899,D06,47.347523,8.525072,3.5,82.0 m2,,1,no,1,1540.0
LS-102182,D06,47.337854,8.524562,2.5,66.1 m2,1948.0,4,yes,1,1185.0
LS-100158,D07,47.368875,8.459796,5.5,168.3 m2,1971.0,6,yes,1,2605.0
LS-100383,D08,47.406747,8.494643,2.5,68.5 m2,1997.0,4,yes,0,1100.0
LS-102143,D02,47.375824,8.517179,1.5,31.6 m2,1919.0,1,no,1,595.0
LS-100140,D01,47.367576,8.550116,5.0,140.8 m2,2001.0,8,yes,1,3100.0
LS-100465,D04,47.347922,8.576874,1.0,35.2 m2,1977.0,0,yes,0,795.0
LS-102108,D08,47.396787,8.484386,3.5,94.6 m2,1901.0,2,no,1,1340.0
LS-100299,D01,47.381098,8.545342,1.5,61.0 m2,1928.0,8,yes,1,1235.0
LS-101871,D11,47.389823,8.479893,4.0,114.2 m2,1989.0,1,no,1,2020.0
LS-100397,D02,47.378212,8.514805,3.0,72.7 m2,2022.0,3,yes,1,2470.0
LS-101937,D03,47.362886,8.538541,3.0,75.4 m2,1926.0,1,yes,0,1945.0
LS-102202,D06,47.350495,8.526557,1.0,39.6 m2,1897.0,2,yes,0,895.0
LS-101718,D08,47.397224,8.498309,2.5,48.1 m2,1957.0,0,no,0,450.0
LS-101033,D02,47.384204,8.507236,2.5,60.1 m2,1905.0,4,no,1,1495.0
LS-101922,D10,47.356656,8.533449,2.0,61.7 m2,1992.0,6,yes,1,1400.0
LS-102436,D11,47.382406,8.485569,4.0,101.2 m2,1923.0,-99,no,1,1855.0
LS-101113,D12,47.377968,8.55448,1.0,39.4 m2,1926.0,4,no,0,705.0
LS-101048,D12,47.374048,8.555722,2.5,77.4 m2,1942.0,2,yes,0,1615.0
LS-102000,D04,47.358014,8.572651,4.0,102.9 m2,1960.0,4,yes,1,2355.0
LS-100846,D12,47.371892,8.542167,4.5,103.6 m2,1961.0,2,yes,1,2310.0
LS-100251,D11,47.373737,8.494178,3.5,81.8 m2,1911.0,7,yes,1,1815.0
LS-101381,D11,47.384654,8.482182,4.0,122.8 m2,1931.0,7,yes,1,2185000.0
LS-102099,D06,47.343355,8.531477,1.0,23.3 m2,2003.0,8,no,1,450.0
LS-100806,D10,47.351148,8.528061,5.0,128.8 m2,,8,no,1,2270.0
LS-102415,D01,47.365119,8.540363,2.5,43.4 m2,1932.0,1,yes,0,835.0
LS-100715,D09,47.360199,8.476367,1.5,44.6 m2,1900.0,4,no,1,620.0
LS-102796,D09,47.362476,8.475654,3.0,66.0 m2,,2,yes,1,805.0
LS-102541,D01,47.367536,8.534318,4.0,78.2 m2,1923.0,-99,yes,1,1585.0
LS-100987,D04,47.34999,8.559744,2.5,51.3 m2,1949.0,6,yes,1,1480.0
LS-102771,D06,47.345032,8.528104,1.0,30.7 m2,,6,yes,1,845.0
LS-100195,D04,47.342986,8.555276,4.0,142.0 m2,1964.0,1,yes,1,2645.0
LS-102920,D07,47.377424,8.468924,3.0,75.5 m2,1925.0,-99,yes,1,1340.0
LS-101044,D01,47.370727,8.545694,4.0,92.6 m2,1954.0,8,no,1,2050.0
LS-100279,D05,47.355336,8.502545,4.0,93.3 m2,1957.0,6,yes,1,1875.0
LS-100096,D05,47.348487,8.483724,4.0,99.6 m2,1994.0,0,yes,1,1580.0
LS-100441,D01,47.372985,8.544304,4.0,85.1 m2,1926.0,4,no,0,1765.0
LS-102544,D02,47.376163,8.498981,3.5,102.0 m2,1987.0,-99,no,1,1810.0
LS-101042,D03,47.363246,8.550532,3.5,100.8 m2,,1,yes,0,2370.0
LS-102382,D10,47.351861,8.533525,3.5,119.2 m2,1948.0,7,yes,1,2065.0
LS-101489,D09,47.356958,8.467312,4.0,114.0 m2,2012.0,2,no,0,1185.0
LS-100330,D06,47.347052,8.528999,2.5,70.7 m2,1939.0,5,no,1,1405.0
LS-101441,D01,47.368352,8.547181,3.5,80.6 m2,,-99,no,1,1505.0
LS-100861,D11,47.385776,8.486539,4.5,88.2 m2,1960.0,1,yes,0,1690.0
LS-100745,D04,47.356453,8.590036,5.5,146.1 m2,1898.0,5,yes,1,2840000.0
LS-102706,D06,47.351109,8.520678,4.0,97.3 m2,1954.0,4,yes,1,2160.0
LS-101111,D07,47.364009,8.477364,3.5,123.7 m2,,5,no,1,2070.0
LS-101963,D06,47.348248,8.522877,2.5,65.5 m2,2023.0,6,no,1,1900.0
LS-101387,D04,47.357051,8.574234,1.5,22.7 m2,1945.0,4,yes,1,750.0
LS-102079,D12,47.377615,8.561636,5.0,121.1 m2,1958.0,6,yes,1,2480.0
LS-101444,D12,47.384108,8.549026,1.0,22.7 m2,1914.0,4,yes,0,485.0
LS-102637,D02,47.377733,8.513938,4.0,114.5 m2,,3,no,0,2085.0
LS-101162,D01,47.375775,8.546616,1.0,25.5 m2,1919.0,7,no,1,585000.0
LS-101995,D02,47.371537,8.504349,3.5,84.7 m2,2007.0,4,yes,0,1905.0
LS-100594,D11,47.38217,8.505818,3.5,93.9 m2,1968.0,5,no,1,1985.0
LS-102106,D07,47.371808,8.473373,3.0,82.1 m2,1985.0,6,yes,1,1335.0
LS-101559,D10,47.366962,8.532943,2.0,60.1 m2,1900.0,1,yes,0,1450.0
LS-101846,D04,47.350055,8.562828,2.0,54.2 m2,1973.0,-99,yes,0,1270.0
LS-100549,D07,47.374409,8.466096,3.0,78.9 m2,2015.0,2,yes,0,1665.0
LS-100556,D10,47.352425,8.52768,3.0,90.2 m2,1946.0,8,no,1,1680.0
LS-102563,D03,47.371156,8.53189,3.0,77.9 m2,1945.0,6,no,1,1925.0
LS-100541,D05,47.354063,8.494651,4.5,136.5 m2,1991.0,7,yes,1,2670.0
LS-101766,D12,47.38745,8.552229,3.5,108.2 m2,1967.0,7,no,1,1935.0
LS-100264,D05,47.353991,8.494339,1.5,48.1 m2,1969.0,1,yes,1,730.0
LS-102175,D07,47.356236,8.473689,4.0,118.7 m2,1938.0,4,no,0,1960.0
LS-102546,D04,47.34081,8.570387,3.5,66.0 m2,1982.0,4,yes,1,1460.0
LS-102402,D01,47.362285,8.537637,3.0,78.8 m2,1946.0,8,yes,1,1590.0
LS-101822,D09,47.357643,8.467647,2.0,39.4 m2,1931.0,5,no,1,450.0
LS-101064,D02,47.379752,8.509941,3.5,81.4 m2,1947.0,8,no,1,1580.0
LS-100300,D03,47.357983,8.531747,3.5,86.4 m2,2008.0,2,no,0,2035.0
LS-101807,D07,47.374692,8.484131,4.0,106.9 m2,1924.0,0,yes,0,1725.0
LS-100553,D07,47.365795,8.46525,2.5,67.7 sqm,1921.0,8,yes,1,1200.0
LS-100467,D10,47.347226,8.541068,1.5,51.6 m2,1905.0,5,no,1,810.0
LS-100344,D11,47.375735,8.50511,1.5,34.0 m2,1979.0,6,no,1,885.0
LS-102053,D12,47.37289,8.530659,3.0,101.0 m2,1920.0,5,no,1,2235.0
LS-102931,D09,47.351469,8.485371,2.0,54.8 m2,2005.0,4,yes,1,1090.0
LS-102162,D12,47.38784,8.545232,1.5,51.1 m2,2015.0,4,no,1,1265.0
LS-102176,D07,47.372577,8.472128,5.0,155.7 m2,1975.0,0,no,1,2215.0
LS-101375,D02,47.381751,8.516688,5.0,94.2 m2,1985.0,3,yes,1,2025.0
LS-101851,D08,47.403992,8.48343,1.0,26.4 m2,1950.0,4,yes,1,685.0
LS-101959,D03,47.362488,8.543407,4.5,89.6 m2,2007.0,2,yes,1,2195.0
LS-102452,D11,47.367565,8.494364,4.5,97.7 m2,1985.0,3,no,1,1930.0
LS-102670,D05,47.363817,8.488269,2.0,52.4 m2,1976.0,0,no,1,1190.0
LS-102608,D04,47.349034,8.577414,1.5,39.7 m2,1960.0,2,no,0,1150.0
LS-100439,D06,47.344513,8.526985,4.0,110.6 m2,1927.0,7,yes,1,2235.0
LS-100021,D02,47.38457,8.50568,2.5,80.2 m2,1992.0,5,yes,1,1880.0
LS-101844,D05,47.352215,8.492301,2.5,78.2 m2,1966.0,4,yes,1,1615.0
LS-101888,D08,47.403936,8.48616,3.0,98.0 m2,1986.0,1,yes,1,1055.0
LS-102834,D10,47.349452,8.535998,4.0,103.9 m2,1921.0,7,yes,1,1900.0
LS-102116,D12,47.384003,8.547652,4.5,108.9 m2,1978.0,5,no,1,2050.0
LS-102084,D11,47.389982,8.493897,2.5,81.3 m2,1990.0,5,yes,1,1705.0
LS-101376,D05,47.359553,8.468278,3.0,77.8 m2,1963.0,0,yes,1,1140.0
LS-101457,D04,47.359994,8.552006,2.5,70.6 m2,1963.0,4,yes,1,1905.0
LS-100487,D10,47.355985,8.537617,3.5,95.5 m2,,6,yes,1,2065.0
LS-100229,D04,47.336678,8.546745,4.0,108.6 m2,,-99,no,0,2070.0
LS-101363,D07,47.378826,8.468824,5.0,126.3 m2,2021.0,4,yes,0,2635.0
LS-101753,D10,47.351781,8.539558,3.0,122.1 m2,,4,yes,1,2365.0
LS-100286,D11,47.38041,8.51219,4.0,119.8 m2,1935.0,8,no,1,2660.0
LS-101477,D04,47.333994,8.567235,2.0,46.4 m2,1916.0,2,yes,1,1070.0
LS-101292,D03,47.369909,8.533112,5.5,156.0 m2,1945.0,5,yes,1,3910.0
LS-100810,D04,47.3492,8.560294,5.5,141.3 m2,1970.0,8,yes,1,3405.0
LS-102279,D04,47.351729,8.566228,4.0,133.9 m2,2007.0,2,yes,1,3275.0
LS-100431,D07,47.370895,8.480913,1.5,59.1 m2,1893.0,4,yes,1,1040.0
LS-102073,D06,47.346134,8.52182,3.0,60.4 m2,1921.0,8,yes,1,1465.0
LS-102830,D10,47.35637,8.523806,1.0,26.2 m2,1913.0,0,yes,0,570.0
LS-102991,D08,47.389197,8.50345,2.0,60.2 m2,,2,no,1,1260.0
LS-100620,D04,47.345242,8.54703,3.0,78.4 m2,1940.0,2,no,1,1800.0
LS-101982,D05,47.355085,8.491036,3.0,65.7 m2,2019.0,4,no,0,1610.0
LS-100936,D10,47.360984,8.53888,2.5,90.5 m2,1970.0,6,yes,1,2195.0
LS-102817,D03,47.373133,8.543795,1.0,31.3 m2,1926.0,1,no,1,720.0
LS-101210,D09,47.369634,8.483182,3.0,76.3 m2,1941.0,8,no,1,755.0
LS-102859,D05,47.351653,8.485048,3.5,89.6 m2,1890.0,4,yes,0,1385.0
LS-100130,D02,47.382763,8.50412,4.5,81.0 m2,1909.0,1,yes,0,1525.0
LS-101552,D05,47.345208,8.489783,5.0,117.4 m2,1989.0,-99,yes,0,2120.0
LS-100955,D09,47.363915,8.475584,2.5,81.5 m2,1896.0,6,yes,1,1135.0
LS-100913,D11,47.397136,8.499307,2.5,52.8 m2,1947.0,7,yes,1,1395.0
LS-100859,D05,47.36444,8.499575,5.0,152.8 m2,1923.0,3,no,1,2950.0
LS-101478,D06,47.335593,8.519487,1.5,26.2 m2,1921.0,5,yes,1,660.0
LS-101327,D04,47.342992,8.559886,4.0,81.6 m2,1977.0,5,no,1,1910.0
LS-100127,D02,47.37707,8.50583,3.5,111.5 m2,1933.0,6,yes,1,2340.0
LS-100284,D11,47.388398,8.500741,5.0,89.6 m2,1989.0,7,no,1,1965.0
LS-102158,D02,47.387629,8.508187,2.5,65.7 m2,1956.0,2,yes,0,1145.0
LS-100978,D11,47.386494,8.502205,3.0,96.3 m2,1919.0,0,yes,0,1935.0
LS-100623,D11,47.365348,8.50014,2.0,43.4 m2,1951.0,3,no,0,1040.0
LS-100688,D10,47.355035,8.528735,3.0,57.9 m2,1936.0,6,yes,1,1060.0
LS-101845,D07,47.370891,8.470692,3.0,84.5 m2,1962.0,1,no,0,1220.0
LS-102045,D07,47.368933,8.476628,2.0,60.8 m2,1979.0,0,yes,1,1185.0
LS-100995,D10,47.347462,8.532114,2.0,61.4 m2,1996.0,2,no,1,880.0
LS-101764,D11,47.377906,8.490935,3.5,81.3 m2,1934.0,4,yes,1,1560.0
LS-102898,D08,47.40475,8.488972,4.5,119.0 m2,1930.0,-99,no,0,1590.0
LS-100610,D05,47.357275,8.493652,3.0,80.4 sqm,1988.0,-99,yes,1,1405.0
LS-100458,D08,47.412789,8.494195,3.0,78.9 m2,,0,yes,0,760.0
LS-102270,D04,47.355481,8.558711,4.5,130.7 m2,1891.0,4,yes,1,3180.0
LS-100462,D09,47.353869,8.482295,5.0,132.2 m2,2004.0,6,no,1,1785.0
LS-100792,D12,47.371924,8.563114,4.5,119.1 m2,1908.0,0,yes,1,2135.0
LS-100504,D03,47.35843,8.542414,5.5,112.8 m2,1989.0,0,no,1,2420.0
LS-100308,D12,47.374344,8.551479,3.0,62.0 m2,1948.0,8,yes,1,1420.0
LS-101579,D10,47.354544,8.525582,3.5,97.6 m2,1966.0,1,yes,0,1700.0
LS-100363,D10,47.366682,8.535444,4.5,115.5 m2,2011.0,2,no,1,2695.0
LS-100579,D02,47.371864,8.508256,5.0,104.1 m2,1926.0,1,no,1,2105.0
LS-100105,D05,47.354363,8.491004,2.5,38.8 m2,1917.0,0,no,0,890.0
LS-102332,D01,47.370281,8.533093,4.5,118.0 m2,1902.0,6,yes,1,2605.0
LS-101132,D02,47.372395,8.507543,2.0,51.0 m2,2012.0,4,yes,1,1245.0
LS-100507,D11,47.381819,8.498824,3.0,73.5 m2,1928.0,8,yes,1,1545.0
LS-101011,D08,47.413545,8.492341,1.0,49.9 m2,1956.0,2,yes,1,450.0
LS-101530,D08,47.406862,8.493258,3.0,78.9 m2,1928.0,0,yes,1,970.0
LS-100946,D07,47.371911,8.464125,3.0,92.5 m2,1958.0,2,no,0,1305.0
LS-101238,D01,47.372802,8.549524,5.5,138.5 m2,1964.0,0,no,1,2585.0
LS-101262,D11,47.376127,8.501439,2.5,65.3 m2,1936.0,8,yes,1,1475.0
LS-101584,D07,47.374484,8.465337,3.5,84.8 m2,1933.0,5,yes,1,1175.0
LS-101730,D03,47.363075,8.521217,3.0,103.3 m2,1951.0,5,yes,1,2595.0
LS-101298,D05,47.353895,8.492374,1.0,29.1 m2,,5,yes,1,570.0
LS-101425,D11,47.387873,8.502707,3.5,115.1 m2,1961.0,8,no,1,2250.0
LS-102781,D03,47.356815,8.539549,2.5,79.8 m2,1930.0,6,yes,1,2045.0
LS-100188,D04,47.340798,8.561558,2.5,71.3 m2,1904.0,0,no,0,1555.0
LS-101686,D05,47.362553,8.498283,3.0,73.0 m2,,1,no,0,1380.0
LS-102165,D12,47.381934,8.538804,4.0,114.0 m2,2008.0,1,no,0,2345.0
LS-102959,D05,47.359245,8.485912,2.0,47.2 m2,2005.0,2,no,0,965.0
LS-102936,D04,47.341726,8.566223,3.0,70.8 m2,1991.0,4,yes,1,1510.0
LS-102892,D06,47.347986,8.504499,4.5,122.1 m2,1903.0,6,yes,1,2220.0
LS-101651,D08,47.4081,8.487847,3.0,86.2 m2,1985.0,7,no,1,1235.0
LS-101428,D06,47.346708,8.524646,3.0,77.9 m2,1906.0,7,yes,1,1665.0
LS-101799,D01,47.365221,8.536357,3.5,97.9 m2,1998.0,3,yes,1,2185.0
LS-102019,D04,47.340689,8.547278,3.0,86.7 m2,1943.0,0,yes,1,2095.0
LS-102171,D02,47.374345,8.51075,3.0,82.1 m2,2006.0,7,yes,1,2080.0
LS-101812,D12,47.378419,8.548712,4.0,108.0 m2,2022.0,5,yes,1,2855.0
LS-100862,D02,47.37875,8.507543,2.0,60.3 m2,2003.0,7,yes,1,1345.0
LS-101173,D12,47.383259,8.549322,3.5,90.6 m2,,6,no,1,1650.0
LS-101476,D06,47.334148,8.535832,3.0,65.0 m2,,5,no,1,1100.0
LS-102098,D11,47.385438,8.494973,3.0,65.5 m2,1930.0,2,yes,0,1260.0
LS-101115,D08,47.404799,8.482813,2.5,66.6 m2,1903.0,8,no,1,815.0
LS-100353,D02,47.379855,8.47922,2.0,50.9 m2,1940.0,6,no,1,960.0
LS-101034,D10,47.351644,8.53438,2.5,69.8 m2,1919.0,0,yes,0,1335.0
LS-102751,D09,47.353427,8.471107,3.5,76.9 m2,1939.0,2,no,1,670.0
LS-100731,D12,47.379462,8.551986,2.5,60.7 m2,1953.0,3,yes,0,1150.0
LS-100702,D02,47.378975,8.517505,4.5,95.1 m2,,8,no,1,2185.0
LS-102945,D09,47.355712,8.480367,2.5,76.7 m2,1974.0,3,no,1,1005.0
LS-102417,D07,47.367416,8.485876,3.0,95.8 m2,1890.0,3,yes,0,1900000.0
LS-102588,D08,47.407895,8.496508,3.0,84.9 m2,1912.0,5,yes,1,1440.0
LS-100160,D09,47.356326,8.478041,4.5,148.0 m2,1940.0,5,yes,1,1835.0
LS-102557,D07,47.376938,8.479633,2.0,67.9 m2,1942.0,2,no,0,950.0
LS-101276,D10,47.353427,8.550753,4.0,94.6 m2,2022.0,0,no,0,1740.0
LS-102218,D02,47.383416,8.512456,3.0,76.1 m2,1938.0,2,yes,1,1650.0
LS-101467,D05,47.364397,8.498462,2.5,71.7 m2,1909.0,8,no,1,1280.0
LS-101137,D02,47.38085,8.498385,3.5,81.8 m2,1973.0,0,no,0,1210.0
LS-101198,D10,47.358981,8.545199,1.0,25.1 m2,2009.0,6,no,1,820.0
LS-102114,D08,47.393542,8.492144,3.0,68.2 m2,2019.0,6,yes,1,1780.0
LS-100162,D08,47.395879,8.506853,5.5,182.7 m2,2014.0,7,no,1,2525.0
LS-101627,D01,47.377841,8.552005,5.0,98.7 m2,1911.0,6,yes,1,1860.0
LS-101512,D05,47.349188,8.503091,4.0,141.3 m2,1898.0,3,no,1,2700.0
LS-101450,D05,47.358726,8.491125,3.5,118.8 m2,1981.0,4,yes,0,2260.0
LS-100185,D03,47.354631,8.548392,2.0,49.0 sqm,1925.0,3,yes,1,1230.0
LS-100459,D01,47.378544,8.558011,3.5,91.0 m2,2009.0,1,yes,0,1555.0
LS-101397,D03,47.361817,8.54,5.5,142.4 m2,1921.0,5,no,1,3480.0
LS-101873,D12,47.379386,8.543887,2.5,50.5 sqm,1898.0,0,yes,0,1155.0
LS-101007,D06,47.343121,8.548651,4.5,99.7 m2,1911.0,7,no,1,1920.0
LS-101962,D04,47.354262,8.565987,4.0,124.7 m2,1897.0,6,no,1,3130.0
LS-102112,D03,47.347977,8.527676,4.0,100.1 m2,1919.0,4,yes,1,2255.0
LS-101729,D04,47.341266,8.551374,1.0,23.4 m2,1932.0,2,no,0,450.0
LS-101464,D06,47.337402,8.522669,4.0,104.2 m2,1925.0,0,yes,0,1755.0
LS-101876,D09,47.351693,8.477081,4.5,89.6 m2,,7,yes,1,1285.0
LS-101287,D11,47.374756,8.496801,3.5,114.3 m2,1927.0,2,no,1,2100.0
LS-100368,D10,47.367419,8.53268,3.0,86.4 m2,1970.0,2,no,0,1925000.0
LS-101168,D10,47.357776,8.524099,5.0,103.4 m2,1961.0,4,yes,0,1890.0
LS-102145,D10,47.352786,8.542202,3.5,126.2 m2,,5,yes,1,2130.0
LS-100493,D01,47.370705,8.544738,2.0,50.4 m2,1939.0,7,no,1,1145.0
LS-100231,D10,47.353066,8.534794,4.0,86.8 m2,1955.0,8,no,1,1665.0
LS-102138,D04,47.353207,8.563435,1.5,40.8 m2,2018.0,0,yes,1,1320.0
LS-100333,D08,47.402424,8.489086,3.0,62.6 m2,1935.0,1,no,0,775.0
LS-102354,D09,47.365249,8.463751,3.0,58.5 sqm,1941.0,4,yes,0,705.0
LS-100788,D12,47.376209,8.546265,3.0,77.1 m2,2006.0,5,yes,1,1945.0
LS-101599,D02,47.370615,8.504618,5.0,120.3 m2,1899.0,0,no,0,2040.0
LS-102233,D08,47.406099,8.483839,3.0,108.9 m2,2023.0,3,no,0,1800.0
LS-102337,D11,47.389426,8.498012,4.0,101.9 m2,1940.0,3,no,0,1830.0
LS-100380,D06,47.343628,8.519292,2.5,70.7 sqm,1957.0,0,no,1,1515.0
LS-102085,D05,47.357671,8.497634,4.5,114.8 m2,,3,yes,0,2200.0
LS-101914,D01,47.365498,8.535729,1.5,47.6 m2,1915.0,0,yes,1,1080.0
LS-102283,D11,47.385586,8.49323,1.5,22.4 m2,1891.0,2,yes,0,555.0
LS-101697,D01,47.371829,8.546139,3.5,114.7 m2,1896.0,1,yes,0,2250.0
LS-102027,D07,47.365652,8.469103,3.5,108.0 m2,1967.0,0,yes,0,1615.0
LS-102225,D01,47.360495,8.5434,1.0,36.0 m2,,5,yes,1,1115.0
LS-102840,D02,47.368676,8.507817,3.0,65.4 m2,1980.0,8,yes,1,1575.0
LS-101870,D07,47.370099,8.468438,3.5,89.2 m2,1937.0,1,no,0,1380.0
LS-102503,D08,47.39473,8.486303,1.0,30.1 sqm,1916.0,0,yes,1,450.0
LS-101432,D03,47.371927,8.540316,1.5,35.4 m2,1910.0,1,no,1,1005000.0
LS-101281,D01,47.374252,8.53329,4.5,114.9 m2,1926.0,3,yes,1,2595.0
LS-101600,D12,47.384604,8.54877,1.0,34.4 m2,1892.0,8,yes,1,795.0
LS-100207,D11,47.389624,8.50174,4.5,98.1 m2,1905.0,6,yes,1,2110.0
LS-102949,D04,47.344451,8.564945,3.5,104.4 m2,1904.0,2,no,0,2120.0
LS-102964,D04,47.347237,8.549672,5.0,104.3 m2,2003.0,0,yes,0,2435.0
LS-101332,D10,47.361294,8.534127,5.0,132.4 m2,1962.0,2,yes,1,2835.0
LS-100881,D09,47.357024,8.478204,1.5,59.1 m2,2015.0,3,no,1,1215.0
LS-100143,D09,47.356701,8.465859,3.0,90.0 m2,2015.0,7,yes,1,1865.0
LS-100249,D03,47.362136,8.546619,3.0,82.5 m2,1968.0,4,no,0,2010.0
LS-101881,D04,47.354305,8.560812,4.0,108.9 m2,1918.0,4,no,0,2340.0
LS-101936,D08,47.410249,8.499867,3.5,62.0 m2,,5,no,1,1295.0
LS-102656,D06,47.345321,8.525507,4.0,95.2 m2,1982.0,6,yes,1,1960.0
LS-102885,D12,47.38386,8.550837,5.5,155.8 m2,1942.0,7,yes,1,3100.0
LS-102397,D03,47.37856,8.529232,1.5,41.2 m2,1906.0,6,yes,1,1220.0
LS-101657,D04,47.353702,8.573448,4.0,105.6 m2,1904.0,2,yes,0,2515.0
LS-101487,D02,47.370069,8.49928,1.0,38.5 m2,1935.0,4,yes,0,730.0
LS-101830,D02,47.3711,8.508264,3.0,95.2 m2,1928.0,0,yes,0,1700.0
LS-102418,D02,47.386413,8.511553,4.5,126.2 m2,1911.0,8,no,1,2220.0
LS-102617,D01,47.37236,8.526296,4.0,91.9 m2,1980.0,2,no,0,1730.0
LS-101626,D03,47.3565,8.539518,3.0,89.6 m2,1913.0,2,yes,0,1900.0
LS-101128,D09,47.370414,8.478769,4.0,104.4 m2,1911.0,6,yes,1,1320.0
LS-102036,D11,47.377121,8.498912,2.5,62.5 m2,1977.0,2,no,1,1195.0
LS-101351,D02,47.379407,8.503663,5.0,113.5 m2,1946.0,7,yes,1,2390.0
LS-102017,D08,47.406313,8.493531,3.5,66.2 m2,1950.0,6,no,1,930.0
LS-101469,D11,47.37478,8.503334,2.5,71.3 m2,1902.0,4,no,1,1560.0
LS-100083,D11,47.382373,8.49748,4.0,121.3 m2,1984.0,6,yes,1,2525.0
LS-100765,D09,47.357232,8.479276,3.5,76.1 m2,1992.0,5,yes,1,795.0
LS-100102,D01,47.362533,8.546445,2.5,71.2 m2,1967.0,5,yes,1,1410.0
LS-100146,D11,47.394593,8.501427,4.0,106.0 m2,2001.0,3,yes,0,2285.0
LS-101133,D05,47.349718,8.491058,4.0,80.2 m2,1965.0,0,no,1,1195.0
LS-102068,D12,47.377693,8.553297,3.0,101.6 m2,1993.0,0,no,1,2070.0
LS-100394,D06,47.344695,8.517777,2.5,62.1 m2,1988.0,4,no,1,1235.0
LS-102326,D01,47.366964,8.548979,3.0,127.5 m2,1943.0,2,no,0,2480.0
LS-102876,D09,47.360898,8.478296,5.0,143.1 m2,1977.0,4,no,0,1750.0
LS-101221,D09,47.359974,8.481756,3.0,58.8 m2,1993.0,6,yes,1,965.0
LS-101358,D05,47.358105,8.493658,2.5,70.8 m2,1973.0,2,no,1,1280.0
LS-102055,D09,47.35572,8.470626,3.5,104.2 m2,1911.0,0,no,1,915.0
LS-100321,D01,47.366263,8.540623,4.5,103.3 m2,1956.0,5,no,1,2050.0
LS-100111,D11,47.388717,8.491204,2.0,63.4 m2,1944.0,7,yes,1,1175.0
LS-100588,D07,47.367122,8.485492,3.0,87.1 m2,,5,no,1,1320.0
LS-102094,D05,47.361089,8.492595,2.5,67.0 m2,2004.0,8,yes,1,1470.0
LS-101123,D09,47.364153,8.481615,2.0,55.2 m2,1999.0,0,yes,0,695.0
LS-102134,D04,47.350815,8.546076,3.5,98.0 m2,1908.0,5,yes,1,2340.0
LS-100136,D06,47.338932,8.512924,2.0,61.3 m2,1963.0,-99,yes,1,1225.0
LS-101470,D07,47.364466,8.479496,4.5,79.5 m2,1925.0,0,no,1,1470.0
LS-100653,D04,47.351116,8.580326,4.5,97.3 m2,2014.0,6,yes,1,2450.0
LS-101946,D02,47.369306,8.504378,1.5,40.1 m2,1935.0,6,no,1,915.0
LS-101695,D04,47.354869,8.579202,2.0,64.5 m2,1957.0,1,no,1,1270.0
LS-101047,D02,47.376753,8.510342,3.0,82.1 m2,1929.0,6,no,1,1765.0
LS-102878,D11,47.388604,8.484499,4.5,126.6 m2,1993.0,5,no,1,2300.0
LS-100930,D04,47.35955,8.551929,4.5,118.4 m2,2018.0,1,no,0,3660.0
LS-100220,D02,47.36423,8.497726,4.5,94.6 m2,1954.0,4,yes,0,1915.0
LS-100927,D03,47.355022,8.543354,1.5,30.9 m2,1900.0,-99,yes,1,940.0
LS-102574,D02,47.373279,8.497256,3.5,92.9 m2,2012.0,6,yes,1,2080.0
LS-102824,D10,47.355527,8.54401,3.5,101.3 m2,1902.0,5,no,1,1995.0
LS-102901,D12,47.381636,8.548885,4.5,106.8 m2,1983.0,5,yes,1,2190.0
LS-102186,D11,47.385806,8.490153,3.0,94.4 m2,1936.0,0,yes,0,1595.0
LS-100533,D10,47.35934,8.539567,3.5,87.0 m2,1979.0,3,yes,1,1880.0
LS-102450,D11,47.386592,8.483678,1.5,25.3 m2,1962.0,0,no,0,450.0
LS-100606,D02,47.384496,8.50968,1.0,33.4 m2,1911.0,5,yes,1,815.0
LS-100074,D02,47.373345,8.498497,2.5,47.7 m2,1914.0,3,yes,1,905.0
LS-101539,D11,47.375211,8.506432,2.0,58.3 m2,1997.0,5,yes,1,1545.0
LS-102161,D01,47.368342,8.547358,5.0,112.7 m2,1958.0,6,no,1,2205.0
LS-101322,D07,47.361634,8.459742,3.0,59.9 m2,2022.0,5,yes,1,1570.0
LS-102433,D07,47.367447,8.461791,4.5,105.5 m2,1979.0,3,no,0,1240.0
LS-100113,D06,47.340102,8.531068,3.0,81.5 m2,1945.0,8,yes,1,1715000.0
LS-100986,D11,47.387919,8.471617,2.5,64.9 m2,2003.0,3,yes,1,1115.0
LS-101972,D10,47.343494,8.524747,5.5,111.6 m2,1955.0,6,no,1,1855.0
LS-102579,D12,47.369794,8.545428,4.0,105.6 m2,1900.0,6,yes,1,2665.0
LS-100222,D03,47.367036,8.542269,1.0,26.0 m2,,-99,yes,1,775.0
LS-100518,D05,47.368912,8.493173,4.5,117.6 m2,2020.0,5,no,1,2620.0
LS-101348,D11,47.380841,8.501748,5.5,104.8 m2,1997.0,-99,yes,1,2340.0
LS-101119,D07,47.362991,8.469852,2.5,44.5 m2,2014.0,1,yes,1,635.0
LS-100035,D05,47.351352,8.486046,3.0,107.4 m2,2017.0,8,no,1,2660.0
LS-100830,D10,47.364443,8.511542,4.0,123.0 m2,1946.0,3,yes,1,2045.0
LS-102456,D10,47.342498,8.523522,3.0,59.8 m2,,0,yes,1,945.0
LS-102848,D06,47.344621,8.510665,2.5,61.4 m2,2006.0,4,yes,0,1225.0
LS-100347,D01,47.376774,8.549825,4.0,95.4 m2,1901.0,5,no,1,1965.0
LS-100167,D10,47.351045,8.520164,2.5,60.6 m2,1981.0,1,no,1,1015.0
LS-102638,D04,47.343436,8.575893,4.5,129.9 m2,1895.0,5,yes,1,2630.0
LS-100116,D06,47.339942,8.511268,3.0,92.2 m2,1973.0,4,yes,0,1640.0
LS-100530,D03,47.36525,8.531313,3.0,96.8 m2,2020.0,5,yes,1,3030.0
LS-101721,D09,47.345407,8.467713,5.0,101.9 m2,2011.0,2,yes,0,1380.0
LS-102667,D04,47.350635,8.554201,1.5,47.7 m2,1981.0,7,yes,1,1345.0
LS-100320,D02,47.374031,8.510686,2.5,61.5 m2,1919.0,3,no,0,1595.0
LS-101028,D05,47.349275,8.487562,4.5,104.6 m2,1950.0,7,yes,1,1850.0
LS-100473,D06,47.343187,8.531663,3.5,117.2 m2,1981.0,7,yes,1,2455.0
LS-102370,D08,47.401079,8.492312,4.5,122.0 m2,1995.0,5,no,1,1925.0
LS-102237,D05,47.352613,8.499474,4.5,115.2 m2,1983.0,2,no,0,1875.0
LS-101781,D09,47.351033,8.469947,2.5,62.7 m2,1990.0,6,yes,1,1055.0
LS-101602,D02,47.381049,8.508991,3.0,78.4 m2,1977.0,4,no,0,1365.0
LS-102525,D08,47.397317,8.504107,4.0,99.5 m2,2004.0,1,no,0,1480.0
LS-102264,D02,47.37498,8.496042,2.0,64.2 sqm,,2,no,0,1400.0
LS-100227,D12,47.374948,8.539749,5.0,117.5 m2,1904.0,7,yes,1,2700.0
LS-101644,D06,47.348515,8.538515,4.5,128.6 m2,1907.0,6,no,1,2520.0
LS-101025,D06,47.343111,8.536465,2.0,45.5 m2,,8,no,1,1230.0
LS-102680,D03,47.373806,8.547617,3.5,101.2 m2,2022.0,8,yes,1,3255.0
LS-101772,D05,47.367958,8.487942,5.0,115.0 sqm,1930.0,-99,yes,1,2105.0
LS-100081,D12,47.386438,8.564365,3.5,108.1 m2,1895.0,0,yes,1,1695.0
LS-101528,D08,47.404032,8.48301,2.0,48.9 m2,1948.0,1,no,1,580.0
LS-101755,D06,47.340564,8.541338,2.0,59.0 m2,2013.0,0,yes,1,965.0
LS-100668,D04,47.343479,8.57424,3.5,77.0 m2,2010.0,-99,yes,1,1990.0
LS-100062,D10,47.360293,8.536814,3.0,83.6 m2,1903.0,0,no,0,1710.0
LS-100849,D06,47.336472,8.522034,2.5,72.6 m2,1957.0,1,no,0,980.0
LS-102649,D04,47.352873,8.57513,5.0,150.5 m2,1939.0,1,yes,0,3205.0
LS-102054,D07,47.363948,8.472124,1.5,45.0 m2,,0,yes,0,935.0
LS-102362,D12,47.378273,8.561892,4.0,113.4 m2,2000.0,8,yes,1,2365.0
LS-100515,D08,47.392975,8.500354,3.0,50.8 m2,1908.0,7,yes,1,875.0
LS-101354,D11,47.383788,8.481166,3.0,73.0 m2,1996.0,3,yes,1,1565.0
LS-100109,D01,47.368199,8.54133,2.5,72.3 m2,1982.0,7,no,1,1730.0
LS-102130,D09,47.362332,8.46003,3.0,94.1 m2,1942.0,2,no,1,900.0
LS-100040,D05,47.359341,8.476361,3.0,80.0 m2,1919.0,0,yes,1,1295.0
LS-102754,D07,47.371713,8.471912,2.5,80.0 m2,1891.0,5,no,1,1190.0
LS-101869,D03,47.365549,8.541811,2.5,70.0 m2,1973.0,-99,yes,1,2060.0
LS-102886,D08,47.395014,8.494178,3.0,63.9 m2,1963.0,7,no,1,920.0
LS-101125,D09,47.348648,8.479173,5.0,171.0 m2,1957.0,2,no,0,1945.0
LS-101088,D02,47.372557,8.503303,3.0,81.9 m2,2018.0,7,no,1,2140.0
LS-100311,D07,47.373405,8.466633,5.0,127.3 m2,1915.0,7,yes,1,2135.0
LS-101622,D10,47.359038,8.522954,2.5,92.8 m2,1943.0,4,no,0,1810.0
LS-100019,D09,47.348989,8.487074,1.0,25.7 m2,,4,yes,0,450.0
LS-101426,D07,47.384219,8.473935,4.0,89.3 m2,1985.0,5,yes,1,1545.0
LS-100357,D10,47.351416,8.527097,2.0,57.2 m2,2013.0,0,no,1,1275.0
LS-100360,D08,47.409418,8.491505,3.0,98.3 m2,1896.0,2,yes,0,1340.0
LS-102809,D04,47.34713,8.552174,5.0,167.3 m2,2000.0,6,yes,1,4070.0
LS-101541,D12,47.378112,8.548494,3.0,70.0 m2,1958.0,5,yes,1,1575.0
LS-100289,D11,47.375307,8.503874,2.5,74.9 m2,2010.0,3,no,0,1530.0
LS-100392,D04,47.346288,8.539645,3.5,77.2 m2,1959.0,2,yes,0,1690.0
LS-101493,D02,47.389564,8.508971,4.0,125.4 m2,1925.0,4,no,0,2090.0
LS-101731,D08,47.409418,8.487898,4.5,105.4 m2,1891.0,2,no,1,1070.0
LS-102219,D06,47.338777,8.518499,5.0,120.2 m2,1946.0,2,no,0,1835.0
LS-100657,D08,47.401939,8.504466,2.5,61.8 m2,2021.0,0,no,1,1205.0
LS-101246,D07,47.374814,8.483015,2.5,66.1 m2,1935.0,4,yes,1,1490.0
LS-102808,D06,47.337238,8.522601,4.0,81.6 m2,1901.0,3,no,1,1440.0
LS-102697,D12,47.376766,8.551865,2.5,84.5 m2,,0,yes,0,1780.0
LS-102806,D09,47.36255,8.470383,1.0,28.5 m2,1999.0,4,no,1,525.0
LS-101564,D03,47.370224,8.540462,2.5,51.7 sqm,1946.0,1,yes,0,1635.0
LS-101953,D01,47.372034,8.551285,3.5,119.9 m2,1943.0,-99,yes,1,2395.0
LS-101421,D10,47.35124,8.535892,4.0,96.6 m2,1893.0,5,no,1,1590.0
LS-102129,D11,47.374715,8.480421,2.0,53.5 m2,1995.0,6,yes,1,1110.0
LS-102913,D06,47.336407,8.525454,3.0,72.3 m2,1993.0,7,no,1,1430.0
LS-100370,D06,47.350817,8.532547,3.5,92.3 m2,2021.0,-99,no,0,2375.0
LS-102910,D11,47.378445,8.498333,1.5,37.4 m2,2004.0,7,yes,1,760.0
LS-100313,D01,47.383483,8.538139,2.5,78.2 m2,1945.0,7,yes,1,1590.0
LS-102565,D09,47.352604,8.472911,4.0,107.1 m2,1909.0,2,yes,0,1060.0
LS-101550,D09,47.357941,8.478611,2.0,70.5 m2,1929.0,2,yes,1,690.0
LS-100593,D10,47.352455,8.53677,1.5,41.4 m2,1938.0,7,no,1,915.0
LS-100970,D04,47.343032,8.560806,5.5,142.9 m2,1993.0,7,no,1,3045.0
LS-100202,D02,47.379505,8.499201,5.0,127.0 m2,1932.0,2,no,0,2290.0
LS-102013,D02,47.368364,8.518113,4.0,111.1 m2,1992.0,7,no,1,2510.0
LS-102302,D08,47.404304,8.489278,4.5,134.2 m2,1975.0,0,yes,0,1585.0
LS-101863,D07,47.369097,8.478941,4.5,89.3 m2,1994.0,3,yes,1,1790.0
LS-102461,D10,47.35581,8.544267,4.0,112.6 m2,1948.0,3,no,1,2185.0
LS-102014,D07,47.369624,8.46347,4.0,100.9 m2,1924.0,7,yes,1,1615.0
LS-100438,D11,47.370662,8.490271,2.0,58.4 m2,1971.0,0,yes,0,1350.0
LS-100326,D11,47.369995,8.493684,4.5,96.9 m2,2021.0,1,no,1,2225.0
LS-101158,D02,47.390592,8.493248,2.0,39.1 m2,1980.0,7,yes,1,650.0
LS-102190,D11,47.385217,8.525745,5.0,122.2 m2,1927.0,1,no,1,2785.0
LS-100387,D10,47.356084,8.537874,4.0,125.4 m2,1890.0,5,yes,1,2550.0
LS-101041,D12,47.381653,8.543204,2.5,56.2 m2,1893.0,0,yes,0,835.0
LS-101788,D12,47.378212,8.529841,2.5,57.6 m2,1898.0,6,no,1,1040.0
LS-101187,D01,47.376297,8.535323,1.5,54.2 m2,1985.0,8,yes,1,1295.0
LS-100281,D10,47.360069,8.540182,2.5,68.8 m2,1933.0,4,no,1,1580.0
LS-101632,D09,47.362993,8.478419,2.0,50.0 m2,1956.0,4,no,0,580.0
LS-100351,D04,47.352034,8.566315,1.5,40.4 m2,1914.0,5,no,1,1025.0
LS-101355,D09,47.357758,8.46826,2.5,40.2 m2,1929.0,3,yes,1,450.0
LS-100042,D05,47.368168,8.496712,4.0,107.7 m2,1963.0,7,yes,1,2000.0
LS-102465,D06,47.341916,8.520109,2.5,75.2 m2,1918.0,3,yes,0,1335.0
LS-100101,D07,47.375405,8.482428,3.0,102.3 m2,1914.0,3,no,1,1560.0
LS-102739,D11,47.386652,8.507589,3.0,67.7 m2,1967.0,7,yes,1,1555.0
LS-102990,D03,47.369397,8.55635,2.0,46.8 m2,1914.0,-99,no,0,1120.0
LS-100446,D11,47.382842,8.502646,2.5,48.8 m2,1929.0,8,yes,1,1380.0
LS-101745,D01,47.366215,8.533115,2.5,80.1 m2,1943.0,7,no,1,1525.0
LS-101273,D02,47.376087,8.520472,4.5,158.0 m2,1915.0,3,no,1,3630.0
LS-100134,D01,47.36698,8.549283,5.5,148.3 m2,,1,yes,0,2770.0
LS-100574,D11,47.385847,8.493264,3.5,65.0 m2,,-99,no,1,1040.0
LS-100876,D06,47.348329,8.530811,3.5,113.9 m2,1948.0,4,no,0,2130.0
LS-102823,D12,47.378987,8.549328,1.5,61.5 m2,1906.0,-99,yes,1,1315.0
LS-100856,D02,47.356758,8.500968,4.0,110.9 m2,1988.0,3,yes,1,2430.0
LS-100128,D05,47.353006,8.488714,3.0,88.9 m2,1989.0,3,yes,0,1680.0
LS-100747,D10,47.354909,8.517369,4.5,98.6 m2,2010.0,8,no,1,1930.0
LS-100572,D05,47.350581,8.487884,3.5,75.5 m2,1964.0,3,no,0,1120.0
LS-102534,D05,47.36042,8.499596,1.5,47.5 m2,1897.0,-99,no,1,1075.0
LS-102735,D10,47.342985,8.523245,2.5,63.7 m2,1917.0,6,yes,1,1115.0
LS-100875,D07,47.370375,8.475404,3.5,131.1 m2,1946.0,1,no,1,2050.0
LS-100103,D05,47.357253,8.496967,1.0,18.0 m2,1945.0,7,yes,1,450.0
LS-101690,D03,47.378873,8.52935,3.0,61.8 m2,1937.0,6,no,1,1595.0
LS-100410,D02,47.377147,8.515842,5.0,140.3 m2,1910.0,8,no,1,2965.0
LS-102051,D04,47.344013,8.566875,1.0,39.0 m2,1999.0,3,no,1,775.0
LS-101178,D06,47.338658,8.518642,4.0,98.7 m2,1995.0,2,yes,0,1985.0
LS-101854,D07,47.372149,8.467917,4.0,119.0 m2,1984.0,5,no,1,1800.0
LS-100604,D04,47.355017,8.569564,3.5,70.2 m2,1973.0,5,yes,1,1670.0
LS-102912,D07,47.364156,8.48533,5.5,196.3 m2,1890.0,0,yes,0,2915.0
LS-102039,D05,47.360001,8.488685,3.0,80.4 m2,1970.0,2,yes,1,1410.0
LS-102411,D02,47.379906,8.5083,4.5,119.7 m2,2003.0,5,no,1,2300.0
LS-101433,D07,47.377167,8.474501,5.0,138.1 m2,,4,yes,0,1910.0
LS-100384,D11,47.379612,8.493797,2.5,46.7 m2,1996.0,0,yes,0,970.0
LS-102985,D08,47.397554,8.509014,2.5,71.4 m2,1920.0,1,yes,1,945.0
LS-100056,D07,47.372219,8.479522,1.5,47.8 m2,1936.0,0,no,0,630.0
LS-100711,D11,47.378768,8.489519,4.0,128.5 sqm,,7,yes,1,2500000.0
LS-100324,D07,47.365637,8.469629,4.0,106.7 m2,1954.0,0,no,1,1575.0
LS-100078,D11,47.387174,8.499797,2.0,72.2 m2,1942.0,8,yes,1,1520.0
LS-100540,D02,47.371228,8.505664,1.5,38.8 m2,1994.0,3,yes,1,860.0
LS-100355,D08,47.404861,8.49494,3.5,84.2 m2,2017.0,7,yes,1,1660.0
LS-102144,D05,47.359203,8.495995,3.0,60.5 m2,1928.0,4,yes,0,1260.0
LS-100359,D04,47.347098,8.574549,3.0,77.6 m2,2002.0,8,yes,1,1640.0
LS-101018,D01,47.376663,8.547485,2.0,56.2 sqm,1898.0,7,no,1,1100.0
LS-102661,D02,47.369887,8.521881,1.5,39.5 m2,1957.0,7,no,1,720.0
LS-100568,D12,47.374976,8.550677,1.5,49.7 m2,2000.0,5,yes,1,1110.0
LS-100915,D06,47.347229,8.520646,2.0,48.4 m2,1899.0,4,yes,1,1160.0
LS-100307,D03,47.369879,8.536057,3.5,82.2 m2,2000.0,-99,no,1,2335.0
LS-101413,D10,47.350543,8.530096,4.0,77.5 m2,2018.0,8,yes,1,1900.0
LS-100813,D03,47.36081,8.530033,3.0,65.5 m2,1964.0,1,yes,1,1560.0
LS-100041,D10,47.351748,8.529052,2.0,38.2 m2,2017.0,4,yes,1,1295.0
LS-101586,D06,47.328262,8.53653,2.5,64.9 m2,2004.0,0,yes,0,1180.0
LS-101405,D06,47.343023,8.5267,2.0,51.2 m2,1902.0,7,yes,1,1055.0
LS-102771,D06,47.345032,8.528104,1.0,30.7 m2,,6,yes,1,845.0
LS-100882,D04,47.345092,8.555878,2.0,40.7 m2,1937.0,5,no,1,850.0
LS-100698,D11,47.385071,8.496805,4.0,104.1 m2,1904.0,2,no,1,1970.0
LS-101838,D12,47.379341,8.557216,2.0,36.4 m2,1990.0,2,no,1,750.0
LS-100003,D01,47.374334,8.54531,4.5,129.1 m2,1912.0,5,no,1,2730.0
LS-100215,D11,47.386912,8.491189,5.0,150.1 m2,1917.0,8,no,1,2665.0
LS-100976,D03,47.363249,8.531217,1.0,31.3 m2,1949.0,1,yes,1,650.0
LS-100098,D12,47.378677,8.54579,2.0,67.6 m2,2022.0,8,yes,1,2010.0
LS-101989,D07,47.373643,8.480045,3.0,82.6 m2,,6,no,1,1535.0
LS-101601,D09,47.361863,8.481814,5.0,152.4 m2,1964.0,2,yes,0,1745.0
LS-102722,D09,47.35532,8.485886,4.5,89.2 m2,1904.0,6,yes,1,1140.0
LS-101370,D10,47.358161,8.529341,3.5,109.7 m2,1929.0,7,yes,1,2510.0
LS-102611,D08,47.398552,8.486303,3.0,84.3 m2,1967.0,3,yes,0,1100.0
LS-102522,D04,47.355542,8.549392,1.5,69.2 m2,1950.0,8,yes,1,1775.0
LS-101191,D11,47.395944,8.496872,3.0,75.2 m2,2004.0,5,no,1,1385.0
LS-101704,D09,47.360575,8.477715,2.0,45.0 m2,,0,no,0,450.0
LS-101832,D05,47.361783,8.478531,3.0,78.7 m2,1978.0,2,yes,1,1605.0
LS-101516,D11,47.381657,8.503983,3.0,91.6 m2,1999.0,7,no,1,2005.0
LS-100700,D11,47.376274,8.493845,5.5,128.5 m2,1911.0,3,no,1,2260.0
LS-100455,D02,47.38478,8.50145,2.0,62.3 m2,1890.0,8,no,1,1290.0
LS-102413,D06,47.342572,8.522682,2.0,62.9 m2,1900.0,4,yes,1,1315.0
LS-102626,D12,47.389901,8.54577,4.0,89.7 m2,1939.0,6,no,1,1420.0
LS-100521,D12,47.375276,8.545969,5.0,133.3 m2,2010.0,8,no,1,3030.0
LS-101260,D05,47.361623,8.493801,4.0,96.6 m2,2023.0,7,yes,1,2510.0
LS-102208,D05,47.362497,8.49835,3.0,74.3 m2,1942.0,6,no,1,1555.0
LS-101037,D03,47.356642,8.545641,2.5,61.5 m2,1970.0,2,yes,0,1655.0
LS-100389,D04,47.356197,8.567791,1.0,34.4 m2,2013.0,3,yes,0,450.0
LS-100951,D10,47.355063,8.537537,4.5,118.9 m2,1949.0,0,yes,0,2335.0
LS-102562,D06,47.359252,8.525361,1.0,25.8 m2,1995.0,4,no,0,675.0
LS-100411,D04,47.36088,8.568092,2.0,46.4 m2,1902.0,4,no,0,1120.0
LS-101805,D01,47.365836,8.54373,3.5,82.6 m2,1890.0,4,yes,1,2010.0
LS-101661,D01,47.364116,8.536957,5.0,115.1 m2,1992.0,5,no,1,2530.0
LS-101301,D10,47.350552,8.514746,2.5,65.2 m2,1999.0,4,yes,0,1245.0
LS-102744,D11,47.387518,8.488918,1.5,46.6 sqm,2000.0,0,yes,0,845.0
LS-101296,D10,47.360421,8.546466,1.0,28.1 m2,1932.0,4,yes,0,505.0
LS-101770,D11,47.385923,8.50413,3.5,98.2 m2,1937.0,5,no,1,2230.0
LS-101268,D07,47.380493,8.485752,2.5,71.6 m2,1909.0,5,no,1,960.0
LS-102373,D05,47.356827,8.504388,2.5,46.4 m2,1973.0,5,yes,1,1120.0
LS-102052,D10,47.355471,8.529967,2.5,59.4 m2,1901.0,-99,no,1,1435.0
LS-102835,D02,47.380531,8.501837,4.0,83.3 m2,1952.0,4,no,1,1585.0
LS-101021,D04,47.351997,8.570553,3.0,81.2 m2,1909.0,1,no,1,1615.0
LS-100501,D04,47.344497,8.562351,3.5,100.7 m2,1999.0,8,no,1,2500.0
LS-102883,D09,47.358683,8.477819,2.0,55.4 m2,1921.0,4,yes,0,650.0
LS-100758,D01,47.360447,8.550478,3.5,48.2 m2,1957.0,3,yes,0,1125.0
LS-102254,D07,47.365932,8.45588,1.5,39.1 m2,1962.0,5,yes,1,805.0
LS-100428,D04,47.345658,8.564517,5.0,135.2 m2,,3,yes,1,2740.0
LS-101610,D09,47.358307,8.481319,4.5,134.3 m2,2016.0,3,no,1,2125.0
LS-101317,D01,47.386113,8.544623,4.5,86.1 m2,,3,yes,1,1465.0
LS-101136,D06,47.349499,8.525937,2.5,67.0 m2,2004.0,6,no,1,1560.0
LS-100073,D11,47.3814,8.509084,3.5,76.8 m2,1940.0,6,no,1,1625.0
LS-100025,D07,47.374871,8.468149,5.0,136.5 m2,1978.0,3,yes,1,1985.0
LS-101344,D03,47.360918,8.538197,5.0,159.0 m2,2014.0,7,no,1,3755.0
LS-101874,D12,47.37758,8.54106,2.5,71.1 m2,1950.0,6,yes,1,2135.0
LS-101126,D08,47.40494,8.501029,4.0,110.3 m2,1993.0,6,no,1,1575.0
LS-102492,D06,47.339011,8.532101,3.5,78.7 m2,2017.0,5,yes,1,2050.0
LS-101139,D03,47.364851,8.541338,4.5,107.3 m2,2002.0,5,yes,1,2685.0
LS-100505,D09,47.361605,8.473209,5.5,120.3 m2,1945.0,0,no,1,1200.0
LS-102695,D08,47.406037,8.485723,2.5,60.4 m2,1962.0,6,no,1,850.0
LS-101394,D12,47.387542,8.560326,2.0,56.3 m2,1907.0,4,yes,0,1070.0
LS-102479,D06,47.343254,8.517461,1.5,44.8 m2,1973.0,0,yes,1,1025.0
LS-102919,D10,47.363469,8.530789,2.5,78.3 m2,1958.0,5,yes,1,1800.0
LS-102785,D02,47.381473,8.506438,3.0,66.4 m2,1933.0,3,yes,0,1360.0
LS-102727,D02,47.37586,8.497614,3.0,89.7 m2,,7,no,1,1730.0
LS-101634,D10,47.346162,8.538574,3.0,76.2 m2,1919.0,1,yes,0,1550.0
LS-101120,D04,47.347413,8.561191,4.5,69.1 m2,1926.0,5,yes,1,1745.0
LS-101734,D09,47.350546,8.461271,5.0,140.1 m2,1981.0,4,no,1,1555.0
LS-100586,D03,47.355641,8.535414,1.0,30.3 m2,,2,yes,1,790.0
LS-102346,D11,47.371571,8.493171,3.0,95.1 sqm,1960.0,6,yes,1,1935.0
LS-100611,D04,47.350572,8.567435,4.0,113.4 m2,1893.0,4,yes,1,2685.0
LS-101138,D07,47.382376,8.457613,3.5,102.3 m2,2007.0,6,yes,1,1825.0
LS-100425,D10,47.360034,8.53158,2.0,74.9 m2,1961.0,4,yes,1,1605.0
LS-100648,D11,47.385596,8.490144,2.5,81.2 m2,2007.0,1,yes,1,1660.0
LS-101089,D12,47.381528,8.533021,4.5,125.1 m2,1980.0,4,yes,1,2590.0
LS-102496,D10,47.358992,8.527172,2.5,56.9 m2,,5,yes,1,1325.0
LS-102829,D06,47.353476,8.51651,3.0,100.4 m2,,7,yes,1,2030.0
LS-101408,D11,47.389232,8.496307,3.0,93.1 m2,1987.0,4,yes,0,1740.0
LS-100565,D02,47.367076,8.502819,4.0,111.5 m2,1948.0,3,yes,1,1925.0
LS-102269,D02,47.374433,8.517637,1.5,55.9 m2,2007.0,4,no,0,1165.0
LS-100885,D06,47.346978,8.510087,3.5,120.7 m2,1988.0,6,no,1,2190.0
LS-102953,D12,47.384903,8.556543,3.0,77.8 m2,1955.0,1,no,1,1315.0
LS-102728,D02,47.371337,8.49813,4.0,125.3 m2,1950.0,4,yes,0,2135.0
LS-100782,D06,47.349088,8.525365,3.5,80.9 m2,1948.0,5,yes,1,1800.0
LS-102713,D08,47.4033,8.48876,5.5,145.0 m2,1903.0,3,yes,0,2160.0
LS-101981,D09,47.35288,8.474154,4.0,122.6 m2,1987.0,6,no,1,1435.0
LS-100629,D03,47.363594,8.554773,2.5,56.0 m2,1936.0,7,no,1,1395.0
LS-102900,D06,47.342864,8.521582,1.5,53.8 m2,1997.0,1,yes,0,1190.0
LS-102267,D07,47.372879,8.490446,4.0,127.8 m2,1990.0,7,no,1,2205.0
LS-100500,D04,47.352461,8.560299,2.0,57.8 m2,1903.0,4,yes,0,1685.0
LS-101723,D07,47.375415,8.466607,3.0,62.3 m2,,5,no,1,1010.0
LS-102924,D05,47.361146,8.498378,3.5,132.9 m2,1930.0,2,yes,0,2470.0
LS-100408,D11,47.39022,8.492541,5.5,111.4 m2,1907.0,8,no,1,1850.0
LS-101343,D06,47.342763,8.507621,3.5,70.7 m2,,5,yes,1,1885.0
LS-100164,D11,47.38399,8.49071,3.0,47.6 m2,1979.0,2,no,1,775000.0
LS-102511,D06,47.345465,8.522956,2.0,65.7 m2,,0,yes,0,1620.0
LS-100243,D05,47.348277,8.491645,4.5,115.3 m2,1903.0,4,yes,1,2145.0
LS-102880,D01,47.366029,8.551091,1.0,53.4 m2,1915.0,5,yes,1,1385.0
LS-102849,D02,47.373503,8.515486,4.5,126.8 m2,2020.0,7,yes,1,3400.0
LS-101522,D11,47.396017,8.497625,5.0,144.2 m2,1917.0,5,yes,1,2780.0
LS-100378,D10,47.348358,8.555132,4.0,94.0 m2,1953.0,4,yes,0,1455.0
LS-101087,D03,47.362049,8.544556,4.5,159.4 m2,1935.0,1,yes,0,3605.0
LS-102974,D11,47.374808,8.494872,2.0,67.3 m2,2005.0,4,yes,1,1730.0
LS-102605,D05,47.352234,8.492188,5.5,139.7 m2,,8,no,1,2380.0
LS-100294,D11,47.375154,8.488315,4.5,118.9 sqm,1908.0,5,yes,1,2260.0
LS-102282,D04,47.343282,8.558753,1.5,50.4 m2,,7,yes,1,1345.0
LS-101947,D10,47.354515,8.522524,2.5,70.3 m2,1949.0,2,no,0,1095.0
LS-102201,D03,47.364605,8.532445,3.0,93.1 m2,2003.0,1,yes,1,2485.0
LS-101955,D04,47.345997,8.560632,4.0,96.2 m2,1901.0,1,yes,1,2100.0
LS-101696,D06,47.345575,8.526366,3.5,93.7 m2,1890.0,8,yes,1,2000.0
LS-100315,D08,47.398609,8.49234,3.0,90.7 m2,1953.0,7,yes,1,1250.0
LS-100528,D04,47.340843,8.571147,3.0,84.4 m2,1921.0,0,yes,0,1475.0
LS-102983,D10,47.343059,8.528578,2.5,75.8 m2,1997.0,3,yes,0,1205.0
LS-101177,D09,47.354499,8.476062,2.0,42.8 m2,1977.0,3,yes,0,500.0
LS-100189,D12,47.370696,8.568204,4.0,111.5 m2,1913.0,4,yes,1,1795.0
LS-100027,D11,47.37192,8.498321,2.5,58.4 m2,1960.0,1,no,0,1080.0
LS-102715,D09,47.36226,8.475213,1.5,41.2 m2,1892.0,2,yes,0,505.0
LS-100274,D02,47.368087,8.494933,2.0,66.1 m2,1940.0,7,no,1,1180.0
LS-102718,D05,47.359473,8.480637,1.0,36.5 m2,1943.0,7,no,1,780.0
LS-101074,D03,47.369152,8.535394,1.0,34.0 m2,,7,yes,1,1005.0
LS-102702,D10,47.352369,8.520523,3.0,55.9 m2,1902.0,3,no,1,880.0
LS-102035,D06,47.345815,8.530132,1.5,55.5 m2,,2,yes,1,1130.0
LS-102621,D03,47.373742,8.536838,2.5,61.4 m2,1968.0,3,no,1,1645.0
LS-102559,D08,47.407553,8.505146,3.5,100.8 m2,1904.0,7,yes,1,1785.0
LS-102691,D03,47.359936,8.544126,3.5,81.0 m2,2018.0,0,yes,0,2280.0
LS-101334,D01,47.376386,8.543121,1.5,36.1 m2,2010.0,0,no,0,760.0
LS-102209,D07,47.380709,8.474201,4.0,128.8 m2,1944.0,8,no,1,1835.0
LS-102259,D10,47.360988,8.549487,3.5,75.6 m2,1941.0,8,yes,1,1560.0
LS-102757,D09,47.368563,8.453355,5.0,133.9 m2,2001.0,2,yes,0,1660.0
LS-100585,D02,47.380722,8.505943,5.5,125.1 m2,1927.0,1,yes,1,2450.0
LS-100837,D08,47.417625,8.500528,4.5,137.8 m2,1953.0,0,yes,1,2045.0
LS-100710,D04,47.349724,8.563893,4.0,92.5 m2,1947.0,5,no,1,2120.0
LS-102311,D07,47.377027,8.47756,2.5,61.4 m2,1945.0,5,yes,1,990.0
LS-102506,D11,47.381044,8.483299,3.5,123.1 m2,2018.0,8,no,1,2540.0
LS-101250,D08,47.390577,8.491852,3.5,87.5 m2,1914.0,6,no,1,1345.0
LS-101968,D12,47.384218,8.543891,2.5,68.2 m2,2011.0,4,no,0,1535.0
LS-101698,D11,47.393315,8.494844,3.0,77.2 m2,2022.0,3,no,1,1875.0
LS-101437,D02,47.379317,8.495432,3.0,82.2 m2,1914.0,8,no,1,1500.0
LS-101802,D09,47.351939,8.47771,3.5,62.9 m2,1955.0,4,no,1,815.0
LS-101553,D12,47.379318,8.546826,4.5,97.2 sqm,2001.0,5,yes,1,2165.0
LS-100816,D07,47.368208,8.460242,2.0,68.3 m2,1991.0,7,yes,1,1215.0
LS-102996,D02,47.377725,8.507535,4.0,67.5 m2,1906.0,5,yes,1,1500.0
LS-101940,D12,47.387763,8.554695,3.0,81.6 m2,1920.0,0,yes,1,1440.0
LS-100957,D10,47.356998,8.536305,2.5,65.6 m2,1918.0,7,no,1,1385.0
LS-100302,D06,47.346408,8.529607,2.0,69.3 sqm,1943.0,8,yes,1,1520.0
LS-100571,D02,47.388697,8.501841,5.0,150.7 m2,2001.0,0,no,1,2875.0
LS-102663,D07,47.38418,8.462975,4.5,123.9 m2,2019.0,4,no,0,2315.0
LS-102004,D06,47.344435,8.52267,4.0,101.0 m2,1899.0,4,no,1,1710.0
LS-100630,D07,47.369997,8.465487,3.0,92.4 m2,1908.0,-99,no,1,1355.0
LS-101511,D01,47.361608,8.545708,2.0,71.3 m2,2017.0,6,no,1,2125.0
LS-102799,D10,47.358832,8.523947,1.5,54.9 m2,1994.0,4,yes,1,1085.0
LS-102946,D11,47.379704,8.490817,5.0,160.1 sqm,1959.0,4,yes,1,3075.0
LS-102688,D12,47.37946,8.556798,3.5,96.2 m2,1962.0,5,no,1,2000.0
LS-101063,D08,47.403246,8.486833,2.5,70.7 m2,1934.0,7,yes,1,1205.0
LS-101853,D01,47.37248,8.531399,4.0,97.8 m2,,8,yes,1,2015.0
LS-102486,D11,47.374307,8.49661,5.0,153.2 m2,1910.0,3,yes,1,2930.0
LS-102214,D10,47.360525,8.519023,3.0,84.4 m2,1896.0,3,yes,0,1500.0
LS-102011,D03,47.357348,8.534887,2.0,47.5 m2,1927.0,1,no,1,1000.0
LS-101140,D04,47.355041,8.551487,4.5,127.4 m2,1940.0,0,yes,1,3240.0
LS-101868,D12,47.376585,8.54432,2.5,67.8 sqm,1990.0,0,yes,0,1460.0
LS-101901,D05,47.347835,8.496391,1.0,32.6 m2,1987.0,0,no,0,535.0
LS-100923,D04,47.346424,8.563184,2.5,56.2 m2,1978.0,7,yes,1,1585.0
LS-100722,D10,47.346039,8.530782,2.0,45.3 m2,1916.0,0,no,1,450.0
LS-100059,D03,47.357704,8.52535,1.0,29.0 m2,1977.0,6,no,1,910.0
LS-102247,D06,47.34232,8.524498,4.0,119.4 m2,2008.0,1,yes,1,2445.0
LS-102449,D09,47.366425,8.483806,5.0,109.9 m2,2005.0,7,no,1,1410.0
LS-102323,D12,47.374529,8.556398,3.0,82.1 m2,1925.0,0,yes,1,1775.0
LS-100023,D07,47.369304,8.480404,4.5,131.4 m2,1992.0,4,no,0,2155.0
LS-100577,D12,47.385177,8.545315,5.0,171.2 m2,1983.0,0,no,1,3035.0
LS-100683,D07,47.361383,8.48525,1.5,30.7 m2,2012.0,0,yes,1,830.0
LS-102731,D03,47.351346,8.524473,4.5,99.1 m2,1985.0,1,yes,0,2105.0
LS-101015,D10,47.368582,8.533672,2.0,43.7 m2,1949.0,8,yes,1,1070.0
LS-100346,D01,47.371888,8.55129,3.0,91.4 m2,2010.0,2,yes,1,2155.0
LS-102285,D06,47.335153,8.523391,2.0,51.6 m2,1998.0,3,no,0,905.0
LS-101667,D03,47.361929,8.538966,2.0,75.2 m2,1967.0,3,no,1,1775.0
LS-101555,D05,47.35232,8.486658,3.5,120.9 m2,2009.0,3,yes,1,2155.0
LS-102498,D06,47.339269,8.509249,3.5,98.3 m2,1948.0,0,yes,1,1505.0
LS-100008,D07,47.37403,8.47212,3.5,89.2 m2,2022.0,8,yes,1,2200.0
LS-102967,D03,47.361425,8.5316,3.5,92.6 m2,,7,yes,1,2270.0
LS-100228,D09,47.362923,8.473827,4.0,114.4 m2,1913.0,5,yes,1,1495.0
LS-100489,D09,47.373916,8.479073,1.0,27.2 m2,1947.0,5,no,1,450.0
LS-102592,D05,47.368005,8.495485,3.0,72.6 m2,1953.0,8,yes,1,1615.0
LS-101665,D01,47.381866,8.544364,5.0,106.7 m2,1963.0,8,yes,1,1910.0
LS-100829,D06,47.340529,8.528465,3.5,73.2 m2,1982.0,0,yes,1,1240.0
LS-100385,D10,47.346457,8.535184,3.5,45.5 m2,1943.0,5,yes,1,910.0
LS-102305,D06,47.348408,8.538533,2.5,77.3 m2,1954.0,2,yes,0,1310.0
LS-100449,D01,47.368552,8.538953,4.0,84.6 m2,1901.0,7,no,1,1975.0
LS-102512,D09,47.352589,8.480499,3.5,101.9 m2,2007.0,5,yes,1,1660.0
LS-100015,D11,47.378457,8.513888,4.5,75.5 m2,1933.0,1,no,0,1610.0
LS-101114,D11,47.375588,8.492929,4.0,90.7 m2,,7,yes,1,1920.0
LS-102863,D02,47.390045,8.504884,2.0,67.6 m2,2015.0,6,yes,1,1915.0
LS-101388,D09,47.341452,8.481596,2.5,69.5 m2,1925.0,0,yes,1,810.0
LS-102909,D04,47.351513,8.558523,4.5,87.7 m2,1912.0,4,yes,1,2190.0
LS-101588,D07,47.372573,8.481473,2.0,56.6 m2,,8,yes,1,1205.0
LS-100823,D09,47.358128,8.462571,1.5,41.6 m2,1920.0,4,yes,1,595.0
LS-102167,D06,47.357785,8.531358,2.0,55.1 m2,,8,no,1,1165.0
LS-102787,D05,47.361094,8.494727,2.5,78.7 m2,,3,no,1,1720.0
LS-101226,D04,47.345182,8.5706,2.5,57.0 m2,1995.0,5,yes,1,1440.0
LS-102927,D09,47.355947,8.484138,3.5,104.9 m2,2023.0,8,yes,1,1990.0
LS-102679,D12,47.381297,8.546303,2.5,98.3 m2,1985.0,6,no,1,2010.0
LS-102788,D01,47.363107,8.553981,3.5,69.0 m2,1897.0,3,no,1,1050000.0
LS-101231,D03,47.3611,8.541587,1.0,30.1 m2,2016.0,8,yes,1,1265.0
LS-101821,D05,47.364629,8.490355,4.0,128.3 m2,,0,no,0,2050.0
LS-101009,D12,47.366075,8.541737,3.0,81.0 m2,2006.0,0,yes,0,1895.0
LS-101774,D05,47.362704,8.494055,5.5,162.6 m2,1957.0,5,yes,1,2895.0
LS-102056,D10,47.361694,8.524962,3.0,66.8 m2,2022.0,1,yes,0,1695.0
LS-102760,D08,47.411565,8.482991,5.5,107.7 m2,1905.0,2,no,1,1375.0
LS-102805,D07,47.37788,8.474549,3.0,97.4 m2,1913.0,4,no,0,1495.0
LS-102444,D09,47.358861,8.465342,4.0,86.1 m2,1936.0,8,no,1,1020.0
LS-101106,D10,47.356709,8.530796,4.0,132.6 m2,1980.0,3,no,0,2145.0
LS-100497,D10,47.356539,8.536771,2.5,66.3 m2,1981.0,8,no,1,1385.0
LS-100352,D02,47.38049,8.506932,5.5,164.0 m2,1953.0,1,no,1,2845.0
LS-101930,D04,47.35357,8.573151,4.0,105.6 m2,1978.0,3,yes,1,2245.0
LS-100442,D05,47.352923,8.475231,2.5,74.7 m2,1914.0,-99,yes,0,1460.0
LS-100001,D05,47.367571,8.486629,3.5,90.6 m2,1973.0,8,yes,1,1940.0
LS-100285,D09,47.35335,8.480953,3.5,89.4 m2,,6,yes,1,1220.0
LS-101560,D02,47.380683,8.515845,2.5,85.3 m2,1895.0,2,yes,1,1760.0
LS-101646,D10,47.354852,8.530199,2.5,80.4 m2,1995.0,7,yes,1,1455.0
LS-100783,D05,47.366351,8.498982,1.0,32.5 sqm,1910.0,3,yes,0,695.0
LS-100860,D05,47.362303,8.487217,2.0,51.8 m2,2007.0,5,no,1,950.0
LS-101987,D05,47.359002,8.494492,2.0,58.5 m2,1900.0,4,yes,1,1160.0
LS-102689,D08,47.412593,8.490061,3.5,89.0 m2,1998.0,1,yes,1,1115.0
LS-100348,D07,47.37157,8.483057,2.5,58.1 m2,1972.0,2,yes,0,775.0
LS-100068,D01,47.370075,8.538644,3.5,77.8 m2,,7,no,1,2130.0
LS-100403,D03,47.362833,8.541412,2.5,71.0 m2,2001.0,1,no,1,1745.0
LS-102375,D12,47.388835,8.54123,3.5,94.6 m2,1918.0,5,yes,1,1975.0
LS-100754,D03,47.35854,8.535106,3.0,88.9 m2,,8,yes,1,1855.0
LS-100797,D12,47.374511,8.543771,2.5,72.8 m2,1974.0,7,no,1,1685.0
LS-101050,D11,47.386575,8.500111,2.5,67.0 m2,1902.0,0,yes,0,1535.0
LS-101166,D01,47.362929,8.550104,3.0,62.3 m2,2005.0,8,yes,1,1385.0
LS-102453,D01,47.374325,8.550033,3.0,73.1 m2,2017.0,5,no,1,1865.0
LS-100177,D09,47.347305,8.485789,3.0,79.5 m2,1981.0,4,no,0,815.0
LS-100953,D01,47.381261,8.542344,3.5,85.7 m2,1956.0,2,no,0,1720.0
LS-101380,D08,47.404652,8.495378,4.0,97.0 m2,,5,yes,1,2205.0
LS-102100,D04,47.346019,8.571628,3.5,73.9 m2,1950.0,5,no,1,1485.0
LS-101815,D12,47.384947,8.551708,3.0,68.3 m2,1893.0,8,no,1,1280.0
LS-102139,D11,47.385345,8.497632,2.5,62.7 m2,1938.0,5,yes,1,1235.0
LS-102539,D03,47.365647,8.534289,4.0,73.5 m2,1933.0,2,no,0,1790.0
LS-100252,D10,47.360375,8.53575,3.5,109.3 m2,1942.0,2,yes,0,2220000.0
LS-102043,D02,47.378455,8.503433,2.0,81.6 m2,1914.0,3,yes,0,1725.0
LS-101438,D03,47.361756,8.536151,3.0,93.9 m2,2011.0,3,yes,1,2520.0
LS-100558,D01,47.378738,8.546285,3.5,110.7 m2,1938.0,7,yes,1,2240.0
LS-101577,D09,47.360237,8.46655,3.0,98.4 m2,1980.0,-99,yes,0,1310.0
LS-101920,D08,47.415243,8.489764,1.5,54.2 m2,1974.0,3,yes,0,875.0
LS-100193,D05,47.362019,8.501067,4.5,131.6 m2,1999.0,2,yes,0,2530.0
LS-102930,D04,47.346823,8.560595,2.5,69.7 m2,1920.0,2,no,1,1740.0
LS-101507,D04,47.3476,8.556893,1.5,41.8 m2,1997.0,3,no,0,920.0
LS-101933,D08,47.390223,8.485857,4.5,146.2 m2,2006.0,7,no,1,2095.0
LS-102008,D09,47.361241,8.476283,2.0,72.2 m2,,1,no,1,1090.0
LS-100244,D09,47.364727,8.474706,2.5,74.0 m2,1914.0,1,yes,0,645000.0
LS-100445,D07,47.375684,8.477774,3.5,100.9 m2,1915.0,0,no,1,1540.0
LS-100476,D11,47.39273,8.500156,2.0,73.0 m2,2021.0,1,no,1,2100.0
LS-100538,D03,47.358626,8.557383,4.0,85.5 m2,1897.0,0,no,1,1910.0
LS-101330,D09,47.357297,8.489629,3.0,75.8 m2,1923.0,6,yes,1,1035.0
LS-100255,D02,47.377914,8.503876,5.0,118.5 m2,1966.0,0,no,0,2035.0
LS-100451,D10,47.358063,8.512734,2.5,93.3 sqm,1941.0,0,yes,1,1835.0
LS-102798,D09,47.36067,8.462324,1.5,46.2 m2,1973.0,2,no,0,450.0
LS-101488,D06,47.341926,8.534559,1.5,51.3 m2,1897.0,1,yes,1,985.0
LS-101744,D04,47.339013,8.551915,4.0,140.9 m2,1960.0,4,yes,1,3075.0
LS-102380,D11,47.382731,8.492549,4.0,118.0 m2,1927.0,6,yes,1,2260.0
LS-102156,D09,47.352394,8.476434,4.0,75.8 m2,1938.0,7,yes,1,1035.0
LS-102881,D06,47.354045,8.527597,3.0,81.2 m2,1980.0,7,no,1,2005.0
LS-102521,D08,47.408862,8.494552,4.0,83.5 m2,,7,yes,1,1485.0
LS-102369,D09,47.365305,8.47317,2.0,64.7 m2,1948.0,4,no,0,450.0
LS-102911,D05,47.3594,8.504832,4.5,126.9 m2,1925.0,6,yes,1,2575.0
LS-100948,D07,47.36145,8.46872,4.5,107.4 m2,2018.0,5,yes,1,2040.0
LS-100510,D11,47.383685,8.48934,4.5,101.1 m2,1929.0,6,no,1,1900.0
LS-101393,D12,47.363392,8.538227,5.0,105.3 m2,1896.0,7,no,1,2345.0
LS-101508,D01,47.375628,8.556699,2.0,52.8 m2,,1,yes,1,1205.0
LS-102394,D01,47.360135,8.528814,3.0,84.3 m2,1970.0,4,yes,0,1640.0
LS-102290,D10,47.36171,8.538285,5.0,139.5 m2,1915.0,3,no,1,3065.0
LS-101331,D10,47.353197,8.534046,3.0,72.2 m2,1909.0,3,yes,0,1255.0
LS-101309,D04,47.346909,8.561326,3.0,67.0 m2,1987.0,4,no,1,1465.0
LS-101877,D06,47.349262,8.517128,3.0,60.4 m2,,7,yes,1,1325.0
LS-101911,D02,47.379642,8.501874,3.5,80.8 m2,1905.0,0,yes,0,1310.0
LS-102664,D05,47.344521,8.500427,4.0,126.7 m2,1992.0,7,no,1,2275.0
LS-102466,D06,47.354993,8.516875,3.0,86.2 m2,1902.0,1,no,0,1850.0
LS-101890,D07,47.359386,8.476811,4.0,127.8 m2,1914.0,8,yes,1,2110.0
LS-101929,D11,47.372771,8.509008,1.5,46.4 m2,1995.0,5,yes,1,1215.0
LS-102463,D03,47.363038,8.534474,2.5,69.2 m2,1933.0,2,yes,0,1690.0
LS-102421,D08,47.402226,8.49341,3.0,65.8 m2,2006.0,-99,yes,1,1130.0
LS-100621,D11,47.389215,8.488109,2.5,58.5 m2,2001.0,5,yes,1,1345.0
LS-101510,D12,47.384298,8.555342,4.0,127.4 m2,1962.0,1,no,0,2280.0
LS-101827,D09,47.351395,8.464438,5.0,158.7 m2,2006.0,7,yes,1,1905.0
LS-101671,D01,47.370151,8.543222,4.0,112.3 m2,1969.0,3,yes,1,2785.0
LS-101700,D12,47.373591,8.546868,3.5,109.4 m2,1923.0,8,no,1,2375.0
LS-101886,D10,47.353144,8.555646,2.0,48.3 m2,1957.0,3,yes,1,1110.0
LS-101200,D11,47.3793,8.492672,2.0,43.3 m2,2018.0,2,yes,0,1500.0
LS-102719,D03,47.350024,8.543587,4.0,124.1 m2,1923.0,6,yes,1,2855.0
LS-100663,D10,47.357453,8.519282,5.5,154.7 m2,1955.0,6,no,1,2595.0
LS-100774,D09,47.363823,8.474005,5.5,122.7 m2,1935.0,4,yes,0,1475.0
LS-100573,D09,47.367041,8.489425,3.0,69.2 m2,1945.0,7,no,1,910.0
LS-102353,D09,47.364644,8.470774,3.5,95.5 m2,1953.0,1,yes,1,1075.0
LS-102359,D09,47.360347,8.47066,3.5,112.2 m2,2016.0,4,yes,1,2075.0
LS-102896,D06,47.34512,8.528766,3.5,99.4 m2,1900.0,0,yes,1,1735.0
LS-102908,D03,47.365238,8.538255,2.5,75.5 m2,2002.0,2,no,1,2135.0
LS-101938,D01,47.367777,8.537836,3.0,102.7 m2,1985.0,6,yes,1,2570.0
LS-101121,D01,47.372619,8.550569,1.5,49.9 m2,1951.0,5,no,1,955.0
LS-100550,D02,47.386208,8.508368,3.5,91.9 m2,1950.0,2,yes,0,1650.0
LS-102554,D04,47.3468,8.565794,4.5,124.5 m2,1993.0,7,no,1,2550.0
LS-102020,D07,47.371308,8.470176,2.0,34.7 m2,1961.0,1,yes,1,850.0
LS-100139,D05,47.371691,8.504892,2.0,58.0 m2,1963.0,0,yes,1,1180.0
LS-102057,D06,47.346355,8.526975,1.0,32.7 m2,1898.0,5,yes,1,835.0
LS-100282,D09,47.351302,8.475695,3.5,74.2 m2,2021.0,6,yes,1,1455.0
LS-100258,D11,47.393054,8.510414,3.5,119.8 m2,2005.0,1,yes,1,2775.0
LS-100616,D09,47.359102,8.476339,3.0,87.0 m2,1967.0,8,yes,1,1075.0
LS-101811,D06,47.345457,8.536096,2.5,61.4 m2,1899.0,4,no,0,1315.0
LS-101797,D02,47.37969,8.504374,2.0,51.8 m2,1913.0,7,yes,1,1250.0
LS-102123,D05,47.350664,8.484029,2.5,68.1 m2,1923.0,1,no,1,1215.0
LS-102132,D04,47.350611,8.566228,3.5,98.6 m2,1990.0,0,no,1,2070.0
LS-100725,D12,47.375399,8.542236,4.5,100.3 m2,1969.0,7,yes,1,2385.0
LS-101636,D03,47.363751,8.525362,2.5,89.5 m2,2016.0,7,no,1,2605.0
LS-102520,D10,47.35665,8.542895,3.0,86.3 m2,1943.0,8,yes,1,1710.0
LS-100677,D03,47.364106,8.529585,1.0,29.9 m2,1994.0,0,no,0,580.0
LS-102028,D06,47.335527,8.519714,2.0,47.5 m2,1963.0,1,no,0,580.0
LS-101152,D05,47.36089,8.492856,4.5,101.6 m2,1923.0,-99,yes,1,1825.0
LS-102147,D06,47.341977,8.531139,4.5,102.9 m2,1930.0,7,yes,1,2050.0
LS-100055,D02,47.386354,8.504659,5.0,134.2 m2,,6,yes,1,2485.0
LS-102540,D09,47.356375,8.465034,1.0,29.2 m2,1921.0,5,yes,1,450.0
LS-102258,D04,47.358078,8.565137,3.5,97.1 m2,1942.0,1,no,0,2515.0
LS-101411,D12,47.37864,8.54506,5.0,135.0 m2,1900.0,1,no,0,2575.0
LS-102244,D03,47.351271,8.533892,2.5,67.6 m2,1922.0,0,no,0,1390.0
LS-101288,D01,47.37134,8.541847,1.5,45.4 m2,1984.0,0,no,1,915.0
LS-100166,D11,47.379986,8.484687,3.0,76.3 m2,,6,no,1,1540.0
LS-102899,D03,47.351246,8.529509,4.0,110.6 m2,1998.0,1,yes,0,2395.0
LS-100872,D11,47.383284,8.492901,3.0,79.2 m2,1993.0,-99,no,0,1495.0
LS-101361,D05,47.354788,8.4967,2.5,90.8 sqm,1978.0,6,yes,1,1965.0
LS-100887,D03,47.354236,8.545933,5.5,161.5 m2,,6,yes,1,3730.0
LS-100888,D05,47.36407,8.508587,2.0,62.1 m2,1997.0,1,no,1,1310.0
LS-102392,D10,47.35827,8.522279,1.0,26.8 m2,1968.0,1,yes,1,740.0
LS-102439,D03,47.363249,8.533936,3.0,59.3 m2,2014.0,0,no,0,1720.0
LS-101819,D02,47.378114,8.510923,1.0,25.9 m2,1900.0,1,yes,1,450000.0
LS-102471,D12,47.382399,8.548601,4.0,118.4 m2,2016.0,-99,yes,1,2870.0
LS-100498,D10,47.353496,8.535198,3.0,100.5 m2,2015.0,5,yes,1,2305000.0
LS-100714,D12,47.379839,8.549088,4.5,119.4 m2,,0,no,1,2395.0
LS-102752,D08,47.395769,8.49408,3.5,105.7 m2,1972.0,-99,yes,1,1500.0
LS-101056,D01,47.365515,8.555598,3.0,85.6 m2,1952.0,0,no,0,1840.0
LS-102765,D02,47.380473,8.516706,3.0,85.9 m2,,4,no,1,2175.0
LS-100364,D04,47.345879,8.556444,5.5,174.7 m2,1915.0,-99,yes,1,3970.0
LS-101634,D10,47.346162,8.538574,3.0,76.2 m2,1919.0,1,yes,0,1550.0
LS-102331,D09,47.355086,8.480547,4.0,101.4 m2,1945.0,1,no,1,950.0
LS-101727,D02,47.373306,8.503403,4.0,88.5 m2,2021.0,6,yes,1,2460.0
LS-101172,D10,47.359151,8.535389,1.5,45.5 m2,2003.0,3,yes,1,825.0
LS-102077,D04,47.353763,8.553561,2.0,52.8 m2,2004.0,0,yes,1,1385.0
LS-100800,D11,47.377429,8.487064,2.5,80.2 m2,2008.0,5,no,1,1345.0
LS-100617,D01,47.360621,8.526887,5.0,150.4 sqm,1917.0,3,yes,1,2680.0
LS-102657,D05,47.35816,8.487132,3.0,72.9 m2,1896.0,4,yes,1,1345.0
LS-100600,D11,47.380469,8.49752,1.5,43.5 m2,1924.0,3,yes,1,945.0
LS-100123,D05,47.359436,8.482994,5.5,141.3 m2,1892.0,4,no,0,2435.0
LS-101597,D03,47.367241,8.531784,3.0,108.8 m2,1973.0,5,yes,1,3055.0
LS-100334,D03,47.359245,8.544298,2.5,63.8 m2,1970.0,0,yes,1,1625.0
LS-101857,D01,47.37611,8.546235,4.5,124.6 m2,1968.0,8,yes,1,2705.0
LS-102894,D03,47.362705,8.520532,3.5,88.0 m2,1893.0,3,yes,0,1865.0
LS-100304,D04,47.345001,8.578914,5.5,143.6 m2,2020.0,6,yes,1,3600000.0
LS-102549,D04,47.353338,8.571314,1.0,35.0 m2,1965.0,6,yes,1,960.0
LS-100980,D02,47.384203,8.521732,3.0,85.4 m2,1966.0,2,yes,0,2195.0
LS-101688,D08,47.399242,8.497355,4.0,91.7 m2,1980.0,4,no,0,1260.0
LS-102694,D10,47.351739,8.528844,1.0,36.8 m2,1980.0,6,yes,1,985.0
LS-102800,D08,47.402852,8.499283,2.0,63.9 m2,2016.0,3,no,0,1440.0
LS-100918,D02,47.378212,8.501739,3.0,80.2 m2,1979.0,3,yes,1,1790.0
LS-101079,D01,47.369755,8.541159,1.5,50.9 m2,1945.0,3,yes,0,1375.0
LS-102933,D02,47.373804,8.506442,3.0,77.4 m2,2002.0,8,yes,1,1665.0
LS-100581,D02,47.383778,8.499771,3.0,93.4 m2,1946.0,0,yes,0,1655.0
LS-102325,D02,47.380793,8.515541,4.0,119.4 m2,1959.0,6,yes,1,2420.0
LS-101616,D08,47.416491,8.501758,2.0,50.1 m2,1988.0,8,no,1,665.0
LS-101274,D11,47.385855,8.510418,2.0,33.7 sqm,1896.0,8,no,1,985.0
LS-101284,D06,47.351697,8.519694,3.5,112.1 m2,1971.0,5,yes,1,2165.0
LS-101194,D03,47.356167,8.532546,2.5,77.2 m2,1900.0,8,yes,1,2035.0
LS-100828,D02,47.373426,8.503823,2.0,64.7 m2,1933.0,2,no,0,1075.0
LS-100991,D01,47.369871,8.545993,3.5,79.7 m2,1932.0,4,yes,1,1620.0
LS-101197,D10,47.349812,8.524875,3.0,87.1 m2,2002.0,3,no,0,1545.0
LS-101195,D04,47.350015,8.581571,2.5,88.0 m2,1902.0,6,yes,1,1860.0
LS-101824,D11,47.381937,8.501175,2.5,91.2 m2,1900.0,-99,yes,1,1685.0
LS-101879,D11,47.385455,8.493063,3.0,104.9 m2,1991.0,3,yes,1,1950.0
LS-101861,D05,47.357827,8.486974,1.0,32.7 m2,1984.0,4,no,1,685.0
LS-101350,D07,47.374843,8.471901,2.0,70.7 m2,1981.0,4,no,0,1245.0
LS-101527,D09,47.350567,8.481817,2.5,52.8 m2,1928.0,0,no,1,585.0
LS-101558,D03,47.360918,8.539281,5.0,123.7 m2,1994.0,1,yes,1,3000.0
LS-102419,D09,47.365645,8.480816,1.0,40.2 m2,1950.0,3,yes,0,490.0
LS-102253,D12,47.38015,8.558987,1.5,37.5 m2,,6,yes,1,860.0
LS-100409,D05,47.361333,8.492048,1.0,37.2 m2,1970.0,6,yes,1,1110.0
LS-100675,D12,47.377327,8.552982,2.5,51.7 m2,1897.0,7,yes,1,1170.0
LS-100297,D11,47.381798,8.501609,1.0,32.1 m2,1936.0,5,no,1,630.0
LS-100925,D06,47.341849,8.520664,3.5,104.0 m2,1993.0,3,yes,0,2010.0
LS-100022,D03,47.367608,8.52086,1.5,53.8 m2,1932.0,2,yes,0,1185.0
LS-102074,D03,47.358527,8.538634,2.0,64.7 m2,1938.0,5,yes,1,1970.0
LS-102374,D10,47.351445,8.529946,3.5,118.5 m2,1976.0,7,yes,1,2360.0
LS-100728,D12,47.378142,8.554037,5.0,150.0 m2,,3,yes,1,2935.0
LS-101621,D08,47.407824,8.494683,5.0,133.3 m2,1922.0,1,no,1,1825.0
LS-101346,D07,47.377352,8.471311,1.0,31.6 m2,1977.0,0,yes,0,605.0
LS-101307,D12,47.37022,8.53864,4.0,85.3 m2,1933.0,0,no,1,1880.0
LS-100893,D06,47.339541,8.527097,3.0,64.1 m2,1966.0,6,yes,1,1275.0
LS-100671,D02,47.374202,8.51768,2.5,62.4 m2,1982.0,1,yes,1,1370.0
LS-101672,D07,47.381472,8.464544,2.0,45.9 m2,1983.0,0,no,1,645.0
LS-101199,D08,47.403958,8.499781,1.0,38.3 m2,1930.0,8,yes,1,700.0
LS-100181,D03,47.360056,8.552958,3.5,102.7 m2,1976.0,4,yes,1,2190.0
LS-101749,D09,47.364923,8.462575,3.5,100.8 m2,1979.0,4,yes,1,1285.0
LS-102957,D05,47.352392,8.499548,3.5,98.1 m2,1979.0,7,yes,1,2005.0
LS-100293,D11,47.386759,8.506728,3.0,100.1 m2,1992.0,6,yes,1,2195.0
LS-100201,D12,47.374221,8.543617,3.5,110.9 m2,1909.0,4,yes,1,2510.0
LS-102142,D04,47.352745,8.570786,3.5,72.6 m2,1917.0,4,no,0,1485.0
LS-100126,D11,47.378328,8.48451,1.0,19.8 m2,1895.0,0,no,0,450.0
LS-100531,D03,47.359221,8.552625,5.0,157.3 m2,1926.0,3,yes,1,3605.0
LS-101431,D08,47.403339,8.496732,3.0,83.0 m2,1911.0,5,yes,1,1265.0
LS-100199,D06,47.352639,8.513224,3.0,53.9 m2,1936.0,1,no,0,1095.0
LS-101497,D09,47.361275,8.47694,4.5,133.4 m2,2019.0,2,yes,1,2335.0
LS-102206,D04,47.342228,8.563265,2.5,48.9 m2,2002.0,1,yes,0,1145.0
LS-101992,D08,47.401163,8.497269,4.5,123.3 m2,1917.0,0,no,0,1540.0
LS-100692,D05,47.353795,8.494096,2.0,61.3 m2,1939.0,1,yes,1,1155.0
LS-100934,D02,47.383583,8.508287,2.0,67.6 m2,2019.0,4,no,1,1845.0
LS-100686,D07,47.371879,8.472905,2.0,71.3 sqm,1891.0,2,no,1,1075.0
LS-100817,D03,47.359644,8.534671,3.0,77.8 m2,1935.0,4,yes,1,1965.0
LS-100216,D05,47.350757,8.497149,3.0,86.8 sqm,1916.0,6,yes,1,1635.0
LS-102844,D08,47.395187,8.478789,2.0,57.5 m2,1987.0,7,no,1,935.0
LS-101277,D06,47.35291,8.528965,3.5,88.6 m2,2005.0,3,no,1,1825.0
LS-100152,D12,47.37816,8.557808,1.0,34.4 m2,,0,yes,1,790.0
LS-102438,D10,47.352196,8.550123,2.0,69.7 m2,1943.0,0,yes,1,1045.0
LS-101841,D06,47.338762,8.516635,1.5,40.3 m2,1994.0,0,yes,0,500.0
LS-102124,D01,47.363424,8.545002,4.5,121.6 m2,1995.0,-99,yes,1,2295.0
LS-100965,D03,47.356872,8.526889,1.5,52.7 m2,1901.0,1,yes,1,1145.0
LS-100478,D04,47.341116,8.571497,5.0,128.2 m2,1901.0,7,no,1,2360.0
LS-101282,D11,47.38881,8.485461,3.5,93.9 m2,1992.0,1,yes,1,1780.0
LS-101604,D04,47.354341,8.562378,5.0,151.7 m2,1905.0,1,no,0,3495.0
LS-102060,D11,47.380386,8.504097,4.5,124.2 m2,1993.0,6,yes,1,2775.0
LS-101666,D09,47.35595,8.476983,2.5,56.6 m2,1947.0,5,no,1,870.0
LS-102865,D08,47.397991,8.490077,3.5,104.1 m2,1994.0,7,yes,1,1695.0
LS-101150,D09,47.361648,8.458984,4.0,103.2 m2,,8,no,1,915.0
LS-100812,D01,47.371674,8.534236,5.0,122.2 m2,1903.0,6,no,1,2495.0
LS-102740,D02,47.367709,8.49071,1.0,37.6 m2,1938.0,8,yes,1,850.0
LS-101554,D08,47.406115,8.499714,2.0,48.6 sqm,1947.0,4,yes,1,1055.0
LS-100250,D04,47.339431,8.566281,3.5,104.4 m2,2018.0,2,yes,0,2740.0
LS-100843,D05,47.361075,8.497217,3.0,111.2 m2,1996.0,7,no,1,2205.0
LS-102420,D11,47.379418,8.489805,3.0,84.8 m2,1899.0,3,yes,1,1805.0
LS-101264,D08,47.4148,8.494016,4.0,95.1 m2,1945.0,6,no,1,1165.0
LS-101008,D10,47.351989,8.530056,2.0,63.8 m2,1978.0,3,yes,0,1580.0
LS-100327,D07,47.368906,8.472001,3.5,107.8 m2,1910.0,8,yes,1,1955.0
LS-100967,D08,47.40308,8.485132,5.5,146.6 m2,1968.0,1,no,1,1815.0
LS-100949,D09,47.361824,8.478001,2.0,53.8 m2,1991.0,2,no,1,705.0
LS-102352,D05,47.359945,8.499369,3.0,87.0 m2,1919.0,6,no,1,1755.0
LS-100972,D11,47.382441,8.494801,2.0,36.7 m2,1893.0,5,yes,1,1025.0
LS-101896,D04,47.337692,8.576901,2.5,64.1 m2,,2,no,1,1420.0
LS-100187,D05,47.356156,8.497743,4.5,82.6 m2,1977.0,8,yes,1,2095.0
LS-100246,D03,47.368077,8.530806,4.5,131.6 m2,1995.0,6,no,1,3495.0
LS-102423,D08,47.404705,8.49555,3.0,71.3 m2,1959.0,6,no,1,865.0
LS-102535,D07,47.373354,8.475775,3.0,61.7 m2,1992.0,4,yes,0,1275.0
LS-102950,D03,47.363059,8.532688,4.0,92.1 sqm,1895.0,4,no,0,2285.0
LS-102146,D08,47.395159,8.489807,5.5,92.0 m2,2006.0,4,yes,1,1625.0
LS-102350,D07,47.378296,8.465558,4.5,113.0 m2,1988.0,3,yes,0,1880.0
LS-101326,D10,47.351929,8.528394,4.5,151.3 m2,1940.0,7,yes,1,2560.0
LS-102076,D12,47.373273,8.547458,2.0,62.4 m2,1995.0,4,no,0,1395.0
LS-100283,D10,47.341531,8.524806,2.0,61.9 m2,1907.0,2,yes,1,850.0
LS-102748,D03,47.364319,8.542498,4.0,100.1 m2,2004.0,8,yes,1,3100.0
LS-100157,D01,47.367708,8.551814,3.5,78.4 m2,1950.0,3,yes,1,1625.0
LS-101396,D10,47.359986,8.539176,4.0,110.5 m2,1899.0,3,yes,1,2170.0
LS-101505,D02,47.381753,8.516267,5.0,140.0 m2,1941.0,8,no,1,2840.0
LS-100903,D07,47.371344,8.485745,2.0,55.4 m2,,4,yes,1,810.0
LS-101345,D02,47.373491,8.504346,4.5,91.0 sqm,2017.0,2,yes,0,2060.0
LS-101269,D07,47.366568,8.458846,1.5,47.6 m2,1938.0,4,yes,1,905.0
LS-102426,D07,47.377008,8.477252,2.5,65.8 m2,1893.0,8,yes,1,915.0
LS-100975,D06,47.344859,8.524051,2.0,43.5 m2,1956.0,5,no,1,1000.0
LS-102188,D04,47.347372,8.561759,4.0,107.0 m2,1965.0,-99,no,1,2230.0
LS-101645,D12,47.38444,8.56107,1.5,36.1 m2,1899.0,2,yes,0,735.0
LS-101679,D03,47.368858,8.539466,3.0,100.9 m2,1906.0,2,yes,1,2730.0
LS-102196,D03,47.358173,8.55211,2.5,57.1 m2,1949.0,7,yes,1,1465.0
LS-100122,D09,47.353207,8.479525,3.0,76.1 m2,1914.0,2,no,1,1025.0
LS-102977,D12,47.380139,8.544619,5.5,121.0 m2,1964.0,4,yes,0,2575.0
LS-101072,D08,47.40168,8.485988,3.5,91.9 m2,1899.0,8,no,1,1445.0
LS-101534,D05,47.358927,8.491315,4.5,103.9 m2,1943.0,5,yes,1,1850.0
LS-101304,D12,47.388296,8.552268,4.0,122.0 m2,1971.0,7,yes,1,2435.0
LS-102472,D06,47.34088,8.523734,2.0,60.9 m2,1970.0,1,yes,0,950.0
LS-102842,D07,47.366072,8.487129,3.0,85.6 m2,1911.0,5,no,1,1500.0
LS-100417,D02,47.377355,8.509459,3.0,82.7 m2,2006.0,3,no,1,1755.0
LS-102530,D10,47.354514,8.531266,3.5,79.7 m2,1998.0,5,no,1,1470.0
LS-100869,D01,47.377812,8.54475,3.5,74.0 m2,,7,no,1,1725.0
LS-102780,D05,47.361263,8.488635,3.5,83.2 m2,1979.0,3,yes,0,1435.0
LS-101030,D03,47.360149,8.543411,5.0,129.4 m2,1954.0,6,yes,1,3090.0
LS-101235,D04,47.345751,8.568755,2.5,81.0 m2,,1,yes,1,1660.0
LS-102674,D12,47.380437,8.5606,2.0,52.3 m2,,6,yes,1,1260.0
LS-100756,D03,47.36186,8.532451,3.0,83.0 m2,1944.0,5,no,1,2070.0
LS-101998,D01,47.368184,8.539281,3.5,83.0 m2,1895.0,7,yes,1,2070.0
LS-101701,D01,47.376358,8.536704,5.0,143.2 m2,1968.0,4,yes,0,3140.0
LS-101542,D06,47.336907,8.51115,2.5,75.6 m2,,2,yes,1,1295.0
LS-101156,D05,47.35162,8.487063,3.5,74.7 m2,1940.0,7,yes,1,1550.0
LS-101108,D10,47.356929,8.517936,5.0,116.9 m2,1938.0,-99,yes,0,2060.0
LS-100067,D03,47.375062,8.523734,2.5,55.0 m2,1957.0,0,yes,0,1235.0
LS-102296,D08,47.406155,8.494182,3.0,69.9 m2,1945.0,0,yes,1,1065.0
LS-100332,D03,47.366678,8.538813,3.0,92.3 m2,1897.0,1,no,0,2125.0
LS-101592,D06,47.343701,8.513355,1.0,28.9 m2,1980.0,4,no,1,585.0
LS-100336,D10,47.347389,8.528873,2.5,48.6 m2,1924.0,7,yes,1,1045.0
LS-100912,D04,47.350991,8.572837,3.0,74.7 m2,1942.0,5,yes,1,1870.0
LS-101575,D07,47.365768,8.458803,2.5,59.7 m2,1961.0,0,no,0,460.0
LS-101536,D08,47.39952,8.494456,2.5,52.0 m2,2004.0,3,yes,1,1115.0
LS-102185,D09,47.366312,8.458248,4.5,135.4 m2,,3,yes,0,1455.0
LS-100472,D01,47.37491,8.553516,4.0,126.8 m2,2013.0,5,no,1,2410.0
LS-100901,D05,47.360465,8.489616,3.5,83.0 m2,1929.0,1,yes,0,1525.0
LS-101406,D09,47.35868,8.488423,3.0,65.4 m2,1968.0,1,yes,0,1025.0
LS-100865,D06,47.33882,8.512293,2.0,51.4 m2,1986.0,8,yes,1,910.0
LS-101535,D05,47.354611,8.490609,3.0,88.0 m2,2020.0,5,no,1,2430.0
LS-100884,D05,47.357004,8.480683,2.5,57.8 m2,1911.0,2,no,1,1080.0
LS-100477,D05,47.362533,8.490748,4.0,72.6 m2,1960.0,0,yes,1,1065.0
LS-101329,D07,47.364444,8.45954,3.0,50.9 m2,1948.0,7,no,1,835.0
LS-101566,D02,47.378336,8.520423,2.0,61.7 m2,1925.0,0,yes,0,1345.0
LS-101342,D10,47.359063,8.541333,4.0,104.6 m2,1924.0,0,yes,1,2145.0
LS-100741,D07,47.3672,8.478641,2.5,74.7 m2,1957.0,1,yes,1,1435.0
LS-102813,D12,47.377394,8.557485,3.5,104.3 m2,1978.0,4,no,1,2070.0
LS-101340,D06,47.353596,8.522189,4.0,119.6 m2,,6,no,1,2205.0
LS-102665,D06,47.344151,8.513124,2.5,81.7 m2,1936.0,0,yes,1,1650.0
LS-100132,D09,47.356411,8.475638,3.0,74.0 m2,1999.0,1,yes,0,1015.0
LS-102818,D11,47.390889,8.485435,3.0,85.6 m2,,6,yes,1,1610.0
LS-102216,D09,47.35732,8.470187,2.5,68.9 m2,1991.0,6,yes,1,1100.0
LS-100981,D03,47.365907,8.531461,4.5,128.4 m2,1958.0,1,yes,0,3245.0
LS-101233,D09,47.354533,8.476776,2.5,45.3 m2,2022.0,1,no,1,1150.0
LS-102090,D02,47.377896,8.507089,3.5,129.6 m2,1920.0,8,yes,1,2630.0
LS-101628,D07,47.373739,8.475352,1.5,43.6 m2,1974.0,7,no,1,665.0
LS-102288,D06,47.347351,8.523053,2.5,63.7 m2,1930.0,3,no,1,895.0
LS-101756,D08,47.397894,8.490857,2.5,83.8 m2,1969.0,6,yes,1,1240.0
LS-102508,D03,47.361258,8.542194,3.5,81.5 m2,1893.0,6,yes,1,1945.0
LS-101149,D11,47.391478,8.495959,4.0,100.0 m2,1937.0,7,yes,1,1825.0
LS-102630,D08,47.408732,8.493202,2.5,61.5 m2,1963.0,5,yes,1,990.0
LS-102595,D06,47.342958,8.52944,1.5,32.1 m2,2020.0,0,yes,1,1025.0
LS-102564,D10,47.352582,8.522743,5.5,99.1 m2,1955.0,1,yes,1,2045.0
LS-100256,D09,47.353852,8.473363,4.5,121.0 m2,1891.0,-99,no,1,1470.0
LS-100633,D01,47.377754,8.54846,2.5,76.2 m2,1954.0,7,no,1,1715.0
LS-102445,D09,47.359921,8.462789,2.0,63.3 m2,1929.0,0,no,1,545.0
LS-100777,D01,47.370797,8.53486,3.0,88.6 m2,,5,yes,1,1835.0
LS-102405,D09,47.361071,8.476825,4.0,108.9 m2,1983.0,-99,no,1,1375.0
LS-100557,D05,47.361744,8.492339,3.5,86.5 m2,2021.0,0,no,0,1925.0
LS-102815,D05,47.355495,8.493321,5.0,100.3 m2,1926.0,8,no,1,1815.0
LS-101985,D11,47.371431,8.487317,5.5,171.9 m2,1937.0,0,no,0,2900.0
LS-100261,D08,47.405731,8.491853,3.5,77.8 m2,1999.0,6,yes,1,1240.0
LS-102447,D12,47.380816,8.55222,4.5,122.7 m2,2003.0,8,yes,1,2605.0
LS-102468,D08,47.402935,8.494201,2.0,38.2 m2,1898.0,4,yes,1,655.0
LS-101889,D05,47.364251,8.495196,3.5,78.9 m2,1994.0,5,no,1,1375.0
LS-102071,D11,47.384993,8.488944,3.0,79.0 sqm,2020.0,2,no,1,1920.0
LS-102464,D05,47.358031,8.487404,4.0,104.2 m2,1893.0,1,no,1,1725.0
LS-100208,D10,47.361959,8.515153,1.0,18.5 sqm,1890.0,-99,yes,0,450.0
LS-102708,D12,47.368995,8.541292,1.0,44.6 m2,1968.0,7,no,1,1365.0
LS-101913,D09,47.353984,8.466924,5.0,161.3 m2,2005.0,8,yes,1,1945.0
LS-101606,D06,47.337063,8.518372,3.0,77.2 m2,1891.0,0,no,0,1160.0
LS-101020,D03,47.359592,8.548168,4.5,120.3 m2,1954.0,7,yes,1,2900.0
LS-102707,D06,47.333133,8.518215,3.0,79.6 m2,2006.0,2,no,0,1355.0
LS-101403,D09,47.363672,8.472715,2.5,69.9 m2,1909.0,5,yes,1,1015.0
LS-102086,D08,47.407185,8.487577,3.5,111.6 m2,2020.0,2,no,0,1630.0
LS-100209,D09,47.357098,8.459666,1.5,42.2 m2,1899.0,4,no,0,515.0
LS-100153,D02,47.377055,8.539926,5.5,147.2 m2,,2,yes,1,3915.0
LS-102348,D05,47.348641,8.493018,4.5,123.1 m2,1914.0,1,yes,0,1980.0
LS-101590,D09,47.349416,8.478621,2.0,54.1 m2,1983.0,0,yes,0,760.0
LS-101147,D04,47.348732,8.554937,2.0,55.7 sqm,2023.0,0,yes,0,1690.0
LS-101967,D03,47.360659,8.531314,2.0,54.7 m2,1972.0,6,no,1,1395.0
LS-101633,D04,47.346265,8.571139,4.0,91.8 m2,1900.0,-99,yes,0,2095.0
LS-100597,D11,47.381867,8.486914,2.0,54.7 m2,1919.0,6,no,1,1035.0
LS-101931,D11,47.391389,8.501421,4.5,89.8 m2,1930.0,-99,no,1,1340.0
LS-101656,D08,47.411443,8.495266,2.0,54.8 m2,1971.0,7,yes,1,1125.0
LS-100680,D10,47.352609,8.540242,3.0,80.2 m2,1893.0,3,no,0,1290.0
LS-101565,D05,47.361248,8.494469,1.0,30.8 m2,1982.0,-99,yes,1,685.0
LS-101328,D08,47.395463,8.486614,5.0,98.6 m2,,1,no,1,1300.0
LS-101518,D06,47.342488,8.541741,3.0,94.8 m2,1980.0,1,yes,0,1785.0
LS-102160,D08,47.412859,8.50119,3.5,100.5 m2,1960.0,0,no,0,1400.0
LS-100221,D01,47.369411,8.550105,4.0,135.2 sqm,1934.0,3,yes,0,2665.0
LS-100225,D07,47.357235,8.468583,1.0,34.2 m2,1967.0,7,no,1,450.0
LS-102893,D03,47.357951,8.539163,3.5,88.2 m2,1997.0,7,no,1,2130.0
LS-101306,D10,47.338903,8.528867,4.5,130.4 m2,1962.0,6,no,1,2300.0
LS-101760,D03,47.362684,8.536384,1.5,38.1 m2,1922.0,4,yes,0,1075.0
LS-101360,D10,47.348068,8.549137,3.5,71.7 m2,1912.0,3,yes,1,1270.0
LS-102558,D02,47.379451,8.498993,3.0,75.3 m2,1935.0,2,no,1,1480.0
LS-102286,D06,47.348945,8.511851,2.5,79.9 m2,1976.0,1,yes,0,1420.0
LS-101492,D11,47.379347,8.488601,4.0,111.6 m2,1917.0,8,no,1,1720.0
LS-102235,D12,47.382364,8.545383,2.0,37.6 m2,1945.0,2,yes,1,615.0
LS-102248,D09,47.359996,8.468998,5.0,121.1 m2,1970.0,0,yes,1,1430.0
LS-102009,D02,47.373064,8.520115,2.0,68.0 m2,2018.0,0,yes,0,1960.0
LS-100205,D07,47.37782,8.471178,3.5,120.4 m2,2018.0,2,yes,1,2495.0
LS-101027,D02,47.379501,8.514615,3.5,82.1 m2,,2,yes,1,2360.0
LS-102759,D07,47.371721,8.483881,3.5,71.0 m2,1894.0,6,yes,1,1415.0
LS-102119,D07,47.366435,8.483161,1.0,31.2 m2,1955.0,7,no,1,615.0
LS-101046,D05,47.362869,8.482809,1.0,38.6 m2,1992.0,1,no,1,545.0
LS-100693,D08,47.408753,8.504153,3.5,73.3 m2,1973.0,0,yes,1,895.0
LS-102408,D01,47.37776,8.540885,4.5,133.7 m2,1943.0,3,yes,0,2370.0
LS-102372,D09,47.359605,8.477045,5.0,108.6 m2,1915.0,0,yes,1,1445.0
LS-101186,D05,47.364789,8.475257,3.5,103.8 m2,1972.0,3,no,1,1495.0
LS-101369,D02,47.379067,8.508051,3.5,68.8 m2,1921.0,1,no,0,1215.0
LS-101907,D04,47.347776,8.567953,4.0,68.7 m2,1974.0,4,no,1,1825.0
LS-100016,D09,47.356817,8.477723,1.0,32.8 m2,1990.0,1,yes,0,450.0
LS-102783,D07,47.365448,8.484795,3.0,77.7 m2,1996.0,5,yes,1,1385.0
LS-101676,D12,47.370437,8.551288,3.0,96.2 m2,1982.0,3,yes,1,2355.0
LS-101184,D11,47.38497,8.482124,3.0,80.0 m2,1984.0,-99,yes,1,1645.0
LS-100656,D09,47.365387,8.474672,2.5,72.8 m2,1959.0,0,yes,1,830.0
LS-101571,D01,47.366217,8.535552,3.5,86.7 m2,1938.0,4,yes,1,1935.0
LS-101737,D08,47.402446,8.481361,3.0,65.5 m2,2016.0,7,no,1,1360.0
LS-101419,D04,47.347473,8.566184,3.0,90.1 m2,2008.0,-99,yes,1,2360.0
LS-100399,D01,47.368372,8.542674,2.5,65.4 m2,1926.0,4,no,1,1430.0
LS-100618,D12,47.383504,8.560544,4.5,120.5 m2,1891.0,3,yes,0,2000.0
LS-100508,D07,47.37581,8.460545,4.0,103.7 m2,1931.0,2,yes,1,1300.0
LS-100867,D09,47.349364,8.473493,5.0,126.2 m2,2000.0,0,no,0,1250.0
LS-100886,D02,47.375114,8.509569,2.5,74.7 m2,1921.0,6,yes,1,1750.0
LS-102110,D11,47.377101,8.509338,1.0,32.5 m2,1911.0,4,no,1,910.0
LS-100599,D03,47.366255,8.53984,5.5,99.7 m2,2018.0,8,yes,1,3410.0
LS-102166,D01,47.37559,8.533825,3.5,107.2 m2,,1,yes,0,2095.0
LS-100457,D02,47.372782,8.518251,5.5,118.8 m2,1983.0,7,yes,1,2600.0
LS-101117,D05,47.356171,8.490326,3.5,102.9 m2,2017.0,5,no,1,2365.0
LS-100870,D09,47.362209,8.481567,5.0,86.5 m2,1958.0,5,yes,1,1235.0
LS-100790,D12,47.38362,8.540441,4.0,102.2 m2,1940.0,6,no,1,1660.0
LS-100954,D03,47.355911,8.527912,4.0,108.3 m2,1925.0,3,yes,0,2415.0
LS-100650,D04,47.356845,8.571216,2.5,43.3 m2,,4,yes,0,1575.0
LS-100733,D02,47.373149,8.508767,5.0,136.3 m2,2022.0,8,no,1,3210.0
LS-102856,D12,47.380576,8.545469,3.5,95.2 m2,2016.0,6,no,1,2465.0
LS-100379,D02,47.377352,8.505495,3.5,76.1 m2,1915.0,8,no,1,1580.0
LS-102872,D09,47.359291,8.474274,4.5,120.3 m2,1970.0,8,yes,1,1330.0
LS-100956,D08,47.40615,8.490566,5.0,140.8 m2,1949.0,1,no,0,1780.0
LS-100171,D08,47.397157,8.49663,2.0,62.8 m2,1982.0,-99,no,1,1005.0
LS-101944,D05,47.369296,8.503602,3.0,97.5 m2,1938.0,4,yes,0,2070.0
LS-100659,D07,47.365687,8.476735,4.5,105.0 m2,,5,no,1,1720000.0
LS-102120,D06,47.356846,8.528785,1.5,56.8 m2,1933.0,0,no,1,1285.0
LS-101094,D04,47.338646,8.560163,1.0,45.1 m2,,2,yes,1,940.0
LS-102716,D03,47.361334,8.531447,5.5,109.4 m2,2023.0,6,no,1,3050.0
LS-100642,D08,47.400731,8.495773,3.0,69.6 m2,1981.0,5,yes,1,940.0
LS-100168,D12,47.373916,8.552676,2.0,47.8 m2,1913.0,6,yes,1,1490.0
LS-101517,D01,47.367103,8.547008,1.5,41.4 m2,,8,no,1,735.0
LS-101800,D05,47.356302,8.494901,5.0,97.4 m2,1939.0,8,no,1,2010.0
LS-102696,D01,47.363591,8.535454,4.0,106.1 m2,1984.0,0,yes,1,1990.0
LS-101917,D12,47.373443,8.557941,4.5,141.8 m2,1936.0,4,yes,1,2815.0
LS-100272,D05,47.365536,8.493036,3.0,96.6 m2,1954.0,7,no,1,1740.0
LS-101215,D09,47.358653,8.463326,5.0,164.6 m2,1973.0,8,yes,1,2105.0
LS-101118,D05,47.361009,8.498211,3.0,87.3 m2,1962.0,5,no,1,1425.0
LS-102513,D08,47.400807,8.508985,1.5,47.7 m2,1954.0,5,yes,1,835.0
LS-101066,D10,47.35624,8.513606,4.0,82.1 m2,1897.0,6,yes,1,1670.0
LS-102104,D10,47.354269,8.532648,4.5,109.8 m2,1902.0,0,no,0,1630.0
LS-102276,D10,47.352684,8.536638,4.0,76.2 sqm,1971.0,7,no,1,1445.0
LS-102345,D05,47.352729,8.49587,3.5,94.8 m2,1946.0,8,no,1,1590.0
LS-101912,D07,47.37267,8.46955,3.0,63.4 m2,1983.0,4,yes,0,990.0
LS-100038,D03,47.361934,8.53198,4.0,121.6 m2,1981.0,8,yes,1,3010.0
LS-100306,D09,47.353243,8.456056,2.0,58.3 m2,1924.0,5,no,1,775.0
LS-100006,D08,47.410563,8.50734,4.0,119.3 m2,2016.0,8,yes,1,2420.0
LS-100781,D06,47.349705,8.529231,3.5,123.6 m2,1900.0,4,no,0,2525.0
LS-101190,D02,47.368826,8.492572,2.0,50.2 m2,1956.0,7,no,1,1115.0
LS-100534,D08,47.404439,8.488098,3.5,118.9 m2,1964.0,2,no,0,1405.0
LS-100583,D12,47.390922,8.556476,4.0,112.3 m2,2004.0,7,no,1,1975.0
LS-102424,D09,47.36459,8.468559,4.5,105.8 m2,1985.0,7,yes,1,1565.0
LS-102976,D08,47.398915,8.48733,4.0,111.8 m2,,2,no,0,1445.0
LS-102566,D02,47.379133,8.50701,4.5,108.0 m2,2003.0,3,no,1,2015.0
LS-102782,D02,47.374674,8.493934,2.5,79.5 m2,1969.0,4,yes,1,1500.0
LS-102241,D08,47.394176,8.495571,2.0,68.6 m2,1922.0,4,yes,0,1290.0
LS-100316,D02,47.381876,8.497618,5.5,174.3 m2,1891.0,0,no,0,2810.0
LS-101794,D06,47.333141,8.515072,4.5,109.0 m2,1915.0,2,yes,1,1755.0
LS-100271,D08,47.404163,8.490567,4.0,101.2 m2,1929.0,5,no,1,1250.0
LS-100548,D06,47.348382,8.520252,3.0,52.4 m2,1931.0,6,no,1,935.0
LS-101692,D12,47.377389,8.553431,4.5,119.1 m2,2020.0,6,yes,1,3030.0
LS-101719,D10,47.355151,8.532346,4.5,116.2 m2,1928.0,4,yes,0,2140.0
LS-102792,D10,47.351245,8.541026,4.0,110.5 m2,,0,yes,0,2075.0
LS-102802,D07,47.373205,8.475411,3.0,93.7 m2,,5,no,1,1600.0
LS-100598,D10,47.360725,8.535986,3.0,67.6 m2,2010.0,-99,yes,0,1365.0
LS-101689,D11,47.3852,8.492002,2.0,48.0 m2,2019.0,1,yes,0,1355.0
LS-100894,D07,47.368419,8.468696,2.0,56.2 m2,,-99,no,1,690.0
LS-102644,D06,47.351298,8.522376,3.0,78.1 m2,2004.0,3,no,1,1245.0
LS-101775,D01,47.366269,8.547805,5.0,121.3 m2,1978.0,2,yes,1,2430.0
LS-100570,D02,47.369163,8.518037,1.0,23.8 m2,2023.0,0,yes,1,1200.0
LS-101999,D12,47.384292,8.538257,2.5,86.9 m2,1958.0,3,no,0,1680.0
LS-102122,D10,47.361251,8.516029,4.5,123.2 m2,2021.0,4,yes,0,2755.0
LS-100061,D05,47.366218,8.497358,2.5,49.3 m2,1944.0,1,yes,0,1050.0
LS-101247,D01,47.371368,8.551866,2.0,57.4 m2,1981.0,7,no,1,1145.0
LS-100514,D06,47.346622,8.517105,4.0,115.1 m2,1967.0,3,yes,0,2205.0
LS-101259,D03,47.359211,8.538801,3.0,65.1 sqm,1948.0,-99,yes,0,1455.0
LS-100809,D08,47.392128,8.483832,2.0,71.2 m2,1894.0,1,yes,0,945.0
LS-101049,D06,47.350762,8.512129,2.5,62.5 m2,,2,yes,1,1345.0
LS-102685,D12,47.38434,8.544505,2.0,60.3 m2,1905.0,7,no,1,1480.0
LS-100107,D03,47.369767,8.544325,5.5,175.3 m2,1905.0,3,yes,0,4480.0
LS-102153,D04,47.34244,8.564928,3.0,80.9 m2,1996.0,3,yes,0,2005.0
LS-100673,D12,47.377858,8.556905,3.5,58.3 m2,1890.0,3,yes,0,1225.0
LS-100665,D11,47.390836,8.479757,1.5,44.1 m2,1933.0,7,no,1,470.0
LS-100509,D02,47.375206,8.501377,2.5,42.8 m2,1944.0,2,no,0,775.0
LS-102179,D10,47.359041,8.543636,4.5,101.1 m2,1903.0,2,yes,1,1695.0
LS-101640,D06,47.351165,8.520694,3.0,102.6 m2,1934.0,4,yes,0,2070.0
LS-102675,D04,47.354362,8.554726,4.0,81.2 m2,1972.0,1,yes,0,2135.0
LS-101532,D12,47.38288,8.550688,2.0,80.1 m2,1973.0,3,yes,0,1530.0
LS-100866,D10,47.351744,8.517133,5.5,129.4 m2,1960.0,6,yes,1,2135.0
LS-101855,D04,47.350409,8.573685,2.5,53.7 m2,,2,no,1,1300.0
LS-101736,D12,47.373548,8.543,2.5,62.5 m2,1949.0,7,yes,1,1690.0
LS-101784,D08,47.410708,8.490924,2.0,66.8 m2,1997.0,4,yes,0,985.0
LS-101060,D07,47.380501,8.482689,2.5,75.0 m2,1951.0,0,no,1,1145.0
LS-102105,D03,47.354426,8.543387,2.0,58.9 m2,1897.0,-99,yes,1,1330.0
LS-102764,D11,47.384558,8.499972,2.0,56.3 m2,1993.0,0,yes,1,1135.0
LS-101973,D05,47.360723,8.501344,4.0,91.8 m2,1994.0,1,yes,1,1865.0
LS-100589,D07,47.358256,8.454879,4.5,112.1 m2,1897.0,8,yes,1,1825.0
LS-102507,D05,47.36185,8.479691,3.5,112.8 m2,1908.0,4,yes,1,1825.0
LS-102645,D06,47.342824,8.521759,4.5,106.4 m2,1971.0,6,yes,1,1855.0
LS-100086,D04,47.345548,8.558874,1.5,30.4 m2,,5,yes,1,1045.0
LS-102928,D07,47.381697,8.463302,2.5,83.5 m2,1975.0,5,yes,1,1410.0
LS-100771,D10,47.348107,8.536312,4.5,89.3 m2,1929.0,6,yes,1,1760.0
LS-102406,D09,47.353587,8.46501,4.0,120.4 m2,2008.0,8,yes,1,1730.0
LS-101249,D03,47.357101,8.549658,1.5,49.6 m2,2004.0,1,yes,1,1260.0
LS-100708,D11,47.370809,8.50675,3.0,55.0 m2,2020.0,5,yes,1,1925.0
LS-102795,D11,47.380956,8.499619,3.0,94.0 m2,1962.0,6,yes,1,2170.0
LS-101860,D09,47.351104,8.457206,4.0,94.5 m2,2013.0,3,yes,0,960.0
LS-102128,D06,47.347212,8.527598,3.0,71.4 m2,2021.0,6,no,1,2035.0
LS-102879,D07,47.368257,8.478959,2.0,67.5 m2,1998.0,1,no,1,1280.0
LS-100418,D08,47.416101,8.49215,3.0,76.5 m2,1974.0,-99,yes,1,1180.0
LS-101461,D04,47.346579,8.562569,3.5,81.7 m2,1961.0,3,yes,1,1975.0
LS-101484,D10,47.341873,8.520959,5.5,198.3 m2,,1,no,1,2925.0
LS-102803,D05,47.355872,8.507482,2.0,53.9 m2,1977.0,0,no,1,990.0
LS-102915,D04,47.347066,8.576234,3.5,116.3 m2,1914.0,4,yes,0,2225.0
LS-100851,D10,47.361404,8.535676,3.0,70.4 m2,2007.0,7,yes,1,1820.0
LS-101004,D10,47.348172,8.534863,1.0,43.8 m2,1930.0,5,yes,1,810.0
LS-101996,D11,47.382259,8.509169,4.0,85.4 m2,1985.0,7,yes,1,2110.0
LS-101834,D05,47.368771,8.490995,4.0,96.5 m2,1895.0,7,yes,1,1950.0
LS-102510,D08,47.394861,8.487321,4.0,112.2 m2,1899.0,0,no,0,1340.0
LS-100436,D03,47.36632,8.546913,3.5,113.0 m2,2023.0,6,yes,1,3550.0
LS-101316,D03,47.359297,8.529212,1.0,42.1 m2,1943.0,2,yes,0,920.0
LS-101623,D02,47.376159,8.499175,2.5,43.3 sqm,2011.0,5,no,1,920.0
LS-101480,D12,47.378634,8.547199,2.0,58.0 m2,2019.0,1,no,1,1795.0
LS-101648,D10,47.352542,8.542647,4.0,128.8 m2,,5,no,1,2410.0
LS-101003,D04,47.359236,8.563293,3.5,91.7 m2,1983.0,5,yes,1,2355.0
LS-101278,D10,47.350152,8.525944,2.5,75.1 m2,1893.0,8,yes,1,1455.0
LS-101823,D11,47.38329,8.487588,4.5,121.9 m2,1962.0,7,no,1,2160.0
LS-102460,D06,47.342452,8.522349,3.0,64.2 m2,1982.0,8,no,1,1255.0
LS-102917,D06,47.339766,8.525356,1.5,36.4 m2,1926.0,8,yes,1,680.0
LS-101836,D06,47.344578,8.541632,4.0,94.2 m2,1903.0,0,no,0,1730.0
LS-102873,D04,47.354027,8.574353,4.5,96.3 m2,1985.0,8,yes,1,2300.0
LS-101546,D04,47.347633,8.5714,2.5,79.8 m2,1953.0,4,no,0,1800.0
LS-100335,D03,47.354946,8.525172,2.5,44.1 m2,1978.0,1,no,1,950.0
LS-100088,D07,47.37402,8.469402,1.5,59.4 m2,1906.0,6,yes,1,1355.0
LS-100874,D04,47.34822,8.550262,3.5,104.4 m2,1985.0,6,yes,1,2760.0
LS-102659,D10,47.35883,8.533513,3.5,75.3 sqm,1983.0,1,yes,1,1625.0
LS-100543,D06,47.341884,8.533174,4.5,116.2 m2,1983.0,8,yes,1,2030.0
LS-101241,D06,47.335894,8.520919,3.0,96.7 m2,2023.0,1,yes,1,2275.0
LS-101880,D09,47.358473,8.483694,3.0,80.6 m2,1991.0,-99,yes,1,1310.0
LS-102925,D06,47.347222,8.520748,4.0,80.8 m2,1960.0,2,yes,0,1635.0
LS-102906,D01,47.365789,8.53494,1.5,56.1 m2,,4,yes,0,1355.0
LS-100319,D09,47.364931,8.468503,5.0,153.1 m2,1911.0,5,no,1,1705.0
LS-100519,D12,47.380702,8.540599,4.0,104.9 m2,1992.0,7,no,1,2165.0
LS-102364,D12,47.37669,8.552326,5.0,131.7 m2,1961.0,0,no,1,2505.0
LS-100878,D10,47.359616,8.541217,1.5,57.9 m2,1998.0,5,no,1,1330.0
LS-100825,D07,47.374281,8.476475,3.0,80.3 m2,1968.0,5,yes,1,1640.0
LS-101290,D06,47.33567,8.514369,2.5,74.0 m2,1900.0,4,yes,0,1460.0
LS-102599,D09,47.368134,8.46365,3.5,81.3 m2,1905.0,7,no,1,1000.0
LS-102578,D03,47.369349,8.545858,3.5,107.0 m2,1956.0,4,no,1,2805.0
LS-100138,D09,47.354554,8.473188,1.0,36.6 m2,1892.0,0,yes,1,450.0
LS-100163,D02,47.371882,8.515832,2.5,79.2 m2,1972.0,6,yes,1,1740.0
LS-101618,D11,47.378611,8.499075,2.0,59.7 m2,,1,yes,0,995.0
LS-102862,D11,47.376774,8.49385,4.0,115.9 m2,1922.0,6,yes,1,2440.0
LS-101791,D04,47.349631,8.551629,1.0,33.6 m2,1954.0,3,yes,0,835.0
LS-101045,D03,47.358544,8.538149,3.0,97.3 m2,2023.0,5,no,1,2775.0
LS-100960,D03,47.359592,8.53551,4.5,120.7 m2,2021.0,1,yes,1,3245.0
LS-101750,D10,47.352544,8.525756,2.5,87.5 m2,1905.0,3,no,0,1445.0
LS-102601,D08,47.408126,8.498448,4.5,120.6 m2,2020.0,-99,no,1,1850.0
LS-102307,D12,47.385444,8.549207,4.0,99.9 m2,2001.0,8,yes,1,2190.0
LS-101504,D09,47.357043,8.473512,3.5,90.6 m2,1978.0,6,no,1,1205.0
LS-102729,D06,47.326541,8.52374,3.0,62.9 m2,2021.0,2,yes,0,1370.0
LS-102994,D07,47.376355,8.476972,4.5,96.0 m2,1942.0,1,yes,1,1460.0
LS-101059,D10,47.36367,8.542533,5.0,96.5 m2,,2,no,0,2120.0
LS-102756,D08,47.405149,8.483833,5.0,149.8 m2,1922.0,2,no,1,1505.0
LS-100655,D07,47.360105,8.470337,2.0,45.2 m2,1956.0,2,no,0,540.0
LS-102064,D10,47.356453,8.538807,3.0,75.1 m2,1903.0,4,yes,0,1495.0
LS-102358,D06,47.345229,8.515564,2.5,50.6 m2,1978.0,0,yes,1,950.0
LS-100137,D11,47.377225,8.484679,2.0,35.8 m2,1896.0,6,no,1,905.0
LS-102399,D01,47.371163,8.537641,4.0,97.1 m2,1987.0,6,yes,1,2395.0
LS-101976,D09,47.349972,8.479125,2.0,58.5 m2,2008.0,2,yes,1,985.0
LS-101581,D03,47.362688,8.540725,3.5,91.1 m2,1934.0,4,no,0,2125.0
LS-100697,D03,47.354696,8.544805,1.0,33.8 m2,1960.0,5,yes,1,660.0
LS-101097,D01,47.373866,8.54191,2.5,67.6 m2,1903.0,1,no,0,1480.0
LS-102669,D10,47.354501,8.541878,4.5,120.8 m2,1895.0,6,yes,1,2550.0
LS-102650,D12,47.37559,8.55277,3.5,93.5 m2,1981.0,4,yes,0,2150.0
LS-101392,D06,47.360798,8.523652,2.0,48.5 m2,1902.0,-99,no,0,1140.0
LS-102960,D12,47.392955,8.552461,1.5,38.8 m2,1898.0,3,no,1,615.0
LS-101266,D01,47.377028,8.525931,3.0,74.6 m2,1911.0,7,no,1,1235.0
LS-100135,D07,47.372656,8.46943,4.0,106.4 m2,1988.0,1,yes,0,1665.0
LS-101169,D03,47.361372,8.547194,3.5,104.1 m2,1987.0,5,yes,1,2340.0
LS-102135,D10,47.350259,8.531853,2.0,69.6 m2,,3,no,1,1430.0
LS-101503,D02,47.373818,8.504839,3.0,107.7 m2,1896.0,3,yes,0,2030.0
LS-101362,D09,47.344133,8.46603,4.0,92.6 m2,1967.0,1,no,1,905.0
LS-102437,D12,47.392163,8.546759,3.5,103.5 m2,,4,yes,1,1955.0
LS-100148,D07,47.380188,8.470857,2.0,57.1 m2,2022.0,-99,yes,1,1260.0
LS-100303,D01,47.378499,8.544569,5.5,151.7 m2,1937.0,4,yes,1,2880.0
LS-101017,D10,47.353361,8.53071,3.5,110.2 m2,1893.0,6,yes,1,1985.0
LS-101924,D03,47.356424,8.545055,4.5,137.8 m2,1994.0,-99,yes,1,2915.0
LS-101052,D02,47.384441,8.510961,4.0,98.6 m2,1993.0,-99,yes,0,2130.0
LS-102767,D06,47.345368,8.526469,2.0,70.4 m2,1894.0,7,yes,1,1435.0
LS-102393,D02,47.379161,8.506712,3.5,95.8 m2,1911.0,3,yes,0,1955.0
LS-101904,D10,47.353383,8.539037,3.5,95.1 m2,,6,no,1,1725.0
LS-102639,D11,47.389241,8.491008,2.5,62.4 m2,1952.0,3,no,1,1060.0
LS-100198,D03,47.350922,8.532543,2.0,57.3 m2,1960.0,3,yes,0,1245.0
LS-101768,D12,47.368482,8.565648,2.5,53.6 m2,1954.0,7,no,1,1210.0
LS-102240,D04,47.36149,8.561193,2.0,42.2 m2,1983.0,6,yes,1,1475.0
LS-100404,D02,47.374074,8.519958,3.0,78.8 sqm,1921.0,1,no,1,1695.0
LS-102693,D05,47.361556,8.489129,2.5,77.5 m2,1934.0,-99,yes,1,1280.0
LS-101242,D05,47.35161,8.488094,4.5,101.0 m2,1915.0,6,yes,1,1865.0
LS-100483,D09,47.365929,8.478868,1.5,43.7 m2,1995.0,1,no,0,770.0
LS-101182,D07,47.362989,8.473576,2.5,80.0 m2,,5,yes,1,1385.0
LS-101339,D03,47.367595,8.541737,3.5,113.6 m2,1954.0,6,yes,1,3420.0
LS-101280,D05,47.363392,8.489427,2.0,50.9 m2,2023.0,5,yes,1,1215.0
LS-101031,D08,47.400387,8.496838,2.5,61.8 m2,2020.0,5,no,1,1260.0
LS-100791,D02,47.378537,8.51339,3.0,61.3 m2,2007.0,0,yes,0,1440.0
LS-100799,D01,47.368724,8.558459,3.5,88.1 m2,1966.0,0,yes,1,1675.0
LS-101201,D04,47.35344,8.573877,4.0,100.7 m2,1943.0,3,yes,1,2505.0
LS-100422,D03,47.374049,8.528905,2.5,76.4 m2,,2,yes,1,1925.0
LS-101443,D03,47.351377,8.548965,3.0,99.0 m2,1942.0,7,yes,1,2090.0
LS-101883,D10,47.360627,8.515647,3.0,85.7 m2,1942.0,6,yes,1,2035.0
LS-102803,D05,47.355872,8.507482,2.0,53.9 m2,1977.0,0,no,1,990.0
LS-101479,D02,47.379099,8.509216,2.5,72.3 m2,1892.0,2,yes,1,1595.0
LS-101928,D08,47.397982,8.500128,1.5,40.7 m2,1905.0,2,no,0,545.0
LS-102552,D08,47.404177,8.502078,2.5,79.0 m2,1985.0,2,yes,0,1380.0
LS-101529,D12,47.377805,8.561575,3.5,124.7 m2,1903.0,1,yes,1,2160.0
LS-100902,D03,47.35864,8.552963,2.5,61.4 m2,2015.0,8,no,1,1755.0
LS-100685,D06,47.340618,8.520313,3.5,104.5 m2,1913.0,-99,yes,1,1840.0
LS-101551,D05,47.370832,8.479684,3.0,98.6 m2,1983.0,5,yes,1,1840.0
LS-100159,D10,47.352957,8.52496,3.0,69.0 m2,1951.0,2,yes,0,1290.0
LS-100999,D03,47.366133,8.554055,3.0,91.5 m2,1976.0,7,yes,1,2310.0
LS-102952,D02,47.364464,8.503324,5.5,153.5 m2,1909.0,0,yes,0,2540.0
LS-102858,D11,47.384013,8.495858,2.0,50.4 m2,1917.0,6,yes,1,1110.0
LS-102250,D02,47.375236,8.503559,2.0,62.1 m2,1938.0,4,yes,1,1465.0
LS-100112,D07,47.357916,8.478788,5.0,137.6 m2,1950.0,5,no,1,2100.0
LS-102884,D02,47.381649,8.506435,3.0,68.1 m2,1988.0,7,yes,1,1680.0
LS-101446,D08,47.400093,8.49655,1.5,35.2 m2,1931.0,5,no,1,515.0
LS-101952,D12,47.376187,8.547727,1.0,39.0 m2,1903.0,5,no,1,880.0
LS-100922,D03,47.358481,8.54936,3.0,85.2 m2,1954.0,7,no,1,1940.0
LS-101624,D03,47.363457,8.532305,3.5,63.8 m2,1934.0,2,no,1,1365.0
LS-102615,D07,47.366301,8.48061,4.0,95.8 m2,1893.0,7,yes,1,1760.0
LS-101319,D07,47.366494,8.47674,5.5,126.4 m2,1909.0,1,no,1,1860.0
LS-101663,D07,47.377648,8.471471,3.5,95.2 m2,2001.0,3,no,1,1615.0
LS-100815,D11,47.381448,8.493975,1.0,23.2 m2,1995.0,7,yes,1,545.0
LS-102266,D08,47.406113,8.49229,3.5,92.6 m2,1985.0,8,no,1,1120.0
LS-101473,D04,47.339232,8.562285,3.5,87.5 m2,1962.0,2,no,1,1895.0
LS-101773,D07,47.363302,8.482881,2.0,46.7 m2,1988.0,8,yes,1,1040.0
LS-100679,D12,47.382672,8.552965,2.0,41.8 m2,1918.0,0,yes,0,755.0
LS-102591,D05,47.361188,8.498041,3.0,79.8 m2,1995.0,6,yes,1,1735.0
LS-101093,D02,47.388084,8.510157,4.5,103.3 m2,1938.0,0,yes,1,1910.0
LS-100080,D06,47.347522,8.521233,5.0,146.1 m2,1979.0,5,yes,1,2980.0
LS-101950,D09,47.354817,8.471527,2.5,75.3 m2,2009.0,7,yes,1,1255.0
LS-102494,D07,47.367439,8.462801,3.0,78.4 m2,2013.0,0,no,0,1155.0
LS-101239,D11,47.382512,8.489835,3.0,71.1 m2,1911.0,3,yes,0,1300.0
LS-100329,D10,47.352849,8.525598,3.0,94.4 m2,1938.0,0,no,0,1305.0
LS-100242,D08,47.399281,8.489886,4.0,145.7 m2,1956.0,2,no,0,2015.0
LS-100641,D11,47.378035,8.484205,4.5,140.4 m2,1918.0,0,no,1,2365.0
LS-100696,D07,47.363178,8.477415,2.5,63.3 m2,1916.0,1,no,0,1045.0
LS-102257,D02,47.369162,8.497421,2.5,76.3 m2,1937.0,5,yes,1,1680.0
LS-100753,D12,47.376671,8.553827,4.5,101.9 m2,1901.0,2,no,0,1980.0
LS-100435,D03,47.358668,8.530484,4.0,101.1 m2,1971.0,6,no,1,2275.0
LS-101563,D06,47.349019,8.526528,3.5,59.9 m2,2019.0,6,yes,1,1915.0
LS-101934,D05,47.367344,8.498217,1.0,18.3 m2,1965.0,1,no,1,450.0
LS-102797,D07,47.372403,8.477431,1.5,42.2 m2,,8,yes,1,830.0
LS-101712,D06,47.347186,8.520802,3.5,78.0 m2,1962.0,8,yes,1,1755.0
LS-100551,D05,47.358516,8.504655,5.5,152.4 m2,2004.0,6,yes,1,3075.0
LS-102846,D01,47.37769,8.542922,4.0,114.1 sqm,1981.0,1,yes,0,2225.0
LS-100601,D10,47.354953,8.542857,4.0,108.8 m2,1970.0,4,no,0,1745.0
LS-101964,D02,47.388232,8.505245,3.0,80.1 m2,2022.0,4,no,1,2095.0
LS-101013,D08,47.410533,8.494169,4.0,103.8 m2,1986.0,7,yes,1,1515.0
LS-102497,D11,47.388664,8.487973,3.5,78.8 m2,1929.0,2,no,0,1105.0
LS-101427,D02,47.385212,8.516676,4.0,71.5 m2,1971.0,2,yes,1,1610.0
LS-102012,D11,47.386821,8.487329,4.0,77.5 m2,,7,no,1,1320.0
LS-101386,D07,47.367794,8.482187,3.5,91.1 m2,1924.0,6,yes,1,1390.0
LS-101295,D10,47.359698,8.540301,2.5,60.6 m2,1995.0,4,yes,1,1125.0
LS-100466,D10,47.346807,8.529665,2.5,66.3 m2,2016.0,2,yes,1,1955.0
LS-101499,D02,47.37075,8.496024,5.0,152.2 m2,,1,yes,1,2850.0
LS-102606,D02,47.379561,8.51284,4.0,92.0 m2,1993.0,2,yes,1,2080.0
LS-102975,D08,47.401366,8.488656,4.0,122.0 m2,1928.0,2,no,1,1705.0
LS-100277,D01,47.372766,8.555439,3.0,80.6 m2,1922.0,4,yes,1,1520.0
LS-101069,D10,47.347303,8.531646,3.0,87.8 m2,,6,no,1,1705.0
LS-101548,D06,47.346235,8.525348,3.5,97.3 m2,1967.0,1,no,1,1750.0
LS-101024,D01,47.38222,8.55956,3.5,70.5 m2,2013.0,5,yes,1,1545.0
LS-101465,D10,47.360815,8.527435,4.5,132.3 m2,1932.0,1,no,1,2575.0
LS-100940,D10,47.356301,8.52875,2.0,57.4 m2,,0,yes,1,1200.0
LS-101466,D11,47.385329,8.492434,3.0,64.9 m2,1983.0,8,yes,1,1395.0
LS-101323,D07,47.367121,8.480971,2.5,46.0 m2,1915.0,0,yes,1,865.0
LS-101399,D06,47.339825,8.525685,3.0,84.0 m2,1910.0,7,yes,1,1345.0
LS-102514,D10,47.353926,8.524582,4.0,104.6 m2,2003.0,6,yes,1,2105.0
LS-101449,D05,47.358222,8.49679,2.5,75.0 sqm,,5,yes,1,1665.0
LS-100906,D04,47.344993,8.5591,4.5,133.3 m2,1923.0,8,no,1,2785.0
LS-102710,D02,47.372208,8.508568,1.5,54.7 m2,,0,no,0,1075.0
LS-101895,D01,47.364008,8.550416,4.0,101.8 m2,1934.0,5,no,1,1970.0
LS-100388,D05,47.364733,8.490539,4.5,97.7 m2,1946.0,0,yes,1,1885.0
LS-102070,D05,47.362661,8.497884,4.5,137.0 m2,2017.0,1,yes,0,3035.0
LS-102398,D04,47.346455,8.568628,3.0,99.0 m2,1985.0,0,no,1,1885.0
LS-102172,D04,47.345966,8.554963,1.0,36.3 m2,1903.0,3,no,0,575.0
LS-100880,D10,47.35273,8.543891,1.0,31.8 m2,1989.0,0,no,1,455.0
LS-102769,D05,47.363731,8.488795,3.5,82.8 m2,2023.0,4,no,0,1830.0
LS-100050,D06,47.338628,8.507854,2.5,63.6 m2,1992.0,-99,no,0,1055.0
LS-101887,D09,47.35886,8.465129,2.5,62.0 m2,1958.0,3,no,0,510.0
LS-101702,D02,47.381212,8.523543,2.5,59.7 m2,1928.0,4,yes,1,1565.0
LS-100133,D06,47.352033,8.523417,2.5,69.2 m2,1907.0,7,no,1,1380.0
LS-101105,D08,47.410136,8.493205,1.0,21.2 m2,1975.0,5,yes,1,475.0
LS-100703,D10,47.347876,8.544781,4.5,84.5 m2,,5,yes,1,1435.0
LS-100482,D08,47.41448,8.495682,4.5,109.4 m2,1977.0,5,yes,1,1540.0
LS-101145,D12,47.381987,8.552436,2.5,49.4 m2,1985.0,0,no,1,1135.0
LS-102038,D06,47.349076,8.509677,3.0,73.3 m2,1972.0,2,yes,1,1240.0
LS-102978,D12,47.384631,8.554286,2.5,72.3 m2,1925.0,7,no,1,1175.0
LS-100066,D12,47.375354,8.553198,2.5,66.3 m2,1939.0,0,yes,1,1105.0
LS-102313,D11,47.371108,8.487147,3.0,78.0 m2,2001.0,6,no,1,1565.0
LS-102671,D09,47.364944,8.470165,2.5,83.2 m2,1981.0,1,no,0,885.0
LS-100907,D11,47.375726,8.502883,2.5,51.2 m2,1938.0,8,no,1,1110.0
LS-100031,D08,47.409623,8.492472,4.0,83.5 m2,1966.0,8,no,1,1100.0
LS-102870,D01,47.363928,8.540789,3.5,90.9 m2,2004.0,0,no,0,1885.0
LS-100010,D12,47.3866,8.544823,3.5,109.9 m2,,-99,yes,0,2120.0
LS-100064,D05,47.358934,8.51113,3.0,81.7 m2,1984.0,1,yes,1,2120.0
LS-100776,D10,47.352686,8.550577,2.5,64.5 m2,1987.0,3,no,0,1100.0
LS-100077,D02,47.369438,8.497011,3.5,91.0 m2,1938.0,2,yes,0,1665.0
LS-100491,D05,47.346074,8.495842,2.0,50.1 m2,1895.0,8,no,1,880.0
LS-102653,D09,47.346587,8.466055,3.0,73.4 m2,1971.0,2,no,1,775.0
LS-102113,D10,47.352428,8.542339,4.5,116.7 m2,1991.0,6,no,1,2175.0
LS-102794,D09,47.358538,8.471448,3.0,68.1 sqm,,2,yes,0,515.0
LS-102344,D04,47.353334,8.553113,1.5,50.4 m2,2022.0,4,no,1,1990.0
LS-100591,D06,47.344372,8.528613,2.5,73.4 m2,1901.0,1,yes,0,1265.0
LS-101285,D11,47.385138,8.495493,3.5,118.4 m2,1927.0,2,yes,0,2075.0
LS-102674,D12,47.380437,8.5606,2.0,52.3 m2,,6,yes,1,1260.0
LS-100724,D05,47.353761,8.490809,2.5,60.0 m2,1929.0,1,yes,1,1185.0
LS-102548,D03,47.373933,8.535937,2.0,38.5 m2,1921.0,4,no,0,985.0
LS-101212,D12,47.382558,8.549866,1.0,35.4 m2,2012.0,4,no,0,905.0
LS-102299,D10,47.342193,8.542533,3.5,93.7 m2,1949.0,4,yes,1,1505.0
LS-102610,D08,47.41079,8.491682,4.0,79.0 m2,1998.0,5,yes,1,995.0
LS-101637,D12,47.380982,8.543554,3.0,74.2 m2,1929.0,-99,yes,1,1635.0
LS-102890,D06,47.340858,8.527604,1.0,37.6 m2,1892.0,3,no,1,705.0
LS-102970,D01,47.366176,8.538848,3.0,67.3 m2,1992.0,2,yes,0,1575.0
LS-100982,D01,47.370955,8.552166,1.5,37.5 sqm,1913.0,7,no,1,1060.0
LS-100706,D12,47.374778,8.543657,3.0,81.7 m2,1915.0,6,yes,1,1775.0
LS-101687,D12,47.384458,8.540109,2.0,61.7 m2,1943.0,7,no,1,1685.0
LS-102651,D04,47.354457,8.578969,2.5,63.2 m2,1963.0,6,no,1,1315.0
LS-100273,D08,47.407763,8.50263,2.5,63.6 m2,1943.0,6,yes,1,940.0
LS-101709,D02,47.384965,8.50385,5.0,139.2 m2,1993.0,2,yes,1,2655.0
LS-102772,D06,47.345714,8.530887,3.0,82.1 m2,1902.0,0,no,0,1515.0
LS-100963,D09,47.357104,8.46741,3.0,101.8 m2,1892.0,3,yes,0,1165.0
LS-102543,D10,47.349933,8.52375,2.0,53.5 m2,1999.0,0,yes,1,775.0
LS-102889,D01,47.370434,8.538036,3.0,67.9 m2,1940.0,8,yes,1,1500.0
LS-102730,D09,47.354259,8.47918,1.5,45.4 m2,2021.0,6,no,1,1265.0
LS-102692,D08,47.393948,8.480168,5.0,144.5 m2,1923.0,1,yes,0,1840.0
LS-102586,D05,47.361842,8.49782,2.5,46.8 sqm,2020.0,8,yes,1,1510.0
LS-101452,D09,47.35717,8.477684,2.0,62.8 m2,2021.0,-99,no,1,1380.0
LS-100149,D10,47.356148,8.534024,3.5,84.4 m2,2016.0,4,no,1,2300.0
LS-101757,D03,47.354443,8.540141,3.0,72.6 m2,,8,yes,1,1690.0
LS-100218,D09,47.359787,8.46954,5.5,157.6 m2,1979.0,8,yes,1,1965.0
LS-100239,D12,47.372787,8.550713,3.0,60.8 m2,1920.0,3,no,1,1455.0
LS-101131,D10,47.359324,8.551011,5.0,134.6 m2,2005.0,3,no,0,2485.0
LS-102737,D12,47.381678,8.539277,2.0,50.3 m2,1999.0,8,no,1,1255.0
LS-102239,D05,47.354545,8.496761,5.0,118.7 m2,1990.0,6,yes,1,2230.0
LS-102381,D12,47.38631,8.552414,2.0,66.3 m2,1912.0,8,yes,1,1250.0
LS-101253,D03,47.359231,8.537941,2.0,54.7 m2,1990.0,4,yes,0,1560.0
LS-101053,D06,47.343418,8.514963,3.5,89.4 m2,1946.0,6,no,1,1710.0
LS-101668,D11,47.380816,8.489794,4.0,94.2 m2,2006.0,0,yes,0,1920.0
LS-102575,D07,47.363045,8.453564,2.5,79.9 m2,2012.0,7,yes,1,1625.0
LS-100891,D04,47.350256,8.555463,2.0,69.2 m2,1948.0,4,yes,0,1545.0
LS-101357,D05,47.364777,8.493178,1.5,42.8 m2,2000.0,2,no,1,745.0
LS-100775,D09,47.357664,8.477058,1.0,26.9 m2,1910.0,7,yes,1,675.0
LS-102654,D05,47.350304,8.494922,3.0,83.0 m2,1946.0,3,yes,1,1635.0
LS-100839,D05,47.361915,8.490308,3.0,94.7 m2,,2,no,0,1590.0
LS-100627,D05,47.373568,8.510757,2.5,85.6 m2,1905.0,5,yes,1,1920.0
LS-100323,D04,47.34782,8.563333,4.0,102.0 m2,1992.0,4,yes,0,2275.0
LS-102749,D09,47.355657,8.4696,3.0,49.0 m2,2009.0,5,no,1,610.0
LS-102979,D01,47.37117,8.547714,3.0,79.1 m2,1952.0,1,yes,1,1620.0
LS-101867,D08,47.416418,8.494039,1.0,33.6 m2,1942.0,4,yes,0,555.0
LS-101160,D12,47.378149,8.561884,3.5,107.9 m2,1987.0,2,yes,0,2055.0
LS-101076,D08,47.408299,8.507448,1.5,44.1 sqm,1898.0,2,no,1,620.0
LS-100437,D04,47.356831,8.56315,5.5,179.8 m2,,3,yes,0,4200.0
LS-100119,D10,47.349015,8.528004,1.5,25.0 m2,1920.0,8,yes,1,610.0
LS-102678,D01,47.361333,8.530785,1.0,23.1 m2,1902.0,3,yes,1,580.0
LS-102505,D11,47.383984,8.493278,4.0,110.9 m2,2012.0,5,yes,1,1990.0
LS-102683,D11,47.396652,8.489715,2.0,47.3 m2,1954.0,8,yes,1,975.0
LS-101814,D05,47.356591,8.49328,2.5,57.9 m2,1909.0,1,yes,0,1245.0
LS-101839,D03,47.359523,8.546852,2.0,69.3 m2,1938.0,2,yes,0,1650.0
LS-101026,D01,47.366377,8.543239,2.0,40.9 m2,2015.0,8,no,1,1490.0
LS-100076,D07,47.361179,8.474955,4.0,100.9 m2,2003.0,8,no,1,1575.0
LS-100900,D12,47.376339,8.546362,3.0,88.6 m2,1983.0,3,yes,0,1805.0
LS-100371,D03,47.357137,8.545182,2.5,75.7 m2,2015.0,2,yes,0,2250.0
LS-101204,D05,47.355646,8.494831,1.5,44.8 m2,1891.0,3,no,0,765.0
LS-102581,D11,47.394354,8.50673,2.0,66.7 m2,1933.0,5,yes,1,1505.0
LS-100941,D05,47.359835,8.499775,3.5,94.2 m2,1972.0,0,yes,1,1830.0
LS-100552,D12,47.390055,8.554877,3.0,84.2 m2,1913.0,0,no,0,1200.0
LS-100406,D08,47.399841,8.478518,4.5,122.3 m2,1981.0,3,yes,1,1680.0
LS-102117,D04,47.343952,8.569013,3.5,103.2 m2,1935.0,3,no,0,2115.0
LS-101613,D07,47.371652,8.47583,1.5,37.4 m2,1966.0,5,yes,1,855.0
LS-100968,D05,47.360931,8.493698,4.0,88.6 sqm,1894.0,-99,yes,1,1880.0
LS-102349,D10,47.346254,8.523174,3.5,128.4 m2,1923.0,7,yes,1,2305.0
LS-101746,D02,47.384417,8.506183,1.0,30.6 m2,2003.0,7,yes,1,700.0
LS-100689,D01,47.378441,8.534864,3.0,66.5 m2,1994.0,4,yes,1,1430.0
LS-101738,D08,47.392871,8.513305,2.5,64.9 m2,1929.0,3,yes,1,1340.0
LS-100236,D02,47.372489,8.503942,2.5,63.4 m2,2014.0,-99,no,1,1550.0
LS-102907,D09,47.358525,8.458139,4.0,126.3 m2,1904.0,6,yes,1,1430.0
LS-101986,D06,47.347833,8.521469,3.0,97.3 m2,1955.0,2,yes,1,2030.0
LS-101983,D04,47.335297,8.573164,2.0,70.0 m2,1963.0,2,yes,0,1485.0
LS-100499,D03,47.357811,8.536945,1.0,33.3 m2,1940.0,0,yes,0,1005.0
LS-100822,D12,47.377422,8.560032,1.0,30.7 m2,1968.0,6,no,1,720.0
LS-100794,D05,47.364614,8.503159,2.0,57.9 m2,1995.0,2,no,1,1120.0
LS-100990,D05,47.366148,8.488667,3.0,88.5 m2,1944.0,5,yes,1,1930.0
LS-100567,D10,47.354614,8.532495,2.0,55.8 m2,1978.0,4,yes,1,1175.0
LS-102435,D01,47.357412,8.534692,3.0,75.8 m2,2017.0,3,no,0,1900.0
LS-100390,D02,47.374343,8.514185,3.5,93.4 m2,1899.0,3,yes,1,2090.0
LS-100743,D10,47.360877,8.527702,2.5,94.4 m2,1890.0,8,yes,1,1930.0
LS-102400,D10,47.347608,8.528619,4.5,103.7 m2,1976.0,6,no,1,1770.0
LS-101217,D05,47.350988,8.50046,4.0,111.7 m2,1916.0,5,yes,1,2005.0
LS-100235,D09,47.37115,8.481593,3.0,93.1 m2,1916.0,6,yes,1,1405.0
LS-102804,D05,47.360694,8.489716,5.5,157.2 m2,1903.0,4,yes,0,2975.0
LS-100480,D06,47.34949,8.528913,3.0,89.3 m2,2010.0,4,no,0,1680.0
LS-102042,D09,47.356142,8.480311,3.5,83.9 m2,1982.0,2,yes,0,1095.0
LS-101677,D06,47.344672,8.525072,2.5,56.7 m2,1987.0,5,no,1,1400.0
LS-102784,D07,47.364918,8.477337,4.5,91.0 m2,1905.0,6,no,1,1550.0
LS-102937,D04,47.349127,8.566656,2.0,68.7 m2,1956.0,4,yes,0,1320.0
LS-102772,D06,47.345714,8.530887,3.0,82.1 m2,1902.0,0,no,0,1515.0
LS-102833,D02,47.3677,8.500048,2.5,75.3 m2,1966.0,7,no,1,1450.0
LS-100120,D01,47.370784,8.530477,3.0,52.8 m2,1954.0,-99,no,1,1050.0
LS-101272,D05,47.35711,8.48929,1.5,46.3 m2,1902.0,1,yes,0,840.0
LS-100926,D01,47.369715,8.525689,1.0,31.3 m2,1988.0,7,yes,1,845.0
LS-101594,D04,47.332496,8.574342,2.5,54.4 m2,2020.0,2,yes,0,1465.0
LS-100223,D06,47.340631,8.514294,2.5,56.2 m2,,3,yes,0,1085.0
LS-100766,D06,47.346905,8.529794,2.0,58.3 m2,2015.0,3,no,1,1455.0
LS-100613,D09,47.359416,8.476275,3.5,100.4 m2,1923.0,4,yes,1,1265.0
LS-101245,D04,47.349873,8.579475,3.0,103.3 m2,1957.0,0,yes,1,2025.0
LS-101540,D01,47.379451,8.547215,3.5,80.3 m2,1968.0,6,yes,1,1815.0
LS-100052,D07,47.380993,8.473373,4.5,142.1 m2,1906.0,1,yes,1,2190.0
LS-100529,D08,47.395373,8.504017,5.5,141.1 sqm,1927.0,1,yes,0,1840.0
LS-101899,D07,47.372187,8.476618,1.0,25.3 m2,1934.0,1,no,1,570.0
LS-102981,D05,47.358419,8.503154,2.0,50.5 m2,2003.0,7,yes,1,1300.0
LS-100818,D09,47.352151,8.479691,5.0,157.1 m2,1982.0,4,no,1,2090.0
LS-100155,D12,47.366005,8.549826,2.0,68.1 m2,2003.0,-99,no,0,1595.0
LS-102926,D07,47.37365,8.483989,2.0,39.5 m2,1918.0,7,yes,1,845.0
LS-100248,D06,47.340004,8.510885,4.0,103.6 m2,,8,no,1,1630.0
LS-100761,D11,47.394021,8.495797,4.0,101.0 m2,2001.0,8,yes,1,1780.0
LS-101894,D08,47.391669,8.492052,3.0,59.6 m2,1987.0,0,yes,0,1060.0
LS-102029,D02,47.383896,8.495592,2.0,51.8 m2,1911.0,1,yes,1,1200.0
LS-101130,D12,47.373678,8.550631,4.0,77.5 m2,1926.0,3,no,0,1565.0
LS-100542,D05,47.360951,8.500382,4.0,89.7 m2,1938.0,4,yes,1,1980.0
LS-100793,D07,47.379511,8.487093,2.5,76.8 m2,2001.0,6,yes,1,1575.0
LS-101725,D08,47.397794,8.500817,2.0,29.3 m2,1963.0,1,no,1,475.0
LS-100628,D09,47.354584,8.48005,5.0,143.4 m2,1998.0,3,no,0,1660.0
LS-102198,D11,47.38911,8.497202,1.5,55.5 m2,1965.0,8,yes,1,1265.0
LS-102748,D03,47.364319,8.542498,4.0,100.1 m2,2004.0,8,yes,1,3100.0
LS-102339,D12,47.37924,8.539661,4.5,109.5 m2,1992.0,4,yes,1,2330.0
LS-102429,D11,47.37152,8.496113,4.0,145.1 m2,1896.0,7,yes,1,3125.0
LS-102918,D01,47.369799,8.549516,4.5,144.5 sqm,2020.0,7,no,1,3325.0
LS-101367,D07,47.36563,8.466879,1.5,39.7 m2,1932.0,-99,yes,1,730.0
LS-101620,D10,47.350134,8.547824,3.5,95.9 m2,1956.0,3,yes,1,1575.0
LS-102832,D06,47.339114,8.51098,2.5,73.3 m2,,5,yes,1,1550.0
LS-101071,D02,47.374996,8.510086,1.5,45.0 m2,1900.0,6,yes,1,1140.0
LS-100554,D01,47.368501,8.541499,3.5,106.9 m2,1994.0,7,yes,1,2660.0
LS-101828,D11,47.383402,8.50507,1.5,51.0 m2,2000.0,-99,yes,0,1055.0
LS-100826,D06,47.350169,8.514451,4.5,108.7 m2,,3,no,0,2200.0
LS-100883,D08,47.408389,8.489772,4.5,102.4 m2,1953.0,2,no,1,1280.0
LS-101984,D08,47.398005,8.501088,4.0,97.1 sqm,1947.0,4,no,1,1550.0
LS-101837,D09,47.364095,8.473597,4.0,111.6 m2,1917.0,5,yes,1,1535.0
LS-100535,D10,47.351628,8.538451,3.0,93.1 m2,1992.0,2,no,1,1640.0
LS-102717,D06,47.347585,8.529465,1.0,37.1 m2,1905.0,6,yes,1,655.0
LS-100154,D05,47.357175,8.498218,2.0,49.3 m2,1964.0,6,no,1,970.0
LS-102625,D01,47.374074,8.545614,3.5,93.4 m2,1954.0,5,yes,1,2120.0
LS-102861,D03,47.364067,8.529754,4.5,139.9 m2,1957.0,4,no,1,3145.0
LS-100322,D06,47.346268,8.529787,3.5,77.6 m2,1992.0,1,yes,1,1710.0
LS-101710,D09,47.363089,8.467041,2.0,42.6 m2,1958.0,3,yes,1,610.0
LS-100014,D12,47.374775,8.546031,1.5,28.3 m2,1933.0,4,yes,0,650.0
LS-101798,D03,47.363726,8.542361,4.0,101.6 m2,,7,yes,1,2740.0
LS-102864,D09,47.351565,8.47449,4.0,95.5 m2,2007.0,8,yes,1,1330.0
LS-100082,D08,47.407513,8.495111,2.5,69.7 m2,,2,yes,1,1130.0
LS-102560,D03,47.351002,8.529559,1.5,43.7 sqm,2018.0,1,no,0,1390.0
LS-101943,D02,47.371851,8.510692,1.0,37.3 m2,1920.0,3,yes,0,855.0
LS-101988,D10,47.359972,8.520303,4.0,121.7 m2,1997.0,7,yes,1,2040.0
LS-101383,D11,47.377801,8.491126,3.0,73.3 m2,2020.0,5,no,1,1770.0
LS-101574,D01,47.367772,8.540743,4.0,119.0 m2,1983.0,1,yes,0,2355.0
LS-102058,D10,47.363246,8.527719,2.0,45.4 m2,1920.0,4,no,0,855.0
LS-102929,D08,47.41201,8.502473,1.0,39.8 m2,1957.0,5,yes,1,900.0
LS-101494,D05,47.352306,8.502907,4.0,106.2 m2,1953.0,5,yes,1,2000.0
LS-100831,D08,47.401825,8.477246,4.0,119.6 m2,1893.0,2,yes,1,1680.0
LS-102080,D11,47.396569,8.508769,5.0,125.3 m2,1963.0,5,yes,1,1930.0
LS-101174,D10,47.349114,8.528742,5.0,134.0 m2,1957.0,6,yes,1,2175.0
LS-100413,D06,47.344688,8.53112,1.0,42.8 m2,1909.0,1,no,1,850.0
LS-101817,D02,47.376705,8.515454,3.5,83.3 m2,1925.0,6,yes,1,2125.0
LS-100165,D06,47.346082,8.519158,1.0,40.3 m2,1894.0,3,yes,1,815.0
LS-102623,D05,47.366893,8.49974,5.5,136.1 m2,1991.0,1,yes,0,3045.0
LS-102972,D08,47.40663,8.500543,4.0,65.0 m2,1952.0,3,no,0,855.0
LS-100614,D03,47.369099,8.54153,2.5,56.8 m2,2010.0,-99,no,1,1735.0
LS-101014,D10,47.351076,8.537964,4.0,73.9 m2,2017.0,-99,yes,1,1895.0
LS-102137,D04,47.354513,8.569411,2.5,55.4 m2,1907.0,3,yes,1,1430.0
LS-101853,D01,47.37248,8.531399,4.0,97.8 m2,,8,yes,1,2015.0
LS-101237,D06,47.353312,8.52787,2.0,47.3 m2,1993.0,5,yes,1,1410.0
LS-102181,D11,47.385634,8.502556,3.5,92.7 m2,1991.0,2,yes,1,1670.0
LS-100555,D09,47.349423,8.483927,3.5,69.4 m2,2002.0,6,yes,1,940.0
LS-102368,D05,47.363236,8.494862,3.5,96.9 m2,1994.0,4,yes,0,2030.0
LS-102854,D09,47.364497,8.474245,1.5,45.2 m2,1929.0,3,yes,0,450.0
LS-101211,D10,47.347924,8.528817,3.0,89.5 m2,1991.0,5,yes,1,2090.0
LS-102831,D03,47.352934,8.540808,3.5,63.7 m2,2014.0,1,yes,0,1270.0
LS-100634,D12,47.372998,8.55506,2.0,48.0 m2,1937.0,1,no,0,620.0
LS-102600,D01,47.379153,8.541072,2.5,47.6 m2,1955.0,8,yes,1,1090.0
LS-101055,D02,47.378211,8.49545,3.5,92.5 m2,,-99,no,1,1770.0
LS-102340,D03,47.359547,8.547334,2.5,86.9 m2,1969.0,2,yes,1,2085.0
LS-101708,D04,47.349817,8.562918,2.5,74.8 m2,1978.0,6,no,1,1875.0
LS-100796,D01,47.375018,8.555848,4.5,132.0 m2,1931.0,1,no,1,2280.0
LS-102807,D03,47.360592,8.53329,3.5,79.0 m2,2005.0,6,no,1,2020.0
LS-100174,D12,47.376204,8.537312,4.0,103.2 m2,1962.0,1,yes,1,2430.0
LS-100245,D03,47.369797,8.527731,2.5,78.8 m2,1932.0,6,no,1,1835.0
LS-101080,D01,47.375656,8.543718,3.0,91.9 sqm,1973.0,0,yes,1,1935.0
LS-101654,D04,47.348072,8.565422,2.5,77.3 m2,1909.0,4,yes,0,2045.0
LS-100718,D04,47.356605,8.577843,4.5,127.8 m2,1919.0,1,no,0,2550.0
LS-100144,D11,47.386182,8.503389,3.0,71.8 m2,1962.0,8,no,1,1340.0
LS-100145,D05,47.35977,8.489504,3.5,66.8 m2,2009.0,2,yes,1,1425.0
LS-100090,D10,47.354938,8.512259,1.0,31.7 m2,2023.0,7,no,1,1305.0
LS-100682,D09,47.349206,8.489545,4.0,100.7 m2,1971.0,6,no,1,1425.0
LS-100310,D12,47.390298,8.549802,3.5,98.3 m2,1962.0,7,no,1,1720.0
LS-100093,D07,47.37044,8.483788,2.5,65.9 m2,1922.0,1,yes,1,1290.0
LS-102690,D03,47.35753,8.532855,2.5,56.1 m2,2009.0,8,no,1,1415.0
LS-101956,D09,47.35683,8.480304,4.0,94.7 m2,,1,no,1,1185.0
LS-100924,D07,47.372503,8.477896,3.5,115.0 m2,2007.0,3,no,1,1585.0
LS-102790,D10,47.344136,8.519451,5.0,130.7 m2,1926.0,7,no,1,2085000.0
LS-101909,D08,47.405567,8.502125,4.5,96.0 m2,1911.0,6,no,1,1515.0
LS-101035,D02,47.380425,8.50333,2.5,80.4 m2,1936.0,7,no,1,1570.0
LS-101400,D12,47.383778,8.534696,2.5,66.0 m2,1901.0,0,yes,1,1340.0
LS-102291,D03,47.369414,8.5541,3.0,74.1 m2,2005.0,7,no,1,1755.0
LS-101500,D02,47.383457,8.512385,3.0,89.5 m2,1996.0,0,yes,1,2065.0
LS-102262,D05,47.356189,8.489043,4.0,89.3 m2,1930.0,5,no,1,1645.0
LS-101468,D03,47.365944,8.547104,4.5,140.9 m2,2013.0,1,yes,0,3555.0
LS-100998,D10,47.367089,8.531454,2.5,38.4 m2,1894.0,0,no,1,860.0
LS-100853,D07,47.376773,8.460852,2.5,60.8 m2,,2,yes,1,835.0
LS-102473,D09,47.363048,8.486855,3.5,82.2 m2,1973.0,8,yes,1,1360.0
LS-102204,D11,47.386378,8.488263,3.0,82.7 m2,1929.0,7,no,1,1555.0
LS-101142,D12,47.370569,8.550619,2.0,55.0 m2,1987.0,2,yes,0,1400.0
LS-101143,D06,47.353768,8.533207,1.0,36.5 m2,1985.0,7,yes,1,925.0
LS-102274,D06,47.344867,8.510005,3.5,80.4 m2,1921.0,1,no,1,1270.0
LS-102048,D07,47.371189,8.470329,3.0,88.5 m2,1990.0,7,yes,1,1770.0
LS-100401,D08,47.398136,8.508939,2.5,74.9 m2,1906.0,5,yes,1,1455.0
LS-101103,D12,47.371941,8.54967,3.0,69.4 m2,1893.0,0,yes,0,1710.0
LS-100084,D12,47.39205,8.541398,3.0,70.0 m2,1941.0,8,no,1,1130.0
LS-102210,D11,47.390599,8.496853,3.5,101.9 m2,1976.0,-99,no,1,1930.0
LS-102932,D11,47.394214,8.498916,3.0,78.6 m2,,8,no,1,1625.0
LS-100114,D10,47.348279,8.53142,3.5,117.2 m2,1919.0,1,yes,0,1990.0
LS-102655,D12,47.376013,8.536048,4.0,113.1 m2,1948.0,4,no,0,2390.0
LS-101585,D04,47.344741,8.568069,4.0,117.0 m2,,6,yes,1,2495.0
LS-101567,D06,47.346267,8.50471,3.5,64.1 m2,,6,yes,1,1435000.0
LS-101501,D11,47.377534,8.496236,3.0,84.0 m2,1937.0,2,yes,1,1850.0
LS-101660,D05,47.359412,8.505759,3.5,128.0 sqm,,2,no,0,2485.0
LS-101556,D09,47.349473,8.472642,1.0,23.4 m2,,2,yes,1,450.0
LS-102007,D01,47.371762,8.546871,3.0,86.1 m2,2008.0,8,yes,1,2225.0
LS-100625,D03,47.354416,8.5414,3.0,79.6 m2,1964.0,5,yes,1,1730.0
LS-101885,D04,47.351392,8.569622,1.5,43.3 m2,1981.0,1,yes,0,955.0
LS-101866,D11,47.391452,8.501999,3.0,105.5 m2,1945.0,8,no,1,1740.0
LS-100952,D07,47.38151,8.479414,2.0,67.4 m2,1919.0,8,no,1,970.0
LS-102306,D10,47.344945,8.523103,1.0,54.3 m2,1971.0,4,yes,1,885.0
LS-100624,D08,47.403745,8.487706,5.5,142.2 m2,1911.0,3,no,0,2030.0
LS-100234,D04,47.344024,8.557764,4.0,99.3 m2,1894.0,1,no,1,2180.0
LS-102183,D01,47.366415,8.54336,2.0,81.2 m2,1928.0,5,no,1,1520.0
LS-102034,D04,47.348197,8.559789,3.0,80.5 m2,1917.0,4,yes,0,1690.0
LS-101826,D12,47.373942,8.542454,1.0,26.7 m2,1996.0,0,no,0,870.0
LS-102887,D10,47.353598,8.533517,5.5,114.7 m2,1918.0,8,no,1,2355.0
LS-102640,D04,47.345197,8.564716,5.5,135.1 m2,1979.0,1,no,1,3025.0
LS-101314,D01,47.36426,8.542706,4.5,134.6 m2,1898.0,3,no,0,2755.0
LS-101525,D09,47.362053,8.464328,5.0,117.7 m2,2002.0,3,yes,0,1560.0
LS-101562,D05,47.361489,8.494883,2.0,55.9 m2,1940.0,7,yes,1,1230.0
LS-101752,D12,47.381822,8.553781,2.5,47.6 m2,1967.0,-99,no,1,970.0
LS-101605,D04,47.347604,8.573941,2.0,43.2 m2,1945.0,6,yes,1,1090.0
LS-100343,D12,47.377144,8.555291,2.5,64.6 m2,1976.0,2,yes,0,1530.0
LS-102090,D02,47.377896,8.507089,3.5,129.6 m2,1920.0,8,yes,1,2630.0
LS-102341,D04,47.346774,8.557579,1.5,47.9 m2,1939.0,1,no,0,1100.0
LS-102412,D07,47.364656,8.485447,2.0,39.7 m2,1987.0,8,no,1,705.0
LS-102226,D03,47.360508,8.536922,2.0,51.4 m2,1903.0,6,yes,1,1360.0
LS-100996,D05,47.357444,8.49983,3.5,96.1 m2,1994.0,0,yes,1,1580.0
LS-102062,D07,47.368046,8.461031,3.5,63.0 m2,2018.0,3,yes,0,1485.0
LS-101110,D05,47.363659,8.486475,2.5,73.0 m2,2007.0,6,yes,1,1620.0
LS-102213,D08,47.404722,8.497311,2.5,76.6 m2,1899.0,-99,no,1,980.0
LS-101359,D04,47.350951,8.563498,1.5,29.9 m2,1938.0,2,yes,0,845.0
LS-102107,D05,47.359379,8.496804,4.0,119.7 m2,1970.0,-99,no,1,2310.0
LS-100709,D09,47.359981,8.478216,3.5,92.8 m2,1959.0,0,no,1,880.0
LS-101878,D08,47.399221,8.499387,2.0,52.2 m2,1945.0,5,yes,1,1015.0
LS-101378,D09,47.357119,8.484286,5.5,171.0 m2,,7,yes,1,2675.0
LS-100424,D09,47.357346,8.473622,2.0,55.3 m2,1959.0,6,yes,1,1030.0
LS-100292,D09,47.343908,8.492247,4.0,86.6 m2,1983.0,3,no,1,1095.0
LS-101065,D05,47.363935,8.502412,3.5,67.9 m2,2005.0,1,yes,1,1525.0
LS-102377,D07,47.365708,8.484727,5.0,116.5 m2,1970.0,6,yes,1,2005.0
LS-101638,D08,47.402938,8.497643,1.5,30.5 m2,1916.0,0,no,1,520.0
LS-102477,D09,47.360686,8.475794,3.5,62.9 m2,1908.0,8,no,1,810.0
LS-101012,D08,47.392051,8.492388,4.5,98.6 m2,1905.0,7,yes,1,1460.0
LS-102127,D02,47.375921,8.502486,2.5,76.6 m2,1908.0,8,yes,1,1420.0
LS-101717,D02,47.375421,8.502584,1.0,48.8 m2,1989.0,5,no,1,1015.0
LS-100937,D10,47.353781,8.520054,1.0,29.2 m2,,2,yes,1,455.0
LS-100834,D05,47.36516,8.491718,3.5,86.6 m2,1897.0,2,no,0,1480.0
LS-100254,D08,47.417183,8.504232,1.0,37.1 m2,1999.0,0,no,0,450.0
LS-101482,D04,47.349443,8.568862,4.5,142.7 m2,2017.0,2,no,0,3435.0
LS-101476,D06,47.334148,8.535832,3.0,65.0 m2,,5,no,1,1100.0
LS-101407,D02,47.369418,8.511214,2.0,56.2 m2,1899.0,5,no,1,1095.0
LS-102954,D05,47.353574,8.48525,1.5,44.4 m2,1998.0,5,no,1,895.0
LS-102184,D02,47.366263,8.524717,3.5,92.1 m2,2011.0,8,yes,1,2345.0
LS-100723,D02,47.376758,8.500807,4.5,104.4 m2,,7,no,1,2110.0
LS-100969,D05,47.347298,8.485634,2.0,52.0 m2,,2,no,0,1290.0
LS-100496,D12,47.376728,8.55842,3.5,95.4 m2,1997.0,4,yes,0,1965.0
LS-100950,D10,47.359689,8.516319,1.0,30.3 m2,1979.0,4,yes,1,555.0
LS-100805,D07,47.371718,8.476837,2.5,84.3 sqm,2013.0,7,no,1,1590.0
LS-101829,D07,47.367223,8.460645,3.0,54.9 m2,1905.0,4,yes,1,1050.0
LS-102177,D11,47.382072,8.491971,5.5,142.0 m2,2007.0,7,no,1,2690.0
LS-101739,D07,47.37218,8.474729,3.0,71.5 m2,1912.0,6,no,1,760.0
LS-100337,D07,47.373666,8.471276,2.0,45.1 m2,,6,yes,1,1095.0
LS-100730,D11,47.381295,8.470677,2.0,60.7 m2,1951.0,2,yes,1,775.0
LS-100608,D02,47.37691,8.496024,3.0,86.3 m2,1978.0,4,yes,1,1740.0
LS-101148,D06,47.34108,8.517649,5.0,138.3 m2,1912.0,-99,yes,1,2455.0
LS-102243,D11,47.388179,8.500375,3.5,117.3 m2,1928.0,8,yes,1,2410.0
LS-101713,D05,47.369184,8.488606,3.5,70.9 m2,1936.0,-99,no,0,1460.0
LS-102392,D10,47.35827,8.522279,1.0,26.8 m2,1968.0,1,yes,1,740.0
LS-100909,D05,47.360703,8.487191,2.0,60.0 m2,1965.0,0,yes,0,1345.0
LS-102632,D01,47.369226,8.530022,2.5,72.7 m2,1999.0,2,no,1,1430.0
LS-102151,D07,47.36608,8.469165,3.5,99.7 m2,1941.0,0,no,0,1195.0
LS-102010,D04,47.3455,8.558085,5.5,144.1 m2,1979.0,3,yes,1,3215.0
LS-102491,D02,47.383739,8.50195,3.5,95.7 m2,1897.0,8,yes,1,1765.0
LS-101810,D08,47.403396,8.489399,4.0,139.8 m2,1958.0,1,no,0,1605.0
LS-101994,D10,47.35638,8.531806,3.5,84.6 m2,2003.0,3,yes,1,1670.0
LS-100719,D03,47.376816,8.548914,3.0,94.9 m2,1935.0,6,yes,1,2425.0
LS-101569,D02,47.38237,8.510552,1.0,34.9 m2,2008.0,7,yes,1,1070.0
LS-102275,D12,47.384714,8.554337,2.0,58.8 m2,1967.0,0,no,0,885.0
LS-100434,D09,47.355379,8.460189,5.5,171.3 m2,1977.0,4,no,0,1745.0
LS-101299,D04,47.347387,8.553858,2.0,60.5 m2,1936.0,6,yes,1,1625.0
LS-102174,D04,47.346088,8.556004,2.5,63.0 m2,1997.0,0,yes,1,1470.0
LS-100405,D07,47.370793,8.476225,3.0,84.4 m2,1999.0,4,yes,1,1545.0
LS-100821,D10,47.360226,8.544473,3.5,85.2 m2,,6,yes,1,1995.0
LS-101789,D04,47.343619,8.568467,2.0,58.7 m2,1953.0,2,no,0,1145.0
LS-102956,D05,47.356047,8.489634,1.5,37.8 sqm,1951.0,8,no,1,655.0
LS-102351,D01,47.36883,8.548622,4.0,123.3 m2,1935.0,5,no,1,2405.0
LS-102315,D05,47.361865,8.495196,3.5,74.9 m2,1933.0,6,no,1,1460.0
LS-101858,D10,47.356935,8.522843,3.0,87.4 m2,2002.0,2,no,0,1650.0
LS-101557,D05,47.371587,8.485867,4.5,168.2 m2,1980.0,5,yes,1,3090.0
LS-100545,D01,47.380044,8.553578,2.5,73.5 m2,1904.0,3,no,0,1180.0
LS-100212,D10,47.355009,8.539241,3.5,89.0 m2,1965.0,2,no,0,1700.0
LS-100896,D07,47.364411,8.477948,4.5,130.8 m2,1981.0,5,no,1,2190.0
LS-101941,D04,47.356342,8.574251,3.0,71.7 m2,1984.0,7,no,1,1850.0
LS-101891,D08,47.405444,8.489032,5.0,151.2 m2,1917.0,0,no,1,2020.0
LS-100916,D12,47.381187,8.546311,5.0,151.5 m2,1969.0,0,yes,0,2935.0
LS-102723,D09,47.356836,8.479468,3.5,73.6 m2,1897.0,0,yes,1,860.0
LS-101289,D01,47.368365,8.54048,3.5,82.8 m2,2014.0,7,yes,1,1835.0
LS-100814,D04,47.346656,8.565045,2.5,74.7 m2,1898.0,7,no,1,1365.0
LS-101265,D04,47.343686,8.551468,1.5,38.8 m2,1997.0,5,no,1,1495.0
LS-100342,D06,47.354571,8.538267,4.0,109.5 m2,1905.0,1,yes,1,2405.0
LS-102597,D07,47.375667,8.479396,3.5,90.0 m2,1914.0,2,yes,1,1660.0
LS-101410,D08,47.394412,8.483171,5.0,146.1 m2,1953.0,0,yes,1,1830.0
LS-101214,D03,47.3551,8.540003,2.5,44.9 m2,1968.0,0,no,1,870.0
LS-100966,D05,47.362098,8.49884,4.5,106.0 m2,2015.0,5,no,1,2675.0
LS-101230,D03,47.366416,8.548075,4.5,109.2 m2,1912.0,4,yes,0,2835.0
LS-102343,D01,47.36532,8.554036,2.5,71.3 m2,1895.0,4,no,0,1370.0
LS-100695,D01,47.363233,8.549942,4.5,130.2 m2,1915.0,6,no,1,2560.0
LS-102121,D01,47.37551,8.544566,4.0,121.3 m2,1905.0,5,yes,1,2515.0
LS-100605,D06,47.336895,8.514542,4.5,94.9 m2,1921.0,5,no,1,1635.0
LS-100104,D12,47.386972,8.558991,1.5,37.8 m2,1929.0,8,yes,1,1015.0
LS-100645,D03,47.355396,8.534637,3.5,101.6 m2,1993.0,-99,no,1,2465.0
LS-101404,D06,47.338523,8.524201,3.5,80.8 m2,2000.0,8,yes,1,1600.0
LS-100494,D03,47.35561,8.547349,2.0,36.2 m2,1938.0,-99,yes,1,855.0
LS-102487,D04,47.350951,8.570591,2.5,63.7 m2,1971.0,0,yes,0,1315.0
LS-101019,D05,47.361789,8.489211,2.0,46.2 m2,1906.0,7,yes,1,1010.0
LS-100091,D12,47.377904,8.540008,3.0,83.6 m2,1978.0,7,no,1,1665.0
LS-101112,D03,47.363844,8.535615,3.5,95.3 m2,2016.0,3,yes,1,2895.0
LS-100908,D11,47.383252,8.485972,2.0,58.8 m2,1948.0,7,yes,1,1105.0
LS-101474,D01,47.37212,8.545803,1.5,40.1 m2,1968.0,0,no,0,450.0
LS-101741,D01,47.369145,8.548981,1.5,50.2 m2,1894.0,1,no,1,650.0
LS-102150,D10,47.350751,8.531055,1.5,57.7 m2,1915.0,4,yes,0,710.0
LS-100238,D12,47.377263,8.553308,3.0,95.8 m2,1983.0,1,no,1,2105.0
LS-100942,D08,47.398811,8.489794,4.5,144.3 m2,,1,no,0,1980.0
LS-101270,D07,47.383596,8.477235,2.5,67.4 m2,1894.0,8,no,1,1130.0
LS-100938,D09,47.359246,8.471825,4.5,116.4 m2,1915.0,0,yes,0,1415.0
LS-101424,D06,47.348677,8.514039,3.5,79.6 m2,,0,yes,1,1945.0
LS-101862,D11,47.383568,8.507318,3.5,93.4 m2,1912.0,5,no,1,2045.0
LS-101669,D04,47.343486,8.560194,4.0,119.6 m2,1897.0,4,no,0,2650.0
LS-100005,D10,47.347147,8.5285,5.5,172.4 m2,1898.0,6,yes,1,3180.0
LS-100247,D01,47.37697,8.551147,2.0,34.0 m2,1928.0,7,no,1,750.0
LS-100018,D01,47.372809,8.528772,2.0,49.3 m2,2010.0,4,yes,0,1145.0
LS-102169,D10,47.35866,8.545908,3.0,75.2 m2,,5,yes,1,2090.0
LS-101970,D05,47.358066,8.501556,4.0,75.3 m2,,6,no,1,1475.0
LS-102709,D10,47.341632,8.540374,4.5,94.9 m2,1890.0,2,yes,1,1605.0
LS-102232,D05,47.360482,8.492317,2.0,39.9 m2,2015.0,5,no,1,1425.0
LS-102322,D02,47.383621,8.507161,4.0,137.1 m2,2006.0,3,no,0,2720.0
LS-102481,D05,47.351386,8.505035,4.0,81.0 m2,1949.0,7,yes,1,1560.0
LS-100811,D03,47.369931,8.536424,1.5,47.7 m2,1990.0,5,yes,1,1225.0
LS-101300,D04,47.353919,8.564481,2.5,71.6 m2,1915.0,0,yes,1,1850.0
LS-101335,D10,47.356031,8.536431,3.0,55.9 m2,1975.0,3,no,0,860.0
LS-102942,D12,47.382111,8.539656,3.5,84.6 m2,1905.0,7,yes,1,1835.0
LS-100260,D03,47.355844,8.531218,3.0,73.2 m2,,4,yes,1,1525.0
LS-101804,D09,47.356325,8.480306,2.0,65.7 m2,1900.0,3,yes,1,915.0
LS-101570,D02,47.371457,8.517089,3.5,83.5 m2,1890.0,8,yes,1,1835.0
LS-102229,D05,47.359036,8.47319,2.5,73.2 m2,1950.0,6,no,1,1075.0
LS-100184,D02,47.380441,8.508946,4.5,164.6 m2,2012.0,5,no,1,3345.0
LS-102454,D04,47.352267,8.567827,1.0,24.1 m2,1921.0,5,no,1,695.0
LS-101743,D11,47.376621,8.508177,3.5,75.9 m2,1969.0,8,yes,1,1760.0
LS-101630,D04,47.343198,8.567476,2.0,63.6 m2,2002.0,4,yes,1,1490.0
LS-101716,D03,47.35802,8.54254,4.0,127.2 m2,1923.0,7,no,1,2915.0
LS-100520,D08,47.410989,8.508602,3.5,90.5 m2,1981.0,1,yes,1,1275.0
LS-102428,D03,47.357988,8.522178,3.5,109.6 m2,2015.0,-99,yes,1,3025.0
LS-102016,D07,47.371813,8.484613,2.0,48.1 m2,1902.0,1,yes,1,670.0
LS-101658,D12,47.375271,8.551652,4.0,107.5 m2,1990.0,1,no,1,2125.0
LS-101612,D11,47.382435,8.480401,3.5,80.9 m2,2013.0,8,yes,1,1670.0
LS-102475,D05,47.360389,8.493929,2.0,49.4 m2,2017.0,4,no,1,1645.0
LS-102126,D05,47.357467,8.484718,3.5,109.8 m2,1977.0,7,yes,1,1960.0
LS-100203,D07,47.377699,8.477337,5.5,156.0 m2,1989.0,6,yes,1,2565.0
LS-100607,D01,47.375757,8.547761,3.5,70.9 m2,2005.0,5,yes,1,1510.0
LS-100230,D10,47.358642,8.521314,3.5,100.8 m2,1912.0,4,yes,1,2000.0
LS-100331,D08,47.396137,8.499199,2.5,71.6 m2,1984.0,7,yes,1,1185.0
LS-101440,D12,47.376597,8.564267,2.5,68.2 m2,1984.0,7,yes,1,1365.0
LS-101927,D03,47.372924,8.550793,4.0,80.2 m2,1925.0,3,yes,1,2140.0
LS-101091,D11,47.372823,8.503251,4.0,106.0 m2,,0,no,0,2125.0
LS-101101,D11,47.387047,8.500252,3.0,64.8 m2,1939.0,7,yes,1,1455.0
LS-101129,D11,47.385946,8.496143,3.5,78.6 m2,1972.0,0,yes,0,1360.0
LS-100461,D11,47.375162,8.476837,2.5,71.5 m2,1942.0,1,no,1,1085.0
LS-100958,D06,47.350816,8.5233,2.0,54.2 m2,1962.0,1,no,0,1340.0
LS-101662,D09,47.360541,8.483719,2.0,57.9 m2,1963.0,4,yes,1,1050.0
LS-100559,D10,47.350508,8.51736,4.0,98.4 m2,2015.0,3,no,0,2205.0
LS-102738,D10,47.349787,8.536225,2.0,66.0 m2,1924.0,1,no,0,760.0
LS-102214,D10,47.360525,8.519023,3.0,84.4 m2,1896.0,3,yes,0,1500.0
LS-101519,D07,47.379859,8.468459,4.0,123.4 m2,1899.0,1,yes,0,1610.0
LS-102140,D12,47.382725,8.554472,3.5,106.3 m2,1926.0,4,yes,1,2230.0
LS-102941,D10,47.365807,8.535428,3.0,69.0 m2,1999.0,7,yes,1,1815.0
LS-102032,D01,47.364761,8.537858,4.5,129.1 m2,1988.0,0,yes,1,2505.0
LS-102484,D02,47.376513,8.494714,4.0,70.0 m2,,6,yes,1,1395.0
LS-102538,D07,47.37445,8.464218,5.5,129.6 m2,1977.0,5,yes,1,2245.0
LS-100699,D06,47.360624,8.51735,2.5,86.6 m2,2002.0,5,yes,1,1995.0
LS-102097,D01,47.361441,8.539327,4.5,107.1 m2,1940.0,3,no,0,2145.0
LS-102882,D03,47.367542,8.541485,1.5,45.9 m2,1923.0,6,no,1,1350.0
LS-100069,D09,47.350717,8.469632,3.5,86.1 m2,1893.0,8,yes,1,1145.0
LS-101572,D10,47.356473,8.535163,3.5,80.4 m2,1905.0,4,yes,1,1615.0
LS-100808,D10,47.355045,8.541566,4.0,127.8 m2,1975.0,4,no,1,2340.0
LS-100011,D11,47.378224,8.488686,2.5,93.4 m2,1998.0,1,yes,1,1830.0
LS-102025,D10,47.360906,8.539028,2.5,67.7 m2,2007.0,0,yes,0,1375.0
LS-102192,D08,47.398358,8.509001,2.0,60.8 m2,1959.0,1,yes,1,905.0
LS-100917,D09,47.342296,8.480465,2.5,58.1 m2,1892.0,-99,yes,1,800.0
LS-101451,D08,47.393429,8.486163,4.5,129.7 m2,1999.0,4,no,0,1825.0
LS-102687,D09,47.357993,8.485042,4.0,81.0 m2,1923.0,8,no,1,1165.0
LS-100176,D02,47.368673,8.518894,3.0,68.2 m2,1922.0,5,yes,1,1840.0
LS-100994,D12,47.379569,8.535392,1.0,20.2 m2,1903.0,1,yes,1,850.0
LS-102488,D04,47.353855,8.562671,4.5,149.1 m2,1961.0,4,yes,1,3680.0
LS-102569,D09,47.354542,8.464288,3.5,121.7 m2,1896.0,7,yes,1,1295.0
LS-101255,D01,47.362569,8.539647,2.0,70.3 m2,2001.0,2,yes,0,1450.0
LS-101664,D02,47.374584,8.509588,3.0,77.2 m2,2010.0,7,no,1,1780.0
LS-102191,D04,47.350029,8.566988,1.5,47.4 m2,1953.0,7,yes,1,1175.0
LS-102801,D06,47.343191,8.521442,1.5,40.1 m2,1971.0,6,yes,1,985.0
LS-102567,D06,47.339287,8.518161,5.0,132.9 m2,1983.0,-99,yes,1,2540.0
LS-102773,D11,47.386434,8.491806,4.5,108.4 m2,1943.0,1,no,0,1670.0
LS-101790,D10,47.363213,8.535412,1.5,40.7 m2,1894.0,4,yes,1,1150.0
LS-102476,D08,47.407426,8.494479,2.5,85.6 m2,1916.0,5,yes,1,1330.0
LS-102660,D08,47.400673,8.49496,4.5,112.8 m2,1970.0,0,yes,1,1440.0
LS-100156,D04,47.353019,8.555839,3.0,90.1 m2,1944.0,1,no,0,2200.0
LS-102587,D04,47.350039,8.571722,5.5,130.6 m2,2007.0,0,yes,0,2720.0
LS-101460,D10,47.355342,8.526698,1.5,51.6 m2,1993.0,3,yes,0,965.0
LS-102046,D03,47.358998,8.541307,4.0,90.8 m2,1914.0,6,no,1,2160.0
LS-101850,D03,47.367099,8.535557,2.0,59.8 m2,1950.0,4,no,0,1470.0
LS-102509,D07,47.371528,8.474379,2.5,57.7 m2,2007.0,7,yes,1,920.0
LS-102624,D04,47.350316,8.566324,4.5,125.8 m2,1970.0,0,yes,0,2825.0
LS-102303,D06,47.345542,8.520409,3.5,78.2 m2,1942.0,2,yes,1,1655.0
LS-102005,D12,47.376305,8.543036,2.5,80.8 m2,1965.0,7,no,1,1820.0
LS-101185,D07,47.371862,8.474486,5.0,115.6 m2,1928.0,3,yes,1,1565.0
LS-101006,D05,47.359028,8.492429,3.5,87.9 m2,1948.0,7,no,1,1850.0
LS-100560,D04,47.347767,8.570732,2.0,56.1 m2,1933.0,6,no,1,1305.0
LS-102256,D01,47.37142,8.541773,2.0,48.3 m2,1948.0,7,yes,1,1065.0
LS-100910,D05,47.357083,8.478518,2.5,60.2 m2,1900.0,7,yes,1,1215.0
LS-101311,D01,47.369152,8.559663,1.0,29.3 m2,1941.0,1,no,1,610.0
LS-102049,D09,47.358434,8.477634,2.0,69.2 m2,1943.0,8,no,1,660.0
LS-100269,D06,47.340675,8.518024,4.0,76.9 sqm,1948.0,5,yes,1,1480.0
LS-101993,D09,47.361349,8.489607,1.0,32.2 m2,1941.0,1,yes,1,465.0
LS-100265,D04,47.353834,8.582414,5.5,138.8 sqm,1934.0,5,no,1,2805.0
LS-100914,D04,47.34592,8.566089,5.5,153.6 m2,1905.0,7,yes,1,3005.0
LS-102278,D04,47.343758,8.56584,3.5,117.5 m2,1979.0,7,yes,1,2255.0
LS-102231,D07,47.357647,8.464645,2.0,66.3 m2,1901.0,2,no,0,875.0
LS-102051,D04,47.344013,8.566875,1.0,39.0 m2,1999.0,3,no,1,775.0
LS-100873,D11,47.380838,8.491284,3.5,87.9 m2,1915.0,3,yes,0,1570.0
LS-102093,D12,47.381206,8.539213,3.5,92.3 m2,,0,no,0,1815.0
LS-102446,D03,47.36105,8.536258,3.5,97.6 m2,1997.0,2,yes,1,2680000.0
LS-100475,D11,47.377294,8.500519,3.0,80.0 m2,1931.0,2,yes,1,1800.0
LS-101652,D04,47.350417,8.562704,1.0,28.8 m2,,6,yes,1,565.0
LS-101960,D11,47.385463,8.489125,2.0,73.5 m2,1980.0,8,yes,1,1435.0
LS-100045,D12,47.371202,8.55636,2.5,93.4 m2,1929.0,6,yes,1,2185.0
LS-100161,D10,47.356931,8.52173,4.5,88.4 m2,1934.0,2,no,1,2000.0
LS-102775,D09,47.353678,8.466498,4.0,97.3 m2,1944.0,7,yes,1,1120.0
LS-102677,D10,47.352428,8.536058,5.0,141.9 m2,1975.0,4,no,0,2525.0
LS-100288,D12,47.370969,8.547627,3.0,88.6 m2,1892.0,2,no,0,1650.0
LS-102264,D02,47.37498,8.496042,2.0,64.2 sqm,,2,no,0,1400.0
LS-101948,D11,47.381596,8.504667,2.0,71.4 m2,1928.0,3,yes,0,1475.0
LS-100575,D10,47.352304,8.542963,2.0,53.8 m2,1937.0,3,no,0,950.0
LS-100850,D01,47.375424,8.551127,2.0,79.6 m2,1957.0,5,no,1,1650.0
LS-100911,D04,47.343119,8.57916,2.0,57.8 m2,,8,no,1,1325.0
LS-101254,D09,47.356048,8.4719,5.0,100.2 m2,1953.0,1,yes,0,1150.0
LS-101833,D10,47.343923,8.532318,3.0,89.1 m2,2006.0,0,yes,1,1565.0
LS-101722,D02,47.377595,8.501237,4.5,109.5 m2,2014.0,3,no,1,1990.0
LS-102133,D04,47.343712,8.560441,2.0,48.6 m2,1975.0,1,no,0,1075.0
LS-101735,D10,47.35056,8.535958,3.0,88.8 m2,1998.0,2,no,1,1480.0
LS-100932,D06,47.34684,8.526445,5.5,130.8 m2,1917.0,4,no,0,2300.0
LS-101100,D09,47.35854,8.473039,3.5,110.1 m2,1996.0,0,yes,1,1565.0
LS-101207,D11,47.376289,8.496923,4.5,109.4 m2,2015.0,7,no,1,2520.0
LS-102295,D08,47.413569,8.496339,3.5,102.0 m2,2009.0,-99,no,1,1425.0
LS-101843,D12,47.384005,8.546139,1.0,29.9 m2,2022.0,7,no,1,1450.0
LS-101848,D05,47.353276,8.498465,2.5,65.8 m2,2013.0,3,no,0,1560.0
LS-102524,D02,47.377349,8.515427,1.5,30.9 m2,1963.0,0,yes,0,450.0
LS-101694,D11,47.373555,8.502056,3.5,118.9 m2,1941.0,6,no,1,2355.0
LS-100085,D07,47.375623,8.459644,1.0,26.5 m2,1939.0,0,no,0,450.0
LS-100469,D08,47.399406,8.48885,3.5,81.0 m2,,5,yes,1,1310.0
LS-102273,D01,47.36619,8.548397,3.0,97.7 m2,1910.0,5,no,1,1925.0
LS-102822,D01,47.373092,8.562875,4.0,75.3 m2,1982.0,7,yes,1,1455.0
LS-102379,D07,47.382518,8.47357,2.0,48.9 m2,1925.0,-99,yes,0,765.0
LS-100233,D09,47.352141,8.465892,3.0,86.3 m2,2016.0,3,no,1,1485.0
LS-102636,D08,47.392383,8.495277,2.0,56.1 m2,1967.0,1,no,1,960000.0
LS-102523,D10,47.357467,8.53765,2.5,64.3 m2,1966.0,6,yes,1,1290.0
LS-102037,D11,47.383099,8.49359,1.5,40.1 m2,1962.0,1,yes,0,760.0
LS-102647,D02,47.368946,8.50564,3.0,81.5 m2,1904.0,-99,yes,1,1495.0
LS-102469,D08,47.395126,8.4911,3.0,76.8 m2,,7,yes,1,1185.0
LS-101711,D11,47.385023,8.495357,3.5,101.1 m2,1919.0,8,no,1,1580.0
LS-100182,D11,47.382843,8.483258,5.0,129.5 m2,1953.0,5,yes,1,2315.0
LS-100988,D03,47.368407,8.55328,1.0,35.9 m2,,1,yes,1,850.0
LS-101000,D02,47.368056,8.517966,4.0,93.8 m2,1941.0,7,yes,1,2145.0
LS-101641,D08,47.405442,8.498971,4.5,126.8 m2,2002.0,0,yes,0,1715.0
LS-101356,D04,47.356599,8.562076,2.0,66.0 m2,1979.0,5,no,1,1755.0
LS-101462,D03,47.368942,8.535016,3.5,88.2 m2,1912.0,8,yes,1,2365.0
LS-100049,D08,47.403469,8.481972,4.0,125.0 m2,2012.0,-99,yes,1,1685.0
LS-102947,D01,47.383108,8.566267,2.5,53.9 m2,2010.0,1,yes,0,1005000.0
LS-102577,D08,47.402192,8.492828,3.5,102.4 m2,1906.0,4,yes,0,1530.0
LS-101258,D06,47.345903,8.528157,2.5,50.8 m2,1944.0,1,yes,0,975.0
LS-100486,D07,47.363814,8.469209,3.5,105.0 m2,2023.0,2,no,0,1985.0
LS-102179,D10,47.359041,8.543636,4.5,101.1 m2,1903.0,2,yes,1,1695.0
LS-102545,D10,47.356081,8.529419,4.0,66.3 m2,1928.0,8,no,1,1155.0
LS-101908,D06,47.3429,8.526463,3.5,105.9 m2,1954.0,-99,no,0,1910.0
LS-100106,D03,47.359997,8.537237,1.5,51.9 m2,1939.0,8,yes,1,1470.0
LS-100443,D10,47.35361,8.528153,1.5,44.9 m2,1972.0,-99,yes,1,990.0
LS-101954,D04,47.342859,8.561652,5.0,126.9 m2,1959.0,6,no,1,3065.0
LS-100646,D02,47.380269,8.507612,4.5,107.1 m2,1992.0,7,yes,1,2250.0
LS-101762,D04,47.356363,8.558933,3.0,87.6 m2,2002.0,6,no,1,2390.0
LS-100726,D11,47.388048,8.499731,5.0,144.9 m2,1964.0,2,yes,1,2795.0
LS-102238,D06,47.34525,8.519056,4.5,122.5 m2,1967.0,3,no,0,2335.0
LS-101856,D09,47.364484,8.49357,5.0,164.0 m2,1924.0,5,yes,1,2250.0
LS-102330,D02,47.382766,8.512182,2.5,60.7 m2,1926.0,7,no,1,1550.0
LS-100029,D05,47.376563,8.493332,4.5,132.5 m2,1918.0,4,no,0,2565.0
LS-100169,D01,47.369681,8.548324,4.5,81.0 m2,1988.0,1,no,0,1545.0
LS-101001,D02,47.380746,8.51175,4.5,143.3 m2,1969.0,4,yes,0,2665.0
LS-102148,D03,47.367098,8.54101,3.5,69.0 m2,1952.0,0,yes,1,1770.0
LS-100197,D12,47.381621,8.538379,2.0,49.6 m2,1924.0,3,yes,1,1205.0
LS-100495,D07,47.3663,8.471217,5.0,140.9 m2,2014.0,7,yes,1,2235.0
LS-102026,D06,47.335712,8.52658,3.0,85.4 m2,1900.0,8,yes,1,1535.0
LS-100647,D09,47.361355,8.473797,4.0,90.1 m2,2019.0,8,yes,1,1750.0
LS-100044,D07,47.376885,8.466822,2.0,43.8 m2,1949.0,3,yes,1,580.0
LS-102758,D04,47.344206,8.56844,3.5,54.9 sqm,2010.0,6,yes,1,1525.0
LS-100373,D07,47.375532,8.4781,3.0,62.1 m2,1971.0,8,yes,1,1245.0
LS-100678,D09,47.368883,8.466459,3.0,84.1 m2,1924.0,2,no,1,860.0
LS-100566,D01,47.370694,8.545854,4.0,75.9 m2,2020.0,7,yes,1,2345.0
LS-102895,D02,47.369876,8.521425,4.5,99.4 sqm,1990.0,6,yes,1,2495.0
LS-100460,D09,47.353264,8.473947,4.0,101.5 m2,1915.0,8,yes,1,1215.0
LS-101932,D01,47.368021,8.544357,2.0,61.6 m2,1983.0,6,yes,1,1445.0
LS-101155,D05,47.363105,8.493769,4.5,100.2 m2,1969.0,8,yes,1,1815.0
LS-100039,D02,47.374893,8.509787,2.0,50.8 sqm,1954.0,5,no,1,1090.0
LS-102482,D10,47.351641,8.540579,3.0,94.9 m2,1919.0,5,no,1,1725.0
LS-100973,D04,47.344217,8.561285,5.5,130.6 m2,,5,yes,1,3085.0
LS-101786,D11,47.383884,8.494668,3.0,74.8 m2,1931.0,2,yes,1,1590.0
LS-101498,D03,47.365931,8.555405,4.0,110.5 m2,1927.0,5,no,1,2595.0
LS-102504,D03,47.363174,8.536231,4.0,107.2 m2,1953.0,1,yes,0,2720.0
LS-101835,D01,47.370224,8.554709,5.5,160.4 m2,,3,yes,0,2920.0
LS-102308,D12,47.375748,8.546165,2.5,68.3 m2,1894.0,3,yes,0,1510.0
LS-101840,D04,47.360903,8.559723,1.0,18.9 m2,2023.0,1,no,0,1005.0
LS-102083,D09,47.357587,8.482969,3.5,96.8 m2,2020.0,1,no,1,1690.0
LS-100827,D10,47.355926,8.52975,4.5,117.0 m2,1962.0,0,yes,0,2165.0
LS-101935,D07,47.370312,8.473658,4.0,121.7 m2,2016.0,8,no,1,2590.0
LS-102044,D09,47.356134,8.460581,1.0,38.4 m2,1935.0,1,yes,1,560.0
LS-100309,D03,47.360973,8.541805,3.5,90.9 m2,1946.0,-99,yes,0,2270.0
LS-100276,D09,47.363076,8.47223,3.5,88.6 m2,2014.0,6,no,1,1120.0
LS-100636,D11,47.376657,8.486685,2.5,85.3 m2,1958.0,8,no,1,1420.0
LS-100654,D10,47.365247,8.545793,3.5,84.2 m2,1916.0,8,no,1,1915.0
LS-100622,D04,47.351884,8.557808,3.5,66.9 m2,2013.0,6,no,1,2015.0
LS-101859,D07,47.373367,8.479219,2.5,65.3 m2,,7,yes,1,1425.0
LS-100844,D03,47.365498,8.53859,4.0,91.6 m2,,5,no,1,2315.0
LS-100393,D11,47.381871,8.488517,3.0,76.3 m2,2014.0,3,no,0,1145.0
LS-102155,D07,47.371807,8.470849,3.0,76.2 m2,1990.0,3,yes,0,1050.0
LS-100349,D05,47.365807,8.5118,2.5,59.8 m2,,2,yes,0,1460.0
LS-102572,D03,47.350953,8.524016,4.0,115.6 m2,2017.0,2,no,1,2495.0
LS-100784,D01,47.359873,8.55395,3.0,98.4 m2,1931.0,3,no,0,1690.0
LS-100047,D08,47.402859,8.491016,4.0,113.8 m2,2015.0,5,yes,1,2085.0
LS-101978,D12,47.375717,8.5634,2.5,60.3 m2,2021.0,4,yes,1,1770.0
LS-102251,D06,47.338825,8.52979,3.0,66.4 m2,,2,yes,0,1405.0
LS-101655,D05,47.363822,8.482895,2.0,61.1 m2,1970.0,2,no,1,1115.0
LS-102069,D07,47.372219,8.47533,5.5,132.4 m2,2007.0,5,no,1,2260.0
LS-100402,D08,47.400489,8.489964,4.5,77.4 m2,1960.0,2,no,0,790.0
LS-101107,D08,47.399853,8.485057,4.0,116.7 sqm,1976.0,4,no,0,1435.0
LS-101154,D03,47.366177,8.536299,4.5,104.3 m2,1978.0,4,yes,0,2795.0
LS-101439,D04,47.354853,8.565591,3.0,67.7 m2,2013.0,8,yes,1,1985.0
LS-100325,D12,47.382331,8.566602,4.5,141.9 m2,1999.0,3,no,1,2400.0
LS-102001,D01,47.367824,8.545598,1.5,59.3 m2,1982.0,1,yes,0,1315.0
LS-100989,D04,47.348445,8.550041,3.5,74.1 m2,1906.0,1,yes,1,1700.0
LS-101865,D04,47.342783,8.550645,5.0,131.7 m2,1915.0,7,no,1,2830.0
LS-102789,D12,47.379291,8.550378,3.5,83.1 m2,1935.0,2,yes,0,1575.0
LS-101310,D05,47.362328,8.502764,1.5,35.2 m2,1949.0,1,yes,1,705.0
LS-100033,D01,47.369344,8.539503,3.0,101.9 m2,1891.0,8,yes,1,2535.0
LS-100787,D07,47.372534,8.473015,3.0,69.5 m2,,6,no,1,1140.0
LS-102971,D02,47.367987,8.505697,2.5,62.5 m2,1987.0,-99,yes,1,1350.0
LS-101043,D01,47.361993,8.557783,2.5,64.1 m2,2009.0,7,no,1,1380.0
LS-100481,D02,47.380345,8.499831,2.0,55.8 m2,1973.0,7,no,1,1135.0
LS-101243,D04,47.344852,8.567126,3.0,81.8 m2,1956.0,2,no,1,1460.0
LS-102627,D08,47.405547,8.494663,3.5,68.1 m2,1921.0,3,yes,1,1165.0
LS-102529,D04,47.34906,8.560487,1.0,38.3 m2,2022.0,4,yes,0,1510.0
LS-100931,D10,47.358727,8.516853,2.0,58.3 m2,1893.0,8,yes,1,1200.0
LS-102404,D05,47.357061,8.488806,3.0,64.8 m2,1927.0,3,yes,0,1325.0
LS-101685,D03,47.364399,8.52964,5.0,123.7 m2,2003.0,5,yes,1,2940.0
LS-101248,D11,47.383569,8.504785,1.5,55.8 m2,1914.0,-99,yes,1,1240000.0
LS-100759,D09,47.352042,8.479415,3.0,88.8 m2,1954.0,8,yes,1,1295.0
LS-100092,D03,47.351017,8.523947,2.5,80.3 m2,1921.0,4,yes,0,1600.0
LS-101175,D04,47.343877,8.568065,4.5,116.8 m2,2010.0,4,yes,1,2285.0
LS-101415,D02,47.37321,8.513744,4.5,111.6 m2,2014.0,2,yes,1,2285.0
LS-101341,D07,47.372742,8.475944,4.0,106.7 m2,2003.0,4,yes,1,1850.0
LS-101472,D05,47.360148,8.485402,4.5,117.3 m2,1957.0,0,no,1,2060.0
LS-102851,D07,47.375147,8.472338,3.5,96.4 m2,1932.0,5,no,1,1630.0
LS-102793,D10,47.357752,8.535433,4.0,100.6 m2,1890.0,5,no,1,2080.0
LS-102327,D03,47.362256,8.531861,2.0,56.3 m2,1914.0,1,no,0,1230.0
LS-101607,D08,47.395196,8.508877,4.5,111.4 m2,1912.0,1,no,1,1345.0
LS-100764,D06,47.342108,8.519042,3.5,90.6 m2,1989.0,5,no,1,1715.0
LS-102652,D05,47.346193,8.485786,2.0,55.0 m2,2008.0,6,yes,1,1240.0
LS-101389,D03,47.358988,8.530877,4.5,141.8 m2,1912.0,2,no,1,2985.0
LS-101373,D12,47.384209,8.560904,3.0,97.6 m2,1918.0,6,no,1,1805.0
LS-101951,D02,47.375608,8.493931,3.5,82.2 sqm,1936.0,8,yes,1,1575.0
LS-102448,D06,47.345543,8.526542,1.5,34.6 m2,1938.0,5,yes,1,995.0
LS-101728,D12,47.371568,8.550139,4.0,92.4 m2,2018.0,-99,no,1,2675.0
LS-100257,D08,47.408293,8.492551,3.0,81.4 m2,1997.0,5,yes,1,1610.0
LS-100944,D04,47.343705,8.569889,3.0,98.6 m2,,0,yes,0,2045.0
LS-101219,D09,47.352909,8.488474,4.0,143.9 m2,1904.0,8,no,1,1805.0
LS-101161,D03,47.368498,8.540277,2.5,81.6 m2,1915.0,7,yes,1,2325.0
LS-102542,D12,47.392593,8.553546,3.0,101.7 m2,2015.0,5,no,1,2145.0
LS-100772,D02,47.379788,8.515662,2.5,78.9 m2,,3,yes,0,1780.0
LS-102598,D08,47.401601,8.500575,1.5,51.1 m2,1962.0,2,yes,1,775.0
LS-101486,D09,47.352727,8.475105,3.5,109.4 m2,1906.0,2,no,1,1390.0
LS-102249,D10,47.361325,8.545248,3.0,103.2 m2,2002.0,0,no,0,1955.0
LS-100312,D03,47.363805,8.550723,4.0,97.8 m2,1909.0,0,no,0,2070.0
LS-100290,D09,47.355531,8.465207,2.5,52.4 m2,2002.0,6,yes,1,855.0
LS-100763,D05,47.365749,8.509262,5.5,129.6 m2,1970.0,1,no,1,2680.0
LS-102997,D03,47.354181,8.540265,1.0,27.9 m2,,2,yes,1,765.0
LS-100183,D05,47.345822,8.489161,4.5,127.1 m2,1923.0,2,yes,1,1985.0
LS-101176,D09,47.351313,8.472301,5.0,130.0 m2,1921.0,5,no,1,1385.0
LS-101349,D10,47.352518,8.525266,3.5,96.2 m2,1961.0,5,yes,1,1840.0
LS-102298,D07,47.36959,8.473137,3.5,102.6 m2,1924.0,4,yes,1,1485.0
LS-102871,D09,47.356584,8.457281,4.0,112.8 m2,1993.0,1,yes,1,1515.0
LS-101099,D10,47.352559,8.520115,2.0,57.2 m2,1926.0,-99,yes,0,1105.0
LS-102988,D11,47.379568,8.498725,4.0,107.9 m2,1956.0,3,no,1,2145.0
LS-100391,D09,47.362568,8.481659,3.0,72.7 m2,,5,yes,1,1240.0
LS-101919,D11,47.379688,8.494843,3.5,79.5 m2,1938.0,0,no,1,1625.0
LS-101456,D04,47.347631,8.568138,3.0,72.4 m2,2007.0,0,no,1,1585000.0
LS-101092,D02,47.370802,8.50954,2.5,65.0 m2,1991.0,2,no,0,1290.0
LS-102022,D10,47.348352,8.532912,2.0,62.0 m2,1975.0,0,yes,1,1045.0
LS-100904,D10,47.357979,8.546379,3.5,97.5 m2,1976.0,2,no,1,2110.0
LS-102778,D08,47.403192,8.486171,2.0,50.7 m2,1935.0,0,yes,1,765.0
LS-102602,D04,47.345419,8.571325,2.5,75.5 m2,,4,no,1,1365.0
LS-100366,D10,47.350204,8.53043,4.0,109.3 m2,2001.0,0,yes,0,1800.0
LS-100345,D11,47.388369,8.495926,4.5,113.8 m2,1929.0,7,yes,1,2120.0
LS-102583,D01,47.373306,8.553875,5.5,130.4 m2,2018.0,8,no,1,2965.0
LS-101372,D09,47.359847,8.474072,2.0,49.8 sqm,1996.0,4,no,0,450.0
LS-101639,D04,47.353756,8.544946,2.5,65.9 m2,1974.0,2,yes,0,1850.0
LS-100919,D01,47.365792,8.553509,5.0,103.5 m2,,7,yes,1,2245.0
LS-100211,D07,47.372492,8.478369,1.0,29.5 m2,1948.0,7,no,1,450.0
LS-101603,D10,47.360542,8.534191,4.0,88.8 m2,1911.0,8,no,1,1830.0
LS-102550,D01,47.373824,8.547161,2.0,55.4 m2,1988.0,7,yes,1,1455.0
LS-100537,D09,47.358528,8.471385,4.0,117.4 m2,1909.0,-99,no,0,1365.0
LS-101220,D03,47.363934,8.54189,4.0,125.6 m2,1928.0,0,yes,1,3240.0
LS-100175,D07,47.376202,8.473154,3.0,85.1 m2,1933.0,1,yes,0,1335.0
