"StichtagDatJahr","StichtagDatMonat","RaumeinheitSort","RaumeinheitLang","GliederungSort","GliederungLang","ZimmerSort","ZimmerLang","GemeinnuetzigSort","GemeinnuetzigLang","EinheitSort","EinheitLang","PreisartSort","PreisartLang","mean","meanl","meanu","qu25","qu25l","qu25u","qu50","qu50l","qu50u","qu75","qu75l","qu75u","Domain","Sample1","Sample2"
2022,"2022.04",1,"Ganze Stadt",0,"Ganze Stadt",2,"2 Zimmer",1,"Gemeinnützig",1,"Wohnung",1,"netto",925,917,933,706,700,716,868,862,880,1065,1057,1083,11106,7152,504
2024,"2024.04",1,"Ganze Stadt",0,"Ganze Stadt",2,"2 Zimmer",1,"Gemeinnützig",1,"Wohnung",1,"netto",987,978,996,766,759,776,932,925,943,1139,1132,1156,11437,7430,461
2022,"2022.04",1,"Ganze Stadt",0,"Ganze Stadt",3,"3 Zimmer",1,"Gemeinnützig",1,"Wohnung",1,"netto",1027,1018,1035,773,766,782,964,953,974,1198,1186,1211,22955,14593,605
2024,"2024.04",1,"Ganze Stadt",0,"Ganze Stadt",3,"3 Zimmer",1,"Gemeinnützig",1,"Wohnung",1,"netto",1095,1089,1102,841,832,850,1022,1014,1035,1280,1269,1288,23071,15107,620
2022,"2022.04",1,"Ganze Stadt",0,"Ganze Stadt",4,"4 Zimmer",1,"Gemeinnützig",1,"Wohnung",1,"netto",1342,1334,1350,1043,1030,1057,1295,1286,1312,1578,1565,1599,14925,9246,604
2024,"2024.04",1,"Ganze Stadt",0,"Ganze Stadt",4,"4 Zimmer",1,"Gemeinnützig",1,"Wohnung",1,"netto",1441,1431,1452,1133,1120,1147,1403,1390,1418,1696,1682,1715,14957,9478,580
2022,"2022.04",1,"Ganze Stadt",0,"Ganze Stadt",2,"2 Zimmer",2,"Nicht gemeinnützig",1,"Wohnung",1,"netto",1579,1560,1598,1225,1210,1245,1466,1450,1500,1858,1820,1900,35586,6336,1210
2024,"2024.04",1,"Ganze Stadt",0,"Ganze Stadt",2,"2 Zimmer",2,"Nicht gemeinnützig",1,"Wohnung",1,"netto",1692,1678,1706,1300,1281,1325,1578,1559,1600,1992,1966,2022,35728,7237,1786
2022,"2022.04",1,"Ganze Stadt",0,"Ganze Stadt",3,"3 Zimmer",2,"Nicht gemeinnützig",1,"Wohnung",1,"netto",1856,1833,1878,1392,1369,1410,1713,1691,1741,2206,2169,2245,51225,8700,1260
2024,"2024.04",1,"Ganze Stadt",0,"Ganze Stadt",3,"3 Zimmer",2,"Nicht gemeinnützig",1,"Wohnung",1,"netto",2006,1989,2024,1492,1467,1516,1875,1850,1900,2400,2363,2437,50539,9132,1836
2022,"2022.04",1,"Ganze Stadt",0,"Ganze Stadt",4,"4 Zimmer",2,"Nicht gemeinnützig",1,"Wohnung",1,"netto",2321,2291,2352,1714,1669,1754,2171,2128,2200,2750,2700,2820,25972,4545,1053
2024,"2024.04",1,"Ganze Stadt",0,"Ganze Stadt",4,"4 Zimmer",2,"Nicht gemeinnützig",1,"Wohnung",1,"netto",2450,2424,2476,1798,1759,1837,2300,2272,2350,2948,2898,3010,25502,4670,1514
2022,"2022.04",1,"Ganze Stadt",1,"Neubau bis 2 Jahre",2,"2 Zimmer",1,"Gemeinnützig",1,"Wohnung",1,"netto",1211,1172,1251,1045,954,1098,1146,1122,1185,1313,1250,1355,420,280,24
2024,"2024.04",1,"Ganze Stadt",1,"Neubau bis 2 Jahre",2,"2 Zimmer",1,"Gemeinnützig",1,"Wohnung",1,"netto",1232,1189,1275,1090,1061,1110,1160,1120,1203,1316,1204,1475,372,159,13
2022,"2022.04",1,"Ganze Stadt",1,"Neubau bis 2 Jahre",3,"3 Zimmer",1,"Gemeinnützig",1,"Wohnung",1,"netto",1387,1323,1451,1182,1171,1292,1305,1285,1439,1537,1464,1575,607,360,13
2024,"2024.04",1,"Ganze Stadt",1,"Neubau bis 2 Jahre",3,"3 Zimmer",1,"Gemeinnützig",1,"Wohnung",1,"netto",1505,1467,1542,1350,1327,1372,1455,1410,1500,1650,1500,1707,446,234,15
2022,"2022.04",1,"Ganze Stadt",1,"Neubau bis 2 Jahre",4,"4 Zimmer",1,"Gemeinnützig",1,"Wohnung",1,"netto",1635,1572,1698,1372,1275,1460,1530,1490,1628,1768,1729,1806,532,304,12
2024,"2024.04",1,"Ganze Stadt",1,"Neubau bis 2 Jahre",4,"4 Zimmer",1,"Gemeinnützig",1,"Wohnung",1,"netto",1777,1739,1814,1504,1494,1606,1744,1720,1797,1960,1855,1980,372,234,4
2022,"2022.04",1,"Ganze Stadt",1,"Neubau bis 2 Jahre",2,"2 Zimmer",2,"Nicht gemeinnützig",1,"Wohnung",1,"netto",2095,2004,2186,1869,1750,1988,2060,1950,2180,2312,2179,2490,1078,208,36
2024,"2024.04",1,"Ganze Stadt",1,"Neubau bis 2 Jahre",2,"2 Zimmer",2,"Nicht gemeinnützig",1,"Wohnung",1,"netto",2377,2272,2483,2100,2008,2202,2302,2202,2490,2693,2549,2849,1123,193,39
2022,"2022.04",1,"Ganze Stadt",1,"Neubau bis 2 Jahre",3,"3 Zimmer",2,"Nicht gemeinnützig",1,"Wohnung",1,"netto",2823,2626,3021,2534,2132,2685,2799,2634,3017,3130,2960,3287,1055,133,26
2024,"2024.04",1,"Ganze Stadt",1,"Neubau bis 2 Jahre",3,"3 Zimmer",2,"Nicht gemeinnützig",1,"Wohnung",1,"netto",2854,2725,2984,2609,2469,2677,2755,2686,2950,3091,2908,3289,1248,259,44
2022,"2022.04",1,"Ganze Stadt",1,"Neubau bis 2 Jahre",4,"4 Zimmer",2,"Nicht gemeinnützig",1,"Wohnung",1,"netto",3383,3252,3514,3071,2829,3314,3354,3165,3510,3543,3506,3629,617,144,21
2024,"2024.04",1,"Ganze Stadt",1,"Neubau bis 2 Jahre",4,"4 Zimmer",2,"Nicht gemeinnützig",1,"Wohnung",1,"netto",3523,3342,3704,3318,2813,3481,3481,3402,3579,3861,3500,4510,508,61,26
2022,"2022.04",1,"Ganze Stadt",2,"Neubezug bis 2 Jahre",2,"2 Zimmer",1,"Gemeinnützig",1,"Wohnung",1,"netto",930,913,947,695,679,715,859,837,894,1083,1051,1121,1924,1174,103
2024,"2024.04",1,"Ganze Stadt",2,"Neubezug bis 2 Jahre",2,"2 Zimmer",1,"Gemeinnützig",1,"Wohnung",1,"netto",980,960,999,728,714,751,891,874,925,1137,1108,1172,1976,1258,82
2022,"2022.04",1,"Ganze Stadt",2,"Neubezug bis 2 Jahre",3,"3 Zimmer",1,"Gemeinnützig",1,"Wohnung",1,"netto",1018,989,1048,742,723,763,918,893,945,1187,1150,1218,3520,2205,74
2024,"2024.04",1,"Ganze Stadt",2,"Neubezug bis 2 Jahre",3,"3 Zimmer",1,"Gemeinnützig",1,"Wohnung",1,"netto",1076,1057,1094,779,762,812,970,946,996,1308,1251,1351,3779,2504,95
2022,"2022.04",1,"Ganze Stadt",2,"Neubezug bis 2 Jahre",4,"4 Zimmer",1,"Gemeinnützig",1,"Wohnung",1,"netto",1333,1311,1355,995,927,1025,1236,1217,1270,1592,1544,1644,1567,937,49
2024,"2024.04",1,"Ganze Stadt",2,"Neubezug bis 2 Jahre",4,"4 Zimmer",1,"Gemeinnützig",1,"Wohnung",1,"netto",1433,1399,1468,1081,1050,1123,1357,1300,1402,1731,1625,1826,1665,1014,66
2022,"2022.04",1,"Ganze Stadt",2,"Neubezug bis 2 Jahre",2,"2 Zimmer",2,"Nicht gemeinnützig",1,"Wohnung",1,"netto",1729,1696,1762,1400,1382,1430,1600,1560,1690,2050,1974,2116,11258,1892,370
2024,"2024.04",1,"Ganze Stadt",2,"Neubezug bis 2 Jahre",2,"2 Zimmer",2,"Nicht gemeinnützig",1,"Wohnung",1,"netto",1824,1796,1851,1428,1395,1459,1732,1684,1769,2112,2052,2187,10824,2203,560
2022,"2022.04",1,"Ganze Stadt",2,"Neubezug bis 2 Jahre",3,"3 Zimmer",2,"Nicht gemeinnützig",1,"Wohnung",1,"netto",2037,1989,2086,1572,1518,1610,1943,1870,2000,2360,2300,2450,13397,2104,347
2024,"2024.04",1,"Ganze Stadt",2,"Neubezug bis 2 Jahre",3,"3 Zimmer",2,"Nicht gemeinnützig",1,"Wohnung",1,"netto",2205,2168,2242,1716,1650,1757,2090,2028,2123,2550,2460,2620,12682,2242,471
2022,"2022.04",1,"Ganze Stadt",2,"Neubezug bis 2 Jahre",4,"4 Zimmer",2,"Nicht gemeinnützig",1,"Wohnung",1,"netto",2570,2499,2640,1920,1870,1980,2421,2317,2590,3070,2950,3189,5418,908,239
2024,"2024.04",1,"Ganze Stadt",2,"Neubezug bis 2 Jahre",4,"4 Zimmer",2,"Nicht gemeinnützig",1,"Wohnung",1,"netto",2706,2641,2772,2024,1979,2117,2560,2500,2690,3213,3084,3350,5142,898,348
2022,"2022.04",1,"Ganze Stadt",3,"Bestand Mietverträge 3-10 Jahre",2,"2 Zimmer",1,"Gemeinnützig",1,"Wohnung",1,"netto",962,948,977,737,724,750,903,885,913,1125,1111,1155,4894,3127,218
2024,"2024.04",1,"Ganze Stadt",3,"Bestand Mietverträge 3-10 Jahre",2,"2 Zimmer",1,"Gemeinnützig",1,"Wohnung",1,"netto",1030,1015,1045,801,785,816,974,961,991,1192,1165,1221,5113,3320,217
2022,"2022.04",1,"Ganze Stadt",3,"Bestand Mietverträge 3-10 Jahre",3,"3 Zimmer",1,"Gemeinnützig",1,"Wohnung",1,"netto",1079,1066,1093,790,781,808,998,990,1024,1288,1262,1311,9305,5902,269
2024,"2024.04",1,"Ganze Stadt",3,"Bestand Mietverträge 3-10 Jahre",3,"3 Zimmer",1,"Gemeinnützig",1,"Wohnung",1,"netto",1148,1138,1159,867,853,886,1081,1062,1105,1338,1313,1380,9363,6111,261
2022,"2022.04",1,"Ganze Stadt",3,"Bestand Mietverträge 3-10 Jahre",4,"4 Zimmer",1,"Gemeinnützig",1,"Wohnung",1,"netto",1427,1412,1442,1087,1067,1116,1425,1400,1449,1711,1693,1733,6042,3709,243
2024,"2024.04",1,"Ganze Stadt",3,"Bestand Mietverträge 3-10 Jahre",4,"4 Zimmer",1,"Gemeinnützig",1,"Wohnung",1,"netto",1515,1500,1530,1196,1177,1220,1488,1470,1509,1775,1751,1803,5895,3653,228
2022,"2022.04",1,"Ganze Stadt",3,"Bestand Mietverträge 3-10 Jahre",2,"2 Zimmer",2,"Nicht gemeinnützig",1,"Wohnung",1,"netto",1600,1572,1628,1261,1230,1300,1500,1466,1544,1819,1770,1884,15161,2775,535
2024,"2024.04",1,"Ganze Stadt",3,"Bestand Mietverträge 3-10 Jahre",2,"2 Zimmer",2,"Nicht gemeinnützig",1,"Wohnung",1,"netto",1746,1726,1767,1370,1351,1400,1630,1600,1675,2032,1990,2090,16066,3290,812
2022,"2022.04",1,"Ganze Stadt",3,"Bestand Mietverträge 3-10 Jahre",3,"3 Zimmer",2,"Nicht gemeinnützig",1,"Wohnung",1,"netto",1963,1929,1997,1500,1469,1546,1800,1761,1850,2292,2240,2360,22161,3828,515
2024,"2024.04",1,"Ganze Stadt",3,"Bestand Mietverträge 3-10 Jahre",3,"3 Zimmer",2,"Nicht gemeinnützig",1,"Wohnung",1,"netto",2122,2095,2149,1620,1585,1655,1972,1940,2026,2490,2442,2528,22671,4061,817
2022,"2022.04",1,"Ganze Stadt",3,"Bestand Mietverträge 3-10 Jahre",4,"4 Zimmer",2,"Nicht gemeinnützig",1,"Wohnung",1,"netto",2480,2429,2531,1900,1850,1950,2310,2271,2373,2870,2750,2942,10940,1893,432
2024,"2024.04",1,"Ganze Stadt",3,"Bestand Mietverträge 3-10 Jahre",4,"4 Zimmer",2,"Nicht gemeinnützig",1,"Wohnung",1,"netto",2646,2607,2686,2068,2003,2112,2517,2453,2579,3123,3051,3200,11081,2088,653
2022,"2022.04",1,"Ganze Stadt",4,"Bestand Mietverträge 11-20 Jahre",2,"2 Zimmer",1,"Gemeinnützig",1,"Wohnung",1,"netto",864,850,877,681,674,696,828,807,848,985,959,1018,2294,1550,107
2024,"2024.04",1,"Ganze Stadt",4,"Bestand Mietverträge 11-20 Jahre",2,"2 Zimmer",1,"Gemeinnützig",1,"Wohnung",1,"netto",942,921,963,757,737,776,910,890,925,1086,1058,1108,2381,1626,89
2022,"2022.04",1,"Ganze Stadt",4,"Bestand Mietverträge 11-20 Jahre",3,"3 Zimmer",1,"Gemeinnützig",1,"Wohnung",1,"netto",1001,986,1016,765,747,785,942,916,971,1172,1148,1200,4946,3236,152
2024,"2024.04",1,"Ganze Stadt",4,"Bestand Mietverträge 11-20 Jahre",3,"3 Zimmer",1,"Gemeinnützig",1,"Wohnung",1,"netto",1084,1072,1097,856,845,880,1027,1013,1057,1282,1267,1303,5073,3394,132
2022,"2022.04",1,"Ganze Stadt",4,"Bestand Mietverträge 11-20 Jahre",4,"4 Zimmer",1,"Gemeinnützig",1,"Wohnung",1,"netto",1321,1306,1335,1073,1045,1105,1302,1285,1323,1529,1511,1551,3935,2596,145
2024,"2024.04",1,"Ganze Stadt",4,"Bestand Mietverträge 11-20 Jahre",4,"4 Zimmer",1,"Gemeinnützig",1,"Wohnung",1,"netto",1446,1426,1466,1164,1137,1191,1427,1402,1448,1662,1635,1693,4218,2837,154
2022,"2022.04",1,"Ganze Stadt",4,"Bestand Mietverträge 11-20 Jahre",2,"2 Zimmer",2,"Nicht gemeinnützig",1,"Wohnung",1,"netto",1318,1250,1387,1096,1050,1149,1221,1195,1268,1418,1348,1511,4488,793,142
2024,"2024.04",1,"Ganze Stadt",4,"Bestand Mietverträge 11-20 Jahre",2,"2 Zimmer",2,"Nicht gemeinnützig",1,"Wohnung",1,"netto",1372,1340,1403,1130,1088,1186,1325,1279,1369,1543,1484,1600,4342,887,207
2022,"2022.04",1,"Ganze Stadt",4,"Bestand Mietverträge 11-20 Jahre",3,"3 Zimmer",2,"Nicht gemeinnützig",1,"Wohnung",1,"netto",1571,1528,1614,1270,1236,1328,1463,1418,1525,1781,1729,1840,7756,1401,194
2024,"2024.04",1,"Ganze Stadt",4,"Bestand Mietverträge 11-20 Jahre",3,"3 Zimmer",2,"Nicht gemeinnützig",1,"Wohnung",1,"netto",1715,1673,1757,1340,1315,1415,1601,1562,1652,1960,1883,2005,7525,1396,266
2022,"2022.04",1,"Ganze Stadt",4,"Bestand Mietverträge 11-20 Jahre",4,"4 Zimmer",2,"Nicht gemeinnützig",1,"Wohnung",1,"netto",2068,2010,2126,1610,1556,1693,1961,1884,2044,2280,2205,2470,4670,894,182
2024,"2024.04",1,"Ganze Stadt",4,"Bestand Mietverträge 11-20 Jahre",4,"4 Zimmer",2,"Nicht gemeinnützig",1,"Wohnung",1,"netto",2162,2112,2212,1660,1614,1698,2049,1956,2161,2527,2435,2572,4719,943,249
2022,"2022.04",1,"Ganze Stadt",5,"Bestand Mietverträge über 20 Jahre",2,"2 Zimmer",1,"Gemeinnützig",1,"Wohnung",1,"netto",816,799,833,652,638,677,786,779,806,935,915,969,1574,1021,52
2024,"2024.04",1,"Ganze Stadt",5,"Bestand Mietverträge über 20 Jahre",2,"2 Zimmer",1,"Gemeinnützig",1,"Wohnung",1,"netto",869,848,890,717,709,732,846,825,869,984,950,1030,1595,1067,60
2022,"2022.04",1,"Ganze Stadt",5,"Bestand Mietverträge über 20 Jahre",3,"3 Zimmer",1,"Gemeinnützig",1,"Wohnung",1,"netto",906,892,919,745,733,760,893,884,910,1027,1010,1051,4577,2890,97
2024,"2024.04",1,"Ganze Stadt",5,"Bestand Mietverträge über 20 Jahre",3,"3 Zimmer",1,"Gemeinnützig",1,"Wohnung",1,"netto",970,956,985,812,798,819,955,941,976,1104,1070,1124,4410,2864,117
2022,"2022.04",1,"Ganze Stadt",5,"Bestand Mietverträge über 20 Jahre",4,"4 Zimmer",1,"Gemeinnützig",1,"Wohnung",1,"netto",1141,1124,1158,919,893,960,1120,1100,1136,1295,1267,1336,2849,1700,155
2024,"2024.04",1,"Ganze Stadt",5,"Bestand Mietverträge über 20 Jahre",4,"4 Zimmer",1,"Gemeinnützig",1,"Wohnung",1,"netto",1240,1214,1266,998,977,1042,1205,1186,1221,1419,1398,1450,2807,1740,128
2022,"2022.04",1,"Ganze Stadt",5,"Bestand Mietverträge über 20 Jahre",2,"2 Zimmer",2,"Nicht gemeinnützig",1,"Wohnung",1,"netto",1194,1134,1254,915,851,962,1117,1065,1150,1256,1230,1316,3601,668,127
2024,"2024.04",1,"Ganze Stadt",5,"Bestand Mietverträge über 20 Jahre",2,"2 Zimmer",2,"Nicht gemeinnützig",1,"Wohnung",1,"netto",1194,1143,1244,962,927,995,1187,1094,1222,1374,1323,1435,3373,664,168
2022,"2022.04",1,"Ganze Stadt",5,"Bestand Mietverträge über 20 Jahre",3,"3 Zimmer",2,"Nicht gemeinnützig",1,"Wohnung",1,"netto",1326,1266,1386,1046,996,1072,1259,1150,1325,1500,1450,1610,6856,1234,178
2024,"2024.04",1,"Ganze Stadt",5,"Bestand Mietverträge über 20 Jahre",3,"3 Zimmer",2,"Nicht gemeinnützig",1,"Wohnung",1,"netto",1383,1341,1424,1123,1076,1185,1343,1280,1400,1590,1541,1668,6413,1174,238
2022,"2022.04",1,"Ganze Stadt",5,"Bestand Mietverträge über 20 Jahre",4,"4 Zimmer",2,"Nicht gemeinnützig",1,"Wohnung",1,"netto",1731,1668,1793,1272,1235,1378,1591,1537,1657,1988,1880,2149,4327,706,179
2024,"2024.04",1,"Ganze Stadt",5,"Bestand Mietverträge über 20 Jahre",4,"4 Zimmer",2,"Nicht gemeinnützig",1,"Wohnung",1,"netto",1788,1731,1845,1382,1315,1436,1672,1621,1715,2083,1971,2142,4052,680,238
2022,"2022.04",1,"Ganze Stadt",0,"Ganze Stadt",2,"2 Zimmer",1,"Gemeinnützig",2,"Quadratmeter",1,"netto",16.14,16,16.27,13.07,12.97,13.2,15.34,15.15,15.56,18.11,17.87,18.39,11106,7152,504
2024,"2024.04",1,"Ganze Stadt",0,"Ganze Stadt",2,"2 Zimmer",1,"Gemeinnützig",2,"Quadratmeter",1,"netto",17.22,17.07,17.37,14.04,13.87,14.2,16.54,16.32,16.7,19.58,19.39,19.71,11437,7430,461
2022,"2022.04",1,"Ganze Stadt",0,"Ganze Stadt",3,"3 Zimmer",1,"Gemeinnützig",2,"Quadratmeter",1,"netto",14.14,14.04,14.25,11.69,11.6,11.79,13.48,13.38,13.59,15.97,15.81,16.11,22955,14593,605
2024,"2024.04",1,"Ganze Stadt",0,"Ganze Stadt",3,"3 Zimmer",1,"Gemeinnützig",2,"Quadratmeter",1,"netto",15.07,14.98,15.15,12.58,12.47,12.68,14.53,14.44,14.62,16.94,16.82,17.07,23071,15107,620
2022,"2022.04",1,"Ganze Stadt",0,"Ganze Stadt",4,"4 Zimmer",1,"Gemeinnützig",2,"Quadratmeter",1,"netto",13.98,13.89,14.07,11.83,11.74,11.96,13.72,13.63,13.82,15.67,15.53,15.79,14925,9246,604
2024,"2024.04",1,"Ganze Stadt",0,"Ganze Stadt",4,"4 Zimmer",1,"Gemeinnützig",2,"Quadratmeter",1,"netto",14.99,14.88,15.09,12.69,12.58,12.81,14.52,14.45,14.62,16.83,16.67,17,14957,9478,580
2022,"2022.04",1,"Ganze Stadt",0,"Ganze Stadt",9,"2 , 3  und 4 Zimmer",1,"Gemeinnützig",2,"Quadratmeter",1,"netto",14.54,14.48,14.61,12,11.96,12.06,13.93,13.84,13.99,16.36,16.29,16.48,48986,30991,1713
2024,"2024.04",1,"Ganze Stadt",0,"Ganze Stadt",9,"2 , 3  und 4 Zimmer",1,"Gemeinnützig",2,"Quadratmeter",1,"netto",15.54,15.47,15.61,12.89,12.83,12.95,14.88,14.8,14.95,17.48,17.37,17.6,49465,32015,1661
2022,"2022.04",1,"Ganze Stadt",0,"Ganze Stadt",2,"2 Zimmer",2,"Nicht gemeinnützig",2,"Quadratmeter",1,"netto",27.59,27.28,27.91,21.82,21.48,22.22,26.39,26.09,26.7,32.06,31.51,32.77,35586,6336,1210
2024,"2024.04",1,"Ganze Stadt",0,"Ganze Stadt",2,"2 Zimmer",2,"Nicht gemeinnützig",2,"Quadratmeter",1,"netto",29.48,29.25,29.72,23.07,22.82,23.38,28.45,28.13,28.75,34.42,33.88,34.85,35728,7237,1786
2022,"2022.04",1,"Ganze Stadt",0,"Ganze Stadt",3,"3 Zimmer",2,"Nicht gemeinnützig",2,"Quadratmeter",1,"netto",23.94,23.66,24.22,19.11,18.67,19.36,22.89,22.57,23.17,27.8,27.45,28.25,51225,8700,1260
2024,"2024.04",1,"Ganze Stadt",0,"Ganze Stadt",3,"3 Zimmer",2,"Nicht gemeinnützig",2,"Quadratmeter",1,"netto",25.79,25.56,26.02,20.21,20,20.61,25,24.76,25.36,30,29.69,30.49,50539,9132,1836
2022,"2022.04",1,"Ganze Stadt",0,"Ganze Stadt",4,"4 Zimmer",2,"Nicht gemeinnützig",2,"Quadratmeter",1,"netto",22.66,22.37,22.95,17.79,17.46,18.05,21.46,21.1,21.92,26.61,26.09,27.25,25972,4545,1053
2024,"2024.04",1,"Ganze Stadt",0,"Ganze Stadt",4,"4 Zimmer",2,"Nicht gemeinnützig",2,"Quadratmeter",1,"netto",23.87,23.62,24.12,18.71,18.45,19.03,22.78,22.57,23.11,28.19,27.85,28.62,25502,4670,1514
2022,"2022.04",1,"Ganze Stadt",0,"Ganze Stadt",9,"2 , 3  und 4 Zimmer",2,"Nicht gemeinnützig",2,"Quadratmeter",1,"netto",24.8,24.62,24.97,19.4,19.25,19.6,23.58,23.37,23.78,28.98,28.64,29.29,112783,19581,3523
2024,"2024.04",1,"Ganze Stadt",0,"Ganze Stadt",9,"2 , 3  und 4 Zimmer",2,"Nicht gemeinnützig",2,"Quadratmeter",1,"netto",26.53,26.39,26.67,20.57,20.34,20.76,25.53,25.34,25.69,31.31,31.06,31.59,111769,21039,5136
2022,"2022.04",1,"Ganze Stadt",1,"Neubau bis 2 Jahre",2,"2 Zimmer",1,"Gemeinnützig",2,"Quadratmeter",1,"netto",19.4,18.73,20.07,16.89,14.9,17.43,18.78,18.45,19.6,21.29,20.38,22,420,280,24
2024,"2024.04",1,"Ganze Stadt",1,"Neubau bis 2 Jahre",2,"2 Zimmer",1,"Gemeinnützig",2,"Quadratmeter",1,"netto",20.53,19.85,21.21,18.66,17.93,18.72,19.64,19.5,21.64,21.86,21.5,23.76,372,159,13
2022,"2022.04",1,"Ganze Stadt",1,"Neubau bis 2 Jahre",3,"3 Zimmer",1,"Gemeinnützig",2,"Quadratmeter",1,"netto",16.41,15.64,17.18,13.59,13.18,15.8,16.09,15.79,16.48,17.17,16.89,17.88,607,360,13
2024,"2024.04",1,"Ganze Stadt",1,"Neubau bis 2 Jahre",3,"3 Zimmer",1,"Gemeinnützig",2,"Quadratmeter",1,"netto",19.07,18.59,19.54,17.32,17.09,17.86,18.78,18.66,19.81,20.14,19.9,21.49,446,234,15
2022,"2022.04",1,"Ganze Stadt",1,"Neubau bis 2 Jahre",4,"4 Zimmer",1,"Gemeinnützig",2,"Quadratmeter",1,"netto",15.8,15.14,16.45,13.07,12.6,13.69,15.35,14.99,15.67,16.76,16.37,17.34,532,304,12
2024,"2024.04",1,"Ganze Stadt",1,"Neubau bis 2 Jahre",4,"4 Zimmer",1,"Gemeinnützig",2,"Quadratmeter",1,"netto",18.07,17.61,18.54,15.69,15.08,16.7,17.7,17.26,18.66,19.93,19.69,21.46,372,234,4
2022,"2022.04",1,"Ganze Stadt",1,"Neubau bis 2 Jahre",9,"2 , 3  und 4 Zimmer",1,"Gemeinnützig",2,"Quadratmeter",1,"netto",17.01,16.59,17.42,13.74,13.18,14.6,16.32,16.08,16.57,18.73,18.19,19.6,1559,944,49
2024,"2024.04",1,"Ganze Stadt",1,"Neubau bis 2 Jahre",9,"2 , 3  und 4 Zimmer",1,"Gemeinnützig",2,"Quadratmeter",1,"netto",19.21,18.82,19.61,17.28,16.97,17.64,18.77,18.66,19.57,21.35,19.94,21.83,1190,627,32
2022,"2022.04",1,"Ganze Stadt",1,"Neubau bis 2 Jahre",2,"2 Zimmer",2,"Nicht gemeinnützig",2,"Quadratmeter",1,"netto",33.83,32.58,35.08,30.55,29,32.74,34.33,32.7,35.86,37.37,35.34,39.44,1078,208,36
2024,"2024.04",1,"Ganze Stadt",1,"Neubau bis 2 Jahre",2,"2 Zimmer",2,"Nicht gemeinnützig",2,"Quadratmeter",1,"netto",38.28,36.47,40.08,34.16,32.04,36.69,37.97,37.13,38.93,43.46,40.06,45.2,1123,193,39
2022,"2022.04",1,"Ganze Stadt",1,"Neubau bis 2 Jahre",3,"3 Zimmer",2,"Nicht gemeinnützig",2,"Quadratmeter",1,"netto",31.9,29.9,33.9,27.8,26.06,30.08,30.62,28.61,33.78,36.04,30.74,36.36,1055,133,26
2024,"2024.04",1,"Ganze Stadt",1,"Neubau bis 2 Jahre",3,"3 Zimmer",2,"Nicht gemeinnützig",2,"Quadratmeter",1,"netto",34.16,32.58,35.75,31.42,29.95,33.13,34.74,32.85,36.85,37.74,36.72,38.68,1248,259,44
2022,"2022.04",1,"Ganze Stadt",1,"Neubau bis 2 Jahre",4,"4 Zimmer",2,"Nicht gemeinnützig",2,"Quadratmeter",1,"netto",30.36,29.11,31.6,27.43,26.79,28.37,29.83,28.25,31.26,33.07,30.51,35.61,617,144,21
2024,"2024.04",1,"Ganze Stadt",1,"Neubau bis 2 Jahre",4,"4 Zimmer",2,"Nicht gemeinnützig",2,"Quadratmeter",1,"netto",31.28,29.59,32.97,29.15,27.11,30.3,30.74,29.83,32.6,34.7,31.94,36.66,508,61,26
2022,"2022.04",1,"Ganze Stadt",1,"Neubau bis 2 Jahre",9,"2 , 3  und 4 Zimmer",2,"Nicht gemeinnützig",2,"Quadratmeter",1,"netto",32.32,31.37,33.26,28.14,27.29,29.09,31.28,30.55,33.09,35.87,35.18,37.08,2750,485,83
2024,"2024.04",1,"Ganze Stadt",1,"Neubau bis 2 Jahre",9,"2 , 3  und 4 Zimmer",2,"Nicht gemeinnützig",2,"Quadratmeter",1,"netto",35.26,34.21,36.32,31.26,30.02,32.08,34.93,34.26,37.02,38.8,37.76,40.35,2879,513,109
2022,"2022.04",1,"Ganze Stadt",2,"Neubezug bis 2 Jahre",2,"2 Zimmer",1,"Gemeinnützig",2,"Quadratmeter",1,"netto",16.51,16.23,16.79,13,12.78,13.35,15.7,15.21,16.05,18.39,18.14,19.18,1924,1174,103
2024,"2024.04",1,"Ganze Stadt",2,"Neubezug bis 2 Jahre",2,"2 Zimmer",1,"Gemeinnützig",2,"Quadratmeter",1,"netto",17.42,17.06,17.77,13.7,13.33,14.14,16.17,15.85,16.65,19.58,18.62,20.11,1976,1258,82
2022,"2022.04",1,"Ganze Stadt",2,"Neubezug bis 2 Jahre",3,"3 Zimmer",1,"Gemeinnützig",2,"Quadratmeter",1,"netto",14.41,14.02,14.8,11.37,11.19,11.77,13.51,13.22,13.84,16.54,16,17.06,3520,2205,74
2024,"2024.04",1,"Ganze Stadt",2,"Neubezug bis 2 Jahre",3,"3 Zimmer",1,"Gemeinnützig",2,"Quadratmeter",1,"netto",15.12,14.87,15.38,12.03,11.8,12.28,14.34,13.98,14.59,17.21,16.89,17.73,3779,2504,95
2022,"2022.04",1,"Ganze Stadt",2,"Neubezug bis 2 Jahre",4,"4 Zimmer",1,"Gemeinnützig",2,"Quadratmeter",1,"netto",14.09,13.84,14.34,11.76,11.57,12.09,13.83,13.49,14.2,15.58,15.36,15.92,1567,937,49
2024,"2024.04",1,"Ganze Stadt",2,"Neubezug bis 2 Jahre",4,"4 Zimmer",1,"Gemeinnützig",2,"Quadratmeter",1,"netto",15.28,14.91,15.66,12.43,12.1,12.59,14.48,14.05,14.97,17.13,16.93,18.11,1665,1014,66
2022,"2022.04",1,"Ganze Stadt",2,"Neubezug bis 2 Jahre",9,"2 , 3  und 4 Zimmer",1,"Gemeinnützig",2,"Quadratmeter",1,"netto",14.91,14.67,15.15,11.95,11.76,12.17,14.12,13.84,14.31,16.92,16.56,17.28,7011,4316,226
2024,"2024.04",1,"Ganze Stadt",2,"Neubezug bis 2 Jahre",9,"2 , 3  und 4 Zimmer",1,"Gemeinnützig",2,"Quadratmeter",1,"netto",15.77,15.59,15.95,12.45,12.3,12.67,14.84,14.59,15.04,17.84,17.5,18.1,7420,4776,243
2022,"2022.04",1,"Ganze Stadt",2,"Neubezug bis 2 Jahre",2,"2 Zimmer",2,"Nicht gemeinnützig",2,"Quadratmeter",1,"netto",30.6,30.01,31.18,25.32,24.55,25.95,28.63,28.26,29.33,35.09,33.9,36.09,11258,1892,370
2024,"2024.04",1,"Ganze Stadt",2,"Neubezug bis 2 Jahre",2,"2 Zimmer",2,"Nicht gemeinnützig",2,"Quadratmeter",1,"netto",32.23,31.75,32.71,25.61,24.96,26.39,31.02,30.36,31.57,37.59,36.76,38.54,10824,2203,560
2022,"2022.04",1,"Ganze Stadt",2,"Neubezug bis 2 Jahre",3,"3 Zimmer",2,"Nicht gemeinnützig",2,"Quadratmeter",1,"netto",26.47,25.83,27.11,21.82,21.25,22.31,25.28,24.69,26.36,30.52,29.2,32.02,13397,2104,347
2024,"2024.04",1,"Ganze Stadt",2,"Neubezug bis 2 Jahre",3,"3 Zimmer",2,"Nicht gemeinnützig",2,"Quadratmeter",1,"netto",28.64,28.15,29.14,23.46,22.97,23.98,27.63,26.95,28.13,33.38,32.36,34.19,12682,2242,471
2022,"2022.04",1,"Ganze Stadt",2,"Neubezug bis 2 Jahre",4,"4 Zimmer",2,"Nicht gemeinnützig",2,"Quadratmeter",1,"netto",25.3,24.64,25.97,20.46,19.55,21.2,24.28,23.33,25.31,29.16,27.98,30.61,5418,908,239
2024,"2024.04",1,"Ganze Stadt",2,"Neubezug bis 2 Jahre",4,"4 Zimmer",2,"Nicht gemeinnützig",2,"Quadratmeter",1,"netto",26.69,26.08,27.3,20.98,20.43,22.1,25.6,25,26.58,31.31,30.54,31.87,5142,898,348
2022,"2022.04",1,"Ganze Stadt",2,"Neubezug bis 2 Jahre",9,"2 , 3  und 4 Zimmer",2,"Nicht gemeinnützig",2,"Quadratmeter",1,"netto",27.81,27.42,28.19,22.31,22,22.78,26.73,26.39,27.29,32.14,31.58,32.72,30073,4904,956
2024,"2024.04",1,"Ganze Stadt",2,"Neubezug bis 2 Jahre",9,"2 , 3  und 4 Zimmer",2,"Nicht gemeinnützig",2,"Quadratmeter",1,"netto",29.65,29.34,29.95,23.7,23.33,24.06,28.38,28.03,28.76,34.29,33.8,34.89,28648,5343,1379
2022,"2022.04",1,"Ganze Stadt",3,"Bestand Mietverträge 3-10 Jahre",2,"2 Zimmer",1,"Gemeinnützig",2,"Quadratmeter",1,"netto",16.57,16.31,16.82,13.33,13.13,13.51,15.63,15.44,15.84,18.69,18.37,19.25,4894,3127,218
2024,"2024.04",1,"Ganze Stadt",3,"Bestand Mietverträge 3-10 Jahre",2,"2 Zimmer",1,"Gemeinnützig",2,"Quadratmeter",1,"netto",17.7,17.47,17.94,14.35,14.1,14.57,16.94,16.65,17.26,19.93,19.74,20.35,5113,3320,217
2022,"2022.04",1,"Ganze Stadt",3,"Bestand Mietverträge 3-10 Jahre",3,"3 Zimmer",1,"Gemeinnützig",2,"Quadratmeter",1,"netto",14.63,14.47,14.79,11.95,11.8,12.12,14.08,13.89,14.26,16.58,16.36,16.8,9305,5902,269
2024,"2024.04",1,"Ganze Stadt",3,"Bestand Mietverträge 3-10 Jahre",3,"3 Zimmer",1,"Gemeinnützig",2,"Quadratmeter",1,"netto",15.53,15.39,15.66,12.87,12.73,13.13,14.93,14.77,15.07,17.3,17.16,17.58,9363,6111,261
2022,"2022.04",1,"Ganze Stadt",3,"Bestand Mietverträge 3-10 Jahre",4,"4 Zimmer",1,"Gemeinnützig",2,"Quadratmeter",1,"netto",14.57,14.41,14.73,12.15,11.99,12.44,14.35,14.25,14.52,16.6,16.26,16.91,6042,3709,243
2024,"2024.04",1,"Ganze Stadt",3,"Bestand Mietverträge 3-10 Jahre",4,"4 Zimmer",1,"Gemeinnützig",2,"Quadratmeter",1,"netto",15.44,15.28,15.59,13,12.92,13.25,15.05,14.87,15.26,17.42,17.22,17.79,5895,3653,228
2022,"2022.04",1,"Ganze Stadt",3,"Bestand Mietverträge 3-10 Jahre",9,"2 , 3  und 4 Zimmer",1,"Gemeinnützig",2,"Quadratmeter",1,"netto",15.08,14.97,15.19,12.37,12.25,12.49,14.49,14.37,14.59,17.03,16.92,17.16,20241,12738,730
2024,"2024.04",1,"Ganze Stadt",3,"Bestand Mietverträge 3-10 Jahre",9,"2 , 3  und 4 Zimmer",1,"Gemeinnützig",2,"Quadratmeter",1,"netto",16.05,15.95,16.15,13.28,13.16,13.36,15.35,15.26,15.51,18.1,17.92,18.25,20371,13084,706
2022,"2022.04",1,"Ganze Stadt",3,"Bestand Mietverträge 3-10 Jahre",2,"2 Zimmer",2,"Nicht gemeinnützig",2,"Quadratmeter",1,"netto",27.82,27.37,28.27,22.68,21.96,23.21,26.7,26.2,27.5,32.17,31.31,33.11,15161,2775,535
2024,"2024.04",1,"Ganze Stadt",3,"Bestand Mietverträge 3-10 Jahre",2,"2 Zimmer",2,"Nicht gemeinnützig",2,"Quadratmeter",1,"netto",30.19,29.83,30.54,24.73,24.04,25.32,29.36,28.89,29.83,34.59,33.86,35.16,16066,3290,812
2022,"2022.04",1,"Ganze Stadt",3,"Bestand Mietverträge 3-10 Jahre",3,"3 Zimmer",2,"Nicht gemeinnützig",2,"Quadratmeter",1,"netto",25.1,24.67,25.53,20.36,19.75,20.91,23.79,23.23,24.65,28.72,28.08,29.48,22161,3828,515
2024,"2024.04",1,"Ganze Stadt",3,"Bestand Mietverträge 3-10 Jahre",3,"3 Zimmer",2,"Nicht gemeinnützig",2,"Quadratmeter",1,"netto",27.05,26.71,27.39,22.27,21.85,22.66,26.29,25.88,26.63,30.81,30.21,31.54,22671,4061,817
2022,"2022.04",1,"Ganze Stadt",3,"Bestand Mietverträge 3-10 Jahre",4,"4 Zimmer",2,"Nicht gemeinnützig",2,"Quadratmeter",1,"netto",23.98,23.53,24.43,19.57,18.95,20.06,22.87,22.38,23.48,27.92,27.11,28.57,10940,1893,432
2024,"2024.04",1,"Ganze Stadt",3,"Bestand Mietverträge 3-10 Jahre",4,"4 Zimmer",2,"Nicht gemeinnützig",2,"Quadratmeter",1,"netto",25.57,25.17,25.96,20.98,20.49,21.36,24.65,24.06,25.13,29.52,29.17,30.11,11081,2088,653
2022,"2022.04",1,"Ganze Stadt",3,"Bestand Mietverträge 3-10 Jahre",9,"2 , 3  und 4 Zimmer",2,"Nicht gemeinnützig",2,"Quadratmeter",1,"netto",25.7,25.43,25.97,20.7,20.34,21.07,24.68,24.24,25,29.85,29.33,30.38,48262,8496,1482
2024,"2024.04",1,"Ganze Stadt",3,"Bestand Mietverträge 3-10 Jahre",9,"2 , 3  und 4 Zimmer",2,"Nicht gemeinnützig",2,"Quadratmeter",1,"netto",27.73,27.52,27.95,22.52,22.24,22.73,26.83,26.59,27.08,32,31.71,32.39,49818,9439,2282
2022,"2022.04",1,"Ganze Stadt",4,"Bestand Mietverträge 11-20 Jahre",2,"2 Zimmer",1,"Gemeinnützig",2,"Quadratmeter",1,"netto",15.2,14.97,15.42,12.79,12.42,13.09,14.93,14.63,15.14,16.76,16.44,17.35,2294,1550,107
2024,"2024.04",1,"Ganze Stadt",4,"Bestand Mietverträge 11-20 Jahre",2,"2 Zimmer",1,"Gemeinnützig",2,"Quadratmeter",1,"netto",16.47,16.12,16.81,13.74,13.36,14.14,15.97,15.8,16.23,18.48,18.05,19.06,2381,1626,89
2022,"2022.04",1,"Ganze Stadt",4,"Bestand Mietverträge 11-20 Jahre",3,"3 Zimmer",1,"Gemeinnützig",2,"Quadratmeter",1,"netto",13.77,13.56,13.97,11.63,11.44,11.85,13.28,13.05,13.39,15.24,14.86,15.73,4946,3236,152
2024,"2024.04",1,"Ganze Stadt",4,"Bestand Mietverträge 11-20 Jahre",3,"3 Zimmer",1,"Gemeinnützig",2,"Quadratmeter",1,"netto",14.8,14.63,14.97,12.72,12.5,12.94,14.47,14.35,14.73,16.62,16.28,16.87,5073,3394,132
2022,"2022.04",1,"Ganze Stadt",4,"Bestand Mietverträge 11-20 Jahre",4,"4 Zimmer",1,"Gemeinnützig",2,"Quadratmeter",1,"netto",13.63,13.48,13.79,11.97,11.76,12.2,13.53,13.42,13.66,15.11,14.82,15.31,3935,2596,145
2024,"2024.04",1,"Ganze Stadt",4,"Bestand Mietverträge 11-20 Jahre",4,"4 Zimmer",1,"Gemeinnützig",2,"Quadratmeter",1,"netto",14.77,14.56,14.97,12.84,12.68,13.01,14.45,14.36,14.63,16.23,15.96,16.58,4218,2837,154
2022,"2022.04",1,"Ganze Stadt",4,"Bestand Mietverträge 11-20 Jahre",9,"2 , 3  und 4 Zimmer",1,"Gemeinnützig",2,"Quadratmeter",1,"netto",14.01,13.9,14.12,11.92,11.82,12.05,13.59,13.48,13.69,15.68,15.43,15.83,11175,7382,404
2024,"2024.04",1,"Ganze Stadt",4,"Bestand Mietverträge 11-20 Jahre",9,"2 , 3  und 4 Zimmer",1,"Gemeinnützig",2,"Quadratmeter",1,"netto",15.13,15,15.25,12.94,12.83,13.09,14.7,14.58,14.8,16.84,16.68,17.01,11672,7857,375
2022,"2022.04",1,"Ganze Stadt",4,"Bestand Mietverträge 11-20 Jahre",2,"2 Zimmer",2,"Nicht gemeinnützig",2,"Quadratmeter",1,"netto",23.35,22.2,24.5,19.23,18.22,20.09,22.06,21.57,23,25.83,24.49,27.03,4488,793,142
2024,"2024.04",1,"Ganze Stadt",4,"Bestand Mietverträge 11-20 Jahre",2,"2 Zimmer",2,"Nicht gemeinnützig",2,"Quadratmeter",1,"netto",24.11,23.6,24.61,19.86,18.91,21.07,23.5,22.57,24.02,26.98,26.43,27.86,4342,887,207
2022,"2022.04",1,"Ganze Stadt",4,"Bestand Mietverträge 11-20 Jahre",3,"3 Zimmer",2,"Nicht gemeinnützig",2,"Quadratmeter",1,"netto",20.49,19.89,21.09,17.26,16.91,17.86,20.12,19.21,20.94,22.81,22.16,23.69,7756,1401,194
2024,"2024.04",1,"Ganze Stadt",4,"Bestand Mietverträge 11-20 Jahre",3,"3 Zimmer",2,"Nicht gemeinnützig",2,"Quadratmeter",1,"netto",22.09,21.55,22.62,18.4,17.86,18.97,21.13,20.58,21.87,24.74,23.89,25.38,7525,1396,266
2022,"2022.04",1,"Ganze Stadt",4,"Bestand Mietverträge 11-20 Jahre",4,"4 Zimmer",2,"Nicht gemeinnützig",2,"Quadratmeter",1,"netto",20.27,19.67,20.86,16.92,16.58,17.53,19.35,18.6,19.9,22,21.24,23.36,4670,894,182
2024,"2024.04",1,"Ganze Stadt",4,"Bestand Mietverträge 11-20 Jahre",4,"4 Zimmer",2,"Nicht gemeinnützig",2,"Quadratmeter",1,"netto",20.93,20.43,21.43,17.66,17.19,18.08,20.23,19.7,20.68,23.78,22.86,24.46,4719,943,249
2022,"2022.04",1,"Ganze Stadt",4,"Bestand Mietverträge 11-20 Jahre",9,"2 , 3  und 4 Zimmer",2,"Nicht gemeinnützig",2,"Quadratmeter",1,"netto",21.19,20.75,21.62,17.49,17.09,17.9,20.52,20,20.9,23.47,23.13,23.92,16914,3088,518
2024,"2024.04",1,"Ganze Stadt",4,"Bestand Mietverträge 11-20 Jahre",9,"2 , 3  und 4 Zimmer",2,"Nicht gemeinnützig",2,"Quadratmeter",1,"netto",22.28,21.97,22.59,18.34,17.99,18.68,21.43,21.08,21.84,25.02,24.68,25.54,16586,3226,722
2022,"2022.04",1,"Ganze Stadt",5,"Bestand Mietverträge über 20 Jahre",2,"2 Zimmer",1,"Gemeinnützig",2,"Quadratmeter",1,"netto",14.82,14.56,15.08,12.42,12.1,12.58,14,13.82,14.34,16.82,16.15,17.24,1574,1021,52
2024,"2024.04",1,"Ganze Stadt",5,"Bestand Mietverträge über 20 Jahre",2,"2 Zimmer",1,"Gemeinnützig",2,"Quadratmeter",1,"netto",15.75,15.45,16.06,13.49,13.25,13.66,15.67,15.25,16.02,18.22,17.64,18.8,1595,1067,60
2022,"2022.04",1,"Ganze Stadt",5,"Bestand Mietverträge über 20 Jahre",3,"3 Zimmer",1,"Gemeinnützig",2,"Quadratmeter",1,"netto",13.07,12.88,13.26,11.24,11.1,11.48,12.79,12.58,12.97,14.48,14.29,14.86,4577,2890,97
2024,"2024.04",1,"Ganze Stadt",5,"Bestand Mietverträge über 20 Jahre",3,"3 Zimmer",1,"Gemeinnützig",2,"Quadratmeter",1,"netto",13.94,13.74,14.14,12.04,11.78,12.32,13.74,13.52,13.85,15.32,15.03,15.68,4410,2864,117
2022,"2022.04",1,"Ganze Stadt",5,"Bestand Mietverträge über 20 Jahre",4,"4 Zimmer",1,"Gemeinnützig",2,"Quadratmeter",1,"netto",12.79,12.61,12.97,11.01,10.73,11.2,12.68,12.45,12.82,14.17,13.94,14.54,2849,1700,155
2024,"2024.04",1,"Ganze Stadt",5,"Bestand Mietverträge über 20 Jahre",4,"4 Zimmer",1,"Gemeinnützig",2,"Quadratmeter",1,"netto",13.79,13.53,14.05,11.94,11.76,12.15,13.41,13.26,13.63,15.14,14.81,15.68,2807,1740,128
2022,"2022.04",1,"Ganze Stadt",5,"Bestand Mietverträge über 20 Jahre",9,"2 , 3  und 4 Zimmer",1,"Gemeinnützig",2,"Quadratmeter",1,"netto",13.29,13.17,13.41,11.32,11.18,11.49,12.92,12.79,13.04,14.79,14.54,15,9000,5611,304
2024,"2024.04",1,"Ganze Stadt",5,"Bestand Mietverträge über 20 Jahre",9,"2 , 3  und 4 Zimmer",1,"Gemeinnützig",2,"Quadratmeter",1,"netto",14.22,14.08,14.36,12.19,12.05,12.37,13.82,13.71,13.97,15.93,15.68,16.06,8812,5671,305
2022,"2022.04",1,"Ganze Stadt",5,"Bestand Mietverträge über 20 Jahre",2,"2 Zimmer",2,"Nicht gemeinnützig",2,"Quadratmeter",1,"netto",20.67,19.86,21.48,16.77,15.86,17.71,20.19,18.9,21.47,23.88,22.97,25,3601,668,127
2024,"2024.04",1,"Ganze Stadt",5,"Bestand Mietverträge über 20 Jahre",2,"2 Zimmer",2,"Nicht gemeinnützig",2,"Quadratmeter",1,"netto",21.31,20.55,22.06,17.63,16.89,18.2,20.26,19.4,21.2,24.32,23.57,25.54,3373,664,168
2022,"2022.04",1,"Ganze Stadt",5,"Bestand Mietverträge über 20 Jahre",3,"3 Zimmer",2,"Nicht gemeinnützig",2,"Quadratmeter",1,"netto",17.93,17.24,18.62,14.26,13.67,15.08,17.19,16.63,18.06,20.11,19.52,21.19,6856,1234,178
2024,"2024.04",1,"Ganze Stadt",5,"Bestand Mietverträge über 20 Jahre",3,"3 Zimmer",2,"Nicht gemeinnützig",2,"Quadratmeter",1,"netto",18.43,17.88,18.98,15.34,14.96,16.11,18.05,17.73,18.67,21.39,20.31,22.1,6413,1174,238
2022,"2022.04",1,"Ganze Stadt",5,"Bestand Mietverträge über 20 Jahre",4,"4 Zimmer",2,"Nicht gemeinnützig",2,"Quadratmeter",1,"netto",17.5,16.82,18.19,13.88,13.39,14.67,16.7,16.24,17.3,19.61,18.64,20.48,4327,706,179
2024,"2024.04",1,"Ganze Stadt",5,"Bestand Mietverträge über 20 Jahre",4,"4 Zimmer",2,"Nicht gemeinnützig",2,"Quadratmeter",1,"netto",18.16,17.65,18.67,15.04,14.76,15.66,17.28,16.94,17.86,20.57,19.87,21.43,4052,680,238
2022,"2022.04",1,"Ganze Stadt",5,"Bestand Mietverträge über 20 Jahre",9,"2 , 3  und 4 Zimmer",2,"Nicht gemeinnützig",2,"Quadratmeter",1,"netto",18.47,18.07,18.88,14.7,14.21,15.17,17.65,17.19,18.1,21.27,20.3,21.92,14784,2608,484
2024,"2024.04",1,"Ganze Stadt",5,"Bestand Mietverträge über 20 Jahre",9,"2 , 3  und 4 Zimmer",2,"Nicht gemeinnützig",2,"Quadratmeter",1,"netto",19.05,18.7,19.4,15.8,15.34,16.18,18.39,18.02,18.77,22.07,21.47,22.69,13838,2518,644
2022,"2022.04",1,"Ganze Stadt",0,"Ganze Stadt",2,"2 Zimmer",1,"Gemeinnützig",1,"Wohnung",2,"brutto",1055,1046,1063,829,819,834,1000,986,1013,1212,1200,1225,11106,7184,492
2024,"2024.04",1,"Ganze Stadt",0,"Ganze Stadt",2,"2 Zimmer",1,"Gemeinnützig",1,"Wohnung",2,"brutto",1134,1124,1143,907,897,916,1087,1077,1102,1288,1274,1305,11437,7442,463
2022,"2022.04",1,"Ganze Stadt",0,"Ganze Stadt",3,"3 Zimmer",1,"Gemeinnützig",1,"Wohnung",2,"brutto",1181,1172,1190,919,913,927,1101,1093,1113,1369,1359,1380,22955,14636,597
2024,"2024.04",1,"Ganze Stadt",0,"Ganze Stadt",3,"3 Zimmer",1,"Gemeinnützig",1,"Wohnung",2,"brutto",1268,1262,1275,1015,1007,1022,1196,1188,1207,1465,1452,1482,23071,15117,620
2022,"2022.04",1,"Ganze Stadt",0,"Ganze Stadt",4,"4 Zimmer",1,"Gemeinnützig",1,"Wohnung",2,"brutto",1517,1509,1526,1208,1191,1227,1469,1450,1483,1777,1763,1795,14925,9288,606
2024,"2024.04",1,"Ganze Stadt",0,"Ganze Stadt",4,"4 Zimmer",1,"Gemeinnützig",1,"Wohnung",2,"brutto",1636,1625,1648,1327,1311,1341,1601,1581,1617,1870,1862,1890,14957,9495,581
2022,"2022.04",1,"Ganze Stadt",0,"Ganze Stadt",2,"2 Zimmer",2,"Nicht gemeinnützig",1,"Wohnung",2,"brutto",1749,1730,1768,1378,1360,1400,1639,1602,1658,2020,1980,2060,35586,6361,1250
2024,"2024.04",1,"Ganze Stadt",0,"Ganze Stadt",2,"2 Zimmer",2,"Nicht gemeinnützig",1,"Wohnung",2,"brutto",1875,1861,1890,1483,1460,1495,1753,1740,1775,2180,2163,2209,35728,7659,1825
2022,"2022.04",1,"Ganze Stadt",0,"Ganze Stadt",3,"3 Zimmer",2,"Nicht gemeinnützig",1,"Wohnung",2,"brutto",2062,2039,2085,1585,1560,1610,1920,1890,1950,2418,2370,2470,51225,8720,1311
2024,"2024.04",1,"Ganze Stadt",0,"Ganze Stadt",3,"3 Zimmer",2,"Nicht gemeinnützig",1,"Wohnung",2,"brutto",2221,2202,2239,1692,1670,1712,2085,2055,2110,2618,2590,2661,50539,9673,1881
2022,"2022.04",1,"Ganze Stadt",0,"Ganze Stadt",4,"4 Zimmer",2,"Nicht gemeinnützig",1,"Wohnung",2,"brutto",2568,2536,2601,1920,1887,1956,2400,2367,2467,3008,2950,3100,25972,4563,1107
2024,"2024.04",1,"Ganze Stadt",0,"Ganze Stadt",4,"4 Zimmer",2,"Nicht gemeinnützig",1,"Wohnung",2,"brutto",2727,2699,2756,2042,2007,2077,2585,2530,2610,3250,3200,3298,25502,4969,1564
2022,"2022.04",1,"Ganze Stadt",1,"Neubau bis 2 Jahre",2,"2 Zimmer",1,"Gemeinnützig",1,"Wohnung",2,"brutto",1343,1304,1382,1133,1092,1180,1255,1214,1310,1473,1377,1563,420,280,20
2024,"2024.04",1,"Ganze Stadt",1,"Neubau bis 2 Jahre",2,"2 Zimmer",1,"Gemeinnützig",1,"Wohnung",2,"brutto",1343,1301,1385,1160,1143,1193,1268,1202,1298,1510,1321,1558,372,159,13
2022,"2022.04",1,"Ganze Stadt",1,"Neubau bis 2 Jahre",3,"3 Zimmer",1,"Gemeinnützig",1,"Wohnung",2,"brutto",1545,1488,1602,1364,1298,1448,1502,1495,1614,1640,1616,1690,607,360,12
2024,"2024.04",1,"Ganze Stadt",1,"Neubau bis 2 Jahre",3,"3 Zimmer",1,"Gemeinnützig",1,"Wohnung",2,"brutto",1636,1598,1674,1453,1432,1510,1565,1548,1615,1805,1680,1911,446,234,15
2022,"2022.04",1,"Ganze Stadt",1,"Neubau bis 2 Jahre",4,"4 Zimmer",1,"Gemeinnützig",1,"Wohnung",2,"brutto",1808,1741,1874,1514,1410,1627,1738,1685,1777,1938,1892,1984,532,304,12
2024,"2024.04",1,"Ganze Stadt",1,"Neubau bis 2 Jahre",4,"4 Zimmer",1,"Gemeinnützig",1,"Wohnung",2,"brutto",1922,1886,1958,1652,1614,1656,1893,1837,1906,2105,2013,2137,372,234,4
2022,"2022.04",1,"Ganze Stadt",1,"Neubau bis 2 Jahre",2,"2 Zimmer",2,"Nicht gemeinnützig",1,"Wohnung",2,"brutto",2272,2176,2367,2014,1950,2168,2233,2167,2417,2481,2294,2680,1078,208,36
2024,"2024.04",1,"Ganze Stadt",1,"Neubau bis 2 Jahre",2,"2 Zimmer",2,"Nicht gemeinnützig",1,"Wohnung",2,"brutto",2569,2460,2678,2270,2175,2360,2565,2431,2679,2877,2767,2993,1123,193,39
2022,"2022.04",1,"Ganze Stadt",1,"Neubau bis 2 Jahre",3,"3 Zimmer",2,"Nicht gemeinnützig",1,"Wohnung",2,"brutto",3078,2873,3283,2750,2389,2979,3060,2862,3260,3440,3250,3714,1055,133,26
2024,"2024.04",1,"Ganze Stadt",1,"Neubau bis 2 Jahre",3,"3 Zimmer",2,"Nicht gemeinnützig",1,"Wohnung",2,"brutto",3095,2962,3228,2850,2670,2900,3050,2908,3218,3351,3219,3597,1248,257,44
2022,"2022.04",1,"Ganze Stadt",1,"Neubau bis 2 Jahre",4,"4 Zimmer",2,"Nicht gemeinnützig",1,"Wohnung",2,"brutto",3682,3552,3811,3374,3160,3571,3671,3496,3801,3845,3764,3978,617,144,21
2024,"2024.04",1,"Ganze Stadt",1,"Neubau bis 2 Jahre",4,"4 Zimmer",2,"Nicht gemeinnützig",1,"Wohnung",2,"brutto",3822,3633,4010,3644,2949,3771,3775,3702,3864,4062,3813,4810,508,62,26
2022,"2022.04",1,"Ganze Stadt",2,"Neubezug bis 2 Jahre",2,"2 Zimmer",1,"Gemeinnützig",1,"Wohnung",2,"brutto",1058,1038,1079,808,793,835,980,954,1026,1220,1191,1271,1924,1179,104
2024,"2024.04",1,"Ganze Stadt",2,"Neubezug bis 2 Jahre",2,"2 Zimmer",1,"Gemeinnützig",1,"Wohnung",2,"brutto",1130,1110,1149,871,849,900,1045,1017,1101,1273,1258,1323,1976,1262,83
2022,"2022.04",1,"Ganze Stadt",2,"Neubezug bis 2 Jahre",3,"3 Zimmer",1,"Gemeinnützig",1,"Wohnung",2,"brutto",1173,1140,1205,884,868,908,1069,1054,1103,1363,1332,1400,3520,2211,74
2024,"2024.04",1,"Ganze Stadt",2,"Neubezug bis 2 Jahre",3,"3 Zimmer",1,"Gemeinnützig",1,"Wohnung",2,"brutto",1249,1231,1268,960,942,978,1132,1111,1160,1485,1444,1528,3779,2516,94
2022,"2022.04",1,"Ganze Stadt",2,"Neubezug bis 2 Jahre",4,"4 Zimmer",1,"Gemeinnützig",1,"Wohnung",2,"brutto",1505,1481,1529,1136,1111,1180,1401,1379,1433,1788,1720,1874,1567,944,47
2024,"2024.04",1,"Ganze Stadt",2,"Neubezug bis 2 Jahre",4,"4 Zimmer",1,"Gemeinnützig",1,"Wohnung",2,"brutto",1634,1598,1670,1289,1251,1329,1532,1485,1635,1890,1814,2035,1665,1027,66
2022,"2022.04",1,"Ganze Stadt",2,"Neubezug bis 2 Jahre",2,"2 Zimmer",2,"Nicht gemeinnützig",1,"Wohnung",2,"brutto",1900,1867,1934,1550,1530,1590,1785,1728,1838,2210,2133,2299,11258,1902,384
2024,"2024.04",1,"Ganze Stadt",2,"Neubezug bis 2 Jahre",2,"2 Zimmer",2,"Nicht gemeinnützig",1,"Wohnung",2,"brutto",2008,1980,2037,1590,1555,1635,1910,1847,1953,2304,2246,2367,10824,2303,571
2022,"2022.04",1,"Ganze Stadt",2,"Neubezug bis 2 Jahre",3,"3 Zimmer",2,"Nicht gemeinnützig",1,"Wohnung",2,"brutto",2243,2193,2293,1767,1706,1802,2135,2063,2192,2618,2515,2690,13397,2114,360
2024,"2024.04",1,"Ganze Stadt",2,"Neubezug bis 2 Jahre",3,"3 Zimmer",2,"Nicht gemeinnützig",1,"Wohnung",2,"brutto",2421,2383,2459,1930,1841,1980,2295,2235,2354,2767,2690,2870,12682,2368,481
2022,"2022.04",1,"Ganze Stadt",2,"Neubezug bis 2 Jahre",4,"4 Zimmer",2,"Nicht gemeinnützig",1,"Wohnung",2,"brutto",2818,2737,2898,2143,2035,2210,2660,2540,2800,3327,3230,3461,5418,916,251
2024,"2024.04",1,"Ganze Stadt",2,"Neubezug bis 2 Jahre",4,"4 Zimmer",2,"Nicht gemeinnützig",1,"Wohnung",2,"brutto",2994,2916,3072,2300,2253,2375,2811,2756,2948,3480,3395,3645,5142,952,358
2022,"2022.04",1,"Ganze Stadt",3,"Bestand Mietverträge 3-10 Jahre",2,"2 Zimmer",1,"Gemeinnützig",1,"Wohnung",2,"brutto",1092,1076,1107,855,842,871,1029,1018,1047,1264,1242,1290,4894,3135,208
2024,"2024.04",1,"Ganze Stadt",3,"Bestand Mietverträge 3-10 Jahre",2,"2 Zimmer",1,"Gemeinnützig",1,"Wohnung",2,"brutto",1178,1163,1194,945,931,961,1127,1114,1142,1339,1311,1355,5113,3310,215
2022,"2022.04",1,"Ganze Stadt",3,"Bestand Mietverträge 3-10 Jahre",3,"3 Zimmer",1,"Gemeinnützig",1,"Wohnung",2,"brutto",1236,1222,1251,938,922,950,1150,1133,1166,1453,1426,1480,9305,5907,260
2024,"2024.04",1,"Ganze Stadt",3,"Bestand Mietverträge 3-10 Jahre",3,"3 Zimmer",1,"Gemeinnützig",1,"Wohnung",2,"brutto",1319,1309,1330,1041,1022,1062,1249,1235,1268,1528,1499,1548,9363,6089,260
2022,"2022.04",1,"Ganze Stadt",3,"Bestand Mietverträge 3-10 Jahre",4,"4 Zimmer",1,"Gemeinnützig",1,"Wohnung",2,"brutto",1603,1588,1618,1256,1235,1281,1605,1578,1636,1883,1871,1905,6042,3712,239
2024,"2024.04",1,"Ganze Stadt",3,"Bestand Mietverträge 3-10 Jahre",4,"4 Zimmer",1,"Gemeinnützig",1,"Wohnung",2,"brutto",1707,1690,1724,1397,1375,1413,1681,1656,1703,1957,1923,1974,5895,3634,228
2022,"2022.04",1,"Ganze Stadt",3,"Bestand Mietverträge 3-10 Jahre",2,"2 Zimmer",2,"Nicht gemeinnützig",1,"Wohnung",2,"brutto",1776,1747,1806,1440,1403,1480,1670,1648,1720,1986,1948,2050,15161,2787,556
2024,"2024.04",1,"Ganze Stadt",3,"Bestand Mietverträge 3-10 Jahre",2,"2 Zimmer",2,"Nicht gemeinnützig",1,"Wohnung",2,"brutto",1930,1909,1951,1546,1524,1566,1804,1781,1845,2212,2179,2264,16066,3467,830
2022,"2022.04",1,"Ganze Stadt",3,"Bestand Mietverträge 3-10 Jahre",3,"3 Zimmer",2,"Nicht gemeinnützig",1,"Wohnung",2,"brutto",2171,2136,2206,1695,1666,1738,1990,1964,2031,2515,2468,2580,22161,3835,538
2024,"2024.04",1,"Ganze Stadt",3,"Bestand Mietverträge 3-10 Jahre",3,"3 Zimmer",2,"Nicht gemeinnützig",1,"Wohnung",2,"brutto",2336,2308,2365,1820,1800,1849,2200,2150,2240,2720,2684,2755,22671,4267,837
2022,"2022.04",1,"Ganze Stadt",3,"Bestand Mietverträge 3-10 Jahre",4,"4 Zimmer",2,"Nicht gemeinnützig",1,"Wohnung",2,"brutto",2733,2680,2787,2115,2056,2174,2570,2515,2625,3125,3025,3200,10940,1898,457
2024,"2024.04",1,"Ganze Stadt",3,"Bestand Mietverträge 3-10 Jahre",4,"4 Zimmer",2,"Nicht gemeinnützig",1,"Wohnung",2,"brutto",2917,2877,2956,2285,2239,2350,2768,2717,2825,3401,3323,3465,11081,2196,679
2022,"2022.04",1,"Ganze Stadt",4,"Bestand Mietverträge 11-20 Jahre",2,"2 Zimmer",1,"Gemeinnützig",1,"Wohnung",2,"brutto",993,979,1007,813,798,829,944,926,969,1141,1106,1170,2294,1554,107
2024,"2024.04",1,"Ganze Stadt",4,"Bestand Mietverträge 11-20 Jahre",2,"2 Zimmer",1,"Gemeinnützig",1,"Wohnung",2,"brutto",1084,1062,1107,886,868,914,1049,1019,1064,1236,1216,1267,2381,1626,90
2022,"2022.04",1,"Ganze Stadt",4,"Bestand Mietverträge 11-20 Jahre",3,"3 Zimmer",1,"Gemeinnützig",1,"Wohnung",2,"brutto",1150,1135,1166,915,894,938,1092,1062,1108,1337,1308,1360,4946,3249,151
2024,"2024.04",1,"Ganze Stadt",4,"Bestand Mietverträge 11-20 Jahre",3,"3 Zimmer",1,"Gemeinnützig",1,"Wohnung",2,"brutto",1261,1248,1273,1023,1013,1043,1211,1186,1228,1477,1458,1507,5073,3399,133
2022,"2022.04",1,"Ganze Stadt",4,"Bestand Mietverträge 11-20 Jahre",4,"4 Zimmer",1,"Gemeinnützig",1,"Wohnung",2,"brutto",1494,1480,1507,1244,1223,1269,1475,1459,1493,1709,1691,1728,3935,2610,149
2024,"2024.04",1,"Ganze Stadt",4,"Bestand Mietverträge 11-20 Jahre",4,"4 Zimmer",1,"Gemeinnützig",1,"Wohnung",2,"brutto",1641,1621,1662,1349,1318,1372,1638,1611,1663,1862,1844,1875,4218,2846,154
2022,"2022.04",1,"Ganze Stadt",4,"Bestand Mietverträge 11-20 Jahre",2,"2 Zimmer",2,"Nicht gemeinnützig",1,"Wohnung",2,"brutto",1475,1412,1538,1264,1200,1296,1389,1336,1436,1603,1521,1674,4488,794,146
2024,"2024.04",1,"Ganze Stadt",4,"Bestand Mietverträge 11-20 Jahre",2,"2 Zimmer",2,"Nicht gemeinnützig",1,"Wohnung",2,"brutto",1551,1518,1584,1297,1265,1361,1513,1469,1557,1704,1649,1780,4342,968,213
2022,"2022.04",1,"Ganze Stadt",4,"Bestand Mietverträge 11-20 Jahre",3,"3 Zimmer",2,"Nicht gemeinnützig",1,"Wohnung",2,"brutto",1780,1736,1823,1459,1432,1505,1690,1615,1734,1993,1920,2069,7756,1403,201
2024,"2024.04",1,"Ganze Stadt",4,"Bestand Mietverträge 11-20 Jahre",3,"3 Zimmer",2,"Nicht gemeinnützig",1,"Wohnung",2,"brutto",1931,1888,1974,1535,1521,1624,1805,1746,1871,2180,2121,2220,7525,1495,276
2022,"2022.04",1,"Ganze Stadt",4,"Bestand Mietverträge 11-20 Jahre",4,"4 Zimmer",2,"Nicht gemeinnützig",1,"Wohnung",2,"brutto",2319,2259,2378,1844,1786,1895,2215,2132,2290,2593,2510,2699,4670,898,188
2024,"2024.04",1,"Ganze Stadt",4,"Bestand Mietverträge 11-20 Jahre",4,"4 Zimmer",2,"Nicht gemeinnützig",1,"Wohnung",2,"brutto",2457,2397,2517,1887,1866,1921,2345,2257,2421,2779,2714,2853,4719,1020,256
2022,"2022.04",1,"Ganze Stadt",5,"Bestand Mietverträge über 20 Jahre",2,"2 Zimmer",1,"Gemeinnützig",1,"Wohnung",2,"brutto",949,929,970,777,746,797,914,885,934,1078,1058,1123,1574,1036,53
2024,"2024.04",1,"Ganze Stadt",5,"Bestand Mietverträge über 20 Jahre",2,"2 Zimmer",1,"Gemeinnützig",1,"Wohnung",2,"brutto",1022,1000,1044,857,838,875,1008,978,1026,1167,1135,1218,1595,1085,62
2022,"2022.04",1,"Ganze Stadt",5,"Bestand Mietverträge über 20 Jahre",3,"3 Zimmer",1,"Gemeinnützig",1,"Wohnung",2,"brutto",1058,1043,1074,899,887,919,1039,1022,1062,1184,1163,1210,4577,2909,100
2024,"2024.04",1,"Ganze Stadt",5,"Bestand Mietverträge über 20 Jahre",3,"3 Zimmer",1,"Gemeinnützig",1,"Wohnung",2,"brutto",1147,1131,1163,986,963,1009,1131,1101,1149,1268,1258,1295,4410,2879,118
2022,"2022.04",1,"Ganze Stadt",5,"Bestand Mietverträge über 20 Jahre",4,"4 Zimmer",1,"Gemeinnützig",1,"Wohnung",2,"brutto",1319,1303,1336,1107,1079,1129,1286,1265,1305,1484,1443,1524,2849,1718,159
2024,"2024.04",1,"Ganze Stadt",5,"Bestand Mietverträge über 20 Jahre",4,"4 Zimmer",1,"Gemeinnützig",1,"Wohnung",2,"brutto",1445,1418,1472,1207,1160,1231,1406,1379,1425,1627,1600,1667,2807,1754,129
2022,"2022.04",1,"Ganze Stadt",5,"Bestand Mietverträge über 20 Jahre",2,"2 Zimmer",2,"Nicht gemeinnützig",1,"Wohnung",2,"brutto",1347,1287,1407,1110,1069,1172,1250,1204,1299,1392,1345,1505,3601,670,128
2024,"2024.04",1,"Ganze Stadt",5,"Bestand Mietverträge über 20 Jahre",2,"2 Zimmer",2,"Nicht gemeinnützig",1,"Wohnung",2,"brutto",1375,1322,1428,1125,1101,1155,1351,1290,1387,1551,1483,1628,3373,728,172
2022,"2022.04",1,"Ganze Stadt",5,"Bestand Mietverträge über 20 Jahre",3,"3 Zimmer",2,"Nicht gemeinnützig",1,"Wohnung",2,"brutto",1521,1459,1584,1216,1192,1267,1436,1379,1538,1685,1625,1791,6856,1235,186
2024,"2024.04",1,"Ganze Stadt",5,"Bestand Mietverträge über 20 Jahre",3,"3 Zimmer",2,"Nicht gemeinnützig",1,"Wohnung",2,"brutto",1587,1543,1631,1305,1270,1358,1553,1490,1600,1794,1735,1868,6413,1286,243
2022,"2022.04",1,"Ganze Stadt",5,"Bestand Mietverträge über 20 Jahre",4,"4 Zimmer",2,"Nicht gemeinnützig",1,"Wohnung",2,"brutto",1952,1887,2018,1500,1450,1555,1852,1738,1880,2183,2113,2381,4327,707,190
2024,"2024.04",1,"Ganze Stadt",5,"Bestand Mietverträge über 20 Jahre",4,"4 Zimmer",2,"Nicht gemeinnützig",1,"Wohnung",2,"brutto",2046,1988,2104,1606,1555,1656,1907,1861,1966,2313,2211,2428,4052,739,245
2022,"2022.04",1,"Ganze Stadt",0,"Ganze Stadt",2,"2 Zimmer",1,"Gemeinnützig",2,"Quadratmeter",2,"brutto",18.43,18.28,18.58,15.24,15.09,15.34,17.58,17.39,17.72,20.62,20.37,20.84,11106,7184,492
2024,"2024.04",1,"Ganze Stadt",0,"Ganze Stadt",2,"2 Zimmer",1,"Gemeinnützig",2,"Quadratmeter",2,"brutto",19.83,19.68,19.99,16.54,16.37,16.68,19.02,18.85,19.19,22.34,22,22.6,11437,7442,463
2022,"2022.04",1,"Ganze Stadt",0,"Ganze Stadt",3,"3 Zimmer",1,"Gemeinnützig",2,"Quadratmeter",2,"brutto",16.33,16.21,16.45,13.76,13.67,13.86,15.61,15.51,15.7,18.17,17.97,18.34,22955,14636,597
2024,"2024.04",1,"Ganze Stadt",0,"Ganze Stadt",3,"3 Zimmer",1,"Gemeinnützig",2,"Quadratmeter",2,"brutto",17.53,17.44,17.62,15.08,14.98,15.19,16.91,16.81,16.98,19.4,19.22,19.6,23071,15117,620
2022,"2022.04",1,"Ganze Stadt",0,"Ganze Stadt",4,"4 Zimmer",1,"Gemeinnützig",2,"Quadratmeter",2,"brutto",15.87,15.77,15.96,13.75,13.67,13.86,15.5,15.41,15.58,17.59,17.38,17.72,14925,9288,606
2024,"2024.04",1,"Ganze Stadt",0,"Ganze Stadt",4,"4 Zimmer",1,"Gemeinnützig",2,"Quadratmeter",2,"brutto",17.09,16.98,17.2,14.79,14.72,14.87,16.58,16.44,16.7,18.84,18.71,19.05,14957,9495,581
2022,"2022.04",1,"Ganze Stadt",0,"Ganze Stadt",9,"2 , 3  und 4 Zimmer",1,"Gemeinnützig",2,"Quadratmeter",2,"brutto",16.67,16.59,16.74,14.03,13.98,14.08,15.9,15.85,15.97,18.59,18.49,18.69,48986,31108,1695
2024,"2024.04",1,"Ganze Stadt",0,"Ganze Stadt",9,"2 , 3  und 4 Zimmer",1,"Gemeinnützig",2,"Quadratmeter",2,"brutto",17.93,17.86,18,15.24,15.17,15.3,17.24,17.15,17.33,19.9,19.82,20.03,49465,32054,1664
2022,"2022.04",1,"Ganze Stadt",0,"Ganze Stadt",2,"2 Zimmer",2,"Nicht gemeinnützig",2,"Quadratmeter",2,"brutto",30.6,30.28,30.92,24.52,24.17,25.09,29.46,29.1,29.77,35.38,34.72,35.93,35586,6361,1250
2024,"2024.04",1,"Ganze Stadt",0,"Ganze Stadt",2,"2 Zimmer",2,"Nicht gemeinnützig",2,"Quadratmeter",2,"brutto",32.71,32.47,32.95,26.27,25.85,26.61,31.6,31.35,31.88,37.82,37.38,38.22,35728,7659,1825
2022,"2022.04",1,"Ganze Stadt",0,"Ganze Stadt",3,"3 Zimmer",2,"Nicht gemeinnützig",2,"Quadratmeter",2,"brutto",26.64,26.35,26.94,21.75,21.33,22.02,25.61,25.28,25.95,30.78,30.29,31.25,51225,8720,1311
2024,"2024.04",1,"Ganze Stadt",0,"Ganze Stadt",3,"3 Zimmer",2,"Nicht gemeinnützig",2,"Quadratmeter",2,"brutto",28.59,28.36,28.83,23,22.7,23.28,27.92,27.58,28.2,33.04,32.6,33.52,50539,9673,1881
2022,"2022.04",1,"Ganze Stadt",0,"Ganze Stadt",4,"4 Zimmer",2,"Nicht gemeinnützig",2,"Quadratmeter",2,"brutto",25.14,24.84,25.44,20,19.8,20.44,24.08,23.66,24.41,29.29,28.92,29.74,25972,4563,1107
2024,"2024.04",1,"Ganze Stadt",0,"Ganze Stadt",4,"4 Zimmer",2,"Nicht gemeinnützig",2,"Quadratmeter",2,"brutto",26.61,26.34,26.88,21.35,21.07,21.69,25.46,25.14,25.74,31.19,30.61,31.57,25502,4969,1564
2022,"2022.04",1,"Ganze Stadt",0,"Ganze Stadt",9,"2 , 3  und 4 Zimmer",2,"Nicht gemeinnützig",2,"Quadratmeter",2,"brutto",27.55,27.37,27.73,21.99,21.82,22.21,26.42,26.22,26.63,31.87,31.58,32.13,112783,19644,3668
2024,"2024.04",1,"Ganze Stadt",0,"Ganze Stadt",9,"2 , 3  und 4 Zimmer",2,"Nicht gemeinnützig",2,"Quadratmeter",2,"brutto",29.46,29.31,29.6,23.29,23.13,23.54,28.4,28.24,28.6,34.31,34.08,34.56,111769,22301,5270
2022,"2022.04",1,"Ganze Stadt",1,"Neubau bis 2 Jahre",2,"2 Zimmer",1,"Gemeinnützig",2,"Quadratmeter",2,"brutto",21.53,20.86,22.2,17.93,16.89,18.97,20.78,20.04,21.18,24.44,22.43,25.92,420,280,20
2024,"2024.04",1,"Ganze Stadt",1,"Neubau bis 2 Jahre",2,"2 Zimmer",1,"Gemeinnützig",2,"Quadratmeter",2,"brutto",22.42,21.74,23.1,19.98,19.4,20.31,21.5,20.66,23.03,24.43,23.03,25.68,372,159,13
2022,"2022.04",1,"Ganze Stadt",1,"Neubau bis 2 Jahre",3,"3 Zimmer",1,"Gemeinnützig",2,"Quadratmeter",2,"brutto",18.28,17.59,18.98,15.4,15.17,16.92,17.32,17,18.02,18.68,18.34,19.78,607,360,12
2024,"2024.04",1,"Ganze Stadt",1,"Neubau bis 2 Jahre",3,"3 Zimmer",1,"Gemeinnützig",2,"Quadratmeter",2,"brutto",20.73,20.26,21.21,18.82,18.41,19.74,20.56,20.29,21.41,22.71,21.54,23.45,446,234,15
2022,"2022.04",1,"Ganze Stadt",1,"Neubau bis 2 Jahre",4,"4 Zimmer",1,"Gemeinnützig",2,"Quadratmeter",2,"brutto",17.45,16.75,18.16,14.54,14.15,16.54,16.89,16.5,17.14,18.41,17.5,19.14,532,304,12
2024,"2024.04",1,"Ganze Stadt",1,"Neubau bis 2 Jahre",4,"4 Zimmer",1,"Gemeinnützig",2,"Quadratmeter",2,"brutto",19.49,19.07,19.91,16.62,16.36,17.88,19.06,18.6,20.3,21.74,21.25,22.92,372,234,4
2022,"2022.04",1,"Ganze Stadt",1,"Neubau bis 2 Jahre",9,"2 , 3  und 4 Zimmer",1,"Gemeinnützig",2,"Quadratmeter",2,"brutto",18.87,18.46,19.28,15.79,15.28,16.67,17.51,17.3,17.97,20.59,20,21.18,1559,944,44
2024,"2024.04",1,"Ganze Stadt",1,"Neubau bis 2 Jahre",9,"2 , 3  und 4 Zimmer",1,"Gemeinnützig",2,"Quadratmeter",2,"brutto",20.87,20.48,21.26,18.82,18.44,19.08,20.45,20.3,21.23,23.05,22.54,23.98,1190,627,32
2022,"2022.04",1,"Ganze Stadt",1,"Neubau bis 2 Jahre",2,"2 Zimmer",2,"Nicht gemeinnützig",2,"Quadratmeter",2,"brutto",36.6,35.38,37.81,33.18,31.32,35.66,37.45,35.32,38.31,40,38.4,42.85,1078,208,36
2024,"2024.04",1,"Ganze Stadt",1,"Neubau bis 2 Jahre",2,"2 Zimmer",2,"Nicht gemeinnützig",2,"Quadratmeter",2,"brutto",41.34,39.51,43.18,37.24,34.87,39.62,41.49,39.85,42.53,46.29,43.36,48.49,1123,193,39
2022,"2022.04",1,"Ganze Stadt",1,"Neubau bis 2 Jahre",3,"3 Zimmer",2,"Nicht gemeinnützig",2,"Quadratmeter",2,"brutto",34.81,32.75,36.88,30.52,28.98,33.3,33.53,31.07,36.63,39.54,33.66,40.08,1055,133,26
2024,"2024.04",1,"Ganze Stadt",1,"Neubau bis 2 Jahre",3,"3 Zimmer",2,"Nicht gemeinnützig",2,"Quadratmeter",2,"brutto",37.02,35.4,38.64,33.9,32.25,36.54,38,36.2,39.86,40.64,39.86,43.35,1248,257,44
2022,"2022.04",1,"Ganze Stadt",1,"Neubau bis 2 Jahre",4,"4 Zimmer",2,"Nicht gemeinnützig",2,"Quadratmeter",2,"brutto",33.05,31.84,34.26,30.01,28.71,31.3,32.91,31.1,34.06,35.81,33.7,37.98,617,144,21
2024,"2024.04",1,"Ganze Stadt",1,"Neubau bis 2 Jahre",4,"4 Zimmer",2,"Nicht gemeinnützig",2,"Quadratmeter",2,"brutto",34.01,32.27,35.74,32.14,29.17,33.05,33.62,32.44,34.96,37.6,34.84,40.15,508,62,26
2022,"2022.04",1,"Ganze Stadt",1,"Neubau bis 2 Jahre",9,"2 , 3  und 4 Zimmer",2,"Nicht gemeinnützig",2,"Quadratmeter",2,"brutto",35.12,34.15,36.1,30.9,30.07,32.42,34.35,33.35,35.81,38.49,37.77,40.01,2750,485,83
2024,"2024.04",1,"Ganze Stadt",1,"Neubau bis 2 Jahre",9,"2 , 3  und 4 Zimmer",2,"Nicht gemeinnützig",2,"Quadratmeter",2,"brutto",38.18,37.09,39.27,33.88,32.84,34.99,38.59,37.38,39.85,42.1,41.05,44.03,2879,512,109
2022,"2022.04",1,"Ganze Stadt",2,"Neubezug bis 2 Jahre",2,"2 Zimmer",1,"Gemeinnützig",2,"Quadratmeter",2,"brutto",18.84,18.49,19.19,15.16,14.84,15.58,17.77,17.3,18.38,21.19,20.66,21.87,1924,1179,104
2024,"2024.04",1,"Ganze Stadt",2,"Neubezug bis 2 Jahre",2,"2 Zimmer",1,"Gemeinnützig",2,"Quadratmeter",2,"brutto",20.15,19.78,20.51,16.39,15.96,16.69,18.63,18.41,18.94,22.4,21.64,23.07,1976,1262,83
2022,"2022.04",1,"Ganze Stadt",2,"Neubezug bis 2 Jahre",3,"3 Zimmer",1,"Gemeinnützig",2,"Quadratmeter",2,"brutto",16.66,16.24,17.08,13.56,13.3,13.88,15.64,15.37,15.9,19,18.41,19.48,3520,2211,74
2024,"2024.04",1,"Ganze Stadt",2,"Neubezug bis 2 Jahre",3,"3 Zimmer",1,"Gemeinnützig",2,"Quadratmeter",2,"brutto",17.65,17.39,17.92,14.61,14.37,14.87,16.78,16.56,16.95,19.75,19.31,20.32,3779,2516,94
2022,"2022.04",1,"Ganze Stadt",2,"Neubezug bis 2 Jahre",4,"4 Zimmer",1,"Gemeinnützig",2,"Quadratmeter",2,"brutto",15.99,15.73,16.25,13.62,13.23,13.99,15.58,15.2,15.97,17.67,16.95,18.06,1567,944,47
2024,"2024.04",1,"Ganze Stadt",2,"Neubezug bis 2 Jahre",4,"4 Zimmer",1,"Gemeinnützig",2,"Quadratmeter",2,"brutto",17.51,17.12,17.89,14.56,14.27,14.86,16.58,16.13,17.16,19.45,18.85,20.6,1665,1027,66
2022,"2022.04",1,"Ganze Stadt",2,"Neubezug bis 2 Jahre",9,"2 , 3  und 4 Zimmer",1,"Gemeinnützig",2,"Quadratmeter",2,"brutto",17.11,16.84,17.38,13.96,13.73,14.18,16.08,15.9,16.31,19.44,19,19.72,7011,4334,225
2024,"2024.04",1,"Ganze Stadt",2,"Neubezug bis 2 Jahre",9,"2 , 3  und 4 Zimmer",1,"Gemeinnützig",2,"Quadratmeter",2,"brutto",18.28,18.1,18.47,14.88,14.75,15.11,17.17,16.94,17.52,20.44,20.07,20.75,7420,4805,243
2022,"2022.04",1,"Ganze Stadt",2,"Neubezug bis 2 Jahre",2,"2 Zimmer",2,"Nicht gemeinnützig",2,"Quadratmeter",2,"brutto",33.62,33.03,34.21,28.15,27.59,28.62,31.9,31.18,32.53,38.49,37,39.34,11258,1902,384
2024,"2024.04",1,"Ganze Stadt",2,"Neubezug bis 2 Jahre",2,"2 Zimmer",2,"Nicht gemeinnützig",2,"Quadratmeter",2,"brutto",35.47,34.98,35.96,28.66,28,29.45,33.91,33.4,34.54,40.73,39.95,41.41,10824,2303,571
2022,"2022.04",1,"Ganze Stadt",2,"Neubezug bis 2 Jahre",3,"3 Zimmer",2,"Nicht gemeinnützig",2,"Quadratmeter",2,"brutto",29.18,28.51,29.84,24.27,23.59,25,28.08,27.5,29.11,33.27,32.24,34.42,13397,2114,360
2024,"2024.04",1,"Ganze Stadt",2,"Neubezug bis 2 Jahre",3,"3 Zimmer",2,"Nicht gemeinnützig",2,"Quadratmeter",2,"brutto",31.46,30.95,31.97,26.15,25.61,26.64,30.47,29.8,30.99,35.99,35.08,36.96,12682,2368,481
2022,"2022.04",1,"Ganze Stadt",2,"Neubezug bis 2 Jahre",4,"4 Zimmer",2,"Nicht gemeinnützig",2,"Quadratmeter",2,"brutto",27.89,27.17,28.61,22.57,21.71,23.65,27.72,26.17,28.57,32.39,30.93,33.67,5418,916,251
2024,"2024.04",1,"Ganze Stadt",2,"Neubezug bis 2 Jahre",4,"4 Zimmer",2,"Nicht gemeinnützig",2,"Quadratmeter",2,"brutto",29.54,28.82,30.26,23.6,22.83,24.66,28.3,27.72,29.29,34.1,33.24,34.81,5142,952,358
2022,"2022.04",1,"Ganze Stadt",2,"Neubezug bis 2 Jahre",9,"2 , 3  und 4 Zimmer",2,"Nicht gemeinnützig",2,"Quadratmeter",2,"brutto",30.61,30.21,31.01,25,24.61,25.71,29.5,29.2,30,34.93,34.22,35.71,30073,4932,995
2024,"2024.04",1,"Ganze Stadt",2,"Neubezug bis 2 Jahre",9,"2 , 3  und 4 Zimmer",2,"Nicht gemeinnützig",2,"Quadratmeter",2,"brutto",32.63,32.31,32.95,26.39,26.07,26.73,31.45,30.99,31.85,37.52,36.94,38,28648,5623,1410
2022,"2022.04",1,"Ganze Stadt",3,"Bestand Mietverträge 3-10 Jahre",2,"2 Zimmer",1,"Gemeinnützig",2,"Quadratmeter",2,"brutto",18.83,18.56,19.09,15.44,15.33,15.66,17.81,17.6,18.04,21.18,20.78,21.62,4894,3135,208
2024,"2024.04",1,"Ganze Stadt",3,"Bestand Mietverträge 3-10 Jahre",2,"2 Zimmer",1,"Gemeinnützig",2,"Quadratmeter",2,"brutto",20.3,20.06,20.55,16.93,16.65,17.06,19.43,19.19,19.75,22.9,22.43,23.35,5113,3310,215
2022,"2022.04",1,"Ganze Stadt",3,"Bestand Mietverträge 3-10 Jahre",3,"3 Zimmer",1,"Gemeinnützig",2,"Quadratmeter",2,"brutto",16.82,16.65,17,14.07,13.93,14.29,16.03,15.9,16.28,18.85,18.69,19.02,9305,5907,260
2024,"2024.04",1,"Ganze Stadt",3,"Bestand Mietverträge 3-10 Jahre",3,"3 Zimmer",1,"Gemeinnützig",2,"Quadratmeter",2,"brutto",17.93,17.79,18.07,15.32,15.21,15.43,17.22,17.09,17.35,19.82,19.6,20.09,9363,6089,260
2022,"2022.04",1,"Ganze Stadt",3,"Bestand Mietverträge 3-10 Jahre",4,"4 Zimmer",1,"Gemeinnützig",2,"Quadratmeter",2,"brutto",16.44,16.27,16.6,14.07,13.96,14.23,16.03,15.81,16.21,18.52,18.24,18.75,6042,3712,239
2024,"2024.04",1,"Ganze Stadt",3,"Bestand Mietverträge 3-10 Jahre",4,"4 Zimmer",1,"Gemeinnützig",2,"Quadratmeter",2,"brutto",17.47,17.3,17.64,15.07,14.85,15.29,16.91,16.73,17.22,19.51,19.1,19.83,5895,3634,228
2022,"2022.04",1,"Ganze Stadt",3,"Bestand Mietverträge 3-10 Jahre",9,"2 , 3  und 4 Zimmer",1,"Gemeinnützig",2,"Quadratmeter",2,"brutto",17.19,17.08,17.31,14.4,14.3,14.49,16.43,16.31,16.55,19.16,19.06,19.35,20241,12754,707
2024,"2024.04",1,"Ganze Stadt",3,"Bestand Mietverträge 3-10 Jahre",9,"2 , 3  und 4 Zimmer",1,"Gemeinnützig",2,"Quadratmeter",2,"brutto",18.39,18.29,18.5,15.51,15.42,15.61,17.63,17.5,17.73,20.53,20.33,20.67,20371,13033,703
2022,"2022.04",1,"Ganze Stadt",3,"Bestand Mietverträge 3-10 Jahre",2,"2 Zimmer",2,"Nicht gemeinnützig",2,"Quadratmeter",2,"brutto",30.93,30.46,31.41,25.55,24.84,26.32,29.84,29.23,30.59,35.63,34.56,36.3,15161,2787,556
2024,"2024.04",1,"Ganze Stadt",3,"Bestand Mietverträge 3-10 Jahre",2,"2 Zimmer",2,"Nicht gemeinnützig",2,"Quadratmeter",2,"brutto",33.42,33.06,33.78,27.92,27.47,28.33,32.34,31.97,32.98,37.8,37.18,38.55,16066,3467,830
2022,"2022.04",1,"Ganze Stadt",3,"Bestand Mietverträge 3-10 Jahre",3,"3 Zimmer",2,"Nicht gemeinnützig",2,"Quadratmeter",2,"brutto",27.81,27.37,28.26,23.08,22.43,23.54,26.9,26.3,27.3,31.43,30.9,32.11,22161,3835,538
2024,"2024.04",1,"Ganze Stadt",3,"Bestand Mietverträge 3-10 Jahre",3,"3 Zimmer",2,"Nicht gemeinnützig",2,"Quadratmeter",2,"brutto",29.84,29.48,30.2,25,24.62,25.46,29.08,28.68,29.54,33.93,33.25,34.44,22671,4267,837
2022,"2022.04",1,"Ganze Stadt",3,"Bestand Mietverträge 3-10 Jahre",4,"4 Zimmer",2,"Nicht gemeinnützig",2,"Quadratmeter",2,"brutto",26.47,25.99,26.94,21.78,21.33,22.34,25.48,25.03,26.04,30.57,29.77,31.31,10940,1898,457
2024,"2024.04",1,"Ganze Stadt",3,"Bestand Mietverträge 3-10 Jahre",4,"4 Zimmer",2,"Nicht gemeinnützig",2,"Quadratmeter",2,"brutto",28.23,27.84,28.61,23.44,23,24.01,27.31,26.83,27.75,32.52,31.88,32.98,11081,2196,679
2022,"2022.04",1,"Ganze Stadt",3,"Bestand Mietverträge 3-10 Jahre",9,"2 , 3  und 4 Zimmer",2,"Nicht gemeinnützig",2,"Quadratmeter",2,"brutto",28.49,28.21,28.76,23.33,23.08,23.68,27.45,27.14,27.9,32.49,32.04,33,48262,8520,1551
2024,"2024.04",1,"Ganze Stadt",3,"Bestand Mietverträge 3-10 Jahre",9,"2 , 3  und 4 Zimmer",2,"Nicht gemeinnützig",2,"Quadratmeter",2,"brutto",30.63,30.41,30.85,25.26,24.97,25.53,29.87,29.56,30.14,35.04,34.63,35.44,49818,9930,2346
2022,"2022.04",1,"Ganze Stadt",4,"Bestand Mietverträge 11-20 Jahre",2,"2 Zimmer",1,"Gemeinnützig",2,"Quadratmeter",2,"brutto",17.53,17.3,17.75,14.9,14.64,15.24,17.08,16.79,17.42,19.38,18.98,19.93,2294,1554,107
2024,"2024.04",1,"Ganze Stadt",4,"Bestand Mietverträge 11-20 Jahre",2,"2 Zimmer",1,"Gemeinnützig",2,"Quadratmeter",2,"brutto",19.01,18.65,19.38,16.22,15.88,16.52,18.55,18.12,18.86,21.35,20.62,21.85,2381,1626,90
2022,"2022.04",1,"Ganze Stadt",4,"Bestand Mietverträge 11-20 Jahre",3,"3 Zimmer",1,"Gemeinnützig",2,"Quadratmeter",2,"brutto",15.89,15.68,16.1,13.7,13.47,13.86,15.33,15.09,15.57,17.56,17.19,17.94,4946,3249,151
2024,"2024.04",1,"Ganze Stadt",4,"Bestand Mietverträge 11-20 Jahre",3,"3 Zimmer",1,"Gemeinnützig",2,"Quadratmeter",2,"brutto",17.28,17.11,17.45,15.18,14.99,15.36,16.77,16.53,16.98,19.31,19.01,19.67,5073,3399,133
2022,"2022.04",1,"Ganze Stadt",4,"Bestand Mietverträge 11-20 Jahre",4,"4 Zimmer",1,"Gemeinnützig",2,"Quadratmeter",2,"brutto",15.48,15.33,15.63,13.69,13.52,13.92,15.29,15.17,15.47,16.95,16.72,17.1,3935,2610,149
2024,"2024.04",1,"Ganze Stadt",4,"Bestand Mietverträge 11-20 Jahre",4,"4 Zimmer",1,"Gemeinnützig",2,"Quadratmeter",2,"brutto",16.83,16.62,17.04,14.91,14.75,15.11,16.46,16.31,16.64,18.3,18.08,18.55,4218,2846,154
2022,"2022.04",1,"Ganze Stadt",4,"Bestand Mietverträge 11-20 Jahre",9,"2 , 3  und 4 Zimmer",1,"Gemeinnützig",2,"Quadratmeter",2,"brutto",16.08,15.97,16.19,13.87,13.75,14.01,15.62,15.52,15.7,17.77,17.61,17.94,11175,7413,407
2024,"2024.04",1,"Ganze Stadt",4,"Bestand Mietverträge 11-20 Jahre",9,"2 , 3  und 4 Zimmer",1,"Gemeinnützig",2,"Quadratmeter",2,"brutto",17.47,17.34,17.6,15.25,15.1,15.36,16.95,16.81,17.09,19.29,19.08,19.51,11672,7871,377
2022,"2022.04",1,"Ganze Stadt",4,"Bestand Mietverträge 11-20 Jahre",2,"2 Zimmer",2,"Nicht gemeinnützig",2,"Quadratmeter",2,"brutto",26.1,25.03,27.17,21.61,20.96,22.92,24.76,24.13,25.53,28.58,27.87,30.19,4488,794,146
2024,"2024.04",1,"Ganze Stadt",4,"Bestand Mietverträge 11-20 Jahre",2,"2 Zimmer",2,"Nicht gemeinnützig",2,"Quadratmeter",2,"brutto",27.28,26.75,27.81,23.19,22.33,24.04,26.23,25.53,27.17,30.57,29.81,31.42,4342,968,213
2022,"2022.04",1,"Ganze Stadt",4,"Bestand Mietverträge 11-20 Jahre",3,"3 Zimmer",2,"Nicht gemeinnützig",2,"Quadratmeter",2,"brutto",23.21,22.61,23.81,19.97,19.63,20.56,22.66,21.97,23.35,25.57,24.61,26.44,7756,1403,201
2024,"2024.04",1,"Ganze Stadt",4,"Bestand Mietverträge 11-20 Jahre",3,"3 Zimmer",2,"Nicht gemeinnützig",2,"Quadratmeter",2,"brutto",24.92,24.37,25.47,21.24,20.82,21.93,23.85,23.43,24.44,27.91,27.27,28.54,7525,1495,276
2022,"2022.04",1,"Ganze Stadt",4,"Bestand Mietverträge 11-20 Jahre",4,"4 Zimmer",2,"Nicht gemeinnützig",2,"Quadratmeter",2,"brutto",22.72,22.11,23.34,19.17,18.79,19.91,21.62,21.06,22.44,24.68,24.27,26.05,4670,898,188
2024,"2024.04",1,"Ganze Stadt",4,"Bestand Mietverträge 11-20 Jahre",4,"4 Zimmer",2,"Nicht gemeinnützig",2,"Quadratmeter",2,"brutto",23.81,23.22,24.4,20.23,19.86,20.73,23.04,22.53,23.45,26.06,25.47,26.87,4719,1020,256
2022,"2022.04",1,"Ganze Stadt",4,"Bestand Mietverträge 11-20 Jahre",9,"2 , 3  und 4 Zimmer",2,"Nicht gemeinnützig",2,"Quadratmeter",2,"brutto",23.84,23.41,24.27,20.07,19.76,20.51,23.13,22.63,23.51,26.28,25.72,26.66,16914,3095,535
2024,"2024.04",1,"Ganze Stadt",4,"Bestand Mietverträge 11-20 Jahre",9,"2 , 3  und 4 Zimmer",2,"Nicht gemeinnützig",2,"Quadratmeter",2,"brutto",25.22,24.89,25.55,21.12,20.83,21.47,24.12,23.85,24.58,27.98,27.66,28.54,16586,3483,745
2022,"2022.04",1,"Ganze Stadt",5,"Bestand Mietverträge über 20 Jahre",2,"2 Zimmer",1,"Gemeinnützig",2,"Quadratmeter",2,"brutto",17.19,16.87,17.52,14.41,14.2,14.74,16.5,16.19,16.77,19.36,18.78,20,1574,1036,53
2024,"2024.04",1,"Ganze Stadt",5,"Bestand Mietverträge über 20 Jahre",2,"2 Zimmer",1,"Gemeinnützig",2,"Quadratmeter",2,"brutto",18.56,18.23,18.89,15.91,15.68,16.2,18.51,18.06,18.96,21.19,20.45,21.72,1595,1085,62
2022,"2022.04",1,"Ganze Stadt",5,"Bestand Mietverträge über 20 Jahre",3,"3 Zimmer",1,"Gemeinnützig",2,"Quadratmeter",2,"brutto",15.29,15.08,15.51,13.22,13.12,13.48,14.83,14.66,15.07,16.92,16.55,17.19,4577,2909,100
2024,"2024.04",1,"Ganze Stadt",5,"Bestand Mietverträge über 20 Jahre",3,"3 Zimmer",1,"Gemeinnützig",2,"Quadratmeter",2,"brutto",16.52,16.3,16.73,14.48,14.23,14.82,16.27,16.04,16.4,17.97,17.75,18.32,4410,2879,118
2022,"2022.04",1,"Ganze Stadt",5,"Bestand Mietverträge über 20 Jahre",4,"4 Zimmer",1,"Gemeinnützig",2,"Quadratmeter",2,"brutto",14.83,14.65,15.01,12.83,12.63,13.17,14.61,14.31,14.88,16.31,16.05,16.68,2849,1718,159
2024,"2024.04",1,"Ganze Stadt",5,"Bestand Mietverträge über 20 Jahre",4,"4 Zimmer",1,"Gemeinnützig",2,"Quadratmeter",2,"brutto",16.12,15.84,16.39,14.12,13.87,14.4,15.79,15.58,16.03,17.73,17.59,18.01,2807,1754,129
2022,"2022.04",1,"Ganze Stadt",5,"Bestand Mietverträge über 20 Jahre",9,"2 , 3  und 4 Zimmer",1,"Gemeinnützig",2,"Quadratmeter",2,"brutto",15.48,15.34,15.61,13.28,13.15,13.45,14.98,14.84,15.13,17.17,16.95,17.41,9000,5663,312
2024,"2024.04",1,"Ganze Stadt",5,"Bestand Mietverträge über 20 Jahre",9,"2 , 3  und 4 Zimmer",1,"Gemeinnützig",2,"Quadratmeter",2,"brutto",16.76,16.61,16.91,14.5,14.37,14.75,16.34,16.2,16.48,18.45,18.34,18.68,8812,5718,309
2022,"2022.04",1,"Ganze Stadt",5,"Bestand Mietverträge über 20 Jahre",2,"2 Zimmer",2,"Nicht gemeinnützig",2,"Quadratmeter",2,"brutto",23.55,22.71,24.38,19.71,18.28,21.2,22.41,21.77,24.11,26.39,25.47,28.02,3601,670,128
2024,"2024.04",1,"Ganze Stadt",5,"Bestand Mietverträge über 20 Jahre",2,"2 Zimmer",2,"Nicht gemeinnützig",2,"Quadratmeter",2,"brutto",24.57,23.79,25.36,20.36,19.99,21.13,23.69,22.64,24.41,27.63,26.91,28.9,3373,728,172
2022,"2022.04",1,"Ganze Stadt",5,"Bestand Mietverträge über 20 Jahre",3,"3 Zimmer",2,"Nicht gemeinnützig",2,"Quadratmeter",2,"brutto",20.56,19.84,21.28,17.09,16.38,17.74,20.14,19.29,20.75,23.3,22.19,23.97,6856,1235,186
2024,"2024.04",1,"Ganze Stadt",5,"Bestand Mietverträge über 20 Jahre",3,"3 Zimmer",2,"Nicht gemeinnützig",2,"Quadratmeter",2,"brutto",21.19,20.61,21.77,18.1,17.46,18.67,21,20.54,21.57,24.17,23.31,25,6413,1286,243
2022,"2022.04",1,"Ganze Stadt",5,"Bestand Mietverträge über 20 Jahre",4,"4 Zimmer",2,"Nicht gemeinnützig",2,"Quadratmeter",2,"brutto",19.85,19.15,20.56,16.24,15.55,17.18,19.12,18.54,19.8,21.73,21.23,22.82,4327,707,190
2024,"2024.04",1,"Ganze Stadt",5,"Bestand Mietverträge über 20 Jahre",4,"4 Zimmer",2,"Nicht gemeinnützig",2,"Quadratmeter",2,"brutto",20.81,20.28,21.34,17.82,17.38,18.18,20.22,19.7,20.68,23.16,22.36,23.94,4052,739,245
2022,"2022.04",1,"Ganze Stadt",5,"Bestand Mietverträge über 20 Jahre",9,"2 , 3  und 4 Zimmer",2,"Nicht gemeinnützig",2,"Quadratmeter",2,"brutto",21.08,20.66,21.5,17.28,16.93,17.72,20.45,19.92,20.86,23.97,23.37,24.58,14784,2612,504
2024,"2024.04",1,"Ganze Stadt",5,"Bestand Mietverträge über 20 Jahre",9,"2 , 3  und 4 Zimmer",2,"Nicht gemeinnützig",2,"Quadratmeter",2,"brutto",21.9,21.54,22.27,18.4,18.06,18.73,21.32,20.9,21.71,24.83,24.37,25.36,13838,2753,660
2022,"2022.04",2,"Stadtkreise",0,"Ganze Stadt",2,"2 Zimmer",1,"Gemeinnützig",1,"Wohnung",1,"netto",925,917,933,706,700,716,868,862,880,1065,1057,1083,11106,7152,504
2024,"2024.04",2,"Stadtkreise",0,"Ganze Stadt",2,"2 Zimmer",1,"Gemeinnützig",1,"Wohnung",1,"netto",987,978,996,766,759,776,932,925,943,1139,1132,1156,11437,7430,461
2022,"2022.04",2,"Stadtkreise",0,"Ganze Stadt",3,"3 Zimmer",1,"Gemeinnützig",1,"Wohnung",1,"netto",1027,1018,1035,773,766,782,964,953,974,1198,1186,1211,22955,14593,605
2024,"2024.04",2,"Stadtkreise",0,"Ganze Stadt",3,"3 Zimmer",1,"Gemeinnützig",1,"Wohnung",1,"netto",1095,1089,1102,841,832,850,1022,1014,1035,1280,1269,1288,23071,15107,620
2022,"2022.04",2,"Stadtkreise",0,"Ganze Stadt",4,"4 Zimmer",1,"Gemeinnützig",1,"Wohnung",1,"netto",1342,1334,1350,1043,1030,1057,1295,1286,1312,1578,1565,1599,14925,9246,604
2024,"2024.04",2,"Stadtkreise",0,"Ganze Stadt",4,"4 Zimmer",1,"Gemeinnützig",1,"Wohnung",1,"netto",1441,1431,1452,1133,1120,1147,1403,1390,1418,1696,1682,1715,14957,9478,580
2022,"2022.04",2,"Stadtkreise",0,"Ganze Stadt",2,"2 Zimmer",2,"Nicht gemeinnützig",1,"Wohnung",1,"netto",1579,1560,1598,1225,1210,1245,1466,1450,1500,1858,1820,1900,35586,6336,1210
2024,"2024.04",2,"Stadtkreise",0,"Ganze Stadt",2,"2 Zimmer",2,"Nicht gemeinnützig",1,"Wohnung",1,"netto",1692,1678,1706,1300,1281,1325,1578,1559,1600,1992,1966,2022,35728,7237,1786
2022,"2022.04",2,"Stadtkreise",0,"Ganze Stadt",3,"3 Zimmer",2,"Nicht gemeinnützig",1,"Wohnung",1,"netto",1856,1833,1878,1392,1369,1410,1713,1691,1741,2206,2169,2245,51225,8700,1260
2024,"2024.04",2,"Stadtkreise",0,"Ganze Stadt",3,"3 Zimmer",2,"Nicht gemeinnützig",1,"Wohnung",1,"netto",2006,1989,2024,1492,1467,1516,1875,1850,1900,2400,2363,2437,50539,9132,1836
2022,"2022.04",2,"Stadtkreise",0,"Ganze Stadt",4,"4 Zimmer",2,"Nicht gemeinnützig",1,"Wohnung",1,"netto",2321,2291,2352,1714,1669,1754,2171,2128,2200,2750,2700,2820,25972,4545,1053
2024,"2024.04",2,"Stadtkreise",0,"Ganze Stadt",4,"4 Zimmer",2,"Nicht gemeinnützig",1,"Wohnung",1,"netto",2450,2424,2476,1798,1759,1837,2300,2272,2350,2948,2898,3010,25502,4670,1514
2022,"2022.04",2,"Stadtkreise",10,"Kreis 1",2,"2 Zimmer",1,"Gemeinnützig",1,"Wohnung",1,"netto",1056,1043,1069,722,709,748,950,934,957,1252,1231,1278,302,274,0
2024,"2024.04",2,"Stadtkreise",10,"Kreis 1",2,"2 Zimmer",1,"Gemeinnützig",1,"Wohnung",1,"netto",1116,1102,1131,767,752,784,1006,988,1018,1311,1297,1334,307,269,7
2022,"2022.04",2,"Stadtkreise",10,"Kreis 1",3,"3 Zimmer",1,"Gemeinnützig",1,"Wohnung",1,"netto",1390,1376,1404,983,969,1009,1283,1278,1295,1688,1639,1733,201,191,0
2024,"2024.04",2,"Stadtkreise",10,"Kreis 1",3,"3 Zimmer",1,"Gemeinnützig",1,"Wohnung",1,"netto",1602,1588,1616,1112,1098,1115,1382,1373,1390,1907,1859,1952,208,189,11
2022,"2022.04",2,"Stadtkreise",10,"Kreis 1",4,"4 Zimmer",1,"Gemeinnützig",1,"Wohnung",1,"netto",1603,1576,1629,1081,1037,1140,1436,1382,1495,1983,1935,2003,136,124,0
2024,"2024.04",2,"Stadtkreise",10,"Kreis 1",4,"4 Zimmer",1,"Gemeinnützig",1,"Wohnung",1,"netto",1814,1780,1848,1276,1263,1289,1713,1677,1731,2143,2115,2168,134,123,0
2022,"2022.04",2,"Stadtkreise",10,"Kreis 1",2,"2 Zimmer",2,"Nicht gemeinnützig",1,"Wohnung",1,"netto",2106,2002,2211,1718,1538,1861,2105,2000,2230,2518,2300,2620,774,81,99
2024,"2024.04",2,"Stadtkreise",10,"Kreis 1",2,"2 Zimmer",2,"Nicht gemeinnützig",1,"Wohnung",1,"netto",2195,2113,2277,1716,1616,1819,2102,2006,2192,2591,2437,2699,743,76,144
2022,"2022.04",2,"Stadtkreise",10,"Kreis 1",3,"3 Zimmer",2,"Nicht gemeinnützig",1,"Wohnung",1,"netto",2703,2584,2822,2052,1798,2195,2565,2380,2843,3300,3162,3606,635,69,97
2024,"2024.04",2,"Stadtkreise",10,"Kreis 1",3,"3 Zimmer",2,"Nicht gemeinnützig",1,"Wohnung",1,"netto",2944,2829,3059,2199,1975,2400,2813,2676,2880,3455,3300,3683,621,70,154
2022,"2022.04",2,"Stadtkreise",10,"Kreis 1",4,"4 Zimmer",2,"Nicht gemeinnützig",1,"Wohnung",1,"netto",3237,3066,3409,2400,1960,2735,3329,2963,3514,3881,3668,4100,323,27,69
2024,"2024.04",2,"Stadtkreise",10,"Kreis 1",4,"4 Zimmer",2,"Nicht gemeinnützig",1,"Wohnung",1,"netto",3505,3309,3700,2288,1785,2556,3445,3180,3749,4571,4037,4778,316,25,91
2022,"2022.04",2,"Stadtkreise",20,"Kreis 2",2,"2 Zimmer",1,"Gemeinnützig",1,"Wohnung",1,"netto",941,914,967,691,656,745,908,862,923,1126,1069,1168,971,535,53
2024,"2024.04",2,"Stadtkreise",20,"Kreis 2",2,"2 Zimmer",1,"Gemeinnützig",1,"Wohnung",1,"netto",1047,1027,1067,765,746,861,997,960,1039,1273,1201,1304,997,591,53
2022,"2022.04",2,"Stadtkreise",20,"Kreis 2",3,"3 Zimmer",1,"Gemeinnützig",1,"Wohnung",1,"netto",1083,1036,1131,794,772,816,1001,960,1029,1181,1143,1261,1736,873,63
2024,"2024.04",2,"Stadtkreise",20,"Kreis 2",3,"3 Zimmer",1,"Gemeinnützig",1,"Wohnung",1,"netto",1185,1160,1210,901,885,932,1104,1087,1159,1347,1313,1405,1745,928,69
2022,"2022.04",2,"Stadtkreise",20,"Kreis 2",4,"4 Zimmer",1,"Gemeinnützig",1,"Wohnung",1,"netto",1374,1350,1398,1112,1045,1134,1298,1256,1355,1675,1581,1710,1435,763,52
2024,"2024.04",2,"Stadtkreise",20,"Kreis 2",4,"4 Zimmer",1,"Gemeinnützig",1,"Wohnung",1,"netto",1494,1460,1529,1191,1141,1245,1467,1418,1500,1756,1722,1817,1413,827,63
2022,"2022.04",2,"Stadtkreise",20,"Kreis 2",2,"2 Zimmer",2,"Nicht gemeinnützig",1,"Wohnung",1,"netto",1662,1600,1724,1262,1210,1351,1548,1480,1699,1980,1900,2086,2749,460,101
2024,"2024.04",2,"Stadtkreise",20,"Kreis 2",2,"2 Zimmer",2,"Nicht gemeinnützig",1,"Wohnung",1,"netto",1861,1797,1926,1368,1285,1415,1702,1567,1795,2158,2088,2253,2859,468,153
2022,"2022.04",2,"Stadtkreise",20,"Kreis 2",3,"3 Zimmer",2,"Nicht gemeinnützig",1,"Wohnung",1,"netto",2120,2029,2211,1450,1400,1558,1911,1816,2064,2580,2435,2774,3833,815,100
2024,"2024.04",2,"Stadtkreise",20,"Kreis 2",3,"3 Zimmer",2,"Nicht gemeinnützig",1,"Wohnung",1,"netto",2217,2154,2281,1648,1569,1726,2050,1987,2184,2664,2507,2817,3917,831,155
2022,"2022.04",2,"Stadtkreise",20,"Kreis 2",4,"4 Zimmer",2,"Nicht gemeinnützig",1,"Wohnung",1,"netto",2616,2493,2740,1900,1763,2021,2402,2266,2526,3169,2950,3327,2285,461,112
2024,"2024.04",2,"Stadtkreise",20,"Kreis 2",4,"4 Zimmer",2,"Nicht gemeinnützig",1,"Wohnung",1,"netto",2698,2597,2798,1982,1899,2140,2480,2360,2550,3133,2987,3363,2337,486,162
2022,"2022.04",2,"Stadtkreise",30,"Kreis 3",2,"2 Zimmer",1,"Gemeinnützig",1,"Wohnung",1,"netto",826,811,842,653,639,673,781,781,815,964,942,1005,1432,855,64
2024,"2024.04",2,"Stadtkreise",30,"Kreis 3",2,"2 Zimmer",1,"Gemeinnützig",1,"Wohnung",1,"netto",858,826,891,709,684,728,821,784,849,980,931,1040,1442,866,66
2022,"2022.04",2,"Stadtkreise",30,"Kreis 3",3,"3 Zimmer",1,"Gemeinnützig",1,"Wohnung",1,"netto",928,904,952,738,728,768,852,832,891,1025,995,1106,3050,1850,67
2024,"2024.04",2,"Stadtkreise",30,"Kreis 3",3,"3 Zimmer",1,"Gemeinnützig",1,"Wohnung",1,"netto",971,948,994,773,764,808,914,871,946,1088,1025,1154,2990,1891,63
2022,"2022.04",2,"Stadtkreise",30,"Kreis 3",4,"4 Zimmer",1,"Gemeinnützig",1,"Wohnung",1,"netto",1286,1267,1304,975,969,1014,1276,1250,1293,1562,1546,1635,1886,1175,84
2024,"2024.04",2,"Stadtkreise",30,"Kreis 3",4,"4 Zimmer",1,"Gemeinnützig",1,"Wohnung",1,"netto",1357,1314,1399,1032,1002,1050,1293,1280,1331,1560,1506,1601,1871,1218,82
2022,"2022.04",2,"Stadtkreise",30,"Kreis 3",2,"2 Zimmer",2,"Nicht gemeinnützig",1,"Wohnung",1,"netto",1478,1429,1527,1221,1173,1252,1401,1330,1444,1655,1566,1757,4921,850,122
2024,"2024.04",2,"Stadtkreise",30,"Kreis 3",2,"2 Zimmer",2,"Nicht gemeinnützig",1,"Wohnung",1,"netto",1647,1604,1690,1330,1273,1380,1520,1500,1600,1847,1800,1941,4912,863,187
2022,"2022.04",2,"Stadtkreise",30,"Kreis 3",3,"3 Zimmer",2,"Nicht gemeinnützig",1,"Wohnung",1,"netto",1789,1718,1860,1404,1347,1500,1710,1600,1788,2056,1944,2283,6901,920,110
2024,"2024.04",2,"Stadtkreise",30,"Kreis 3",3,"3 Zimmer",2,"Nicht gemeinnützig",1,"Wohnung",1,"netto",1899,1842,1957,1459,1415,1547,1760,1712,1850,2262,2150,2477,6785,864,181
2022,"2022.04",2,"Stadtkreise",30,"Kreis 3",4,"4 Zimmer",2,"Nicht gemeinnützig",1,"Wohnung",1,"netto",2286,2188,2385,1800,1750,1875,2169,2031,2254,2700,2504,2931,2300,269,102
2024,"2024.04",2,"Stadtkreise",30,"Kreis 3",4,"4 Zimmer",2,"Nicht gemeinnützig",1,"Wohnung",1,"netto",2327,2239,2414,1726,1629,1804,2268,2145,2395,2817,2604,2965,2296,249,139
2022,"2022.04",2,"Stadtkreise",40,"Kreis 4",2,"2 Zimmer",1,"Gemeinnützig",1,"Wohnung",1,"netto",963,945,981,743,705,780,893,891,905,1083,1074,1132,1218,858,55
2024,"2024.04",2,"Stadtkreise",40,"Kreis 4",2,"2 Zimmer",1,"Gemeinnützig",1,"Wohnung",1,"netto",1031,1010,1053,808,774,834,936,933,959,1143,1136,1160,1213,898,47
2022,"2022.04",2,"Stadtkreise",40,"Kreis 4",3,"3 Zimmer",1,"Gemeinnützig",1,"Wohnung",1,"netto",1000,967,1032,754,738,769,888,866,912,1138,1108,1169,2066,1512,50
2024,"2024.04",2,"Stadtkreise",40,"Kreis 4",3,"3 Zimmer",1,"Gemeinnützig",1,"Wohnung",1,"netto",1059,1037,1081,835,819,861,980,962,997,1161,1145,1190,2116,1647,49
2022,"2022.04",2,"Stadtkreise",40,"Kreis 4",4,"4 Zimmer",1,"Gemeinnützig",1,"Wohnung",1,"netto",1247,1210,1283,916,896,944,1120,1110,1141,1413,1353,1440,713,478,57
2024,"2024.04",2,"Stadtkreise",40,"Kreis 4",4,"4 Zimmer",1,"Gemeinnützig",1,"Wohnung",1,"netto",1405,1363,1446,1021,998,1052,1214,1203,1233,1646,1552,1704,760,553,40
2022,"2022.04",2,"Stadtkreise",40,"Kreis 4",2,"2 Zimmer",2,"Nicht gemeinnützig",1,"Wohnung",1,"netto",1647,1607,1687,1266,1214,1380,1600,1550,1677,1902,1830,1959,2857,507,158
2024,"2024.04",2,"Stadtkreise",40,"Kreis 4",2,"2 Zimmer",2,"Nicht gemeinnützig",1,"Wohnung",1,"netto",1748,1702,1795,1287,1210,1350,1642,1567,1706,2045,1970,2170,2880,648,226
2022,"2022.04",2,"Stadtkreise",40,"Kreis 4",3,"3 Zimmer",2,"Nicht gemeinnützig",1,"Wohnung",1,"netto",1880,1814,1946,1410,1264,1498,1713,1664,1800,2204,2119,2450,4073,631,120
2024,"2024.04",2,"Stadtkreise",40,"Kreis 4",3,"3 Zimmer",2,"Nicht gemeinnützig",1,"Wohnung",1,"netto",2049,1996,2101,1542,1487,1606,1980,1887,2080,2426,2360,2498,4013,803,160
2022,"2022.04",2,"Stadtkreise",40,"Kreis 4",4,"4 Zimmer",2,"Nicht gemeinnützig",1,"Wohnung",1,"netto",2277,2193,2360,1639,1543,1697,2138,1975,2236,2800,2595,2985,1483,184,82
2024,"2024.04",2,"Stadtkreise",40,"Kreis 4",4,"4 Zimmer",2,"Nicht gemeinnützig",1,"Wohnung",1,"netto",2588,2489,2687,1820,1718,1930,2490,2288,2750,3200,3077,3346,1467,263,120
2022,"2022.04",2,"Stadtkreise",50,"Kreis 5",2,"2 Zimmer",1,"Gemeinnützig",1,"Wohnung",1,"netto",804,794,815,663,663,667,740,724,755,938,876,951,340,263,16
2024,"2024.04",2,"Stadtkreise",50,"Kreis 5",2,"2 Zimmer",1,"Gemeinnützig",1,"Wohnung",1,"netto",856,825,887,679,660,702,804,793,825,953,899,991,331,252,20
2022,"2022.04",2,"Stadtkreise",50,"Kreis 5",3,"3 Zimmer",1,"Gemeinnützig",1,"Wohnung",1,"netto",895,876,913,717,695,742,800,788,837,990,925,1079,917,631,19
2024,"2024.04",2,"Stadtkreise",50,"Kreis 5",3,"3 Zimmer",1,"Gemeinnützig",1,"Wohnung",1,"netto",969,954,984,795,785,799,934,899,955,1038,1007,1183,924,643,20
2022,"2022.04",2,"Stadtkreise",50,"Kreis 5",4,"4 Zimmer",1,"Gemeinnützig",1,"Wohnung",1,"netto",1223,1200,1245,914,878,945,1191,1131,1215,1548,1501,1583,423,294,22
2024,"2024.04",2,"Stadtkreise",50,"Kreis 5",4,"4 Zimmer",1,"Gemeinnützig",1,"Wohnung",1,"netto",1320,1302,1338,1038,990,1055,1248,1197,1309,1614,1557,1690,407,279,19
2022,"2022.04",2,"Stadtkreise",50,"Kreis 5",2,"2 Zimmer",2,"Nicht gemeinnützig",1,"Wohnung",1,"netto",1797,1731,1864,1360,1267,1450,1698,1600,1840,2098,1980,2299,1355,363,77
2024,"2024.04",2,"Stadtkreise",50,"Kreis 5",2,"2 Zimmer",2,"Nicht gemeinnützig",1,"Wohnung",1,"netto",1841,1791,1891,1376,1330,1492,1778,1700,1890,2220,2128,2349,1317,343,94
2022,"2022.04",2,"Stadtkreise",50,"Kreis 5",3,"3 Zimmer",2,"Nicht gemeinnützig",1,"Wohnung",1,"netto",2146,2036,2257,1650,1498,1720,1975,1789,2237,2559,2445,2755,1904,416,66
2024,"2024.04",2,"Stadtkreise",50,"Kreis 5",3,"3 Zimmer",2,"Nicht gemeinnützig",1,"Wohnung",1,"netto",2270,2180,2361,1667,1540,1832,2206,2020,2431,2727,2644,2862,1819,408,85
2022,"2022.04",2,"Stadtkreise",50,"Kreis 5",4,"4 Zimmer",2,"Nicht gemeinnützig",1,"Wohnung",1,"netto",2432,2299,2566,1662,1567,2123,2218,2129,2483,2880,2800,3200,965,189,46
2024,"2024.04",2,"Stadtkreise",50,"Kreis 5",4,"4 Zimmer",2,"Nicht gemeinnützig",1,"Wohnung",1,"netto",2591,2463,2718,1875,1648,2145,2403,2271,2611,3320,3080,3572,914,221,52
2022,"2022.04",2,"Stadtkreise",60,"Kreis 6",2,"2 Zimmer",1,"Gemeinnützig",1,"Wohnung",1,"netto",1004,936,1072,708,680,792,810,809,986,1138,1034,1343,676,328,31
2024,"2024.04",2,"Stadtkreise",60,"Kreis 6",2,"2 Zimmer",1,"Gemeinnützig",1,"Wohnung",1,"netto",990,952,1028,755,723,813,927,898,965,1109,1003,1264,731,380,39
2022,"2022.04",2,"Stadtkreise",60,"Kreis 6",3,"3 Zimmer",1,"Gemeinnützig",1,"Wohnung",1,"netto",1001,985,1017,809,791,820,979,954,992,1086,1055,1129,1939,1131,43
2024,"2024.04",2,"Stadtkreise",60,"Kreis 6",3,"3 Zimmer",1,"Gemeinnützig",1,"Wohnung",1,"netto",1067,1053,1080,855,832,886,992,992,1055,1239,1175,1272,2005,1261,47
2022,"2022.04",2,"Stadtkreise",60,"Kreis 6",4,"4 Zimmer",1,"Gemeinnützig",1,"Wohnung",1,"netto",1375,1356,1395,1182,1139,1191,1292,1271,1350,1491,1454,1543,1156,705,37
2024,"2024.04",2,"Stadtkreise",60,"Kreis 6",4,"4 Zimmer",1,"Gemeinnützig",1,"Wohnung",1,"netto",1478,1451,1505,1189,1171,1258,1400,1357,1413,1751,1736,1804,1188,752,41
2022,"2022.04",2,"Stadtkreise",60,"Kreis 6",2,"2 Zimmer",2,"Nicht gemeinnützig",1,"Wohnung",1,"netto",1563,1478,1647,1260,1234,1308,1500,1400,1610,1807,1686,2000,2578,349,75
2024,"2024.04",2,"Stadtkreise",60,"Kreis 6",2,"2 Zimmer",2,"Nicht gemeinnützig",1,"Wohnung",1,"netto",1692,1636,1749,1351,1250,1443,1611,1550,1705,2000,1933,2127,2544,384,117
2022,"2022.04",2,"Stadtkreise",60,"Kreis 6",3,"3 Zimmer",2,"Nicht gemeinnützig",1,"Wohnung",1,"netto",1987,1885,2089,1450,1403,1606,1950,1800,2198,2450,2230,2650,3474,442,87
2024,"2024.04",2,"Stadtkreise",60,"Kreis 6",3,"3 Zimmer",2,"Nicht gemeinnützig",1,"Wohnung",1,"netto",2148,2062,2235,1543,1408,1750,2123,1926,2273,2611,2505,2767,3369,451,117
2022,"2022.04",2,"Stadtkreise",60,"Kreis 6",4,"4 Zimmer",2,"Nicht gemeinnützig",1,"Wohnung",1,"netto",2475,2360,2589,1861,1569,2035,2446,2340,2591,2900,2728,3200,2353,310,93
2024,"2024.04",2,"Stadtkreise",60,"Kreis 6",4,"4 Zimmer",2,"Nicht gemeinnützig",1,"Wohnung",1,"netto",2652,2566,2739,2004,1895,2103,2562,2397,2755,3310,3094,3457,2290,301,133
2022,"2022.04",2,"Stadtkreise",70,"Kreis 7",2,"2 Zimmer",1,"Gemeinnützig",1,"Wohnung",1,"netto",1093,1081,1105,848,806,861,1060,1037,1089,1329,1312,1356,302,191,48
2024,"2024.04",2,"Stadtkreise",70,"Kreis 7",2,"2 Zimmer",1,"Gemeinnützig",1,"Wohnung",1,"netto",1192,1136,1248,999,819,1077,1168,1127,1271,1372,1364,1392,358,198,36
2022,"2022.04",2,"Stadtkreise",70,"Kreis 7",3,"3 Zimmer",1,"Gemeinnützig",1,"Wohnung",1,"netto",1248,1231,1265,900,885,968,1140,1105,1167,1384,1374,1415,516,282,72
2024,"2024.04",2,"Stadtkreise",70,"Kreis 7",3,"3 Zimmer",1,"Gemeinnützig",1,"Wohnung",1,"netto",1360,1344,1376,927,923,1026,1244,1207,1271,1468,1444,1497,552,306,54
2022,"2022.04",2,"Stadtkreise",70,"Kreis 7",4,"4 Zimmer",1,"Gemeinnützig",1,"Wohnung",1,"netto",1523,1502,1544,1149,1107,1172,1355,1322,1400,1651,1639,1688,421,242,58
2024,"2024.04",2,"Stadtkreise",70,"Kreis 7",4,"4 Zimmer",1,"Gemeinnützig",1,"Wohnung",1,"netto",1619,1593,1644,1182,1139,1202,1467,1424,1519,1776,1692,1866,432,245,49
2022,"2022.04",2,"Stadtkreise",70,"Kreis 7",2,"2 Zimmer",2,"Nicht gemeinnützig",1,"Wohnung",1,"netto",1636,1581,1692,1275,1205,1350,1583,1526,1651,1972,1898,2030,2651,394,138
2024,"2024.04",2,"Stadtkreise",70,"Kreis 7",2,"2 Zimmer",2,"Nicht gemeinnützig",1,"Wohnung",1,"netto",1842,1797,1887,1400,1360,1450,1730,1640,1834,2282,2210,2367,2713,394,186
2022,"2022.04",2,"Stadtkreise",70,"Kreis 7",3,"3 Zimmer",2,"Nicht gemeinnützig",1,"Wohnung",1,"netto",2022,1953,2092,1540,1440,1610,1891,1800,1999,2426,2273,2500,4329,620,151
2024,"2024.04",2,"Stadtkreise",70,"Kreis 7",3,"3 Zimmer",2,"Nicht gemeinnützig",1,"Wohnung",1,"netto",2226,2173,2280,1609,1530,1688,2102,2039,2184,2724,2599,2800,4286,621,236
2022,"2022.04",2,"Stadtkreise",70,"Kreis 7",4,"4 Zimmer",2,"Nicht gemeinnützig",1,"Wohnung",1,"netto",2574,2460,2688,1873,1791,1931,2350,2261,2502,3062,2984,3388,3341,371,132
2024,"2024.04",2,"Stadtkreise",70,"Kreis 7",4,"4 Zimmer",2,"Nicht gemeinnützig",1,"Wohnung",1,"netto",2650,2572,2728,1988,1894,2059,2592,2469,2732,3253,3130,3355,3193,360,205
2022,"2022.04",2,"Stadtkreise",80,"Kreis 8",2,"2 Zimmer",1,"Gemeinnützig",1,"Wohnung",1,"netto",1108,1075,1142,860,847,885,1009,988,1031,1292,1180,1330,98,80,0
2024,"2024.04",2,"Stadtkreise",80,"Kreis 8",2,"2 Zimmer",1,"Gemeinnützig",1,"Wohnung",1,"netto",1196,1173,1218,906,901,923,1077,1064,1122,1405,1341,1420,93,86,0
2022,"2022.04",2,"Stadtkreise",80,"Kreis 8",3,"3 Zimmer",1,"Gemeinnützig",1,"Wohnung",1,"netto",1153,1141,1165,839,839,846,1078,1071,1085,1277,1264,1284,253,235,0
2024,"2024.04",2,"Stadtkreise",80,"Kreis 8",3,"3 Zimmer",1,"Gemeinnützig",1,"Wohnung",1,"netto",1214,1204,1224,894,892,900,1122,1116,1132,1337,1330,1347,246,214,24
2022,"2022.04",2,"Stadtkreise",80,"Kreis 8",4,"4 Zimmer",1,"Gemeinnützig",1,"Wohnung",1,"netto",1351,1339,1362,1045,1040,1058,1350,1345,1358,1484,1476,1486,244,232,0
2024,"2024.04",2,"Stadtkreise",80,"Kreis 8",4,"4 Zimmer",1,"Gemeinnützig",1,"Wohnung",1,"netto",1440,1432,1448,1127,1121,1133,1400,1400,1408,1587,1583,1589,246,227,14
2022,"2022.04",2,"Stadtkreise",80,"Kreis 8",2,"2 Zimmer",2,"Nicht gemeinnützig",1,"Wohnung",1,"netto",1882,1822,1942,1413,1350,1531,1891,1800,1961,2280,2199,2399,2213,477,113
2024,"2024.04",2,"Stadtkreise",80,"Kreis 8",2,"2 Zimmer",2,"Nicht gemeinnützig",1,"Wohnung",1,"netto",2054,2000,2109,1477,1439,1540,1986,1910,2050,2540,2414,2639,2192,497,176
2022,"2022.04",2,"Stadtkreise",80,"Kreis 8",3,"3 Zimmer",2,"Nicht gemeinnützig",1,"Wohnung",1,"netto",2323,2237,2410,1659,1560,1801,2270,2137,2390,2818,2688,2994,2773,472,125
2024,"2024.04",2,"Stadtkreise",80,"Kreis 8",3,"3 Zimmer",2,"Nicht gemeinnützig",1,"Wohnung",1,"netto",2568,2492,2645,1769,1638,1900,2464,2300,2600,3207,3004,3362,2751,493,185
2022,"2022.04",2,"Stadtkreise",80,"Kreis 8",4,"4 Zimmer",2,"Nicht gemeinnützig",1,"Wohnung",1,"netto",2860,2726,2995,1982,1800,2160,2650,2505,2900,3604,3240,3901,1393,166,99
2024,"2024.04",2,"Stadtkreise",80,"Kreis 8",4,"4 Zimmer",2,"Nicht gemeinnützig",1,"Wohnung",1,"netto",2926,2819,3033,2111,1880,2188,2762,2618,2993,3618,3436,3865,1367,176,142
2022,"2022.04",2,"Stadtkreise",90,"Kreis 9",2,"2 Zimmer",1,"Gemeinnützig",1,"Wohnung",1,"netto",944,916,972,702,679,729,911,878,931,1124,1063,1199,1657,995,46
2024,"2024.04",2,"Stadtkreise",90,"Kreis 9",2,"2 Zimmer",1,"Gemeinnützig",1,"Wohnung",1,"netto",1009,973,1045,776,740,816,984,956,1050,1225,1156,1266,1661,1028,38
2022,"2022.04",2,"Stadtkreise",90,"Kreis 9",3,"3 Zimmer",1,"Gemeinnützig",1,"Wohnung",1,"netto",994,975,1013,721,702,767,969,929,996,1173,1148,1211,4058,2215,74
2024,"2024.04",2,"Stadtkreise",90,"Kreis 9",3,"3 Zimmer",1,"Gemeinnützig",1,"Wohnung",1,"netto",1049,1027,1070,811,768,843,1007,980,1046,1235,1205,1266,3917,2280,59
2022,"2022.04",2,"Stadtkreise",90,"Kreis 9",4,"4 Zimmer",1,"Gemeinnützig",1,"Wohnung",1,"netto",1361,1330,1393,1025,957,1063,1357,1322,1401,1689,1631,1719,2299,1211,62
2024,"2024.04",2,"Stadtkreise",90,"Kreis 9",4,"4 Zimmer",1,"Gemeinnützig",1,"Wohnung",1,"netto",1433,1400,1465,1102,1083,1147,1419,1381,1485,1718,1692,1750,2257,1253,57
2022,"2022.04",2,"Stadtkreise",90,"Kreis 9",2,"2 Zimmer",2,"Nicht gemeinnützig",1,"Wohnung",1,"netto",1551,1498,1604,1185,1136,1230,1422,1338,1523,1818,1685,1984,5315,822,78
2024,"2024.04",2,"Stadtkreise",90,"Kreis 9",2,"2 Zimmer",2,"Nicht gemeinnützig",1,"Wohnung",1,"netto",1636,1603,1670,1287,1239,1343,1564,1504,1630,1997,1871,2052,5440,1581,127
2022,"2022.04",2,"Stadtkreise",90,"Kreis 9",3,"3 Zimmer",2,"Nicht gemeinnützig",1,"Wohnung",1,"netto",1713,1655,1771,1286,1233,1380,1675,1551,1724,2108,1900,2235,6624,1011,94
2024,"2024.04",2,"Stadtkreise",90,"Kreis 9",3,"3 Zimmer",2,"Nicht gemeinnützig",1,"Wohnung",1,"netto",1946,1901,1991,1476,1436,1543,1850,1767,1914,2360,2235,2433,6831,1567,126
2022,"2022.04",2,"Stadtkreise",90,"Kreis 9",4,"4 Zimmer",2,"Nicht gemeinnützig",1,"Wohnung",1,"netto",2240,2164,2317,1790,1700,1951,2200,2120,2319,2670,2501,2785,3028,587,63
2024,"2024.04",2,"Stadtkreise",90,"Kreis 9",4,"4 Zimmer",2,"Nicht gemeinnützig",1,"Wohnung",1,"netto",2364,2301,2427,1815,1723,1955,2256,2100,2388,2750,2620,2877,3140,826,94
2022,"2022.04",2,"Stadtkreise",100,"Kreis 10",2,"2 Zimmer",1,"Gemeinnützig",1,"Wohnung",1,"netto",889,866,911,686,672,706,852,832,869,1054,1025,1071,1215,801,52
2024,"2024.04",2,"Stadtkreise",100,"Kreis 10",2,"2 Zimmer",1,"Gemeinnützig",1,"Wohnung",1,"netto",965,944,986,735,722,759,914,877,950,1143,1083,1164,1246,828,44
2022,"2022.04",2,"Stadtkreise",100,"Kreis 10",3,"3 Zimmer",1,"Gemeinnützig",1,"Wohnung",1,"netto",1048,1017,1079,788,772,815,972,946,1013,1219,1165,1262,2128,1429,40
2024,"2024.04",2,"Stadtkreise",100,"Kreis 10",3,"3 Zimmer",1,"Gemeinnützig",1,"Wohnung",1,"netto",1084,1063,1105,831,816,857,1028,991,1058,1233,1203,1287,2098,1424,41
2022,"2022.04",2,"Stadtkreise",100,"Kreis 10",4,"4 Zimmer",1,"Gemeinnützig",1,"Wohnung",1,"netto",1379,1348,1410,1033,1010,1060,1324,1288,1353,1637,1572,1724,1340,871,53
2024,"2024.04",2,"Stadtkreise",100,"Kreis 10",4,"4 Zimmer",1,"Gemeinnützig",1,"Wohnung",1,"netto",1455,1421,1488,1132,1087,1184,1401,1367,1435,1701,1644,1757,1325,876,48
2022,"2022.04",2,"Stadtkreise",100,"Kreis 10",2,"2 Zimmer",2,"Nicht gemeinnützig",1,"Wohnung",1,"netto",1544,1428,1660,1262,1200,1312,1409,1386,1518,1792,1540,1900,2798,426,66
2024,"2024.04",2,"Stadtkreise",100,"Kreis 10",2,"2 Zimmer",2,"Nicht gemeinnützig",1,"Wohnung",1,"netto",1542,1493,1592,1271,1221,1326,1453,1400,1538,1761,1716,1795,2804,429,100
2022,"2022.04",2,"Stadtkreise",100,"Kreis 10",3,"3 Zimmer",2,"Nicht gemeinnützig",1,"Wohnung",1,"netto",1778,1687,1869,1405,1350,1472,1680,1588,1745,2061,1900,2133,4956,921,80
2024,"2024.04",2,"Stadtkreise",100,"Kreis 10",3,"3 Zimmer",2,"Nicht gemeinnützig",1,"Wohnung",1,"netto",1848,1788,1907,1481,1400,1579,1820,1750,1892,2100,1985,2267,4893,828,109
2022,"2022.04",2,"Stadtkreise",100,"Kreis 10",4,"4 Zimmer",2,"Nicht gemeinnützig",1,"Wohnung",1,"netto",2219,2140,2298,1744,1662,1820,2133,1950,2224,2600,2500,2750,2652,496,70
2024,"2024.04",2,"Stadtkreise",100,"Kreis 10",4,"4 Zimmer",2,"Nicht gemeinnützig",1,"Wohnung",1,"netto",2236,2162,2309,1727,1630,1822,2118,2000,2232,2640,2515,2850,2627,450,119
2022,"2022.04",2,"Stadtkreise",110,"Kreis 11",2,"2 Zimmer",1,"Gemeinnützig",1,"Wohnung",1,"netto",948,932,964,807,786,818,915,902,930,1030,1025,1040,1540,1010,80
2024,"2024.04",2,"Stadtkreise",110,"Kreis 11",2,"2 Zimmer",1,"Gemeinnützig",1,"Wohnung",1,"netto",1025,998,1052,867,850,891,984,962,1013,1125,1098,1165,1662,1082,60
2022,"2022.04",2,"Stadtkreise",110,"Kreis 11",3,"3 Zimmer",1,"Gemeinnützig",1,"Wohnung",1,"netto",1140,1117,1163,928,914,951,1102,1102,1133,1275,1252,1297,3159,2219,89
2024,"2024.04",2,"Stadtkreise",110,"Kreis 11",3,"3 Zimmer",1,"Gemeinnützig",1,"Wohnung",1,"netto",1226,1210,1242,1009,998,1024,1202,1172,1225,1390,1370,1407,3235,2321,92
2022,"2022.04",2,"Stadtkreise",110,"Kreis 11",4,"4 Zimmer",1,"Gemeinnützig",1,"Wohnung",1,"netto",1344,1326,1363,1095,1071,1117,1344,1304,1363,1537,1515,1564,2768,1849,106
2024,"2024.04",2,"Stadtkreise",110,"Kreis 11",4,"4 Zimmer",1,"Gemeinnützig",1,"Wohnung",1,"netto",1465,1447,1483,1219,1206,1235,1464,1446,1482,1669,1640,1686,2766,1885,94
2022,"2022.04",2,"Stadtkreise",110,"Kreis 11",2,"2 Zimmer",2,"Nicht gemeinnützig",1,"Wohnung",1,"netto",1460,1417,1502,1184,1160,1210,1356,1334,1430,1700,1591,1760,5662,1181,119
2024,"2024.04",2,"Stadtkreise",110,"Kreis 11",2,"2 Zimmer",2,"Nicht gemeinnützig",1,"Wohnung",1,"netto",1532,1496,1567,1222,1200,1281,1474,1432,1550,1799,1749,1850,5698,1169,171
2022,"2022.04",2,"Stadtkreise",110,"Kreis 11",3,"3 Zimmer",2,"Nicht gemeinnützig",1,"Wohnung",1,"netto",1677,1634,1720,1324,1264,1380,1600,1559,1668,1950,1898,2004,8790,1801,137
2024,"2024.04",2,"Stadtkreise",110,"Kreis 11",3,"3 Zimmer",2,"Nicht gemeinnützig",1,"Wohnung",1,"netto",1789,1749,1829,1415,1329,1466,1760,1722,1838,2100,2062,2190,8502,1692,196
2022,"2022.04",2,"Stadtkreise",110,"Kreis 11",4,"4 Zimmer",2,"Nicht gemeinnützig",1,"Wohnung",1,"netto",1962,1907,2017,1596,1520,1654,1891,1830,1952,2284,2187,2350,4742,1211,117
2024,"2024.04",2,"Stadtkreise",110,"Kreis 11",4,"4 Zimmer",2,"Nicht gemeinnützig",1,"Wohnung",1,"netto",2162,2106,2219,1688,1623,1745,2122,2061,2239,2573,2493,2694,4555,1057,151
2022,"2022.04",2,"Stadtkreise",120,"Kreis 12",2,"2 Zimmer",1,"Gemeinnützig",1,"Wohnung",1,"netto",874,859,890,672,667,682,812,795,842,1075,1054,1117,1355,962,59
2024,"2024.04",2,"Stadtkreise",120,"Kreis 12",2,"2 Zimmer",1,"Gemeinnützig",1,"Wohnung",1,"netto",920,910,929,752,724,761,887,859,911,1105,1090,1135,1396,952,51
2022,"2022.04",2,"Stadtkreise",120,"Kreis 12",3,"3 Zimmer",1,"Gemeinnützig",1,"Wohnung",1,"netto",1005,994,1015,711,701,730,911,876,943,1282,1243,1326,2932,2025,88
2024,"2024.04",2,"Stadtkreise",120,"Kreis 12",3,"3 Zimmer",1,"Gemeinnützig",1,"Wohnung",1,"netto",1085,1074,1096,764,750,766,1022,1005,1045,1387,1346,1419,3035,2003,91
2022,"2022.04",2,"Stadtkreise",120,"Kreis 12",4,"4 Zimmer",1,"Gemeinnützig",1,"Wohnung",1,"netto",1305,1283,1327,921,894,1016,1245,1236,1288,1613,1565,1674,2104,1302,73
2024,"2024.04",2,"Stadtkreise",120,"Kreis 12",4,"4 Zimmer",1,"Gemeinnützig",1,"Wohnung",1,"netto",1406,1380,1432,1077,996,1157,1375,1337,1472,1705,1666,1726,2158,1240,73
2022,"2022.04",2,"Stadtkreise",120,"Kreis 12",2,"2 Zimmer",2,"Nicht gemeinnützig",1,"Wohnung",1,"netto",1291,1228,1354,1087,1043,1184,1311,1255,1390,1480,1443,1570,1713,426,64
2024,"2024.04",2,"Stadtkreise",120,"Kreis 12",2,"2 Zimmer",2,"Nicht gemeinnützig",1,"Wohnung",1,"netto",1332,1274,1389,1160,1060,1240,1312,1249,1375,1535,1478,1595,1626,385,105
2022,"2022.04",2,"Stadtkreise",120,"Kreis 12",3,"3 Zimmer",2,"Nicht gemeinnützig",1,"Wohnung",1,"netto",1404,1359,1449,1253,1157,1325,1435,1402,1450,1530,1490,1586,2933,582,93
2024,"2024.04",2,"Stadtkreise",120,"Kreis 12",3,"3 Zimmer",2,"Nicht gemeinnützig",1,"Wohnung",1,"netto",1543,1502,1583,1300,1212,1351,1528,1466,1570,1734,1680,1803,2752,504,132
2022,"2022.04",2,"Stadtkreise",120,"Kreis 12",4,"4 Zimmer",2,"Nicht gemeinnützig",1,"Wohnung",1,"netto",1724,1665,1784,1371,1255,1440,1595,1520,1698,2050,1920,2249,1107,274,68
2024,"2024.04",2,"Stadtkreise",120,"Kreis 12",4,"4 Zimmer",2,"Nicht gemeinnützig",1,"Wohnung",1,"netto",1858,1811,1904,1467,1398,1530,1717,1667,1816,2248,2149,2317,1000,256,106
2022,"2022.04",2,"Stadtkreise",0,"Ganze Stadt",2,"2 Zimmer",1,"Gemeinnützig",2,"Quadratmeter",1,"netto",16.14,16,16.27,13.07,12.97,13.2,15.34,15.15,15.56,18.11,17.87,18.39,11106,7152,504
2024,"2024.04",2,"Stadtkreise",0,"Ganze Stadt",2,"2 Zimmer",1,"Gemeinnützig",2,"Quadratmeter",1,"netto",17.22,17.07,17.37,14.04,13.87,14.2,16.54,16.32,16.7,19.58,19.39,19.71,11437,7430,461
2022,"2022.04",2,"Stadtkreise",0,"Ganze Stadt",3,"3 Zimmer",1,"Gemeinnützig",2,"Quadratmeter",1,"netto",14.14,14.04,14.25,11.69,11.6,11.79,13.48,13.38,13.59,15.97,15.81,16.11,22955,14593,605
2024,"2024.04",2,"Stadtkreise",0,"Ganze Stadt",3,"3 Zimmer",1,"Gemeinnützig",2,"Quadratmeter",1,"netto",15.07,14.98,15.15,12.58,12.47,12.68,14.53,14.44,14.62,16.94,16.82,17.07,23071,15107,620
2022,"2022.04",2,"Stadtkreise",0,"Ganze Stadt",4,"4 Zimmer",1,"Gemeinnützig",2,"Quadratmeter",1,"netto",13.98,13.89,14.07,11.83,11.74,11.96,13.72,13.63,13.82,15.67,15.53,15.79,14925,9246,604
2024,"2024.04",2,"Stadtkreise",0,"Ganze Stadt",4,"4 Zimmer",1,"Gemeinnützig",2,"Quadratmeter",1,"netto",14.99,14.88,15.09,12.69,12.58,12.81,14.52,14.45,14.62,16.83,16.67,17,14957,9478,580
2022,"2022.04",2,"Stadtkreise",0,"Ganze Stadt",9,"2 , 3  und 4 Zimmer",1,"Gemeinnützig",2,"Quadratmeter",1,"netto",14.54,14.48,14.61,12,11.96,12.06,13.93,13.84,13.99,16.36,16.29,16.48,48986,30991,1713
2024,"2024.04",2,"Stadtkreise",0,"Ganze Stadt",9,"2 , 3  und 4 Zimmer",1,"Gemeinnützig",2,"Quadratmeter",1,"netto",15.54,15.47,15.61,12.89,12.83,12.95,14.88,14.8,14.95,17.48,17.37,17.6,49465,32015,1661
2022,"2022.04",2,"Stadtkreise",0,"Ganze Stadt",2,"2 Zimmer",2,"Nicht gemeinnützig",2,"Quadratmeter",1,"netto",27.59,27.28,27.91,21.82,21.48,22.22,26.39,26.09,26.7,32.06,31.51,32.77,35586,6336,1210
2024,"2024.04",2,"Stadtkreise",0,"Ganze Stadt",2,"2 Zimmer",2,"Nicht gemeinnützig",2,"Quadratmeter",1,"netto",29.48,29.25,29.72,23.07,22.82,23.38,28.45,28.13,28.75,34.42,33.88,34.85,35728,7237,1786
2022,"2022.04",2,"Stadtkreise",0,"Ganze Stadt",3,"3 Zimmer",2,"Nicht gemeinnützig",2,"Quadratmeter",1,"netto",23.94,23.66,24.22,19.11,18.67,19.36,22.89,22.57,23.17,27.8,27.45,28.25,51225,8700,1260
2024,"2024.04",2,"Stadtkreise",0,"Ganze Stadt",3,"3 Zimmer",2,"Nicht gemeinnützig",2,"Quadratmeter",1,"netto",25.79,25.56,26.02,20.21,20,20.61,25,24.76,25.36,30,29.69,30.49,50539,9132,1836
2022,"2022.04",2,"Stadtkreise",0,"Ganze Stadt",4,"4 Zimmer",2,"Nicht gemeinnützig",2,"Quadratmeter",1,"netto",22.66,22.37,22.95,17.79,17.46,18.05,21.46,21.1,21.92,26.61,26.09,27.25,25972,4545,1053
2024,"2024.04",2,"Stadtkreise",0,"Ganze Stadt",4,"4 Zimmer",2,"Nicht gemeinnützig",2,"Quadratmeter",1,"netto",23.87,23.62,24.12,18.71,18.45,19.03,22.78,22.57,23.11,28.19,27.85,28.62,25502,4670,1514
2022,"2022.04",2,"Stadtkreise",0,"Ganze Stadt",9,"2 , 3  und 4 Zimmer",2,"Nicht gemeinnützig",2,"Quadratmeter",1,"netto",24.8,24.62,24.97,19.4,19.25,19.6,23.58,23.37,23.78,28.98,28.64,29.29,112783,19581,3523
2024,"2024.04",2,"Stadtkreise",0,"Ganze Stadt",9,"2 , 3  und 4 Zimmer",2,"Nicht gemeinnützig",2,"Quadratmeter",1,"netto",26.53,26.39,26.67,20.57,20.34,20.76,25.53,25.34,25.69,31.31,31.06,31.59,111769,21039,5136
2022,"2022.04",2,"Stadtkreise",10,"Kreis 1",2,"2 Zimmer",1,"Gemeinnützig",2,"Quadratmeter",1,"netto",18.92,18.71,19.13,14.45,14.26,14.82,17.81,17.62,17.97,22.31,21.65,22.59,302,274,0
2024,"2024.04",2,"Stadtkreise",10,"Kreis 1",2,"2 Zimmer",1,"Gemeinnützig",2,"Quadratmeter",1,"netto",19.92,19.68,20.16,15.57,15.21,15.82,19.02,18.88,19.17,23.62,23.1,23.95,307,269,7
2022,"2022.04",2,"Stadtkreise",10,"Kreis 1",3,"3 Zimmer",1,"Gemeinnützig",2,"Quadratmeter",1,"netto",17,16.83,17.17,12.82,12.73,13.06,16.26,16.06,16.47,19.76,19.54,19.92,201,191,0
2024,"2024.04",2,"Stadtkreise",10,"Kreis 1",3,"3 Zimmer",1,"Gemeinnützig",2,"Quadratmeter",1,"netto",19.39,19.24,19.55,14.07,14.04,14.13,18.06,17.8,18.21,22.34,22.13,22.67,208,189,11
2022,"2022.04",2,"Stadtkreise",10,"Kreis 1",4,"4 Zimmer",1,"Gemeinnützig",2,"Quadratmeter",1,"netto",15.77,15.43,16.11,10.68,10.56,10.74,15.16,14.93,15.43,18.94,18.72,19.4,136,124,0
2024,"2024.04",2,"Stadtkreise",10,"Kreis 1",4,"4 Zimmer",1,"Gemeinnützig",2,"Quadratmeter",1,"netto",17.55,17.15,17.95,11.81,11.7,12.2,16.71,16.42,17.18,20.29,20.04,20.84,134,123,0
2022,"2022.04",2,"Stadtkreise",10,"Kreis 1",9,"2 , 3  und 4 Zimmer",1,"Gemeinnützig",2,"Quadratmeter",1,"netto",17.69,17.56,17.82,13.22,13.04,13.29,16.73,16.6,16.96,20.74,20.49,20.88,639,589,0
2024,"2024.04",2,"Stadtkreise",10,"Kreis 1",9,"2 , 3  und 4 Zimmer",1,"Gemeinnützig",2,"Quadratmeter",1,"netto",19.29,19.14,19.44,14.29,14.17,14.52,18.29,18.13,18.37,22.41,22.27,22.62,649,581,18
2022,"2022.04",2,"Stadtkreise",10,"Kreis 1",2,"2 Zimmer",2,"Nicht gemeinnützig",2,"Quadratmeter",1,"netto",37.58,35.82,39.34,32.31,29.37,34.81,37.28,36.01,38.76,44.35,41.5,45.88,774,81,99
2024,"2024.04",2,"Stadtkreise",10,"Kreis 1",2,"2 Zimmer",2,"Nicht gemeinnützig",2,"Quadratmeter",1,"netto",39.66,38.18,41.15,30.89,28.74,32.67,38.67,37.05,40.93,46.46,44.27,49.94,743,76,144
2022,"2022.04",2,"Stadtkreise",10,"Kreis 1",3,"3 Zimmer",2,"Nicht gemeinnützig",2,"Quadratmeter",1,"netto",31.61,30.41,32.82,25.95,22.74,26.83,31.17,28.88,34.34,37.85,36.46,38.67,635,69,97
2024,"2024.04",2,"Stadtkreise",10,"Kreis 1",3,"3 Zimmer",2,"Nicht gemeinnützig",2,"Quadratmeter",1,"netto",35.29,33.92,36.66,26.07,24.57,28.26,34.7,33.38,36.91,43.36,41.34,45.22,621,70,154
2022,"2022.04",2,"Stadtkreise",10,"Kreis 1",4,"4 Zimmer",2,"Nicht gemeinnützig",2,"Quadratmeter",1,"netto",30.82,29.03,32.61,21.37,18.66,26.22,29.93,27.94,32.75,39.17,35,41.58,323,27,69
2024,"2024.04",2,"Stadtkreise",10,"Kreis 1",4,"4 Zimmer",2,"Nicht gemeinnützig",2,"Quadratmeter",1,"netto",32.48,30.64,34.32,24.35,19.61,26.63,33.24,31.43,34.53,39.95,37.11,41.64,316,25,91
2022,"2022.04",2,"Stadtkreise",10,"Kreis 1",9,"2 , 3  und 4 Zimmer",2,"Nicht gemeinnützig",2,"Quadratmeter",1,"netto",34.12,33.16,35.08,27.09,25.98,28.5,34.64,33.3,36.4,40.3,38.67,41.67,1732,177,265
2024,"2024.04",2,"Stadtkreise",10,"Kreis 1",9,"2 , 3  und 4 Zimmer",2,"Nicht gemeinnützig",2,"Quadratmeter",1,"netto",36.69,35.8,37.59,27.66,26.6,29.24,36.33,34.74,37.14,44.1,42.92,45.54,1680,171,389
2022,"2022.04",2,"Stadtkreise",20,"Kreis 2",2,"2 Zimmer",1,"Gemeinnützig",2,"Quadratmeter",1,"netto",16.1,15.6,16.59,12.7,12.3,13.04,15.75,14.99,16.39,18.71,17.88,20.01,971,535,53
2024,"2024.04",2,"Stadtkreise",20,"Kreis 2",2,"2 Zimmer",1,"Gemeinnützig",2,"Quadratmeter",1,"netto",17.78,17.41,18.15,14.47,14.15,15.33,17.2,16.66,17.65,21.06,20.51,21.69,997,591,53
2022,"2022.04",2,"Stadtkreise",20,"Kreis 2",3,"3 Zimmer",1,"Gemeinnützig",2,"Quadratmeter",1,"netto",14.69,14.05,15.33,11.68,11.51,12.25,14.11,13.31,14.42,16.21,15.56,17.12,1736,873,63
2024,"2024.04",2,"Stadtkreise",20,"Kreis 2",3,"3 Zimmer",1,"Gemeinnützig",2,"Quadratmeter",1,"netto",15.97,15.61,16.34,13.18,12.86,13.82,15.32,15.15,15.88,18.28,17.2,18.6,1745,928,69
2022,"2022.04",2,"Stadtkreise",20,"Kreis 2",4,"4 Zimmer",1,"Gemeinnützig",2,"Quadratmeter",1,"netto",14.56,14.31,14.81,12.5,11.71,13.12,14.17,13.8,14.94,16.06,15.71,16.47,1435,763,52
2024,"2024.04",2,"Stadtkreise",20,"Kreis 2",4,"4 Zimmer",1,"Gemeinnützig",2,"Quadratmeter",1,"netto",15.85,15.5,16.21,13.16,12.68,13.85,16.04,14.98,16.51,18.22,17.93,18.69,1413,827,63
2022,"2022.04",2,"Stadtkreise",20,"Kreis 2",9,"2 , 3  und 4 Zimmer",1,"Gemeinnützig",2,"Quadratmeter",1,"netto",14.97,14.66,15.29,12.24,11.91,12.46,14.32,14.15,14.72,16.68,16.33,17.14,4142,2171,168
2024,"2024.04",2,"Stadtkreise",20,"Kreis 2",9,"2 , 3  und 4 Zimmer",1,"Gemeinnützig",2,"Quadratmeter",1,"netto",16.37,16.15,16.58,13.51,13.16,13.83,15.95,15.48,16.19,18.75,18.55,19.14,4155,2346,185
2022,"2022.04",2,"Stadtkreise",20,"Kreis 2",2,"2 Zimmer",2,"Nicht gemeinnützig",2,"Quadratmeter",1,"netto",28.2,27.28,29.11,22.08,21.08,22.94,26.47,25.43,27.91,33.19,30.63,35.58,2749,460,101
2024,"2024.04",2,"Stadtkreise",20,"Kreis 2",2,"2 Zimmer",2,"Nicht gemeinnützig",2,"Quadratmeter",1,"netto",31,30.04,31.97,24.29,23.49,25.53,28.46,27.68,30,37.85,35.53,39.91,2859,468,153
2022,"2022.04",2,"Stadtkreise",20,"Kreis 2",3,"3 Zimmer",2,"Nicht gemeinnützig",2,"Quadratmeter",1,"netto",26.02,24.87,27.17,20.43,19.29,21.62,25.55,24.66,26.52,30.08,28.47,31.32,3833,815,100
2024,"2024.04",2,"Stadtkreise",20,"Kreis 2",3,"3 Zimmer",2,"Nicht gemeinnützig",2,"Quadratmeter",1,"netto",27.29,26.49,28.09,21.49,20.64,22.45,26.67,26.01,27.44,32.54,30.48,33.58,3917,831,155
2022,"2022.04",2,"Stadtkreise",20,"Kreis 2",4,"4 Zimmer",2,"Nicht gemeinnützig",2,"Quadratmeter",1,"netto",24.81,23.75,25.86,19.41,18.54,20.45,23.74,23.06,25.11,29.82,28.12,31.89,2285,461,112
2024,"2024.04",2,"Stadtkreise",20,"Kreis 2",4,"4 Zimmer",2,"Nicht gemeinnützig",2,"Quadratmeter",1,"netto",25.68,24.8,26.57,20.35,19.61,21.12,25.04,24.01,25.47,30.76,28.67,32.67,2337,486,162
2022,"2022.04",2,"Stadtkreise",20,"Kreis 2",9,"2 , 3  und 4 Zimmer",2,"Nicht gemeinnützig",2,"Quadratmeter",1,"netto",26.38,25.75,27.02,20.52,19.92,21.3,25.54,24.85,26.32,30.75,29.54,31.68,8867,1736,313
2024,"2024.04",2,"Stadtkreise",20,"Kreis 2",9,"2 , 3  und 4 Zimmer",2,"Nicht gemeinnützig",2,"Quadratmeter",1,"netto",28.04,27.53,28.55,21.86,21.41,22.59,26.85,26.4,27.31,33.23,32.19,34.34,9113,1785,470
2022,"2022.04",2,"Stadtkreise",30,"Kreis 3",2,"2 Zimmer",1,"Gemeinnützig",2,"Quadratmeter",1,"netto",14.92,14.67,15.17,12.65,12.32,12.84,14.85,14.34,15.33,16.72,16.26,17.16,1432,855,64
2024,"2024.04",2,"Stadtkreise",30,"Kreis 3",2,"2 Zimmer",1,"Gemeinnützig",2,"Quadratmeter",1,"netto",15.71,15.22,16.21,12.96,12.41,13.39,14.91,14.46,15.37,18.34,17.39,18.93,1442,866,66
2022,"2022.04",2,"Stadtkreise",30,"Kreis 3",3,"3 Zimmer",1,"Gemeinnützig",2,"Quadratmeter",1,"netto",13.1,12.78,13.41,11.04,10.92,11.19,12.19,11.93,12.63,14.55,13.95,15.04,3050,1850,67
2024,"2024.04",2,"Stadtkreise",30,"Kreis 3",3,"3 Zimmer",1,"Gemeinnützig",2,"Quadratmeter",1,"netto",13.69,13.39,13.99,11.42,11.13,11.72,12.87,12.58,13.26,15.47,14.89,16.36,2990,1891,63
2022,"2022.04",2,"Stadtkreise",30,"Kreis 3",4,"4 Zimmer",1,"Gemeinnützig",2,"Quadratmeter",1,"netto",13.61,13.41,13.81,11.37,11.02,11.88,13.19,13,13.63,15.31,14.88,15.77,1886,1175,84
2024,"2024.04",2,"Stadtkreise",30,"Kreis 3",4,"4 Zimmer",1,"Gemeinnützig",2,"Quadratmeter",1,"netto",14.26,13.83,14.69,12.03,11.84,12.29,13.44,13.19,13.76,15.37,14.96,17.09,1871,1218,82
2022,"2022.04",2,"Stadtkreise",30,"Kreis 3",9,"2 , 3  und 4 Zimmer",1,"Gemeinnützig",2,"Quadratmeter",1,"netto",13.66,13.49,13.83,11.33,11.17,11.53,13.02,12.84,13.24,15.62,15.26,15.85,6368,3880,215
2024,"2024.04",2,"Stadtkreise",30,"Kreis 3",9,"2 , 3  und 4 Zimmer",1,"Gemeinnützig",2,"Quadratmeter",1,"netto",14.32,14.08,14.56,11.89,11.72,12.03,13.48,13.27,13.81,16.39,15.84,16.75,6303,3975,211
2022,"2022.04",2,"Stadtkreise",30,"Kreis 3",2,"2 Zimmer",2,"Nicht gemeinnützig",2,"Quadratmeter",1,"netto",26.96,26.18,27.74,22,21.37,23.04,25.89,25.23,27.17,31.34,30,32.33,4921,850,122
2024,"2024.04",2,"Stadtkreise",30,"Kreis 3",2,"2 Zimmer",2,"Nicht gemeinnützig",2,"Quadratmeter",1,"netto",30.03,29.22,30.85,23.75,22.76,25,29.11,28.54,30.24,33.86,32.77,34.92,4912,863,187
2022,"2022.04",2,"Stadtkreise",30,"Kreis 3",3,"3 Zimmer",2,"Nicht gemeinnützig",2,"Quadratmeter",1,"netto",24.22,23.19,25.26,19.85,18.68,20.7,22.59,21.79,24.51,27.58,26.87,29.2,6901,920,110
2024,"2024.04",2,"Stadtkreise",30,"Kreis 3",3,"3 Zimmer",2,"Nicht gemeinnützig",2,"Quadratmeter",1,"netto",25.51,24.69,26.33,20.27,19.67,21.39,24.46,23.65,25.33,29.7,28.13,31.84,6785,864,181
2022,"2022.04",2,"Stadtkreise",30,"Kreis 3",4,"4 Zimmer",2,"Nicht gemeinnützig",2,"Quadratmeter",1,"netto",22.85,21.81,23.9,18.54,17.96,19.33,21.37,20.15,22.26,25.94,23.56,27.89,2300,269,102
2024,"2024.04",2,"Stadtkreise",30,"Kreis 3",4,"4 Zimmer",2,"Nicht gemeinnützig",2,"Quadratmeter",1,"netto",23.2,22.44,23.96,18.59,17.73,19.23,23.08,21.84,24.07,27.93,25.82,29.19,2296,249,139
2022,"2022.04",2,"Stadtkreise",30,"Kreis 3",9,"2 , 3  und 4 Zimmer",2,"Nicht gemeinnützig",2,"Quadratmeter",1,"netto",24.95,24.35,25.55,20,19.33,20.7,23.63,22.84,24.65,28.56,27.83,30,14122,2039,334
2024,"2024.04",2,"Stadtkreise",30,"Kreis 3",9,"2 , 3  und 4 Zimmer",2,"Nicht gemeinnützig",2,"Quadratmeter",1,"netto",26.71,26.21,27.22,20.93,20.26,21.41,25.66,25.14,26.58,31.62,30.54,32.39,13993,1976,507
2022,"2022.04",2,"Stadtkreise",40,"Kreis 4",2,"2 Zimmer",1,"Gemeinnützig",2,"Quadratmeter",1,"netto",16.66,16.29,17.04,13.18,13,13.33,14.59,14.32,14.91,18.67,18.43,20.24,1218,858,55
2024,"2024.04",2,"Stadtkreise",40,"Kreis 4",2,"2 Zimmer",1,"Gemeinnützig",2,"Quadratmeter",1,"netto",17.92,17.49,18.34,14.14,14.05,14.33,15.78,15.52,15.93,20.28,19.62,21.09,1213,898,47
2022,"2022.04",2,"Stadtkreise",40,"Kreis 4",3,"3 Zimmer",1,"Gemeinnützig",2,"Quadratmeter",1,"netto",14.19,13.76,14.62,11.34,11.22,11.49,12.49,12.33,12.81,15.78,14.75,16.51,2066,1512,50
2024,"2024.04",2,"Stadtkreise",40,"Kreis 4",3,"3 Zimmer",1,"Gemeinnützig",2,"Quadratmeter",1,"netto",15.15,14.84,15.47,12.65,12.44,12.85,14.08,13.9,14.27,15.97,15.68,16.5,2116,1647,49
2022,"2022.04",2,"Stadtkreise",40,"Kreis 4",4,"4 Zimmer",1,"Gemeinnützig",2,"Quadratmeter",1,"netto",13.75,13.38,14.12,10.9,10.78,11.04,12.95,12.71,13.12,15.14,14.76,15.39,713,478,57
2024,"2024.04",2,"Stadtkreise",40,"Kreis 4",4,"4 Zimmer",1,"Gemeinnützig",2,"Quadratmeter",1,"netto",15.59,15.14,16.04,12.06,11.93,12.25,13.74,13.56,14,17.19,16.59,17.92,760,553,40
2022,"2022.04",2,"Stadtkreise",40,"Kreis 4",9,"2 , 3  und 4 Zimmer",1,"Gemeinnützig",2,"Quadratmeter",1,"netto",14.87,14.61,15.13,11.73,11.61,11.85,13.48,13.31,13.71,16.21,15.83,16.74,3997,2848,162
2024,"2024.04",2,"Stadtkreise",40,"Kreis 4",9,"2 , 3  und 4 Zimmer",1,"Gemeinnützig",2,"Quadratmeter",1,"netto",16.06,15.83,16.28,13.04,12.9,13.14,14.5,14.4,14.65,17.3,16.85,17.71,4089,3098,136
2022,"2022.04",2,"Stadtkreise",40,"Kreis 4",2,"2 Zimmer",2,"Nicht gemeinnützig",2,"Quadratmeter",1,"netto",29.55,28.79,30.3,22.71,21.55,24.57,29.89,28.2,31.13,35.48,34.25,36.32,2857,507,158
2024,"2024.04",2,"Stadtkreise",40,"Kreis 4",2,"2 Zimmer",2,"Nicht gemeinnützig",2,"Quadratmeter",1,"netto",31.03,30.27,31.79,24.13,22.67,25.1,30.72,29.23,31.49,36.07,35.07,37.6,2880,648,226
2022,"2022.04",2,"Stadtkreise",40,"Kreis 4",3,"3 Zimmer",2,"Nicht gemeinnützig",2,"Quadratmeter",1,"netto",25.01,24.16,25.85,19.37,17.94,21.31,24.3,23.53,25.78,30.96,28.21,32.13,4073,631,120
2024,"2024.04",2,"Stadtkreise",40,"Kreis 4",3,"3 Zimmer",2,"Nicht gemeinnützig",2,"Quadratmeter",1,"netto",27.36,26.67,28.05,21.42,20.48,22.64,26.7,26.12,28.16,32.62,31.31,33.23,4013,803,160
2022,"2022.04",2,"Stadtkreise",40,"Kreis 4",4,"4 Zimmer",2,"Nicht gemeinnützig",2,"Quadratmeter",1,"netto",22.73,21.95,23.5,17.25,16.46,18.49,22.15,20.78,23.33,27.01,26.4,28.71,1483,184,82
2024,"2024.04",2,"Stadtkreise",40,"Kreis 4",4,"4 Zimmer",2,"Nicht gemeinnützig",2,"Quadratmeter",1,"netto",25.95,24.95,26.96,20.12,18.33,20.54,26.04,24.04,27.53,31.13,29.64,33.02,1467,263,120
2022,"2022.04",2,"Stadtkreise",40,"Kreis 4",9,"2 , 3  und 4 Zimmer",2,"Nicht gemeinnützig",2,"Quadratmeter",1,"netto",26.15,25.65,26.65,20,19.08,20.92,25.85,24.92,26.4,31.75,31.17,32.58,8413,1322,360
2024,"2024.04",2,"Stadtkreise",40,"Kreis 4",9,"2 , 3  und 4 Zimmer",2,"Nicht gemeinnützig",2,"Quadratmeter",1,"netto",28.38,27.92,28.84,21.75,21.3,22.52,28.01,27.12,28.57,33.89,33.02,34.6,8360,1714,506
2022,"2022.04",2,"Stadtkreise",50,"Kreis 5",2,"2 Zimmer",1,"Gemeinnützig",2,"Quadratmeter",1,"netto",14.87,14.67,15.07,12.28,11.65,12.49,13.98,13.96,14.18,17.1,16.38,17.73,340,263,16
2024,"2024.04",2,"Stadtkreise",50,"Kreis 5",2,"2 Zimmer",1,"Gemeinnützig",2,"Quadratmeter",1,"netto",15.71,14.92,16.5,12.12,11.37,12.83,15.09,14.54,15.33,17.48,16.96,17.95,331,252,20
2022,"2022.04",2,"Stadtkreise",50,"Kreis 5",3,"3 Zimmer",1,"Gemeinnützig",2,"Quadratmeter",1,"netto",13.42,13.13,13.71,11.36,11.03,11.72,12.62,12.56,13.1,15.04,14.52,15.56,917,631,19
2024,"2024.04",2,"Stadtkreise",50,"Kreis 5",3,"3 Zimmer",1,"Gemeinnützig",2,"Quadratmeter",1,"netto",14.72,14.48,14.97,12.3,12.18,12.44,14.13,14.05,14.92,16.88,16.2,17.25,924,643,20
2022,"2022.04",2,"Stadtkreise",50,"Kreis 5",4,"4 Zimmer",1,"Gemeinnützig",2,"Quadratmeter",1,"netto",13.7,13.44,13.96,11.05,10.65,11.4,13.09,12.88,13.82,16.25,15.59,16.93,423,294,22
2024,"2024.04",2,"Stadtkreise",50,"Kreis 5",4,"4 Zimmer",1,"Gemeinnützig",2,"Quadratmeter",1,"netto",14.88,14.71,15.06,12.25,12.12,12.44,15.04,14.5,15.78,17.08,16.94,17.84,407,279,19
2022,"2022.04",2,"Stadtkreise",50,"Kreis 5",9,"2 , 3  und 4 Zimmer",1,"Gemeinnützig",2,"Quadratmeter",1,"netto",13.78,13.61,13.96,11.36,11.2,11.71,13.08,12.88,13.27,15.74,15.42,16.26,1680,1188,57
2024,"2024.04",2,"Stadtkreise",50,"Kreis 5",9,"2 , 3  und 4 Zimmer",1,"Gemeinnützig",2,"Quadratmeter",1,"netto",14.96,14.75,15.18,12.26,12.14,12.42,14.65,14.26,14.97,17.03,16.95,17.42,1662,1174,59
2022,"2022.04",2,"Stadtkreise",50,"Kreis 5",2,"2 Zimmer",2,"Nicht gemeinnützig",2,"Quadratmeter",1,"netto",30.01,28.95,31.06,24.57,23.54,25.89,29.74,28.21,30.37,34.78,33.08,36.5,1355,363,77
2024,"2024.04",2,"Stadtkreise",50,"Kreis 5",2,"2 Zimmer",2,"Nicht gemeinnützig",2,"Quadratmeter",1,"netto",31.34,30.44,32.24,24.69,23.47,25.74,31.23,29.55,32.28,37.04,35.11,38.13,1317,343,94
2022,"2022.04",2,"Stadtkreise",50,"Kreis 5",3,"3 Zimmer",2,"Nicht gemeinnützig",2,"Quadratmeter",1,"netto",25.6,24.3,26.89,21.22,19.74,22.63,25.27,23.09,26.31,29.88,28.12,32.36,1904,416,66
2024,"2024.04",2,"Stadtkreise",50,"Kreis 5",3,"3 Zimmer",2,"Nicht gemeinnützig",2,"Quadratmeter",1,"netto",27.65,26.45,28.86,22.71,21.37,24.15,27.07,26.03,29.2,32.81,31.39,33.8,1819,408,85
2022,"2022.04",2,"Stadtkreise",50,"Kreis 5",4,"4 Zimmer",2,"Nicht gemeinnützig",2,"Quadratmeter",1,"netto",22.49,21.18,23.8,17.17,15.93,18.6,20.67,19.8,23.5,27.88,25.75,30.16,965,189,46
2024,"2024.04",2,"Stadtkreise",50,"Kreis 5",4,"4 Zimmer",2,"Nicht gemeinnützig",2,"Quadratmeter",1,"netto",23.67,22.43,24.9,19.14,17.65,20.96,23.15,21.47,25.61,28.4,27.68,29.39,914,221,52
2022,"2022.04",2,"Stadtkreise",50,"Kreis 5",9,"2 , 3  und 4 Zimmer",2,"Nicht gemeinnützig",2,"Quadratmeter",1,"netto",26.31,25.57,27.04,20.89,20.02,22.17,25.75,25.05,26.84,30.8,30.06,32.53,4224,968,189
2024,"2024.04",2,"Stadtkreise",50,"Kreis 5",9,"2 , 3  und 4 Zimmer",2,"Nicht gemeinnützig",2,"Quadratmeter",1,"netto",27.95,27.27,28.63,22.29,21.34,23.14,27.52,26.4,28.34,33.23,32.28,33.87,4050,972,231
2022,"2022.04",2,"Stadtkreise",60,"Kreis 6",2,"2 Zimmer",1,"Gemeinnützig",2,"Quadratmeter",1,"netto",17.2,16.07,18.34,13.97,13.91,15.55,15.89,14.5,16.76,18.32,17.06,20.56,676,328,31
2024,"2024.04",2,"Stadtkreise",60,"Kreis 6",2,"2 Zimmer",1,"Gemeinnützig",2,"Quadratmeter",1,"netto",17.17,16.59,17.75,14.71,14.15,15.51,16.54,15.95,17.22,18.39,17.63,19.63,731,380,39
2022,"2022.04",2,"Stadtkreise",60,"Kreis 6",3,"3 Zimmer",1,"Gemeinnützig",2,"Quadratmeter",1,"netto",14.2,13.98,14.43,12.88,12.15,13.14,14.18,13.7,14.3,15.03,14.81,15.15,1939,1131,43
2024,"2024.04",2,"Stadtkreise",60,"Kreis 6",3,"3 Zimmer",1,"Gemeinnützig",2,"Quadratmeter",1,"netto",15.1,14.93,15.27,13.66,13.5,13.86,14.89,14.59,15.34,16.18,15.9,16.65,2005,1261,47
2022,"2022.04",2,"Stadtkreise",60,"Kreis 6",4,"4 Zimmer",1,"Gemeinnützig",2,"Quadratmeter",1,"netto",14.44,14.2,14.69,13.25,13.04,13.44,13.92,13.66,14.21,15.03,14.8,15.95,1156,705,37
2024,"2024.04",2,"Stadtkreise",60,"Kreis 6",4,"4 Zimmer",1,"Gemeinnützig",2,"Quadratmeter",1,"netto",15.38,15.09,15.67,13.99,13.81,14.1,14.96,14.72,15.59,16.73,16.52,17.24,1188,752,41
2022,"2022.04",2,"Stadtkreise",60,"Kreis 6",9,"2 , 3  und 4 Zimmer",1,"Gemeinnützig",2,"Quadratmeter",1,"netto",14.82,14.56,15.07,13.2,13.09,13.38,14.2,13.98,14.3,15.81,15.15,16,3771,2164,111
2024,"2024.04",2,"Stadtkreise",60,"Kreis 6",9,"2 , 3  und 4 Zimmer",1,"Gemeinnützig",2,"Quadratmeter",1,"netto",15.57,15.4,15.73,13.91,13.79,13.99,15.24,14.91,15.53,16.89,16.54,17.12,3924,2393,127
2022,"2022.04",2,"Stadtkreise",60,"Kreis 6",2,"2 Zimmer",2,"Nicht gemeinnützig",2,"Quadratmeter",1,"netto",27.51,26.28,28.75,23.37,20.98,24.94,26.73,25.7,28.57,32.38,29.82,33.92,2578,349,75
2024,"2024.04",2,"Stadtkreise",60,"Kreis 6",2,"2 Zimmer",2,"Nicht gemeinnützig",2,"Quadratmeter",1,"netto",29.65,28.7,30.6,23.53,22.2,24.79,29.3,28.47,30,34.71,32.54,36.18,2544,384,117
2022,"2022.04",2,"Stadtkreise",60,"Kreis 6",3,"3 Zimmer",2,"Nicht gemeinnützig",2,"Quadratmeter",1,"netto",25.66,24.33,27,19.6,18.81,22.01,25.86,23.01,27.4,30.93,28.85,33.81,3474,442,87
2024,"2024.04",2,"Stadtkreise",60,"Kreis 6",3,"3 Zimmer",2,"Nicht gemeinnützig",2,"Quadratmeter",1,"netto",27.58,26.42,28.74,21.63,18.84,23.41,27.79,25.48,28.89,33.09,30.53,34.92,3369,451,117
2022,"2022.04",2,"Stadtkreise",60,"Kreis 6",4,"4 Zimmer",2,"Nicht gemeinnützig",2,"Quadratmeter",1,"netto",23.81,22.8,24.83,18.9,16.87,20.79,23.68,22.81,24.34,29.65,27.26,31.14,2353,310,93
2024,"2024.04",2,"Stadtkreise",60,"Kreis 6",4,"4 Zimmer",2,"Nicht gemeinnützig",2,"Quadratmeter",1,"netto",25.74,24.87,26.6,20.44,18.86,21.62,25.34,23.55,26.45,30.91,30.21,32.41,2290,301,133
2022,"2022.04",2,"Stadtkreise",60,"Kreis 6",9,"2 , 3  und 4 Zimmer",2,"Nicht gemeinnützig",2,"Quadratmeter",1,"netto",25.71,24.98,26.44,20.44,19.57,21.58,25.5,24.68,26.38,30.96,29.74,32.36,8405,1101,255
2024,"2024.04",2,"Stadtkreise",60,"Kreis 6",9,"2 , 3  und 4 Zimmer",2,"Nicht gemeinnützig",2,"Quadratmeter",1,"netto",27.71,27.1,28.32,21.78,20.55,22.63,27.81,26.53,28.55,32.8,31.96,33.87,8203,1136,367
2022,"2022.04",2,"Stadtkreise",70,"Kreis 7",2,"2 Zimmer",1,"Gemeinnützig",2,"Quadratmeter",1,"netto",19.31,19.1,19.51,15.72,15.58,16.45,18.92,18.36,19.45,23.12,22.92,23.29,302,191,48
2024,"2024.04",2,"Stadtkreise",70,"Kreis 7",2,"2 Zimmer",1,"Gemeinnützig",2,"Quadratmeter",1,"netto",20.84,20.02,21.65,17.42,16.07,18.66,20.4,19.7,21.53,23.47,23.11,23.82,358,198,36
2022,"2022.04",2,"Stadtkreise",70,"Kreis 7",3,"3 Zimmer",1,"Gemeinnützig",2,"Quadratmeter",1,"netto",15.92,15.7,16.13,12.6,11.81,13.41,14.73,14.59,14.92,19.17,19,19.47,516,282,72
2024,"2024.04",2,"Stadtkreise",70,"Kreis 7",3,"3 Zimmer",1,"Gemeinnützig",2,"Quadratmeter",1,"netto",17.31,17.11,17.51,12.16,12.14,13.51,15.79,15.36,16.37,21,20.85,21.16,552,306,54
2022,"2022.04",2,"Stadtkreise",70,"Kreis 7",4,"4 Zimmer",1,"Gemeinnützig",2,"Quadratmeter",1,"netto",14.82,14.65,15,11.66,11.59,11.89,13.91,13.66,14.21,16.86,16.71,17.02,421,242,58
2024,"2024.04",2,"Stadtkreise",70,"Kreis 7",4,"4 Zimmer",1,"Gemeinnützig",2,"Quadratmeter",1,"netto",15.6,15.37,15.83,11.88,11.76,12.14,14.29,13.81,14.61,18.1,17.95,18.35,432,245,49
2022,"2022.04",2,"Stadtkreise",70,"Kreis 7",9,"2 , 3  und 4 Zimmer",1,"Gemeinnützig",2,"Quadratmeter",1,"netto",16.37,16.25,16.49,12.6,12.24,12.89,15.27,15.16,15.56,19.57,19.45,19.74,1239,715,178
2024,"2024.04",2,"Stadtkreise",70,"Kreis 7",9,"2 , 3  und 4 Zimmer",1,"Gemeinnützig",2,"Quadratmeter",1,"netto",17.7,17.46,17.95,12.71,12.16,13.48,16.6,16.14,17.2,21.19,20.86,21.62,1342,749,139
2022,"2022.04",2,"Stadtkreise",70,"Kreis 7",2,"2 Zimmer",2,"Nicht gemeinnützig",2,"Quadratmeter",1,"netto",27.98,27.07,28.89,21.83,20.22,23.33,28,26.63,29.68,32.98,31.68,34.83,2651,394,138
2024,"2024.04",2,"Stadtkreise",70,"Kreis 7",2,"2 Zimmer",2,"Nicht gemeinnützig",2,"Quadratmeter",1,"netto",31.38,30.58,32.18,24.2,23.28,25.4,30.02,28.48,31.12,38.03,36.25,39.36,2713,394,186
2022,"2022.04",2,"Stadtkreise",70,"Kreis 7",3,"3 Zimmer",2,"Nicht gemeinnützig",2,"Quadratmeter",1,"netto",25.04,24.1,25.97,19.3,17.78,20.49,23.9,23,25,30.55,28.11,31.73,4329,620,151
2024,"2024.04",2,"Stadtkreise",70,"Kreis 7",3,"3 Zimmer",2,"Nicht gemeinnützig",2,"Quadratmeter",1,"netto",27.18,26.53,27.83,21,19.7,22.35,26.91,26.08,27.79,32.39,31.42,33.8,4286,621,236
2022,"2022.04",2,"Stadtkreise",70,"Kreis 7",4,"4 Zimmer",2,"Nicht gemeinnützig",2,"Quadratmeter",1,"netto",24.2,23.21,25.19,19.04,18.19,19.99,23.34,22.32,24.76,28.82,26.74,29.89,3341,371,132
2024,"2024.04",2,"Stadtkreise",70,"Kreis 7",4,"4 Zimmer",2,"Nicht gemeinnützig",2,"Quadratmeter",1,"netto",25.18,24.46,25.89,20.31,19.53,20.9,24.69,23.29,26.02,30.13,29.37,31.1,3193,360,205
2022,"2022.04",2,"Stadtkreise",70,"Kreis 7",9,"2 , 3  und 4 Zimmer",2,"Nicht gemeinnützig",2,"Quadratmeter",1,"netto",25.53,24.96,26.09,19.58,19.09,20.27,24.49,23.75,25.51,30.85,29.82,31.5,10321,1385,421
2024,"2024.04",2,"Stadtkreise",70,"Kreis 7",9,"2 , 3  und 4 Zimmer",2,"Nicht gemeinnützig",2,"Quadratmeter",1,"netto",27.68,27.26,28.09,21.42,20.91,22.03,27.07,26.58,27.55,32.66,32,33.33,10192,1375,627
2022,"2022.04",2,"Stadtkreise",80,"Kreis 8",2,"2 Zimmer",1,"Gemeinnützig",2,"Quadratmeter",1,"netto",19.05,18.51,19.59,14.9,14.83,15.4,17.3,17.19,17.75,21.79,21.37,24.34,98,80,0
2024,"2024.04",2,"Stadtkreise",80,"Kreis 8",2,"2 Zimmer",1,"Gemeinnützig",2,"Quadratmeter",1,"netto",19.97,19.62,20.33,15.06,14.9,15.38,18.04,17.72,18.72,23.35,22.43,24.93,93,86,0
2022,"2022.04",2,"Stadtkreise",80,"Kreis 8",3,"3 Zimmer",1,"Gemeinnützig",2,"Quadratmeter",1,"netto",15.9,15.76,16.05,13.12,13.1,13.21,14.75,14.71,15.03,16.86,16.52,16.98,253,235,0
2024,"2024.04",2,"Stadtkreise",80,"Kreis 8",3,"3 Zimmer",1,"Gemeinnützig",2,"Quadratmeter",1,"netto",16.83,16.71,16.95,13.77,13.7,13.79,15.35,15.3,15.41,18.03,17.88,18.16,246,214,24
2022,"2022.04",2,"Stadtkreise",80,"Kreis 8",4,"4 Zimmer",1,"Gemeinnützig",2,"Quadratmeter",1,"netto",14.45,14.34,14.57,12.37,12.35,12.39,13.8,13.72,13.89,15.29,15.25,15.34,244,232,0
2024,"2024.04",2,"Stadtkreise",80,"Kreis 8",4,"4 Zimmer",1,"Gemeinnützig",2,"Quadratmeter",1,"netto",15.42,15.35,15.5,12.71,12.68,12.78,14.79,14.56,14.82,16.23,16.21,16.25,246,227,14
2022,"2022.04",2,"Stadtkreise",80,"Kreis 8",9,"2 , 3  und 4 Zimmer",1,"Gemeinnützig",2,"Quadratmeter",1,"netto",15.81,15.7,15.93,12.78,12.71,12.84,14.8,14.71,14.89,16.96,16.68,17.21,595,547,0
2024,"2024.04",2,"Stadtkreise",80,"Kreis 8",9,"2 , 3  und 4 Zimmer",1,"Gemeinnützig",2,"Quadratmeter",1,"netto",16.71,16.64,16.79,13.57,13.52,13.6,15.42,15.4,15.5,18,17.86,18.08,585,527,38
2022,"2022.04",2,"Stadtkreise",80,"Kreis 8",2,"2 Zimmer",2,"Nicht gemeinnützig",2,"Quadratmeter",1,"netto",31.98,30.89,33.06,24.88,22.91,26.45,32.5,31,34.39,38.11,36.82,40.42,2213,477,113
2024,"2024.04",2,"Stadtkreise",80,"Kreis 8",2,"2 Zimmer",2,"Nicht gemeinnützig",2,"Quadratmeter",1,"netto",34.71,33.77,35.65,25.8,24.95,26.9,34.58,32.79,35.46,42.46,40.28,44.02,2192,497,176
2022,"2022.04",2,"Stadtkreise",80,"Kreis 8",3,"3 Zimmer",2,"Nicht gemeinnützig",2,"Quadratmeter",1,"netto",28.83,27.82,29.84,22.07,20.21,24.04,29.97,28,30.84,35.37,33.91,37.25,2773,472,125
2024,"2024.04",2,"Stadtkreise",80,"Kreis 8",3,"3 Zimmer",2,"Nicht gemeinnützig",2,"Quadratmeter",1,"netto",31.62,30.7,32.54,24.17,22.93,25.57,32.07,29.45,33.58,39.05,37.71,40.3,2751,493,185
2022,"2022.04",2,"Stadtkreise",80,"Kreis 8",4,"4 Zimmer",2,"Nicht gemeinnützig",2,"Quadratmeter",1,"netto",27.07,25.91,28.22,20,17.76,22.01,27.11,25.89,28.25,32.18,30.49,34.21,1393,166,99
2024,"2024.04",2,"Stadtkreise",80,"Kreis 8",4,"4 Zimmer",2,"Nicht gemeinnützig",2,"Quadratmeter",1,"netto",27.68,26.75,28.62,21.22,20.25,22.28,27.83,26.19,28.86,34.5,33.53,35.64,1367,176,142
2022,"2022.04",2,"Stadtkreise",80,"Kreis 8",9,"2 , 3  und 4 Zimmer",2,"Nicht gemeinnützig",2,"Quadratmeter",1,"netto",29.54,28.91,30.17,22.5,21.33,23.69,29.7,28.71,30.65,35.85,34.95,37.16,6379,1115,337
2024,"2024.04",2,"Stadtkreise",80,"Kreis 8",9,"2 , 3  und 4 Zimmer",2,"Nicht gemeinnützig",2,"Quadratmeter",1,"netto",31.85,31.3,32.41,24.07,23.26,24.66,31.84,30.87,32.73,38.96,38.12,39.99,6310,1166,503
2022,"2022.04",2,"Stadtkreise",90,"Kreis 9",2,"2 Zimmer",1,"Gemeinnützig",2,"Quadratmeter",1,"netto",16.35,15.89,16.81,12.68,12.48,13.11,15.25,14.43,16.34,18.96,18.01,19.73,1657,995,46
2024,"2024.04",2,"Stadtkreise",90,"Kreis 9",2,"2 Zimmer",1,"Gemeinnützig",2,"Quadratmeter",1,"netto",17.55,16.97,18.13,13.99,13.45,14.46,17.21,16.05,17.93,20.34,19.84,20.94,1661,1028,38
2022,"2022.04",2,"Stadtkreise",90,"Kreis 9",3,"3 Zimmer",1,"Gemeinnützig",2,"Quadratmeter",1,"netto",14.03,13.77,14.28,11.61,11.29,11.99,13.77,13.36,14.29,16.04,15.78,16.33,4058,2215,74
2024,"2024.04",2,"Stadtkreise",90,"Kreis 9",3,"3 Zimmer",1,"Gemeinnützig",2,"Quadratmeter",1,"netto",14.81,14.54,15.08,12.51,12.2,12.82,14.59,13.86,14.74,16.78,16.31,17.15,3917,2280,59
2022,"2022.04",2,"Stadtkreise",90,"Kreis 9",4,"4 Zimmer",1,"Gemeinnützig",2,"Quadratmeter",1,"netto",14.14,13.77,14.5,12.04,11.81,12.46,14,13.64,14.35,15.62,15.39,16.59,2299,1211,62
2024,"2024.04",2,"Stadtkreise",90,"Kreis 9",4,"4 Zimmer",1,"Gemeinnützig",2,"Quadratmeter",1,"netto",14.92,14.58,15.25,12.82,12.57,12.96,14.68,14.33,15.01,16.82,16.05,17.45,2257,1253,57
2022,"2022.04",2,"Stadtkreise",90,"Kreis 9",9,"2 , 3  und 4 Zimmer",1,"Gemeinnützig",2,"Quadratmeter",1,"netto",14.53,14.34,14.73,12,11.81,12.17,14.09,13.83,14.34,16.56,16.17,16.88,8014,4421,182
2024,"2024.04",2,"Stadtkreise",90,"Kreis 9",9,"2 , 3  und 4 Zimmer",1,"Gemeinnützig",2,"Quadratmeter",1,"netto",15.42,15.2,15.63,12.83,12.65,13.05,14.77,14.63,15.02,17.6,17.16,17.85,7835,4561,154
2022,"2022.04",2,"Stadtkreise",90,"Kreis 9",2,"2 Zimmer",2,"Nicht gemeinnützig",2,"Quadratmeter",1,"netto",26.28,25.38,27.17,21.24,20.27,21.94,24.72,23.5,26.17,30.39,28.57,31.54,5315,822,78
2024,"2024.04",2,"Stadtkreise",90,"Kreis 9",2,"2 Zimmer",2,"Nicht gemeinnützig",2,"Quadratmeter",1,"netto",27.88,27.33,28.44,23.02,21.82,23.78,27.93,26.81,28.69,32.57,31.31,33.5,5440,1581,127
2022,"2022.04",2,"Stadtkreise",90,"Kreis 9",3,"3 Zimmer",2,"Nicht gemeinnützig",2,"Quadratmeter",1,"netto",22,21.38,22.62,17.27,16.93,18.59,21.92,21.28,22.23,25.82,24.27,26.93,6624,1011,94
2024,"2024.04",2,"Stadtkreise",90,"Kreis 9",3,"3 Zimmer",2,"Nicht gemeinnützig",2,"Quadratmeter",1,"netto",24.74,24.25,25.24,19.9,19.53,20.64,24.3,23.22,25.43,28.37,27.34,29.56,6831,1567,126
2022,"2022.04",2,"Stadtkreise",90,"Kreis 9",4,"4 Zimmer",2,"Nicht gemeinnützig",2,"Quadratmeter",1,"netto",21.53,20.75,22.3,17.1,16.58,18.89,21.47,20.5,22.59,24.99,23.82,27.34,3028,587,63
2024,"2024.04",2,"Stadtkreise",90,"Kreis 9",4,"4 Zimmer",2,"Nicht gemeinnützig",2,"Quadratmeter",1,"netto",22.76,22.16,23.35,18.33,17.93,18.84,21.31,20.49,22.06,26.12,24.79,27.27,3140,826,94
2022,"2022.04",2,"Stadtkreise",90,"Kreis 9",9,"2 , 3  und 4 Zimmer",2,"Nicht gemeinnützig",2,"Quadratmeter",1,"netto",23.42,22.97,23.87,19.22,18.42,19.67,22.23,21.93,22.85,27.05,26.21,27.72,14967,2420,235
2024,"2024.04",2,"Stadtkreise",90,"Kreis 9",9,"2 , 3  und 4 Zimmer",2,"Nicht gemeinnützig",2,"Quadratmeter",1,"netto",25.45,25.13,25.77,20.15,19.83,20.64,24.83,24.04,25.47,29.78,29.24,30.63,15411,3974,347
2022,"2022.04",2,"Stadtkreise",100,"Kreis 10",2,"2 Zimmer",1,"Gemeinnützig",2,"Quadratmeter",1,"netto",15.98,15.63,16.33,13.37,12.95,13.7,15.24,15.12,15.75,18.46,17.78,19.05,1215,801,52
2024,"2024.04",2,"Stadtkreise",100,"Kreis 10",2,"2 Zimmer",1,"Gemeinnützig",2,"Quadratmeter",1,"netto",17.21,16.88,17.55,14.55,14.26,15.11,16.62,16.23,16.82,19.59,19.04,20.49,1246,828,44
2022,"2022.04",2,"Stadtkreise",100,"Kreis 10",3,"3 Zimmer",1,"Gemeinnützig",2,"Quadratmeter",1,"netto",14.42,14,14.84,12.25,11.99,12.49,13.49,13.28,13.89,16.2,15.59,16.77,2128,1429,40
2024,"2024.04",2,"Stadtkreise",100,"Kreis 10",3,"3 Zimmer",1,"Gemeinnützig",2,"Quadratmeter",1,"netto",14.91,14.61,15.21,12.73,12.67,13.05,14.24,13.89,14.57,16.41,15.91,17.13,2098,1424,41
2022,"2022.04",2,"Stadtkreise",100,"Kreis 10",4,"4 Zimmer",1,"Gemeinnützig",2,"Quadratmeter",1,"netto",14.13,13.8,14.46,11.8,11.48,12.07,13.65,13.33,14.15,15.91,15.43,16.3,1340,871,53
2024,"2024.04",2,"Stadtkreise",100,"Kreis 10",4,"4 Zimmer",1,"Gemeinnützig",2,"Quadratmeter",1,"netto",14.96,14.6,15.31,12.58,12.28,12.89,14.45,14.22,14.68,16.72,16.29,17.11,1325,876,48
2022,"2022.04",2,"Stadtkreise",100,"Kreis 10",9,"2 , 3  und 4 Zimmer",1,"Gemeinnützig",2,"Quadratmeter",1,"netto",14.74,14.51,14.98,12.25,12.08,12.49,14.08,13.75,14.33,16.56,16.23,16.96,4683,3101,145
2024,"2024.04",2,"Stadtkreise",100,"Kreis 10",9,"2 , 3  und 4 Zimmer",1,"Gemeinnützig",2,"Quadratmeter",1,"netto",15.54,15.35,15.73,12.96,12.79,13.17,14.88,14.64,15.21,17.29,17.07,17.58,4669,3128,133
2022,"2022.04",2,"Stadtkreise",100,"Kreis 10",2,"2 Zimmer",2,"Nicht gemeinnützig",2,"Quadratmeter",1,"netto",27.83,25.79,29.86,23.23,21.11,24.99,26.59,25.98,27.33,30.7,28.15,32.62,2798,426,66
2024,"2024.04",2,"Stadtkreise",100,"Kreis 10",2,"2 Zimmer",2,"Nicht gemeinnützig",2,"Quadratmeter",1,"netto",27.37,26.5,28.23,22.88,22.18,23.59,26.47,25.29,27.34,30.64,29.55,32.71,2804,429,100
2022,"2022.04",2,"Stadtkreise",100,"Kreis 10",3,"3 Zimmer",2,"Nicht gemeinnützig",2,"Quadratmeter",1,"netto",23.18,22.03,24.33,19.11,17.41,19.55,22,21.13,23.21,27.13,25,28.03,4956,921,80
2024,"2024.04",2,"Stadtkreise",100,"Kreis 10",3,"3 Zimmer",2,"Nicht gemeinnützig",2,"Quadratmeter",1,"netto",24.22,23.42,25.01,19.56,18.51,20.93,23.76,22.66,24.82,27.91,26.63,29.27,4893,828,109
2022,"2022.04",2,"Stadtkreise",100,"Kreis 10",4,"4 Zimmer",2,"Nicht gemeinnützig",2,"Quadratmeter",1,"netto",22.61,21.8,23.41,18.13,17.61,19.4,21.37,20.21,23.21,25.84,24.61,27.25,2652,496,70
2024,"2024.04",2,"Stadtkreise",100,"Kreis 10",4,"4 Zimmer",2,"Nicht gemeinnützig",2,"Quadratmeter",1,"netto",22.42,21.69,23.14,18.36,17.39,19.35,22.29,20.97,22.99,25.7,25,27.07,2627,450,119
2022,"2022.04",2,"Stadtkreise",100,"Kreis 10",9,"2 , 3  und 4 Zimmer",2,"Nicht gemeinnützig",2,"Quadratmeter",1,"netto",24.29,23.49,25.08,19.21,18.43,19.66,23.23,22.48,24.39,27.67,27.08,28.47,10406,1843,216
2024,"2024.04",2,"Stadtkreise",100,"Kreis 10",9,"2 , 3  und 4 Zimmer",2,"Nicht gemeinnützig",2,"Quadratmeter",1,"netto",24.61,24.13,25.1,19.84,19.3,20.58,24.06,23.38,24.6,28.36,27.52,29.3,10324,1707,328
2022,"2022.04",2,"Stadtkreise",110,"Kreis 11",2,"2 Zimmer",1,"Gemeinnützig",2,"Quadratmeter",1,"netto",15.87,15.62,16.12,13.57,13.46,13.71,15.64,15.27,15.87,17.43,17.19,17.71,1540,1010,80
2024,"2024.04",2,"Stadtkreise",110,"Kreis 11",2,"2 Zimmer",1,"Gemeinnützig",2,"Quadratmeter",1,"netto",17.2,16.78,17.62,14.18,13.69,14.9,16.87,16.44,17.39,19.21,18.75,19.6,1662,1082,60
2022,"2022.04",2,"Stadtkreise",110,"Kreis 11",3,"3 Zimmer",1,"Gemeinnützig",2,"Quadratmeter",1,"netto",14.94,14.71,15.17,12.94,12.83,13.08,14.2,13.95,14.42,16.65,16.47,16.8,3159,2219,89
2024,"2024.04",2,"Stadtkreise",110,"Kreis 11",3,"3 Zimmer",1,"Gemeinnützig",2,"Quadratmeter",1,"netto",15.99,15.78,16.21,13.84,13.7,13.91,15.28,15.12,15.47,17.83,17.54,18.28,3235,2321,92
2022,"2022.04",2,"Stadtkreise",110,"Kreis 11",4,"4 Zimmer",1,"Gemeinnützig",2,"Quadratmeter",1,"netto",13.84,13.65,14.03,12.03,11.87,12.15,13.58,13.48,13.69,15.15,14.96,15.39,2768,1849,106
2024,"2024.04",2,"Stadtkreise",110,"Kreis 11",4,"4 Zimmer",1,"Gemeinnützig",2,"Quadratmeter",1,"netto",15.05,14.85,15.25,13.19,13,13.35,14.5,14.41,14.73,16.67,16.39,17.02,2766,1885,94
2022,"2022.04",2,"Stadtkreise",110,"Kreis 11",9,"2 , 3  und 4 Zimmer",1,"Gemeinnützig",2,"Quadratmeter",1,"netto",14.72,14.59,14.86,12.74,12.61,12.79,14.17,14.04,14.25,16.4,16.23,16.52,7467,5078,275
2024,"2024.04",2,"Stadtkreise",110,"Kreis 11",9,"2 , 3  und 4 Zimmer",1,"Gemeinnützig",2,"Quadratmeter",1,"netto",15.92,15.77,16.06,13.61,13.54,13.72,15.26,15.14,15.37,17.78,17.6,18.09,7663,5288,246
2022,"2022.04",2,"Stadtkreise",110,"Kreis 11",2,"2 Zimmer",2,"Nicht gemeinnützig",2,"Quadratmeter",1,"netto",25.37,24.68,26.05,21.09,19.86,22.13,24.67,23.88,25.4,28.36,27.8,29.18,5662,1181,119
2024,"2024.04",2,"Stadtkreise",110,"Kreis 11",2,"2 Zimmer",2,"Nicht gemeinnützig",2,"Quadratmeter",1,"netto",26.76,26.18,27.33,21.28,20.26,22.18,26.24,25.39,26.93,32.16,31.14,32.64,5698,1169,171
2022,"2022.04",2,"Stadtkreise",110,"Kreis 11",3,"3 Zimmer",2,"Nicht gemeinnützig",2,"Quadratmeter",1,"netto",21.84,21.32,22.37,18.16,17.86,19.23,21.56,21.07,22.3,24.72,23.71,25.33,8790,1801,137
2024,"2024.04",2,"Stadtkreise",110,"Kreis 11",3,"3 Zimmer",2,"Nicht gemeinnützig",2,"Quadratmeter",1,"netto",23.32,22.83,23.81,19.5,18.87,20,23.08,22.54,23.92,27.11,26.45,27.85,8502,1692,196
2022,"2022.04",2,"Stadtkreise",110,"Kreis 11",4,"4 Zimmer",2,"Nicht gemeinnützig",2,"Quadratmeter",1,"netto",19.65,19.1,20.2,16.84,16.44,17.45,19.25,18.42,19.89,21.92,21.05,22.15,4742,1211,117
2024,"2024.04",2,"Stadtkreise",110,"Kreis 11",4,"4 Zimmer",2,"Nicht gemeinnützig",2,"Quadratmeter",1,"netto",21.52,20.94,22.09,17.65,17.19,18.31,20.97,20,21.9,24.53,23.81,25.27,4555,1057,151
2022,"2022.04",2,"Stadtkreise",110,"Kreis 11",9,"2 , 3  und 4 Zimmer",2,"Nicht gemeinnützig",2,"Quadratmeter",1,"netto",22.34,22,22.68,18.13,17.86,18.64,21.71,21.35,22,25.35,24.96,26.09,19194,4193,373
2024,"2024.04",2,"Stadtkreise",110,"Kreis 11",9,"2 , 3  und 4 Zimmer",2,"Nicht gemeinnützig",2,"Quadratmeter",1,"netto",23.92,23.61,24.24,19.29,18.86,19.56,23.17,22.8,23.7,27.86,27.26,28.51,18755,3918,518
2022,"2022.04",2,"Stadtkreise",120,"Kreis 12",2,"2 Zimmer",1,"Gemeinnützig",2,"Quadratmeter",1,"netto",15.36,15.08,15.65,12.29,12.11,12.68,15.06,14.83,15.5,17.28,17.18,17.68,1355,962,59
2024,"2024.04",2,"Stadtkreise",120,"Kreis 12",2,"2 Zimmer",1,"Gemeinnützig",2,"Quadratmeter",1,"netto",16.05,15.88,16.21,13.36,13.19,13.59,16.35,16.07,16.64,18.17,17.88,18.5,1396,952,51
2022,"2022.04",2,"Stadtkreise",120,"Kreis 12",3,"3 Zimmer",1,"Gemeinnützig",2,"Quadratmeter",1,"netto",13.51,13.37,13.66,10.64,10.58,10.92,12.87,12.72,13.02,16.08,15.82,16.42,2932,2025,88
2024,"2024.04",2,"Stadtkreise",120,"Kreis 12",3,"3 Zimmer",1,"Gemeinnützig",2,"Quadratmeter",1,"netto",14.54,14.39,14.68,11.87,11.78,12.05,14.27,13.94,14.61,17.1,16.82,17.29,3035,2003,91
2022,"2022.04",2,"Stadtkreise",120,"Kreis 12",4,"4 Zimmer",1,"Gemeinnützig",2,"Quadratmeter",1,"netto",13.35,13.14,13.55,11,10.28,11.52,13.58,12.97,13.77,15.85,15.77,16.01,2104,1302,73
2024,"2024.04",2,"Stadtkreise",120,"Kreis 12",4,"4 Zimmer",1,"Gemeinnützig",2,"Quadratmeter",1,"netto",14.31,14.06,14.56,12.46,11.91,12.87,14.47,14.1,14.74,16.41,16.04,16.72,2158,1240,73
2022,"2022.04",2,"Stadtkreise",120,"Kreis 12",9,"2 , 3  und 4 Zimmer",1,"Gemeinnützig",2,"Quadratmeter",1,"netto",13.85,13.74,13.97,11.29,11.15,11.41,13.46,13.25,13.66,16.33,16.16,16.47,6391,4289,220
2024,"2024.04",2,"Stadtkreise",120,"Kreis 12",9,"2 , 3  und 4 Zimmer",1,"Gemeinnützig",2,"Quadratmeter",1,"netto",14.78,14.67,14.9,12.32,12.14,12.52,14.7,14.58,14.96,17.18,16.99,17.33,6589,4195,215
2022,"2022.04",2,"Stadtkreise",120,"Kreis 12",2,"2 Zimmer",2,"Nicht gemeinnützig",2,"Quadratmeter",1,"netto",23.7,22.71,24.69,20.27,19.28,22.32,24.21,23.2,25,26.56,25.96,28.61,1713,426,64
2024,"2024.04",2,"Stadtkreise",120,"Kreis 12",2,"2 Zimmer",2,"Nicht gemeinnützig",2,"Quadratmeter",1,"netto",24.22,23.34,25.1,20,19.37,22.14,24.35,23.17,25.49,28.01,26.94,29.3,1626,385,105
2022,"2022.04",2,"Stadtkreise",120,"Kreis 12",3,"3 Zimmer",2,"Nicht gemeinnützig",2,"Quadratmeter",1,"netto",20,19.41,20.59,17.5,16.69,18.63,20.29,19.41,21.41,22.66,22.17,23.33,2933,582,93
2024,"2024.04",2,"Stadtkreise",120,"Kreis 12",3,"3 Zimmer",2,"Nicht gemeinnützig",2,"Quadratmeter",1,"netto",21.55,20.98,22.11,18.6,17.59,19.55,21.83,21.07,22.77,25,24.11,25.55,2752,504,132
2022,"2022.04",2,"Stadtkreise",120,"Kreis 12",4,"4 Zimmer",2,"Nicht gemeinnützig",2,"Quadratmeter",1,"netto",19.07,18.46,19.68,14.9,14.09,16.59,18.47,17.36,19.57,22,20.99,23.26,1107,274,68
2024,"2024.04",2,"Stadtkreise",120,"Kreis 12",4,"4 Zimmer",2,"Nicht gemeinnützig",2,"Quadratmeter",1,"netto",19.9,19.41,20.39,16.98,15.99,17.78,19.83,19.23,20.42,22.28,21.84,23.19,1000,256,106
2022,"2022.04",2,"Stadtkreise",120,"Kreis 12",9,"2 , 3  und 4 Zimmer",2,"Nicht gemeinnützig",2,"Quadratmeter",1,"netto",20.92,20.49,21.36,17.43,17.02,18.36,21.18,20.27,21.72,23.8,23.47,24.51,5753,1282,225
2024,"2024.04",2,"Stadtkreise",120,"Kreis 12",9,"2 , 3  und 4 Zimmer",2,"Nicht gemeinnützig",2,"Quadratmeter",1,"netto",22.05,21.65,22.45,18.59,17.96,19.22,22.13,21.63,22.35,25.49,25,26.22,5378,1145,343
2022,"2022.04",2,"Stadtkreise",0,"Ganze Stadt",2,"2 Zimmer",1,"Gemeinnützig",1,"Wohnung",2,"brutto",1055,1046,1063,829,819,834,1000,986,1013,1212,1200,1225,11106,7184,492
2024,"2024.04",2,"Stadtkreise",0,"Ganze Stadt",2,"2 Zimmer",1,"Gemeinnützig",1,"Wohnung",2,"brutto",1134,1124,1143,907,897,916,1087,1077,1102,1288,1274,1305,11437,7442,463
2022,"2022.04",2,"Stadtkreise",0,"Ganze Stadt",3,"3 Zimmer",1,"Gemeinnützig",1,"Wohnung",2,"brutto",1181,1172,1190,919,913,927,1101,1093,1113,1369,1359,1380,22955,14636,597
2024,"2024.04",2,"Stadtkreise",0,"Ganze Stadt",3,"3 Zimmer",1,"Gemeinnützig",1,"Wohnung",2,"brutto",1268,1262,1275,1015,1007,1022,1196,1188,1207,1465,1452,1482,23071,15117,620
2022,"2022.04",2,"Stadtkreise",0,"Ganze Stadt",4,"4 Zimmer",1,"Gemeinnützig",1,"Wohnung",2,"brutto",1517,1509,1526,1208,1191,1227,1469,1450,1483,1777,1763,1795,14925,9288,606
2024,"2024.04",2,"Stadtkreise",0,"Ganze Stadt",4,"4 Zimmer",1,"Gemeinnützig",1,"Wohnung",2,"brutto",1636,1625,1648,1327,1311,1341,1601,1581,1617,1870,1862,1890,14957,9495,581
2022,"2022.04",2,"Stadtkreise",0,"Ganze Stadt",2,"2 Zimmer",2,"Nicht gemeinnützig",1,"Wohnung",2,"brutto",1749,1730,1768,1378,1360,1400,1639,1602,1658,2020,1980,2060,35586,6361,1250
2024,"2024.04",2,"Stadtkreise",0,"Ganze Stadt",2,"2 Zimmer",2,"Nicht gemeinnützig",1,"Wohnung",2,"brutto",1875,1861,1890,1483,1460,1495,1753,1740,1775,2180,2163,2209,35728,7659,1825
2022,"2022.04",2,"Stadtkreise",0,"Ganze Stadt",3,"3 Zimmer",2,"Nicht gemeinnützig",1,"Wohnung",2,"brutto",2062,2039,2085,1585,1560,1610,1920,1890,1950,2418,2370,2470,51225,8720,1311
2024,"2024.04",2,"Stadtkreise",0,"Ganze Stadt",3,"3 Zimmer",2,"Nicht gemeinnützig",1,"Wohnung",2,"brutto",2221,2202,2239,1692,1670,1712,2085,2055,2110,2618,2590,2661,50539,9673,1881
2022,"2022.04",2,"Stadtkreise",0,"Ganze Stadt",4,"4 Zimmer",2,"Nicht gemeinnützig",1,"Wohnung",2,"brutto",2568,2536,2601,1920,1887,1956,2400,2367,2467,3008,2950,3100,25972,4563,1107
2024,"2024.04",2,"Stadtkreise",0,"Ganze Stadt",4,"4 Zimmer",2,"Nicht gemeinnützig",1,"Wohnung",2,"brutto",2727,2699,2756,2042,2007,2077,2585,2530,2610,3250,3200,3298,25502,4969,1564
2022,"2022.04",2,"Stadtkreise",10,"Kreis 1",2,"2 Zimmer",1,"Gemeinnützig",1,"Wohnung",2,"brutto",1133,1128,1138,759,756,769,1026,1006,1027,1369,1363,1376,302,298,0
2024,"2024.04",2,"Stadtkreise",10,"Kreis 1",2,"2 Zimmer",1,"Gemeinnützig",1,"Wohnung",2,"brutto",1209,1201,1217,810,805,820,1096,1096,1100,1455,1434,1464,307,293,9
2022,"2022.04",2,"Stadtkreise",10,"Kreis 1",3,"3 Zimmer",1,"Gemeinnützig",1,"Wohnung",2,"brutto",1522,1514,1530,1044,1043,1047,1407,1396,1413,1868,1845,1882,201,198,0
2024,"2024.04",2,"Stadtkreise",10,"Kreis 1",3,"3 Zimmer",1,"Gemeinnützig",1,"Wohnung",2,"brutto",1760,1754,1765,1205,1203,1206,1537,1535,1542,2106,2071,2114,208,196,11
2022,"2022.04",2,"Stadtkreise",10,"Kreis 1",4,"4 Zimmer",1,"Gemeinnützig",1,"Wohnung",2,"brutto",1750,1737,1763,1181,1165,1198,1486,1463,1489,2162,2143,2178,136,133,0
2024,"2024.04",2,"Stadtkreise",10,"Kreis 1",4,"4 Zimmer",1,"Gemeinnützig",1,"Wohnung",2,"brutto",1999,1982,2016,1379,1337,1429,1742,1726,1804,2410,2388,2417,134,131,0
2022,"2022.04",2,"Stadtkreise",10,"Kreis 1",2,"2 Zimmer",2,"Nicht gemeinnützig",1,"Wohnung",2,"brutto",2204,2095,2314,1730,1600,1879,2220,2116,2383,2602,2430,2775,774,87,106
2024,"2024.04",2,"Stadtkreise",10,"Kreis 1",2,"2 Zimmer",2,"Nicht gemeinnützig",1,"Wohnung",2,"brutto",2387,2302,2472,1854,1737,1932,2271,2175,2377,2841,2719,3000,743,102,148
2022,"2022.04",2,"Stadtkreise",10,"Kreis 1",3,"3 Zimmer",2,"Nicht gemeinnützig",1,"Wohnung",2,"brutto",2853,2715,2991,2013,1875,2300,2668,2500,2943,3500,3290,3689,635,74,111
2024,"2024.04",2,"Stadtkreise",10,"Kreis 1",3,"3 Zimmer",2,"Nicht gemeinnützig",1,"Wohnung",2,"brutto",3102,2993,3211,2294,2122,2467,2975,2861,3073,3624,3488,3745,621,79,171
2022,"2022.04",2,"Stadtkreise",10,"Kreis 1",4,"4 Zimmer",2,"Nicht gemeinnützig",1,"Wohnung",2,"brutto",3386,3213,3559,2417,2042,2764,3303,2888,3594,4143,3800,4300,323,27,80
2024,"2024.04",2,"Stadtkreise",10,"Kreis 1",4,"4 Zimmer",2,"Nicht gemeinnützig",1,"Wohnung",2,"brutto",3728,3541,3915,2500,2340,2955,3730,3346,3897,4865,4444,4994,316,31,101
2022,"2022.04",2,"Stadtkreise",20,"Kreis 2",2,"2 Zimmer",1,"Gemeinnützig",1,"Wohnung",2,"brutto",1072,1044,1099,821,788,885,1017,987,1044,1274,1245,1305,971,535,52
2024,"2024.04",2,"Stadtkreise",20,"Kreis 2",2,"2 Zimmer",1,"Gemeinnützig",1,"Wohnung",2,"brutto",1208,1188,1229,958,908,993,1157,1105,1198,1428,1365,1479,997,583,53
2022,"2022.04",2,"Stadtkreise",20,"Kreis 2",3,"3 Zimmer",1,"Gemeinnützig",1,"Wohnung",2,"brutto",1240,1189,1292,946,914,980,1145,1108,1186,1430,1316,1534,1736,874,61
2024,"2024.04",2,"Stadtkreise",20,"Kreis 2",3,"3 Zimmer",1,"Gemeinnützig",1,"Wohnung",2,"brutto",1363,1337,1389,1089,1067,1130,1274,1233,1318,1560,1476,1653,1745,920,71
2022,"2022.04",2,"Stadtkreise",20,"Kreis 2",4,"4 Zimmer",1,"Gemeinnützig",1,"Wohnung",2,"brutto",1542,1517,1567,1286,1235,1319,1427,1394,1493,1820,1766,1844,1435,768,51
2024,"2024.04",2,"Stadtkreise",20,"Kreis 2",4,"4 Zimmer",1,"Gemeinnützig",1,"Wohnung",2,"brutto",1694,1655,1732,1403,1328,1457,1662,1611,1703,1924,1894,2020,1413,818,63
2022,"2022.04",2,"Stadtkreise",20,"Kreis 2",2,"2 Zimmer",2,"Nicht gemeinnützig",1,"Wohnung",2,"brutto",1836,1775,1896,1460,1359,1500,1750,1640,1850,2150,2086,2276,2749,460,104
2024,"2024.04",2,"Stadtkreise",20,"Kreis 2",2,"2 Zimmer",2,"Nicht gemeinnützig",1,"Wohnung",2,"brutto",2050,1983,2117,1550,1511,1596,1889,1776,2000,2339,2250,2450,2859,509,155
2022,"2022.04",2,"Stadtkreise",20,"Kreis 2",3,"3 Zimmer",2,"Nicht gemeinnützig",1,"Wohnung",2,"brutto",2332,2240,2425,1670,1620,1711,2142,1993,2254,2801,2647,2957,3833,821,104
2024,"2024.04",2,"Stadtkreise",20,"Kreis 2",3,"3 Zimmer",2,"Nicht gemeinnützig",1,"Wohnung",2,"brutto",2428,2362,2494,1844,1743,1954,2265,2208,2383,2870,2752,2995,3917,880,159
2022,"2022.04",2,"Stadtkreise",20,"Kreis 2",4,"4 Zimmer",2,"Nicht gemeinnützig",1,"Wohnung",2,"brutto",2892,2766,3019,2169,2015,2235,2679,2520,2900,3410,3252,3616,2285,462,115
2024,"2024.04",2,"Stadtkreise",20,"Kreis 2",4,"4 Zimmer",2,"Nicht gemeinnützig",1,"Wohnung",2,"brutto",2992,2891,3093,2254,2150,2367,2745,2610,2813,3443,3280,3650,2337,514,169
2022,"2022.04",2,"Stadtkreise",30,"Kreis 3",2,"2 Zimmer",1,"Gemeinnützig",1,"Wohnung",2,"brutto",941,922,960,773,748,793,904,875,925,1080,1060,1109,1432,853,58
2024,"2024.04",2,"Stadtkreise",30,"Kreis 3",2,"2 Zimmer",1,"Gemeinnützig",1,"Wohnung",2,"brutto",1008,974,1041,841,824,869,978,952,1001,1155,1101,1185,1442,856,67
2022,"2022.04",2,"Stadtkreise",30,"Kreis 3",3,"3 Zimmer",1,"Gemeinnützig",1,"Wohnung",2,"brutto",1088,1060,1117,876,859,914,1016,988,1052,1202,1162,1282,3050,1846,64
2024,"2024.04",2,"Stadtkreise",30,"Kreis 3",3,"3 Zimmer",1,"Gemeinnützig",1,"Wohnung",2,"brutto",1156,1131,1180,954,924,973,1111,1071,1134,1298,1242,1346,2990,1876,63
2022,"2022.04",2,"Stadtkreise",30,"Kreis 3",4,"4 Zimmer",1,"Gemeinnützig",1,"Wohnung",2,"brutto",1475,1454,1495,1161,1138,1186,1470,1422,1506,1763,1719,1809,1886,1176,78
2024,"2024.04",2,"Stadtkreise",30,"Kreis 3",4,"4 Zimmer",1,"Gemeinnützig",1,"Wohnung",2,"brutto",1578,1531,1625,1225,1209,1250,1508,1475,1558,1813,1773,1878,1871,1210,82
2022,"2022.04",2,"Stadtkreise",30,"Kreis 3",2,"2 Zimmer",2,"Nicht gemeinnützig",1,"Wohnung",2,"brutto",1640,1590,1691,1350,1301,1400,1559,1496,1601,1800,1744,1975,4921,858,124
2024,"2024.04",2,"Stadtkreise",30,"Kreis 3",2,"2 Zimmer",2,"Nicht gemeinnützig",1,"Wohnung",2,"brutto",1823,1778,1867,1498,1420,1539,1720,1668,1780,2062,1988,2168,4912,984,189
2022,"2022.04",2,"Stadtkreise",30,"Kreis 3",3,"3 Zimmer",2,"Nicht gemeinnützig",1,"Wohnung",2,"brutto",1964,1889,2038,1557,1509,1666,1920,1793,1980,2250,2108,2449,6901,922,114
2024,"2024.04",2,"Stadtkreise",30,"Kreis 3",3,"3 Zimmer",2,"Nicht gemeinnützig",1,"Wohnung",2,"brutto",2101,2042,2161,1666,1595,1723,1967,1890,2045,2456,2350,2619,6785,1083,184
2022,"2022.04",2,"Stadtkreise",30,"Kreis 3",4,"4 Zimmer",2,"Nicht gemeinnützig",1,"Wohnung",2,"brutto",2514,2416,2612,2007,1934,2115,2367,2253,2500,2950,2751,3178,2300,269,107
2024,"2024.04",2,"Stadtkreise",30,"Kreis 3",4,"4 Zimmer",2,"Nicht gemeinnützig",1,"Wohnung",2,"brutto",2563,2474,2652,1927,1806,1990,2518,2358,2626,3063,2881,3275,2296,314,143
2022,"2022.04",2,"Stadtkreise",40,"Kreis 4",2,"2 Zimmer",1,"Gemeinnützig",1,"Wohnung",2,"brutto",1108,1087,1128,843,814,877,1076,1071,1096,1256,1240,1271,1218,858,55
2024,"2024.04",2,"Stadtkreise",40,"Kreis 4",2,"2 Zimmer",1,"Gemeinnützig",1,"Wohnung",2,"brutto",1199,1175,1223,905,890,936,1152,1142,1173,1333,1308,1349,1213,898,47
2022,"2022.04",2,"Stadtkreise",40,"Kreis 4",3,"3 Zimmer",1,"Gemeinnützig",1,"Wohnung",2,"brutto",1156,1120,1192,896,885,905,1023,1010,1048,1324,1288,1353,2066,1513,50
2024,"2024.04",2,"Stadtkreise",40,"Kreis 4",3,"3 Zimmer",1,"Gemeinnützig",1,"Wohnung",2,"brutto",1239,1216,1262,1007,991,1024,1143,1129,1155,1400,1370,1418,2116,1647,49
2022,"2022.04",2,"Stadtkreise",40,"Kreis 4",4,"4 Zimmer",1,"Gemeinnützig",1,"Wohnung",2,"brutto",1437,1402,1472,1074,1057,1096,1343,1311,1370,1611,1582,1638,713,479,61
2024,"2024.04",2,"Stadtkreise",40,"Kreis 4",4,"4 Zimmer",1,"Gemeinnützig",1,"Wohnung",2,"brutto",1621,1581,1661,1253,1223,1282,1447,1416,1473,1818,1750,1981,760,553,40
2022,"2022.04",2,"Stadtkreise",40,"Kreis 4",2,"2 Zimmer",2,"Nicht gemeinnützig",1,"Wohnung",2,"brutto",1814,1774,1855,1398,1330,1495,1769,1720,1830,2075,2015,2140,2857,509,162
2024,"2024.04",2,"Stadtkreise",40,"Kreis 4",2,"2 Zimmer",2,"Nicht gemeinnützig",1,"Wohnung",2,"brutto",1943,1896,1990,1438,1401,1532,1825,1768,1900,2300,2170,2390,2880,657,233
2022,"2022.04",2,"Stadtkreise",40,"Kreis 4",3,"3 Zimmer",2,"Nicht gemeinnützig",1,"Wohnung",2,"brutto",2083,2015,2151,1538,1423,1652,1931,1826,2040,2439,2350,2650,4073,633,122
2024,"2024.04",2,"Stadtkreise",40,"Kreis 4",3,"3 Zimmer",2,"Nicht gemeinnützig",1,"Wohnung",2,"brutto",2266,2212,2320,1723,1672,1811,2183,2110,2279,2661,2580,2720,4013,825,164
2022,"2022.04",2,"Stadtkreise",40,"Kreis 4",4,"4 Zimmer",2,"Nicht gemeinnützig",1,"Wohnung",2,"brutto",2521,2434,2609,1809,1752,1951,2350,2199,2519,3055,2761,3261,1483,185,86
2024,"2024.04",2,"Stadtkreise",40,"Kreis 4",4,"4 Zimmer",2,"Nicht gemeinnützig",1,"Wohnung",2,"brutto",2866,2766,2966,2104,1920,2188,2779,2551,2998,3514,3322,3662,1467,264,122
2022,"2022.04",2,"Stadtkreise",50,"Kreis 5",2,"2 Zimmer",1,"Gemeinnützig",1,"Wohnung",2,"brutto",926,908,944,771,755,782,861,841,871,1047,1014,1089,340,263,18
2024,"2024.04",2,"Stadtkreise",50,"Kreis 5",2,"2 Zimmer",1,"Gemeinnützig",1,"Wohnung",2,"brutto",998,965,1031,802,784,827,962,929,979,1089,1078,1140,331,255,20
2022,"2022.04",2,"Stadtkreise",50,"Kreis 5",3,"3 Zimmer",1,"Gemeinnützig",1,"Wohnung",2,"brutto",1041,1021,1061,865,841,883,953,930,990,1124,1091,1214,917,631,20
2024,"2024.04",2,"Stadtkreise",50,"Kreis 5",3,"3 Zimmer",1,"Gemeinnützig",1,"Wohnung",2,"brutto",1150,1137,1164,964,954,972,1110,1094,1138,1281,1196,1329,924,645,20
2022,"2022.04",2,"Stadtkreise",50,"Kreis 5",4,"4 Zimmer",1,"Gemeinnützig",1,"Wohnung",2,"brutto",1405,1380,1430,1078,1051,1106,1337,1303,1416,1747,1709,1804,423,296,22
2024,"2024.04",2,"Stadtkreise",50,"Kreis 5",4,"4 Zimmer",1,"Gemeinnützig",1,"Wohnung",2,"brutto",1533,1513,1553,1222,1179,1266,1455,1401,1533,1813,1770,1869,407,279,19
2022,"2022.04",2,"Stadtkreise",50,"Kreis 5",2,"2 Zimmer",2,"Nicht gemeinnützig",1,"Wohnung",2,"brutto",1954,1886,2022,1505,1437,1583,1881,1760,1973,2300,2194,2546,1355,363,78
2024,"2024.04",2,"Stadtkreise",50,"Kreis 5",2,"2 Zimmer",2,"Nicht gemeinnützig",1,"Wohnung",2,"brutto",2052,1988,2115,1562,1472,1656,1989,1850,2083,2449,2334,2611,1317,344,96
2022,"2022.04",2,"Stadtkreise",50,"Kreis 5",3,"3 Zimmer",2,"Nicht gemeinnützig",1,"Wohnung",2,"brutto",2350,2236,2464,1818,1714,1940,2201,2049,2495,2820,2699,3010,1904,416,67
2024,"2024.04",2,"Stadtkreise",50,"Kreis 5",3,"3 Zimmer",2,"Nicht gemeinnützig",1,"Wohnung",2,"brutto",2502,2408,2597,1861,1778,2006,2442,2250,2570,3013,2901,3084,1819,408,85
2022,"2022.04",2,"Stadtkreise",50,"Kreis 5",4,"4 Zimmer",2,"Nicht gemeinnützig",1,"Wohnung",2,"brutto",2679,2550,2807,1862,1774,2235,2512,2208,2648,3154,2950,3483,965,189,47
2024,"2024.04",2,"Stadtkreise",50,"Kreis 5",4,"4 Zimmer",2,"Nicht gemeinnützig",1,"Wohnung",2,"brutto",2858,2724,2992,2055,1910,2369,2709,2532,3049,3528,3241,3870,914,221,53
2022,"2022.04",2,"Stadtkreise",60,"Kreis 6",2,"2 Zimmer",1,"Gemeinnützig",1,"Wohnung",2,"brutto",1132,1057,1207,842,825,886,923,890,996,1268,1169,1452,676,329,31
2024,"2024.04",2,"Stadtkreise",60,"Kreis 6",2,"2 Zimmer",1,"Gemeinnützig",1,"Wohnung",2,"brutto",1140,1097,1183,961,936,978,1046,1019,1076,1251,1168,1392,731,380,39
2022,"2022.04",2,"Stadtkreise",60,"Kreis 6",3,"3 Zimmer",1,"Gemeinnützig",1,"Wohnung",2,"brutto",1126,1109,1143,935,904,980,1090,1067,1123,1206,1163,1270,1939,1142,43
2024,"2024.04",2,"Stadtkreise",60,"Kreis 6",3,"3 Zimmer",1,"Gemeinnützig",1,"Wohnung",2,"brutto",1220,1202,1237,1027,1010,1035,1182,1133,1208,1398,1332,1426,2005,1263,47
2022,"2022.04",2,"Stadtkreise",60,"Kreis 6",4,"4 Zimmer",1,"Gemeinnützig",1,"Wohnung",2,"brutto",1532,1514,1551,1303,1265,1340,1482,1429,1497,1667,1626,1730,1156,713,37
2024,"2024.04",2,"Stadtkreise",60,"Kreis 6",4,"4 Zimmer",1,"Gemeinnützig",1,"Wohnung",2,"brutto",1649,1622,1677,1352,1305,1426,1572,1530,1614,1922,1852,1973,1188,760,42
2022,"2022.04",2,"Stadtkreise",60,"Kreis 6",2,"2 Zimmer",2,"Nicht gemeinnützig",1,"Wohnung",2,"brutto",1733,1646,1821,1403,1365,1480,1630,1567,1761,1950,1880,2171,2578,349,76
2024,"2024.04",2,"Stadtkreise",60,"Kreis 6",2,"2 Zimmer",2,"Nicht gemeinnützig",1,"Wohnung",2,"brutto",1863,1805,1921,1481,1411,1591,1782,1735,1915,2190,2125,2297,2544,435,120
2022,"2022.04",2,"Stadtkreise",60,"Kreis 6",3,"3 Zimmer",2,"Nicht gemeinnützig",1,"Wohnung",2,"brutto",2201,2098,2303,1650,1552,1792,2189,1990,2311,2700,2450,2808,3474,443,89
2024,"2024.04",2,"Stadtkreise",60,"Kreis 6",3,"3 Zimmer",2,"Nicht gemeinnützig",1,"Wohnung",2,"brutto",2352,2263,2441,1659,1607,1900,2320,2178,2457,2850,2736,3000,3369,466,121
2022,"2022.04",2,"Stadtkreise",60,"Kreis 6",4,"4 Zimmer",2,"Nicht gemeinnützig",1,"Wohnung",2,"brutto",2762,2634,2891,2111,1900,2217,2650,2550,2798,3182,2950,3500,2353,311,97
2024,"2024.04",2,"Stadtkreise",60,"Kreis 6",4,"4 Zimmer",2,"Nicht gemeinnützig",1,"Wohnung",2,"brutto",2901,2807,2994,2209,2100,2317,2761,2626,2998,3643,3394,3754,2290,324,138
2022,"2022.04",2,"Stadtkreise",70,"Kreis 7",2,"2 Zimmer",1,"Gemeinnützig",1,"Wohnung",2,"brutto",1229,1216,1242,962,948,1014,1211,1199,1236,1466,1456,1482,302,190,48
2024,"2024.04",2,"Stadtkreise",70,"Kreis 7",2,"2 Zimmer",1,"Gemeinnützig",1,"Wohnung",2,"brutto",1348,1291,1405,1137,953,1231,1282,1249,1407,1533,1515,1554,358,196,36
2022,"2022.04",2,"Stadtkreise",70,"Kreis 7",3,"3 Zimmer",1,"Gemeinnützig",1,"Wohnung",2,"brutto",1428,1408,1449,1103,1047,1147,1299,1267,1338,1561,1545,1578,516,292,67
2024,"2024.04",2,"Stadtkreise",70,"Kreis 7",3,"3 Zimmer",1,"Gemeinnützig",1,"Wohnung",2,"brutto",1562,1546,1579,1113,1107,1232,1411,1388,1433,1730,1666,1758,552,306,55
2022,"2022.04",2,"Stadtkreise",70,"Kreis 7",4,"4 Zimmer",1,"Gemeinnützig",1,"Wohnung",2,"brutto",1692,1672,1711,1287,1266,1340,1525,1479,1563,1850,1838,1885,421,235,64
2024,"2024.04",2,"Stadtkreise",70,"Kreis 7",4,"4 Zimmer",1,"Gemeinnützig",1,"Wohnung",2,"brutto",1840,1813,1867,1364,1340,1370,1659,1600,1708,2041,1950,2057,432,238,49
2022,"2022.04",2,"Stadtkreise",70,"Kreis 7",2,"2 Zimmer",2,"Nicht gemeinnützig",1,"Wohnung",2,"brutto",1798,1742,1854,1446,1349,1506,1739,1680,1796,2132,2020,2200,2651,394,146
2024,"2024.04",2,"Stadtkreise",70,"Kreis 7",2,"2 Zimmer",2,"Nicht gemeinnützig",1,"Wohnung",2,"brutto",2030,1983,2077,1563,1520,1620,1930,1841,2012,2482,2381,2563,2713,467,192
2022,"2022.04",2,"Stadtkreise",70,"Kreis 7",3,"3 Zimmer",2,"Nicht gemeinnützig",1,"Wohnung",2,"brutto",2263,2190,2336,1735,1680,1812,2118,2015,2220,2650,2503,2778,4329,620,160
2024,"2024.04",2,"Stadtkreise",70,"Kreis 7",3,"3 Zimmer",2,"Nicht gemeinnützig",1,"Wohnung",2,"brutto",2473,2417,2528,1877,1777,1941,2343,2250,2408,2955,2849,3046,4286,691,238
2022,"2022.04",2,"Stadtkreise",70,"Kreis 7",4,"4 Zimmer",2,"Nicht gemeinnützig",1,"Wohnung",2,"brutto",2832,2715,2950,2107,1990,2175,2622,2489,2816,3384,3225,3674,3341,374,138
2024,"2024.04",2,"Stadtkreise",70,"Kreis 7",4,"4 Zimmer",2,"Nicht gemeinnützig",1,"Wohnung",2,"brutto",2985,2874,3096,2200,2106,2317,2896,2683,3000,3593,3452,3716,3193,423,212
2022,"2022.04",2,"Stadtkreise",80,"Kreis 8",2,"2 Zimmer",1,"Gemeinnützig",1,"Wohnung",2,"brutto",1189,1162,1216,979,968,995,1059,1058,1108,1386,1268,1427,98,88,0
2024,"2024.04",2,"Stadtkreise",80,"Kreis 8",2,"2 Zimmer",1,"Gemeinnützig",1,"Wohnung",2,"brutto",1355,1333,1377,1055,1050,1058,1238,1209,1266,1553,1526,1628,93,87,0
2022,"2022.04",2,"Stadtkreise",80,"Kreis 8",3,"3 Zimmer",1,"Gemeinnützig",1,"Wohnung",2,"brutto",1289,1277,1301,1004,1001,1010,1216,1216,1226,1416,1408,1427,253,237,0
2024,"2024.04",2,"Stadtkreise",80,"Kreis 8",3,"3 Zimmer",1,"Gemeinnützig",1,"Wohnung",2,"brutto",1390,1379,1400,1101,1089,1106,1264,1263,1268,1532,1525,1537,246,215,24
2022,"2022.04",2,"Stadtkreise",80,"Kreis 8",4,"4 Zimmer",1,"Gemeinnützig",1,"Wohnung",2,"brutto",1515,1503,1526,1214,1194,1230,1490,1490,1502,1641,1640,1647,244,234,0
2024,"2024.04",2,"Stadtkreise",80,"Kreis 8",4,"4 Zimmer",1,"Gemeinnützig",1,"Wohnung",2,"brutto",1642,1634,1651,1339,1339,1344,1589,1578,1593,1782,1782,1799,246,227,14
2022,"2022.04",2,"Stadtkreise",80,"Kreis 8",2,"2 Zimmer",2,"Nicht gemeinnützig",1,"Wohnung",2,"brutto",2068,2004,2132,1560,1473,1670,2056,1977,2129,2516,2354,2593,2213,480,113
2024,"2024.04",2,"Stadtkreise",80,"Kreis 8",2,"2 Zimmer",2,"Nicht gemeinnützig",1,"Wohnung",2,"brutto",2249,2192,2305,1650,1600,1729,2181,2100,2250,2727,2623,2878,2192,530,177
2022,"2022.04",2,"Stadtkreise",80,"Kreis 8",3,"3 Zimmer",2,"Nicht gemeinnützig",1,"Wohnung",2,"brutto",2533,2442,2623,1819,1667,1980,2450,2311,2635,3024,2913,3169,2773,474,128
2024,"2024.04",2,"Stadtkreise",80,"Kreis 8",3,"3 Zimmer",2,"Nicht gemeinnützig",1,"Wohnung",2,"brutto",2811,2732,2890,2000,1900,2129,2660,2518,2816,3439,3274,3650,2751,529,187
2022,"2022.04",2,"Stadtkreise",80,"Kreis 8",4,"4 Zimmer",2,"Nicht gemeinnützig",1,"Wohnung",2,"brutto",3110,2964,3256,2196,1934,2400,2873,2700,3103,3900,3543,4094,1393,166,104
2024,"2024.04",2,"Stadtkreise",80,"Kreis 8",4,"4 Zimmer",2,"Nicht gemeinnützig",1,"Wohnung",2,"brutto",3219,3106,3332,2259,2034,2430,3045,2801,3281,4031,3779,4238,1367,201,148
2022,"2022.04",2,"Stadtkreise",90,"Kreis 9",2,"2 Zimmer",1,"Gemeinnützig",1,"Wohnung",2,"brutto",1094,1068,1121,840,810,866,1037,1021,1080,1301,1248,1340,1657,995,46
2024,"2024.04",2,"Stadtkreise",90,"Kreis 9",2,"2 Zimmer",1,"Gemeinnützig",1,"Wohnung",2,"brutto",1171,1133,1209,920,883,968,1191,1127,1224,1356,1310,1393,1661,1029,38
2022,"2022.04",2,"Stadtkreise",90,"Kreis 9",3,"3 Zimmer",1,"Gemeinnützig",1,"Wohnung",2,"brutto",1161,1141,1181,866,843,924,1132,1109,1165,1361,1324,1400,4058,2219,74
2024,"2024.04",2,"Stadtkreise",90,"Kreis 9",3,"3 Zimmer",1,"Gemeinnützig",1,"Wohnung",2,"brutto",1234,1215,1254,983,962,1016,1191,1165,1250,1450,1386,1515,3917,2288,59
2022,"2022.04",2,"Stadtkreise",90,"Kreis 9",4,"4 Zimmer",1,"Gemeinnützig",1,"Wohnung",2,"brutto",1557,1525,1589,1192,1148,1280,1546,1508,1661,1873,1837,1909,2299,1223,62
2024,"2024.04",2,"Stadtkreise",90,"Kreis 9",4,"4 Zimmer",1,"Gemeinnützig",1,"Wohnung",2,"brutto",1647,1614,1679,1364,1300,1392,1675,1618,1754,1870,1860,1920,2257,1265,57
2022,"2022.04",2,"Stadtkreise",90,"Kreis 9",2,"2 Zimmer",2,"Nicht gemeinnützig",1,"Wohnung",2,"brutto",1736,1682,1791,1328,1297,1412,1600,1534,1695,2031,1830,2200,5315,824,81
2024,"2024.04",2,"Stadtkreise",90,"Kreis 9",2,"2 Zimmer",2,"Nicht gemeinnützig",1,"Wohnung",2,"brutto",1821,1788,1855,1490,1469,1539,1724,1669,1793,2179,2086,2242,5440,1594,128
2022,"2022.04",2,"Stadtkreise",90,"Kreis 9",3,"3 Zimmer",2,"Nicht gemeinnützig",1,"Wohnung",2,"brutto",1925,1865,1984,1500,1421,1588,1851,1738,1900,2329,2110,2480,6624,1012,97
2024,"2024.04",2,"Stadtkreise",90,"Kreis 9",3,"3 Zimmer",2,"Nicht gemeinnützig",1,"Wohnung",2,"brutto",2173,2125,2222,1675,1663,1739,2070,1990,2132,2610,2483,2671,6831,1603,128
2022,"2022.04",2,"Stadtkreise",90,"Kreis 9",4,"4 Zimmer",2,"Nicht gemeinnützig",1,"Wohnung",2,"brutto",2494,2408,2579,2051,1879,2158,2500,2331,2602,2964,2806,3123,3028,591,67
2024,"2024.04",2,"Stadtkreise",90,"Kreis 9",4,"4 Zimmer",2,"Nicht gemeinnützig",1,"Wohnung",2,"brutto",2655,2591,2719,2080,2025,2216,2490,2387,2651,3073,2952,3176,3140,858,95
2022,"2022.04",2,"Stadtkreise",100,"Kreis 10",2,"2 Zimmer",1,"Gemeinnützig",1,"Wohnung",2,"brutto",1030,1003,1057,824,812,844,982,964,1018,1188,1154,1221,1215,804,50
2024,"2024.04",2,"Stadtkreise",100,"Kreis 10",2,"2 Zimmer",1,"Gemeinnützig",1,"Wohnung",2,"brutto",1118,1098,1139,894,880,919,1084,1041,1106,1267,1238,1307,1246,827,44
2022,"2022.04",2,"Stadtkreise",100,"Kreis 10",3,"3 Zimmer",1,"Gemeinnützig",1,"Wohnung",2,"brutto",1219,1186,1251,962,950,991,1126,1103,1188,1404,1360,1452,2128,1435,40
2024,"2024.04",2,"Stadtkreise",100,"Kreis 10",3,"3 Zimmer",1,"Gemeinnützig",1,"Wohnung",2,"brutto",1275,1254,1297,1032,1018,1058,1215,1183,1250,1465,1441,1503,2098,1429,41
2022,"2022.04",2,"Stadtkreise",100,"Kreis 10",4,"4 Zimmer",1,"Gemeinnützig",1,"Wohnung",2,"brutto",1564,1533,1594,1228,1206,1261,1478,1440,1532,1823,1783,1893,1340,872,55
2024,"2024.04",2,"Stadtkreise",100,"Kreis 10",4,"4 Zimmer",1,"Gemeinnützig",1,"Wohnung",2,"brutto",1663,1628,1698,1340,1285,1384,1595,1569,1630,1896,1841,1959,1325,874,49
2022,"2022.04",2,"Stadtkreise",100,"Kreis 10",2,"2 Zimmer",2,"Nicht gemeinnützig",1,"Wohnung",2,"brutto",1729,1623,1835,1455,1381,1530,1604,1567,1652,1980,1760,2150,2798,427,72
2024,"2024.04",2,"Stadtkreise",100,"Kreis 10",2,"2 Zimmer",2,"Nicht gemeinnützig",1,"Wohnung",2,"brutto",1725,1674,1776,1430,1381,1507,1630,1600,1740,1940,1876,1978,2804,455,101
2022,"2022.04",2,"Stadtkreise",100,"Kreis 10",3,"3 Zimmer",2,"Nicht gemeinnützig",1,"Wohnung",2,"brutto",1975,1882,2068,1595,1520,1652,1886,1800,1980,2265,2139,2390,4956,921,86
2024,"2024.04",2,"Stadtkreise",100,"Kreis 10",3,"3 Zimmer",2,"Nicht gemeinnützig",1,"Wohnung",2,"brutto",2056,1994,2118,1664,1600,1772,2008,1945,2091,2326,2213,2474,4893,859,110
2022,"2022.04",2,"Stadtkreise",100,"Kreis 10",4,"4 Zimmer",2,"Nicht gemeinnützig",1,"Wohnung",2,"brutto",2472,2390,2555,1980,1884,2068,2374,2230,2531,2830,2680,3011,2652,501,70
2024,"2024.04",2,"Stadtkreise",100,"Kreis 10",4,"4 Zimmer",2,"Nicht gemeinnützig",1,"Wohnung",2,"brutto",2500,2423,2577,1935,1867,2057,2382,2236,2509,2957,2743,3214,2627,484,119
2022,"2022.04",2,"Stadtkreise",110,"Kreis 11",2,"2 Zimmer",1,"Gemeinnützig",1,"Wohnung",2,"brutto",1071,1055,1088,926,918,940,1038,1031,1059,1165,1147,1178,1540,1010,80
2024,"2024.04",2,"Stadtkreise",110,"Kreis 11",2,"2 Zimmer",1,"Gemeinnützig",1,"Wohnung",2,"brutto",1159,1131,1186,1001,989,1024,1125,1107,1144,1260,1239,1288,1662,1084,61
2022,"2022.04",2,"Stadtkreise",110,"Kreis 11",3,"3 Zimmer",1,"Gemeinnützig",1,"Wohnung",2,"brutto",1285,1262,1308,1054,1045,1068,1257,1223,1283,1400,1395,1421,3159,2223,90
2024,"2024.04",2,"Stadtkreise",110,"Kreis 11",3,"3 Zimmer",1,"Gemeinnützig",1,"Wohnung",2,"brutto",1388,1371,1405,1163,1153,1174,1375,1360,1388,1539,1522,1560,3235,2322,92
2022,"2022.04",2,"Stadtkreise",110,"Kreis 11",4,"4 Zimmer",1,"Gemeinnützig",1,"Wohnung",2,"brutto",1506,1486,1525,1250,1233,1269,1476,1441,1515,1693,1679,1706,2768,1853,103
2024,"2024.04",2,"Stadtkreise",110,"Kreis 11",4,"4 Zimmer",1,"Gemeinnützig",1,"Wohnung",2,"brutto",1641,1623,1660,1393,1370,1415,1627,1612,1659,1844,1819,1869,2766,1886,94
2022,"2022.04",2,"Stadtkreise",110,"Kreis 11",2,"2 Zimmer",2,"Nicht gemeinnützig",1,"Wohnung",2,"brutto",1623,1580,1666,1325,1296,1376,1525,1495,1580,1849,1753,1897,5662,1184,123
2024,"2024.04",2,"Stadtkreise",110,"Kreis 11",2,"2 Zimmer",2,"Nicht gemeinnützig",1,"Wohnung",2,"brutto",1709,1672,1745,1396,1362,1435,1664,1621,1730,1984,1910,2030,5698,1195,179
2022,"2022.04",2,"Stadtkreise",110,"Kreis 11",3,"3 Zimmer",2,"Nicht gemeinnützig",1,"Wohnung",2,"brutto",1894,1849,1938,1544,1480,1620,1801,1777,1850,2160,2127,2243,8790,1802,139
2024,"2024.04",2,"Stadtkreise",110,"Kreis 11",3,"3 Zimmer",2,"Nicht gemeinnützig",1,"Wohnung",2,"brutto",1990,1946,2034,1621,1547,1700,1950,1904,2000,2339,2286,2391,8502,1739,202
2022,"2022.04",2,"Stadtkreise",110,"Kreis 11",4,"4 Zimmer",2,"Nicht gemeinnützig",1,"Wohnung",2,"brutto",2182,2116,2247,1808,1719,1863,2110,2023,2169,2547,2452,2611,4742,1214,124
2024,"2024.04",2,"Stadtkreise",110,"Kreis 11",4,"4 Zimmer",2,"Nicht gemeinnützig",1,"Wohnung",2,"brutto",2427,2370,2483,1903,1852,2042,2408,2345,2515,2826,2750,2870,4555,1075,154
2022,"2022.04",2,"Stadtkreise",120,"Kreis 12",2,"2 Zimmer",1,"Gemeinnützig",1,"Wohnung",2,"brutto",1000,982,1017,783,776,791,955,928,979,1191,1160,1229,1355,961,54
2024,"2024.04",2,"Stadtkreise",120,"Kreis 12",2,"2 Zimmer",1,"Gemeinnützig",1,"Wohnung",2,"brutto",1038,1028,1048,848,832,871,1010,996,1033,1210,1183,1248,1396,954,49
2022,"2022.04",2,"Stadtkreise",120,"Kreis 12",3,"3 Zimmer",1,"Gemeinnützig",1,"Wohnung",2,"brutto",1149,1137,1160,845,828,858,1047,1022,1064,1426,1405,1474,2932,2026,88
2024,"2024.04",2,"Stadtkreise",120,"Kreis 12",3,"3 Zimmer",1,"Gemeinnützig",1,"Wohnung",2,"brutto",1228,1216,1240,906,906,913,1152,1130,1178,1525,1502,1550,3035,2010,88
2022,"2022.04",2,"Stadtkreise",120,"Kreis 12",4,"4 Zimmer",1,"Gemeinnützig",1,"Wohnung",2,"brutto",1471,1449,1492,1086,1054,1164,1415,1395,1474,1762,1715,1843,2104,1306,73
2024,"2024.04",2,"Stadtkreise",120,"Kreis 12",4,"4 Zimmer",1,"Gemeinnützig",1,"Wohnung",2,"brutto",1570,1540,1600,1229,1160,1313,1562,1502,1627,1856,1806,1893,2158,1254,72
2022,"2022.04",2,"Stadtkreise",120,"Kreis 12",2,"2 Zimmer",2,"Nicht gemeinnützig",1,"Wohnung",2,"brutto",1471,1407,1535,1260,1202,1360,1490,1440,1562,1680,1650,1790,1713,426,65
2024,"2024.04",2,"Stadtkreise",120,"Kreis 12",2,"2 Zimmer",2,"Nicht gemeinnützig",1,"Wohnung",2,"brutto",1517,1464,1570,1342,1249,1410,1490,1490,1540,1716,1660,1762,1626,387,107
2022,"2022.04",2,"Stadtkreise",120,"Kreis 12",3,"3 Zimmer",2,"Nicht gemeinnützig",1,"Wohnung",2,"brutto",1612,1568,1656,1415,1355,1521,1620,1575,1650,1755,1732,1820,2933,582,94
2024,"2024.04",2,"Stadtkreise",120,"Kreis 12",3,"3 Zimmer",2,"Nicht gemeinnützig",1,"Wohnung",2,"brutto",1753,1713,1793,1469,1392,1536,1716,1677,1750,1950,1900,2052,2752,511,132
2022,"2022.04",2,"Stadtkreise",120,"Kreis 12",4,"4 Zimmer",2,"Nicht gemeinnützig",1,"Wohnung",2,"brutto",1955,1892,2018,1554,1455,1664,1852,1790,1941,2328,2080,2408,1107,274,72
2024,"2024.04",2,"Stadtkreise",120,"Kreis 12",4,"4 Zimmer",2,"Nicht gemeinnützig",1,"Wohnung",2,"brutto",2137,2088,2187,1732,1676,1785,2000,1930,2145,2493,2439,2652,1000,260,110
2022,"2022.04",2,"Stadtkreise",0,"Ganze Stadt",2,"2 Zimmer",1,"Gemeinnützig",2,"Quadratmeter",2,"brutto",18.43,18.28,18.58,15.24,15.09,15.34,17.58,17.39,17.72,20.62,20.37,20.84,11106,7184,492
2024,"2024.04",2,"Stadtkreise",0,"Ganze Stadt",2,"2 Zimmer",1,"Gemeinnützig",2,"Quadratmeter",2,"brutto",19.83,19.68,19.99,16.54,16.37,16.68,19.02,18.85,19.19,22.34,22,22.6,11437,7442,463
2022,"2022.04",2,"Stadtkreise",0,"Ganze Stadt",3,"3 Zimmer",1,"Gemeinnützig",2,"Quadratmeter",2,"brutto",16.33,16.21,16.45,13.76,13.67,13.86,15.61,15.51,15.7,18.17,17.97,18.34,22955,14636,597
2024,"2024.04",2,"Stadtkreise",0,"Ganze Stadt",3,"3 Zimmer",1,"Gemeinnützig",2,"Quadratmeter",2,"brutto",17.53,17.44,17.62,15.08,14.98,15.19,16.91,16.81,16.98,19.4,19.22,19.6,23071,15117,620
2022,"2022.04",2,"Stadtkreise",0,"Ganze Stadt",4,"4 Zimmer",1,"Gemeinnützig",2,"Quadratmeter",2,"brutto",15.87,15.77,15.96,13.75,13.67,13.86,15.5,15.41,15.58,17.59,17.38,17.72,14925,9288,606
2024,"2024.04",2,"Stadtkreise",0,"Ganze Stadt",4,"4 Zimmer",1,"Gemeinnützig",2,"Quadratmeter",2,"brutto",17.09,16.98,17.2,14.79,14.72,14.87,16.58,16.44,16.7,18.84,18.71,19.05,14957,9495,581
2022,"2022.04",2,"Stadtkreise",0,"Ganze Stadt",9,"2 , 3  und 4 Zimmer",1,"Gemeinnützig",2,"Quadratmeter",2,"brutto",16.67,16.59,16.74,14.03,13.98,14.08,15.9,15.85,15.97,18.59,18.49,18.69,48986,31108,1695
2024,"2024.04",2,"Stadtkreise",0,"Ganze Stadt",9,"2 , 3  und 4 Zimmer",1,"Gemeinnützig",2,"Quadratmeter",2,"brutto",17.93,17.86,18,15.24,15.17,15.3,17.24,17.15,17.33,19.9,19.82,20.03,49465,32054,1664
2022,"2022.04",2,"Stadtkreise",0,"Ganze Stadt",2,"2 Zimmer",2,"Nicht gemeinnützig",2,"Quadratmeter",2,"brutto",30.6,30.28,30.92,24.52,24.17,25.09,29.46,29.1,29.77,35.38,34.72,35.93,35586,6361,1250
2024,"2024.04",2,"Stadtkreise",0,"Ganze Stadt",2,"2 Zimmer",2,"Nicht gemeinnützig",2,"Quadratmeter",2,"brutto",32.71,32.47,32.95,26.27,25.85,26.61,31.6,31.35,31.88,37.82,37.38,38.22,35728,7659,1825
2022,"2022.04",2,"Stadtkreise",0,"Ganze Stadt",3,"3 Zimmer",2,"Nicht gemeinnützig",2,"Quadratmeter",2,"brutto",26.64,26.35,26.94,21.75,21.33,22.02,25.61,25.28,25.95,30.78,30.29,31.25,51225,8720,1311
2024,"2024.04",2,"Stadtkreise",0,"Ganze Stadt",3,"3 Zimmer",2,"Nicht gemeinnützig",2,"Quadratmeter",2,"brutto",28.59,28.36,28.83,23,22.7,23.28,27.92,27.58,28.2,33.04,32.6,33.52,50539,9673,1881
2022,"2022.04",2,"Stadtkreise",0,"Ganze Stadt",4,"4 Zimmer",2,"Nicht gemeinnützig",2,"Quadratmeter",2,"brutto",25.14,24.84,25.44,20,19.8,20.44,24.08,23.66,24.41,29.29,28.92,29.74,25972,4563,1107
2024,"2024.04",2,"Stadtkreise",0,"Ganze Stadt",4,"4 Zimmer",2,"Nicht gemeinnützig",2,"Quadratmeter",2,"brutto",26.61,26.34,26.88,21.35,21.07,21.69,25.46,25.14,25.74,31.19,30.61,31.57,25502,4969,1564
2022,"2022.04",2,"Stadtkreise",0,"Ganze Stadt",9,"2 , 3  und 4 Zimmer",2,"Nicht gemeinnützig",2,"Quadratmeter",2,"brutto",27.55,27.37,27.73,21.99,21.82,22.21,26.42,26.22,26.63,31.87,31.58,32.13,112783,19644,3668
2024,"2024.04",2,"Stadtkreise",0,"Ganze Stadt",9,"2 , 3  und 4 Zimmer",2,"Nicht gemeinnützig",2,"Quadratmeter",2,"brutto",29.46,29.31,29.6,23.29,23.13,23.54,28.4,28.24,28.6,34.31,34.08,34.56,111769,22301,5270
2022,"2022.04",2,"Stadtkreise",10,"Kreis 1",2,"2 Zimmer",1,"Gemeinnützig",2,"Quadratmeter",2,"brutto",20.08,20,20.16,15.4,15.26,15.52,19.02,18.79,19.09,23.65,23.56,23.66,302,298,0
2024,"2024.04",2,"Stadtkreise",10,"Kreis 1",2,"2 Zimmer",1,"Gemeinnützig",2,"Quadratmeter",2,"brutto",21.35,21.2,21.49,16.68,16.38,16.75,20.39,20.35,20.47,25.2,25.06,25.25,307,293,9
2022,"2022.04",2,"Stadtkreise",10,"Kreis 1",3,"3 Zimmer",1,"Gemeinnützig",2,"Quadratmeter",2,"brutto",18.57,18.47,18.66,14.47,14.29,14.55,17.7,17.62,17.75,21.85,21.67,21.89,201,198,0
2024,"2024.04",2,"Stadtkreise",10,"Kreis 1",3,"3 Zimmer",1,"Gemeinnützig",2,"Quadratmeter",2,"brutto",21.25,21.19,21.3,15.89,15.82,15.93,19.98,19.97,19.99,24.89,24.54,25.06,208,196,11
2022,"2022.04",2,"Stadtkreise",10,"Kreis 1",4,"4 Zimmer",1,"Gemeinnützig",2,"Quadratmeter",2,"brutto",17.06,16.91,17.22,12.1,12.07,12.13,16.27,16.11,16.35,20.83,20.59,20.9,136,133,0
2024,"2024.04",2,"Stadtkreise",10,"Kreis 1",4,"4 Zimmer",1,"Gemeinnützig",2,"Quadratmeter",2,"brutto",19.14,18.95,19.33,13.62,13.57,13.71,18.37,17.88,18.44,22.56,22.44,22.7,134,131,0
2022,"2022.04",2,"Stadtkreise",10,"Kreis 1",9,"2 , 3  und 4 Zimmer",1,"Gemeinnützig",2,"Quadratmeter",2,"brutto",18.97,18.91,19.03,14.44,14.4,14.49,17.97,17.87,18.07,22.41,22.37,22.45,639,629,0
2024,"2024.04",2,"Stadtkreise",10,"Kreis 1",9,"2 , 3  und 4 Zimmer",1,"Gemeinnützig",2,"Quadratmeter",2,"brutto",20.87,20.79,20.95,15.84,15.78,15.93,19.9,19.8,19.96,24.37,24.32,24.45,649,620,20
2022,"2022.04",2,"Stadtkreise",10,"Kreis 1",2,"2 Zimmer",2,"Nicht gemeinnützig",2,"Quadratmeter",2,"brutto",39.46,37.65,41.26,32.97,29.22,36.79,39.94,38.36,42.17,46.29,43.27,48.58,774,87,106
2024,"2024.04",2,"Stadtkreise",10,"Kreis 1",2,"2 Zimmer",2,"Nicht gemeinnützig",2,"Quadratmeter",2,"brutto",42.86,41.32,44.41,33.16,31.5,35.43,41.71,39.89,43.85,50.9,48.25,55,743,102,148
2022,"2022.04",2,"Stadtkreise",10,"Kreis 1",3,"3 Zimmer",2,"Nicht gemeinnützig",2,"Quadratmeter",2,"brutto",33.62,32.11,35.13,26.31,23.21,28.35,33.25,31.57,35.72,40.57,39.14,42.39,635,74,111
2024,"2024.04",2,"Stadtkreise",10,"Kreis 1",3,"3 Zimmer",2,"Nicht gemeinnützig",2,"Quadratmeter",2,"brutto",37.19,35.91,38.47,28.37,26.76,29.81,36.42,34.54,37.96,45.79,43.88,47.69,621,79,171
2022,"2022.04",2,"Stadtkreise",10,"Kreis 1",4,"4 Zimmer",2,"Nicht gemeinnützig",2,"Quadratmeter",2,"brutto",32.38,30.6,34.16,23.28,20.41,25.96,32.04,29.11,33.75,41.49,36.43,42.68,323,27,80
2024,"2024.04",2,"Stadtkreise",10,"Kreis 1",4,"4 Zimmer",2,"Nicht gemeinnützig",2,"Quadratmeter",2,"brutto",34.62,32.83,36.4,26.02,22.54,29.38,34.99,33.32,36.75,43.19,40.07,44.84,316,31,101
2022,"2022.04",2,"Stadtkreise",10,"Kreis 1",9,"2 , 3  und 4 Zimmer",2,"Nicht gemeinnützig",2,"Quadratmeter",2,"brutto",36,34.97,37.03,27.84,26.17,29.54,36.67,34.9,38.08,43.08,42.02,45.55,1732,188,297
2024,"2024.04",2,"Stadtkreise",10,"Kreis 1",9,"2 , 3  und 4 Zimmer",2,"Nicht gemeinnützig",2,"Quadratmeter",2,"brutto",39.22,38.32,40.11,29.99,28.93,31.25,38.59,37.67,39.82,47.32,45.92,48.74,1680,212,420
2022,"2022.04",2,"Stadtkreise",20,"Kreis 2",2,"2 Zimmer",1,"Gemeinnützig",2,"Quadratmeter",2,"brutto",18.34,17.81,18.86,14.81,14.5,15.49,17.72,16.81,18.47,21.14,20.37,22.56,971,535,52
2024,"2024.04",2,"Stadtkreise",20,"Kreis 2",2,"2 Zimmer",1,"Gemeinnützig",2,"Quadratmeter",2,"brutto",20.56,20.18,20.95,17.31,16.84,17.95,19.77,19.22,20.56,23.92,23.16,24.42,997,583,53
2022,"2022.04",2,"Stadtkreise",20,"Kreis 2",3,"3 Zimmer",1,"Gemeinnützig",2,"Quadratmeter",2,"brutto",16.86,16.16,17.55,14.11,13.8,14.46,16.16,15.47,16.89,18.62,17.83,19.15,1736,874,61
2024,"2024.04",2,"Stadtkreise",20,"Kreis 2",3,"3 Zimmer",1,"Gemeinnützig",2,"Quadratmeter",2,"brutto",18.43,18.04,18.81,15.84,15.5,16.3,17.59,17.27,18.06,20.64,19.85,21.08,1745,920,71
2022,"2022.04",2,"Stadtkreise",20,"Kreis 2",4,"4 Zimmer",1,"Gemeinnützig",2,"Quadratmeter",2,"brutto",16.41,16.15,16.67,14.36,14.04,14.74,16.27,15.86,16.7,17.84,17.46,18.29,1435,768,51
2024,"2024.04",2,"Stadtkreise",20,"Kreis 2",4,"4 Zimmer",1,"Gemeinnützig",2,"Quadratmeter",2,"brutto",18.02,17.63,18.41,15.57,14.91,16.02,17.92,17.11,18.32,20.51,20.03,21.23,1413,818,63
2022,"2022.04",2,"Stadtkreise",20,"Kreis 2",9,"2 , 3  und 4 Zimmer",1,"Gemeinnützig",2,"Quadratmeter",2,"brutto",17.05,16.71,17.39,14.28,14.16,14.52,16.45,16.13,16.89,18.68,18.49,19.15,4142,2177,164
2024,"2024.04",2,"Stadtkreise",20,"Kreis 2",9,"2 , 3  und 4 Zimmer",1,"Gemeinnützig",2,"Quadratmeter",2,"brutto",18.8,18.57,19.04,16.02,15.83,16.32,18.21,17.89,18.44,21.29,20.94,21.71,4155,2321,187
2022,"2022.04",2,"Stadtkreise",20,"Kreis 2",2,"2 Zimmer",2,"Nicht gemeinnützig",2,"Quadratmeter",2,"brutto",31.18,30.28,32.08,24.45,23.5,26.25,29.65,28.42,30.71,36.28,33.3,38.97,2749,460,104
2024,"2024.04",2,"Stadtkreise",20,"Kreis 2",2,"2 Zimmer",2,"Nicht gemeinnützig",2,"Quadratmeter",2,"brutto",34.17,33.18,35.17,27.17,26.66,28.38,32.1,31.17,33.16,41.82,38.6,43.03,2859,509,155
2022,"2022.04",2,"Stadtkreise",20,"Kreis 2",3,"3 Zimmer",2,"Nicht gemeinnützig",2,"Quadratmeter",2,"brutto",28.69,27.52,29.86,23.46,21.72,24.7,28.39,27.23,28.75,32.74,31.35,34.34,3833,821,104
2024,"2024.04",2,"Stadtkreise",20,"Kreis 2",3,"3 Zimmer",2,"Nicht gemeinnützig",2,"Quadratmeter",2,"brutto",29.94,29.11,30.77,24.11,22.99,25.17,29.39,28.83,30.46,35.25,33.41,36.63,3917,880,159
2022,"2022.04",2,"Stadtkreise",20,"Kreis 2",4,"4 Zimmer",2,"Nicht gemeinnützig",2,"Quadratmeter",2,"brutto",27.48,26.39,28.58,22.2,20.71,22.65,25.95,25.13,27.8,33.06,31.07,34.51,2285,462,115
2024,"2024.04",2,"Stadtkreise",20,"Kreis 2",4,"4 Zimmer",2,"Nicht gemeinnützig",2,"Quadratmeter",2,"brutto",28.55,27.66,29.44,22.73,22.13,23.88,27.52,26.77,28.39,33.62,31.66,35.13,2337,514,169
2022,"2022.04",2,"Stadtkreise",20,"Kreis 2",9,"2 , 3  und 4 Zimmer",2,"Nicht gemeinnützig",2,"Quadratmeter",2,"brutto",29.15,28.51,29.79,22.98,22.51,23.79,28.39,27.54,28.67,33.39,32.53,34.55,8867,1743,323
2024,"2024.04",2,"Stadtkreise",20,"Kreis 2",9,"2 , 3  und 4 Zimmer",2,"Nicht gemeinnützig",2,"Quadratmeter",2,"brutto",30.91,30.38,31.44,24.62,24.2,25.46,29.7,29.08,30.4,36.28,35.25,37.12,9113,1903,483
2022,"2022.04",2,"Stadtkreise",30,"Kreis 3",2,"2 Zimmer",1,"Gemeinnützig",2,"Quadratmeter",2,"brutto",17.02,16.68,17.36,14.39,13.99,14.83,16.94,16.43,17.38,19.28,18.63,19.4,1432,853,58
2024,"2024.04",2,"Stadtkreise",30,"Kreis 3",2,"2 Zimmer",1,"Gemeinnützig",2,"Quadratmeter",2,"brutto",18.52,18,19.03,15.37,14.79,15.99,17.86,17.33,18.38,20.45,20.33,21.05,1442,856,67
2022,"2022.04",2,"Stadtkreise",30,"Kreis 3",3,"3 Zimmer",1,"Gemeinnützig",2,"Quadratmeter",2,"brutto",15.39,15.01,15.77,12.98,12.88,13.15,14.59,14.25,14.99,17.1,16.59,17.58,3050,1846,64
2024,"2024.04",2,"Stadtkreise",30,"Kreis 3",3,"3 Zimmer",1,"Gemeinnützig",2,"Quadratmeter",2,"brutto",16.36,16.04,16.67,14.13,13.59,14.51,15.94,15.55,16.33,18.19,17.73,19.1,2990,1876,63
2022,"2022.04",2,"Stadtkreise",30,"Kreis 3",4,"4 Zimmer",1,"Gemeinnützig",2,"Quadratmeter",2,"brutto",15.68,15.44,15.91,13.15,12.93,13.53,15.62,15.48,15.93,17.43,17.29,18.25,1886,1176,78
2024,"2024.04",2,"Stadtkreise",30,"Kreis 3",4,"4 Zimmer",1,"Gemeinnützig",2,"Quadratmeter",2,"brutto",16.64,16.18,17.1,14.16,13.83,14.53,16.03,15.77,16.38,18.6,17.94,19.06,1871,1210,82
2022,"2022.04",2,"Stadtkreise",30,"Kreis 3",9,"2 , 3  und 4 Zimmer",1,"Gemeinnützig",2,"Quadratmeter",2,"brutto",15.84,15.63,16.06,13.15,13.05,13.41,15.29,15.13,15.61,17.87,17.47,18.26,6368,3875,200
2024,"2024.04",2,"Stadtkreise",30,"Kreis 3",9,"2 , 3  und 4 Zimmer",1,"Gemeinnützig",2,"Quadratmeter",2,"brutto",16.93,16.68,17.19,14.39,14.15,14.6,16.33,16.16,16.58,19.07,18.71,19.57,6303,3942,212
2022,"2022.04",2,"Stadtkreise",30,"Kreis 3",2,"2 Zimmer",2,"Nicht gemeinnützig",2,"Quadratmeter",2,"brutto",29.93,29.13,30.72,24.31,23.99,25.54,29.45,28.6,30.3,34.56,33.33,35.75,4921,858,124
2024,"2024.04",2,"Stadtkreise",30,"Kreis 3",2,"2 Zimmer",2,"Nicht gemeinnützig",2,"Quadratmeter",2,"brutto",33.22,32.4,34.04,26.8,25.56,28.1,32.4,31.61,33.7,37.83,36.6,38.9,4912,984,189
2022,"2022.04",2,"Stadtkreise",30,"Kreis 3",3,"3 Zimmer",2,"Nicht gemeinnützig",2,"Quadratmeter",2,"brutto",26.56,25.47,27.65,21.74,21.18,22.4,25.36,24.21,26.46,30.54,29.48,31.88,6901,922,114
2024,"2024.04",2,"Stadtkreise",30,"Kreis 3",3,"3 Zimmer",2,"Nicht gemeinnützig",2,"Quadratmeter",2,"brutto",28.24,27.4,29.09,22.89,22.2,23.43,26.99,26,28.53,32.77,30.99,34,6785,1083,184
2022,"2022.04",2,"Stadtkreise",30,"Kreis 3",4,"4 Zimmer",2,"Nicht gemeinnützig",2,"Quadratmeter",2,"brutto",25.1,24.04,26.16,21,20.26,21.28,23.36,22.24,24.65,29.17,26.05,30.34,2300,269,107
2024,"2024.04",2,"Stadtkreise",30,"Kreis 3",4,"4 Zimmer",2,"Nicht gemeinnützig",2,"Quadratmeter",2,"brutto",25.58,24.81,26.35,20.63,19.7,21.95,25.26,24.3,25.96,30.56,28.7,31.52,2296,314,143
2022,"2022.04",2,"Stadtkreise",30,"Kreis 3",9,"2 , 3  und 4 Zimmer",2,"Nicht gemeinnützig",2,"Quadratmeter",2,"brutto",27.5,26.87,28.12,22,21.64,22.43,26.04,25.39,26.99,31.78,30.67,33.33,14122,2049,345
2024,"2024.04",2,"Stadtkreise",30,"Kreis 3",9,"2 , 3  und 4 Zimmer",2,"Nicht gemeinnützig",2,"Quadratmeter",2,"brutto",29.55,29.04,30.07,23.24,22.82,24.08,28.7,28.1,29.33,34.46,33.77,35.73,13993,2381,516
2022,"2022.04",2,"Stadtkreise",40,"Kreis 4",2,"2 Zimmer",1,"Gemeinnützig",2,"Quadratmeter",2,"brutto",19.15,18.73,19.57,15.46,15.32,15.78,16.85,16.59,17.12,21.88,21.13,22.7,1218,858,55
2024,"2024.04",2,"Stadtkreise",40,"Kreis 4",2,"2 Zimmer",1,"Gemeinnützig",2,"Quadratmeter",2,"brutto",20.82,20.36,21.28,16.66,16.43,16.98,18.68,18.46,19.08,23.36,22.99,23.91,1213,898,47
2022,"2022.04",2,"Stadtkreise",40,"Kreis 4",3,"3 Zimmer",1,"Gemeinnützig",2,"Quadratmeter",2,"brutto",16.43,15.95,16.91,13.39,13.24,13.54,14.76,14.51,15,18.26,17.55,19,2066,1513,50
2024,"2024.04",2,"Stadtkreise",40,"Kreis 4",3,"3 Zimmer",1,"Gemeinnützig",2,"Quadratmeter",2,"brutto",17.75,17.42,18.08,15.29,15.1,15.45,16.69,16.59,16.85,18.89,18.2,19.13,2116,1647,49
2022,"2022.04",2,"Stadtkreise",40,"Kreis 4",4,"4 Zimmer",1,"Gemeinnützig",2,"Quadratmeter",2,"brutto",15.91,15.54,16.29,13.03,12.73,13.34,15.14,14.78,15.52,17.3,16.96,17.63,713,479,61
2024,"2024.04",2,"Stadtkreise",40,"Kreis 4",4,"4 Zimmer",1,"Gemeinnützig",2,"Quadratmeter",2,"brutto",18.03,17.59,18.47,14.71,14.56,14.89,16.46,16.15,16.7,19.53,18.92,20.21,760,553,40
2022,"2022.04",2,"Stadtkreise",40,"Kreis 4",9,"2 , 3  und 4 Zimmer",1,"Gemeinnützig",2,"Quadratmeter",2,"brutto",17.17,16.88,17.46,13.74,13.66,13.84,15.66,15.51,15.81,18.91,18.5,19.28,3997,2850,166
2024,"2024.04",2,"Stadtkreise",40,"Kreis 4",9,"2 , 3  und 4 Zimmer",1,"Gemeinnützig",2,"Quadratmeter",2,"brutto",18.71,18.48,18.95,15.54,15.41,15.69,17.11,16.98,17.27,20.35,19.93,20.78,4089,3098,136
2022,"2022.04",2,"Stadtkreise",40,"Kreis 4",2,"2 Zimmer",2,"Nicht gemeinnützig",2,"Quadratmeter",2,"brutto",32.51,31.73,33.3,25.2,23.73,27.15,32.83,31.39,33.85,38.58,37.76,40.08,2857,509,162
2024,"2024.04",2,"Stadtkreise",40,"Kreis 4",2,"2 Zimmer",2,"Nicht gemeinnützig",2,"Quadratmeter",2,"brutto",34.58,33.82,35.33,27.14,25.91,28.1,33.91,32.95,34.88,40.37,39.37,41.22,2880,657,233
2022,"2022.04",2,"Stadtkreise",40,"Kreis 4",3,"3 Zimmer",2,"Nicht gemeinnützig",2,"Quadratmeter",2,"brutto",27.77,26.88,28.66,22.15,21.22,23.5,27.2,25.9,28.44,33.09,31.3,35.56,4073,633,122
2024,"2024.04",2,"Stadtkreise",40,"Kreis 4",3,"3 Zimmer",2,"Nicht gemeinnützig",2,"Quadratmeter",2,"brutto",30.28,29.57,30.99,24.23,23.07,25.15,29.95,29.19,30.91,35.74,34.62,37,4013,825,164
2022,"2022.04",2,"Stadtkreise",40,"Kreis 4",4,"4 Zimmer",2,"Nicht gemeinnützig",2,"Quadratmeter",2,"brutto",25.24,24.42,26.07,20.01,19.36,21.32,24.38,23.31,26.19,29.27,28.85,31.28,1483,185,86
2024,"2024.04",2,"Stadtkreise",40,"Kreis 4",4,"4 Zimmer",2,"Nicht gemeinnützig",2,"Quadratmeter",2,"brutto",28.79,27.77,29.8,22.81,21.92,23.68,28.97,27.04,30,34.42,32.47,36.41,1467,264,122
2022,"2022.04",2,"Stadtkreise",40,"Kreis 4",9,"2 , 3  und 4 Zimmer",2,"Nicht gemeinnützig",2,"Quadratmeter",2,"brutto",28.94,28.41,29.46,22.5,21.6,23.21,28.5,27.68,29.2,35,33.98,36.22,8413,1327,370
2024,"2024.04",2,"Stadtkreise",40,"Kreis 4",9,"2 , 3  und 4 Zimmer",2,"Nicht gemeinnützig",2,"Quadratmeter",2,"brutto",31.5,31.04,31.97,24.7,24.12,25.6,30.92,30.27,31.76,37.2,36.49,37.99,8360,1746,519
2022,"2022.04",2,"Stadtkreise",50,"Kreis 5",2,"2 Zimmer",1,"Gemeinnützig",2,"Quadratmeter",2,"brutto",17.08,16.68,17.48,13.87,13.48,14.41,16.23,15.87,16.42,19.46,19.07,20.54,340,263,18
2024,"2024.04",2,"Stadtkreise",50,"Kreis 5",2,"2 Zimmer",1,"Gemeinnützig",2,"Quadratmeter",2,"brutto",18.41,17.57,19.24,14.85,14.42,15.21,17.45,16.8,18.16,20.41,19.92,20.94,331,255,20
2022,"2022.04",2,"Stadtkreise",50,"Kreis 5",3,"3 Zimmer",1,"Gemeinnützig",2,"Quadratmeter",2,"brutto",15.63,15.32,15.95,13.34,13.06,13.86,15.03,14.89,15.53,17.08,16.55,18.18,917,631,20
2024,"2024.04",2,"Stadtkreise",50,"Kreis 5",3,"3 Zimmer",1,"Gemeinnützig",2,"Quadratmeter",2,"brutto",17.51,17.29,17.73,14.77,14.61,14.91,17.56,16.83,17.66,20.31,19.07,20.6,924,645,20
2022,"2022.04",2,"Stadtkreise",50,"Kreis 5",4,"4 Zimmer",1,"Gemeinnützig",2,"Quadratmeter",2,"brutto",15.79,15.51,16.08,12.93,12.46,13.25,15.35,15.14,16.07,18.31,17.73,18.94,423,296,22
2024,"2024.04",2,"Stadtkreise",50,"Kreis 5",4,"4 Zimmer",1,"Gemeinnützig",2,"Quadratmeter",2,"brutto",17.36,17.17,17.54,14.57,14.37,14.76,17.72,17.68,18.01,19.86,19.54,20.47,407,279,19
2022,"2022.04",2,"Stadtkreise",50,"Kreis 5",9,"2 , 3  und 4 Zimmer",1,"Gemeinnützig",2,"Quadratmeter",2,"brutto",15.97,15.76,16.17,13.3,13.08,13.53,15.4,15.12,15.58,18.18,17.89,18.89,1680,1190,60
2024,"2024.04",2,"Stadtkreise",50,"Kreis 5",9,"2 , 3  und 4 Zimmer",1,"Gemeinnützig",2,"Quadratmeter",2,"brutto",17.65,17.44,17.87,14.75,14.61,14.87,17.64,17.24,17.72,20.22,19.58,20.59,1662,1179,59
2022,"2022.04",2,"Stadtkreise",50,"Kreis 5",2,"2 Zimmer",2,"Nicht gemeinnützig",2,"Quadratmeter",2,"brutto",32.64,31.52,33.76,26.93,25.66,28.56,32.36,30.35,33.06,37.66,35.42,39.16,1355,363,78
2024,"2024.04",2,"Stadtkreise",50,"Kreis 5",2,"2 Zimmer",2,"Nicht gemeinnützig",2,"Quadratmeter",2,"brutto",34.94,33.75,36.14,27.63,26.79,29.2,34.55,32.61,35.98,40.32,38.37,41.43,1317,344,96
2022,"2022.04",2,"Stadtkreise",50,"Kreis 5",3,"3 Zimmer",2,"Nicht gemeinnützig",2,"Quadratmeter",2,"brutto",28.08,26.74,29.41,23.44,21.87,25.23,28.25,25.96,29.11,31.87,31.39,35.3,1904,416,67
2024,"2024.04",2,"Stadtkreise",50,"Kreis 5",3,"3 Zimmer",2,"Nicht gemeinnützig",2,"Quadratmeter",2,"brutto",30.54,29.28,31.79,25.59,23.92,26.66,30.12,29.13,32,35.4,34,36.92,1819,408,85
2022,"2022.04",2,"Stadtkreise",50,"Kreis 5",4,"4 Zimmer",2,"Nicht gemeinnützig",2,"Quadratmeter",2,"brutto",24.76,23.51,26.02,19.47,17.59,20.58,22.82,21.73,26.39,30.38,28.12,32.76,965,189,47
2024,"2024.04",2,"Stadtkreise",50,"Kreis 5",4,"4 Zimmer",2,"Nicht gemeinnützig",2,"Quadratmeter",2,"brutto",26.14,24.85,27.44,21.4,19.72,23.01,25.69,23.91,28.7,31.09,29.53,32.54,914,221,53
2022,"2022.04",2,"Stadtkreise",50,"Kreis 5",9,"2 , 3  und 4 Zimmer",2,"Nicht gemeinnützig",2,"Quadratmeter",2,"brutto",28.79,28.03,29.54,23.11,22.27,24.47,28.33,27.68,29.25,33.25,32.78,35,4224,968,192
2024,"2024.04",2,"Stadtkreise",50,"Kreis 5",9,"2 , 3  und 4 Zimmer",2,"Nicht gemeinnützig",2,"Quadratmeter",2,"brutto",30.98,30.23,31.72,25.17,23.91,26.31,30.47,29.51,31.56,36.35,35.41,37.26,4050,973,234
2022,"2022.04",2,"Stadtkreise",60,"Kreis 6",2,"2 Zimmer",1,"Gemeinnützig",2,"Quadratmeter",2,"brutto",19.53,18.3,20.76,16.27,15.37,16.53,17.95,16.68,19.44,20.66,20.17,22.3,676,329,31
2024,"2024.04",2,"Stadtkreise",60,"Kreis 6",2,"2 Zimmer",1,"Gemeinnützig",2,"Quadratmeter",2,"brutto",19.94,19.27,20.6,17.28,16.94,17.62,18.88,18.04,19.61,23.14,20.85,23.85,731,380,39
2022,"2022.04",2,"Stadtkreise",60,"Kreis 6",3,"3 Zimmer",1,"Gemeinnützig",2,"Quadratmeter",2,"brutto",16.04,15.81,16.27,14.34,13.89,14.66,15.66,15.48,16.1,17.17,16.91,17.3,1939,1142,43
2024,"2024.04",2,"Stadtkreise",60,"Kreis 6",3,"3 Zimmer",1,"Gemeinnützig",2,"Quadratmeter",2,"brutto",17.35,17.12,17.58,15.68,15.54,15.84,17.13,16.76,17.47,18.6,18.14,19.19,2005,1263,47
2022,"2022.04",2,"Stadtkreise",60,"Kreis 6",4,"4 Zimmer",1,"Gemeinnützig",2,"Quadratmeter",2,"brutto",16.1,15.87,16.34,14.75,14.61,15.04,15.6,15.44,15.72,16.84,16.39,17.62,1156,713,37
2024,"2024.04",2,"Stadtkreise",60,"Kreis 6",4,"4 Zimmer",1,"Gemeinnützig",2,"Quadratmeter",2,"brutto",17.22,16.94,17.49,15.52,15.33,15.7,16.94,16.64,17.56,18.44,18.12,19.2,1188,760,42
2022,"2022.04",2,"Stadtkreise",60,"Kreis 6",9,"2 , 3  und 4 Zimmer",1,"Gemeinnützig",2,"Quadratmeter",2,"brutto",16.68,16.42,16.95,14.77,14.61,14.99,15.95,15.69,16.27,17.59,17.19,17.92,3771,2184,111
2024,"2024.04",2,"Stadtkreise",60,"Kreis 6",9,"2 , 3  und 4 Zimmer",1,"Gemeinnützig",2,"Quadratmeter",2,"brutto",17.79,17.6,17.98,15.84,15.68,15.96,17.35,17.18,17.7,19.15,18.64,19.58,3924,2403,128
2022,"2022.04",2,"Stadtkreise",60,"Kreis 6",2,"2 Zimmer",2,"Nicht gemeinnützig",2,"Quadratmeter",2,"brutto",30.5,29.21,31.79,26.43,24.17,27.56,30.04,28.57,31.27,35.91,32.25,37.31,2578,349,76
2024,"2024.04",2,"Stadtkreise",60,"Kreis 6",2,"2 Zimmer",2,"Nicht gemeinnützig",2,"Quadratmeter",2,"brutto",32.66,31.68,33.63,25.87,24.17,27.66,32.3,31.21,33.33,37.62,36.24,39.65,2544,435,120
2022,"2022.04",2,"Stadtkreise",60,"Kreis 6",3,"3 Zimmer",2,"Nicht gemeinnützig",2,"Quadratmeter",2,"brutto",28.43,27.09,29.78,22.57,20.73,24,28.28,26.11,30.45,33.33,31.79,36.9,3474,443,89
2024,"2024.04",2,"Stadtkreise",60,"Kreis 6",3,"3 Zimmer",2,"Nicht gemeinnützig",2,"Quadratmeter",2,"brutto",30.28,29.09,31.46,23.58,21.48,25.84,30.47,28.94,31.81,35.79,33.87,37.51,3369,466,121
2022,"2022.04",2,"Stadtkreise",60,"Kreis 6",4,"4 Zimmer",2,"Nicht gemeinnützig",2,"Quadratmeter",2,"brutto",26.74,25.62,27.87,21.22,19.75,23.02,25.98,24.8,27.15,32.88,30.47,34.34,2353,311,97
2024,"2024.04",2,"Stadtkreise",60,"Kreis 6",4,"4 Zimmer",2,"Nicht gemeinnützig",2,"Quadratmeter",2,"brutto",28.16,27.25,29.08,22.22,21.47,23.85,27.3,26.28,29.27,33.94,32.95,35.38,2290,324,138
2022,"2022.04",2,"Stadtkreise",60,"Kreis 6",9,"2 , 3  und 4 Zimmer",2,"Nicht gemeinnützig",2,"Quadratmeter",2,"brutto",28.59,27.84,29.35,23.25,21.92,24.11,28.36,27.56,29.12,33.72,32.49,35.22,8405,1103,262
2024,"2024.04",2,"Stadtkreise",60,"Kreis 6",9,"2 , 3  und 4 Zimmer",2,"Nicht gemeinnützig",2,"Quadratmeter",2,"brutto",30.42,29.8,31.05,23.69,22.83,24.86,30.47,29.54,31.37,35.78,35,36.95,8203,1225,379
2022,"2022.04",2,"Stadtkreise",70,"Kreis 7",2,"2 Zimmer",1,"Gemeinnützig",2,"Quadratmeter",2,"brutto",21.7,21.47,21.93,17.86,17.58,18.78,21.59,21.37,22.22,25.42,25.2,25.53,302,190,48
2024,"2024.04",2,"Stadtkreise",70,"Kreis 7",2,"2 Zimmer",1,"Gemeinnützig",2,"Quadratmeter",2,"brutto",23.6,22.75,24.45,19.94,18.86,21.27,22.82,22.56,24.25,26.93,25.38,27.56,358,196,36
2022,"2022.04",2,"Stadtkreise",70,"Kreis 7",3,"3 Zimmer",1,"Gemeinnützig",2,"Quadratmeter",2,"brutto",18.26,18.03,18.5,14.67,14.03,15.3,17.14,16.74,18.11,21.87,21.68,21.96,516,292,67
2024,"2024.04",2,"Stadtkreise",70,"Kreis 7",3,"3 Zimmer",1,"Gemeinnützig",2,"Quadratmeter",2,"brutto",19.91,19.7,20.12,14.62,14.54,15.55,18.16,17.87,18.64,24.26,24.1,24.34,552,306,55
2022,"2022.04",2,"Stadtkreise",70,"Kreis 7",4,"4 Zimmer",1,"Gemeinnützig",2,"Quadratmeter",2,"brutto",16.54,16.37,16.71,13.39,13.23,13.74,15.43,15.16,15.66,18.9,18.64,19.12,421,235,64
2024,"2024.04",2,"Stadtkreise",70,"Kreis 7",4,"4 Zimmer",1,"Gemeinnützig",2,"Quadratmeter",2,"brutto",17.79,17.56,18.03,13.64,13.4,14.03,15.83,15.74,16.11,20.92,20.75,21.36,432,238,49
2022,"2022.04",2,"Stadtkreise",70,"Kreis 7",9,"2 , 3  und 4 Zimmer",1,"Gemeinnützig",2,"Quadratmeter",2,"brutto",18.51,18.39,18.64,14.57,14.31,14.8,17.53,17.3,17.84,22.09,21.96,22.34,1239,717,179
2024,"2024.04",2,"Stadtkreise",70,"Kreis 7",9,"2 , 3  und 4 Zimmer",1,"Gemeinnützig",2,"Quadratmeter",2,"brutto",20.21,19.95,20.46,14.62,14.51,15.44,19.16,18.72,19.81,24.24,23.79,24.63,1342,740,140
2022,"2022.04",2,"Stadtkreise",70,"Kreis 7",2,"2 Zimmer",2,"Nicht gemeinnützig",2,"Quadratmeter",2,"brutto",30.75,29.82,31.69,24.26,23.19,25.94,30.72,29.54,31.65,35.98,34.67,37.54,2651,394,146
2024,"2024.04",2,"Stadtkreise",70,"Kreis 7",2,"2 Zimmer",2,"Nicht gemeinnützig",2,"Quadratmeter",2,"brutto",34.61,33.79,35.43,27.25,26.51,28.45,32.96,31.76,34.77,41.19,39.29,43.25,2713,467,192
2022,"2022.04",2,"Stadtkreise",70,"Kreis 7",3,"3 Zimmer",2,"Nicht gemeinnützig",2,"Quadratmeter",2,"brutto",28.03,27.07,29,22.11,21.2,23.69,26.7,25.82,28.29,33.57,31.11,34.95,4329,620,160
2024,"2024.04",2,"Stadtkreise",70,"Kreis 7",3,"3 Zimmer",2,"Nicht gemeinnützig",2,"Quadratmeter",2,"brutto",30.23,29.58,30.89,24.25,23.35,25.46,29.89,29.03,30.63,35.34,34.45,36.77,4286,691,238
2022,"2022.04",2,"Stadtkreise",70,"Kreis 7",4,"4 Zimmer",2,"Nicht gemeinnützig",2,"Quadratmeter",2,"brutto",26.68,25.64,27.71,21.55,20.46,22.28,26.04,24.99,27.19,32,29.5,32.77,3341,374,138
2024,"2024.04",2,"Stadtkreise",70,"Kreis 7",4,"4 Zimmer",2,"Nicht gemeinnützig",2,"Quadratmeter",2,"brutto",28.39,27.36,29.42,22.52,21.96,23.34,27.14,25.97,28.53,33.26,32.49,34.05,3193,423,212
2022,"2022.04",2,"Stadtkreise",70,"Kreis 7",9,"2 , 3  und 4 Zimmer",2,"Nicht gemeinnützig",2,"Quadratmeter",2,"brutto",28.29,27.71,28.88,22.23,21.62,23.27,27.41,26.58,28.34,33.84,32.88,34.39,10321,1388,444
2024,"2024.04",2,"Stadtkreise",70,"Kreis 7",9,"2 , 3  und 4 Zimmer",2,"Nicht gemeinnützig",2,"Quadratmeter",2,"brutto",30.82,30.34,31.3,24.36,23.66,25,29.96,29.43,30.56,36.02,35.36,36.65,10192,1581,642
2022,"2022.04",2,"Stadtkreise",80,"Kreis 8",2,"2 Zimmer",1,"Gemeinnützig",2,"Quadratmeter",2,"brutto",20.38,19.93,20.83,15.11,15.07,15.74,18.47,17.26,18.92,24.1,23.89,25.68,98,88,0
2024,"2024.04",2,"Stadtkreise",80,"Kreis 8",2,"2 Zimmer",1,"Gemeinnützig",2,"Quadratmeter",2,"brutto",22.72,22.36,23.07,16.79,16.74,16.92,20.8,20.63,21.11,27.62,26.6,27.63,93,87,0
2022,"2022.04",2,"Stadtkreise",80,"Kreis 8",3,"3 Zimmer",1,"Gemeinnützig",2,"Quadratmeter",2,"brutto",17.86,17.71,18.01,15.12,15.11,15.2,16.67,16.61,16.71,18.44,18.31,19.35,253,237,0
2024,"2024.04",2,"Stadtkreise",80,"Kreis 8",3,"3 Zimmer",1,"Gemeinnützig",2,"Quadratmeter",2,"brutto",19.37,19.24,19.5,16.13,16.12,16.15,18.27,18.23,18.3,21.11,20.95,21.24,246,215,24
2022,"2022.04",2,"Stadtkreise",80,"Kreis 8",4,"4 Zimmer",1,"Gemeinnützig",2,"Quadratmeter",2,"brutto",16.26,16.14,16.38,13.93,13.9,13.98,15.69,15.51,15.9,16.95,16.93,17.02,244,234,0
2024,"2024.04",2,"Stadtkreise",80,"Kreis 8",4,"4 Zimmer",1,"Gemeinnützig",2,"Quadratmeter",2,"brutto",17.68,17.59,17.76,14.58,14.58,14.72,17.48,17.47,17.52,18.69,18.64,18.75,246,227,14
2022,"2022.04",2,"Stadtkreise",80,"Kreis 8",9,"2 , 3  und 4 Zimmer",1,"Gemeinnützig",2,"Quadratmeter",2,"brutto",17.61,17.5,17.72,14.5,14.38,14.58,16.49,16.46,16.55,18.44,18.31,18.72,595,559,0
2024,"2024.04",2,"Stadtkreise",80,"Kreis 8",9,"2 , 3  und 4 Zimmer",1,"Gemeinnützig",2,"Quadratmeter",2,"brutto",19.16,19.08,19.24,15.71,15.66,15.73,17.9,17.86,17.92,20.95,20.88,21.12,585,529,38
2022,"2022.04",2,"Stadtkreise",80,"Kreis 8",2,"2 Zimmer",2,"Nicht gemeinnützig",2,"Quadratmeter",2,"brutto",35.17,34.02,36.32,27.71,25.31,29.13,35.74,33.89,36.61,41.56,40,44.02,2213,480,113
2024,"2024.04",2,"Stadtkreise",80,"Kreis 8",2,"2 Zimmer",2,"Nicht gemeinnützig",2,"Quadratmeter",2,"brutto",38,37.02,38.99,29.29,28.46,30.82,37.15,36.19,38.43,45.63,43.92,47.46,2192,530,177
2022,"2022.04",2,"Stadtkreise",80,"Kreis 8",3,"3 Zimmer",2,"Nicht gemeinnützig",2,"Quadratmeter",2,"brutto",31.45,30.4,32.5,24.93,22.38,25.94,32.44,30.51,33.47,38.27,36.78,40.18,2773,474,128
2024,"2024.04",2,"Stadtkreise",80,"Kreis 8",3,"3 Zimmer",2,"Nicht gemeinnützig",2,"Quadratmeter",2,"brutto",34.65,33.71,35.6,26.42,25.5,28.01,35.57,32.61,36.13,42.72,40.74,43.53,2751,529,187
2022,"2022.04",2,"Stadtkreise",80,"Kreis 8",4,"4 Zimmer",2,"Nicht gemeinnützig",2,"Quadratmeter",2,"brutto",29.44,28.2,30.69,22.3,20.92,24.17,30.17,27.95,30.61,35.36,33.32,37.21,1393,166,104
2024,"2024.04",2,"Stadtkreise",80,"Kreis 8",4,"4 Zimmer",2,"Nicht gemeinnützig",2,"Quadratmeter",2,"brutto",30.4,29.44,31.37,23.2,21.8,24.32,30.66,28.73,31.83,37.78,36.51,38.77,1367,201,148
2022,"2022.04",2,"Stadtkreise",80,"Kreis 8",9,"2 , 3  und 4 Zimmer",2,"Nicht gemeinnützig",2,"Quadratmeter",2,"brutto",32.3,31.64,32.97,25,24.15,25.94,32.49,31.78,33.28,38.91,37.96,40.13,6379,1120,345
2024,"2024.04",2,"Stadtkreise",80,"Kreis 8",9,"2 , 3  und 4 Zimmer",2,"Nicht gemeinnützig",2,"Quadratmeter",2,"brutto",34.9,34.32,35.48,26.5,25.73,27.5,35.25,33.99,35.79,42.48,41.23,43.21,6310,1260,512
2022,"2022.04",2,"Stadtkreise",90,"Kreis 9",2,"2 Zimmer",1,"Gemeinnützig",2,"Quadratmeter",2,"brutto",19,18.56,19.44,15.11,14.82,15.68,17.96,17.17,18.94,21.75,21.42,22.52,1657,995,46
2024,"2024.04",2,"Stadtkreise",90,"Kreis 9",2,"2 Zimmer",1,"Gemeinnützig",2,"Quadratmeter",2,"brutto",20.43,19.84,21.03,16.78,16.31,17.6,20,19.19,20.8,23.22,22.48,24.12,1661,1029,38
2022,"2022.04",2,"Stadtkreise",90,"Kreis 9",3,"3 Zimmer",1,"Gemeinnützig",2,"Quadratmeter",2,"brutto",16.44,16.18,16.71,13.92,13.56,14.25,16.08,15.8,16.67,18.32,17.94,18.72,4058,2219,74
2024,"2024.04",2,"Stadtkreise",90,"Kreis 9",3,"3 Zimmer",1,"Gemeinnützig",2,"Quadratmeter",2,"brutto",17.52,17.27,17.77,15.26,15,15.46,17.08,16.79,17.36,19.4,18.99,19.8,3917,2288,59
2022,"2022.04",2,"Stadtkreise",90,"Kreis 9",4,"4 Zimmer",1,"Gemeinnützig",2,"Quadratmeter",2,"brutto",16.25,15.89,16.62,14,13.8,14.47,16.01,15.58,16.38,18.29,17.68,18.79,2299,1223,62
2024,"2024.04",2,"Stadtkreise",90,"Kreis 9",4,"4 Zimmer",1,"Gemeinnützig",2,"Quadratmeter",2,"brutto",17.24,16.91,17.58,15.09,14.81,15.45,17.02,16.67,17.36,18.81,18.29,19.53,2257,1265,57
2022,"2022.04",2,"Stadtkreise",90,"Kreis 9",9,"2 , 3  und 4 Zimmer",1,"Gemeinnützig",2,"Quadratmeter",2,"brutto",16.92,16.72,17.11,14.23,14.01,14.45,16.34,16.08,16.66,18.84,18.68,19.17,8014,4437,182
2024,"2024.04",2,"Stadtkreise",90,"Kreis 9",9,"2 , 3  und 4 Zimmer",1,"Gemeinnützig",2,"Quadratmeter",2,"brutto",18.05,17.85,18.26,15.39,15.23,15.65,17.36,17.13,17.66,20.1,19.8,20.38,7835,4582,154
2022,"2022.04",2,"Stadtkreise",90,"Kreis 9",2,"2 Zimmer",2,"Nicht gemeinnützig",2,"Quadratmeter",2,"brutto",29.5,28.55,30.46,23.65,23.21,24.8,28.02,26.47,28.91,33.02,31.94,34.92,5315,824,81
2024,"2024.04",2,"Stadtkreise",90,"Kreis 9",2,"2 Zimmer",2,"Nicht gemeinnützig",2,"Quadratmeter",2,"brutto",31.08,30.55,31.61,26.04,25.25,27.3,30.98,30,31.79,35.87,34.48,37.31,5440,1594,128
2022,"2022.04",2,"Stadtkreise",90,"Kreis 9",3,"3 Zimmer",2,"Nicht gemeinnützig",2,"Quadratmeter",2,"brutto",24.76,24.14,25.39,20.26,19.22,21.91,24.25,23.53,25,28.46,27.14,30.19,6624,1012,97
2024,"2024.04",2,"Stadtkreise",90,"Kreis 9",3,"3 Zimmer",2,"Nicht gemeinnützig",2,"Quadratmeter",2,"brutto",27.64,27.1,28.19,22.36,21.98,23.77,26.97,26.08,28.08,31.65,30.57,33.57,6831,1603,128
2022,"2022.04",2,"Stadtkreise",90,"Kreis 9",4,"4 Zimmer",2,"Nicht gemeinnützig",2,"Quadratmeter",2,"brutto",23.98,23.11,24.85,19.8,18.79,20.87,23.62,22.42,25.41,28.12,26.44,29.32,3028,591,67
2024,"2024.04",2,"Stadtkreise",90,"Kreis 9",4,"4 Zimmer",2,"Nicht gemeinnützig",2,"Quadratmeter",2,"brutto",25.56,24.95,26.17,21.12,20.25,22.14,23.76,23.15,24.86,29.47,27.43,29.96,3140,858,95
2022,"2022.04",2,"Stadtkreise",90,"Kreis 9",9,"2 , 3  und 4 Zimmer",2,"Nicht gemeinnützig",2,"Quadratmeter",2,"brutto",26.29,25.81,26.76,21.8,21.29,22.42,25.39,24.65,26.22,30.11,29.16,30.79,14967,2427,245
2024,"2024.04",2,"Stadtkreise",90,"Kreis 9",9,"2 , 3  und 4 Zimmer",2,"Nicht gemeinnützig",2,"Quadratmeter",2,"brutto",28.44,28.1,28.77,23.07,22.54,23.61,27.89,27.35,28.23,33.19,32.28,33.93,15411,4055,351
2022,"2022.04",2,"Stadtkreise",100,"Kreis 10",2,"2 Zimmer",1,"Gemeinnützig",2,"Quadratmeter",2,"brutto",18.57,18.15,18.98,15.72,15.38,16.25,18.03,17.68,18.41,20.79,20.47,21.37,1215,804,50
2024,"2024.04",2,"Stadtkreise",100,"Kreis 10",2,"2 Zimmer",1,"Gemeinnützig",2,"Quadratmeter",2,"brutto",20.03,19.7,20.35,17.4,16.95,17.78,19.32,19.01,19.78,22.76,22,23.15,1246,827,44
2022,"2022.04",2,"Stadtkreise",100,"Kreis 10",3,"3 Zimmer",1,"Gemeinnützig",2,"Quadratmeter",2,"brutto",16.86,16.42,17.3,14.47,14.28,14.74,15.87,15.71,16.31,18.61,17.9,20,2128,1435,40
2024,"2024.04",2,"Stadtkreise",100,"Kreis 10",3,"3 Zimmer",1,"Gemeinnützig",2,"Quadratmeter",2,"brutto",17.64,17.35,17.93,15.4,15.1,15.75,16.98,16.77,17.33,19.27,18.85,19.73,2098,1429,41
2022,"2022.04",2,"Stadtkreise",100,"Kreis 10",4,"4 Zimmer",1,"Gemeinnützig",2,"Quadratmeter",2,"brutto",16.14,15.82,16.46,14.09,13.88,14.28,15.41,15.04,15.69,17.8,17.38,18.5,1340,872,55
2024,"2024.04",2,"Stadtkreise",100,"Kreis 10",4,"4 Zimmer",1,"Gemeinnützig",2,"Quadratmeter",2,"brutto",17.23,16.87,17.59,14.9,14.67,15.32,16.66,16.39,17.09,18.87,18.52,19.4,1325,874,49
2022,"2022.04",2,"Stadtkreise",100,"Kreis 10",9,"2 , 3  und 4 Zimmer",1,"Gemeinnützig",2,"Quadratmeter",2,"brutto",17.1,16.85,17.34,14.47,14.35,14.65,16.21,15.92,16.58,19.01,18.63,19.61,4683,3111,145
2024,"2024.04",2,"Stadtkreise",100,"Kreis 10",9,"2 , 3  und 4 Zimmer",1,"Gemeinnützig",2,"Quadratmeter",2,"brutto",18.16,17.97,18.35,15.63,15.42,15.82,17.52,17.33,17.72,20.01,19.75,20.26,4669,3130,134
2022,"2022.04",2,"Stadtkreise",100,"Kreis 10",2,"2 Zimmer",2,"Nicht gemeinnützig",2,"Quadratmeter",2,"brutto",31.16,29.27,33.05,26,24.5,27.68,29.98,28.79,30.65,33.41,31.99,37.35,2798,427,72
2024,"2024.04",2,"Stadtkreise",100,"Kreis 10",2,"2 Zimmer",2,"Nicht gemeinnützig",2,"Quadratmeter",2,"brutto",30.68,29.75,31.6,25.33,24.64,26.94,30.18,28.91,30.6,34.94,32.39,36.52,2804,455,101
2022,"2022.04",2,"Stadtkreise",100,"Kreis 10",3,"3 Zimmer",2,"Nicht gemeinnützig",2,"Quadratmeter",2,"brutto",25.71,24.53,26.9,21.76,20.23,22.97,24.78,23.98,25.78,29.6,27.5,30.93,4956,921,86
2024,"2024.04",2,"Stadtkreise",100,"Kreis 10",3,"3 Zimmer",2,"Nicht gemeinnützig",2,"Quadratmeter",2,"brutto",26.91,26.08,27.74,21.87,21.13,23.62,26.21,25.31,27.79,30.99,29.3,31.48,4893,859,110
2022,"2022.04",2,"Stadtkreise",100,"Kreis 10",4,"4 Zimmer",2,"Nicht gemeinnützig",2,"Quadratmeter",2,"brutto",25.18,24.36,26.01,20.85,19.22,21.49,24.33,22.87,25.79,28.86,27.83,30.37,2652,501,70
2024,"2024.04",2,"Stadtkreise",100,"Kreis 10",4,"4 Zimmer",2,"Nicht gemeinnützig",2,"Quadratmeter",2,"brutto",25.08,24.33,25.83,21.11,20.07,21.95,24.78,23.58,25.48,28.83,27.97,29.92,2627,484,119
2022,"2022.04",2,"Stadtkreise",100,"Kreis 10",9,"2 , 3  und 4 Zimmer",2,"Nicht gemeinnützig",2,"Quadratmeter",2,"brutto",27.04,26.25,27.83,21.86,21.33,22.86,26.09,25.19,27.14,30.8,29.83,31.41,10406,1849,228
2024,"2024.04",2,"Stadtkreise",100,"Kreis 10",9,"2 , 3  und 4 Zimmer",2,"Nicht gemeinnützig",2,"Quadratmeter",2,"brutto",27.47,26.96,27.97,22.58,21.75,23.32,26.92,26.14,27.79,31.32,30.73,31.92,10324,1798,330
2022,"2022.04",2,"Stadtkreise",110,"Kreis 11",2,"2 Zimmer",1,"Gemeinnützig",2,"Quadratmeter",2,"brutto",17.97,17.72,18.23,15.33,15.04,15.64,17.63,17.13,17.85,19.62,19.32,20,1540,1010,80
2024,"2024.04",2,"Stadtkreise",110,"Kreis 11",2,"2 Zimmer",1,"Gemeinnützig",2,"Quadratmeter",2,"brutto",19.49,19.06,19.91,16.3,15.85,17.08,18.91,18.58,19.31,21.61,21.33,21.96,1662,1084,61
2022,"2022.04",2,"Stadtkreise",110,"Kreis 11",3,"3 Zimmer",1,"Gemeinnützig",2,"Quadratmeter",2,"brutto",16.92,16.68,17.15,14.74,14.59,14.93,15.97,15.85,16.16,18.85,18.7,18.98,3159,2223,90
2024,"2024.04",2,"Stadtkreise",110,"Kreis 11",3,"3 Zimmer",1,"Gemeinnützig",2,"Quadratmeter",2,"brutto",18.18,17.95,18.4,15.68,15.49,15.79,17.26,17,17.52,20.03,19.75,20.51,3235,2322,92
2022,"2022.04",2,"Stadtkreise",110,"Kreis 11",4,"4 Zimmer",1,"Gemeinnützig",2,"Quadratmeter",2,"brutto",15.55,15.35,15.75,13.92,13.74,14.03,15.12,14.97,15.27,16.61,16.33,16.88,2768,1853,103
2024,"2024.04",2,"Stadtkreise",110,"Kreis 11",4,"4 Zimmer",1,"Gemeinnützig",2,"Quadratmeter",2,"brutto",16.93,16.72,17.13,14.96,14.77,15.06,16.24,16.12,16.41,18.52,18.31,18.82,2766,1886,94
2022,"2022.04",2,"Stadtkreise",110,"Kreis 11",9,"2 , 3  und 4 Zimmer",1,"Gemeinnützig",2,"Quadratmeter",2,"brutto",16.63,16.49,16.76,14.38,14.31,14.48,15.84,15.73,15.93,18.47,18.19,18.7,7467,5086,273
2024,"2024.04",2,"Stadtkreise",110,"Kreis 11",9,"2 , 3  und 4 Zimmer",1,"Gemeinnützig",2,"Quadratmeter",2,"brutto",18.01,17.86,18.16,15.48,15.38,15.62,17.24,17.07,17.44,19.92,19.7,20.22,7663,5292,247
2022,"2022.04",2,"Stadtkreise",110,"Kreis 11",2,"2 Zimmer",2,"Nicht gemeinnützig",2,"Quadratmeter",2,"brutto",28.23,27.55,28.92,23.45,22.76,24.91,27.88,26.86,28.71,31.1,30.39,31.72,5662,1184,123
2024,"2024.04",2,"Stadtkreise",110,"Kreis 11",2,"2 Zimmer",2,"Nicht gemeinnützig",2,"Quadratmeter",2,"brutto",29.83,29.25,30.42,24.08,23.54,25.14,29.39,28.24,30.22,34.83,33.73,35.84,5698,1195,179
2022,"2022.04",2,"Stadtkreise",110,"Kreis 11",3,"3 Zimmer",2,"Nicht gemeinnützig",2,"Quadratmeter",2,"brutto",24.75,24.21,25.28,21.68,20.46,22.29,24.6,23.85,25.25,27.57,26.98,28.55,8790,1802,139
2024,"2024.04",2,"Stadtkreise",110,"Kreis 11",3,"3 Zimmer",2,"Nicht gemeinnützig",2,"Quadratmeter",2,"brutto",26.01,25.49,26.53,22.17,21.66,22.92,25.91,25.25,26.71,29.91,29.12,30.54,8502,1739,202
2022,"2022.04",2,"Stadtkreise",110,"Kreis 11",4,"4 Zimmer",2,"Nicht gemeinnützig",2,"Quadratmeter",2,"brutto",22.02,21.42,22.61,18.79,18.07,19.31,21.5,20.7,22.52,24.8,24.03,25.28,4742,1214,124
2024,"2024.04",2,"Stadtkreise",110,"Kreis 11",4,"4 Zimmer",2,"Nicht gemeinnützig",2,"Quadratmeter",2,"brutto",24.21,23.64,24.78,20.31,19.92,20.93,24.05,22.81,24.78,27,26.43,27.78,4555,1075,154
2022,"2022.04",2,"Stadtkreise",110,"Kreis 11",9,"2 , 3  und 4 Zimmer",2,"Nicht gemeinnützig",2,"Quadratmeter",2,"brutto",25.1,24.75,25.45,20.88,20.39,21.6,24.58,24.07,25.05,28.44,27.96,29.08,19194,4200,386
2024,"2024.04",2,"Stadtkreise",110,"Kreis 11",9,"2 , 3  und 4 Zimmer",2,"Nicht gemeinnützig",2,"Quadratmeter",2,"brutto",26.74,26.41,27.06,22.06,21.68,22.4,26.04,25.71,26.52,30.79,30.22,31.43,18755,4009,535
2022,"2022.04",2,"Stadtkreise",120,"Kreis 12",2,"2 Zimmer",1,"Gemeinnützig",2,"Quadratmeter",2,"brutto",17.57,17.26,17.89,14.49,14.25,14.79,17.06,16.61,17.41,19.83,19.55,20.15,1355,961,54
2024,"2024.04",2,"Stadtkreise",120,"Kreis 12",2,"2 Zimmer",1,"Gemeinnützig",2,"Quadratmeter",2,"brutto",18.14,17.95,18.32,15.73,15.42,15.96,18.15,17.88,18.6,20.31,20.06,20.66,1396,954,49
2022,"2022.04",2,"Stadtkreise",120,"Kreis 12",3,"3 Zimmer",1,"Gemeinnützig",2,"Quadratmeter",2,"brutto",15.53,15.38,15.67,12.74,12.74,13.06,14.85,14.61,15.08,18.05,17.79,18.2,2932,2026,88
2024,"2024.04",2,"Stadtkreise",120,"Kreis 12",3,"3 Zimmer",1,"Gemeinnützig",2,"Quadratmeter",2,"brutto",16.53,16.37,16.69,13.94,13.94,14.13,15.99,15.69,16.33,18.74,18.64,19.01,3035,2010,88
2022,"2022.04",2,"Stadtkreise",120,"Kreis 12",4,"4 Zimmer",1,"Gemeinnützig",2,"Quadratmeter",2,"brutto",15.09,14.88,15.29,12.75,12.01,13.19,15,14.77,15.31,17.65,17.33,17.78,2104,1306,73
2024,"2024.04",2,"Stadtkreise",120,"Kreis 12",4,"4 Zimmer",1,"Gemeinnützig",2,"Quadratmeter",2,"brutto",16.05,15.76,16.33,14.24,13.52,14.73,15.87,15.55,16.34,17.94,17.53,18.64,2158,1254,72
2022,"2022.04",2,"Stadtkreise",120,"Kreis 12",9,"2 , 3  und 4 Zimmer",1,"Gemeinnützig",2,"Quadratmeter",2,"brutto",15.82,15.7,15.93,13.2,13.01,13.36,15.26,15.1,15.46,18.2,18.1,18.37,6391,4293,215
2024,"2024.04",2,"Stadtkreise",120,"Kreis 12",9,"2 , 3  und 4 Zimmer",1,"Gemeinnützig",2,"Quadratmeter",2,"brutto",16.71,16.58,16.84,14.35,14.19,14.56,16.44,16.21,16.59,18.97,18.8,19.16,6589,4218,209
2022,"2022.04",2,"Stadtkreise",120,"Kreis 12",2,"2 Zimmer",2,"Nicht gemeinnützig",2,"Quadratmeter",2,"brutto",27.05,26.04,28.06,23.45,21.45,25.45,27.2,26.51,28.64,30.61,29.1,31.76,1713,426,65
2024,"2024.04",2,"Stadtkreise",120,"Kreis 12",2,"2 Zimmer",2,"Nicht gemeinnützig",2,"Quadratmeter",2,"brutto",27.59,26.79,28.39,24.03,23.29,25.73,27.49,26.61,28.28,31.05,30.23,32.33,1626,387,107
2022,"2022.04",2,"Stadtkreise",120,"Kreis 12",3,"3 Zimmer",2,"Nicht gemeinnützig",2,"Quadratmeter",2,"brutto",22.98,22.4,23.56,20.34,19.55,21.1,23.22,22.31,24.55,25.97,25.17,26.61,2933,582,94
2024,"2024.04",2,"Stadtkreise",120,"Kreis 12",3,"3 Zimmer",2,"Nicht gemeinnützig",2,"Quadratmeter",2,"brutto",24.53,23.98,25.07,21.29,20.1,21.87,24.59,23.77,25.62,28.08,27.27,28.52,2752,511,132
2022,"2022.04",2,"Stadtkreise",120,"Kreis 12",4,"4 Zimmer",2,"Nicht gemeinnützig",2,"Quadratmeter",2,"brutto",21.63,20.98,22.28,17.4,15.83,19.07,21.22,20.22,22.42,25.17,24.38,26.14,1107,274,72
2024,"2024.04",2,"Stadtkreise",120,"Kreis 12",4,"4 Zimmer",2,"Nicht gemeinnützig",2,"Quadratmeter",2,"brutto",22.93,22.4,23.45,20.32,18.82,20.98,22.78,22.24,23.42,25.31,25.03,26.34,1000,260,110
2022,"2022.04",2,"Stadtkreise",120,"Kreis 12",9,"2 , 3  und 4 Zimmer",2,"Nicht gemeinnützig",2,"Quadratmeter",2,"brutto",23.93,23.49,24.37,20.39,19.77,20.83,24.21,23.29,24.77,27.29,26.61,27.75,5753,1282,231
2024,"2024.04",2,"Stadtkreise",120,"Kreis 12",9,"2 , 3  und 4 Zimmer",2,"Nicht gemeinnützig",2,"Quadratmeter",2,"brutto",25.16,24.77,25.54,21.66,21.13,21.99,25.26,24.58,25.75,28.41,28.04,29.2,5378,1158,349
2022,"2022.04",4,"Stadtquartiere",0,"Ganze Stadt",2,"2 Zimmer",1,"Gemeinnützig",1,"Wohnung",1,"netto",925,917,933,706,700,716,868,862,880,1065,1057,1083,11106,7152,504
2024,"2024.04",4,"Stadtquartiere",0,"Ganze Stadt",2,"2 Zimmer",1,"Gemeinnützig",1,"Wohnung",1,"netto",987,978,996,766,759,776,932,925,943,1139,1132,1156,11437,7430,461
2022,"2022.04",4,"Stadtquartiere",0,"Ganze Stadt",3,"3 Zimmer",1,"Gemeinnützig",1,"Wohnung",1,"netto",1027,1018,1035,773,766,782,964,953,974,1198,1186,1211,22955,14593,605
2024,"2024.04",4,"Stadtquartiere",0,"Ganze Stadt",3,"3 Zimmer",1,"Gemeinnützig",1,"Wohnung",1,"netto",1095,1089,1102,841,832,850,1022,1014,1035,1280,1269,1288,23071,15107,620
2022,"2022.04",4,"Stadtquartiere",0,"Ganze Stadt",4,"4 Zimmer",1,"Gemeinnützig",1,"Wohnung",1,"netto",1342,1334,1350,1043,1030,1057,1295,1286,1312,1578,1565,1599,14925,9246,604
2024,"2024.04",4,"Stadtquartiere",0,"Ganze Stadt",4,"4 Zimmer",1,"Gemeinnützig",1,"Wohnung",1,"netto",1441,1431,1452,1133,1120,1147,1403,1390,1418,1696,1682,1715,14957,9478,580
2022,"2022.04",4,"Stadtquartiere",0,"Ganze Stadt",2,"2 Zimmer",2,"Nicht gemeinnützig",1,"Wohnung",1,"netto",1579,1560,1598,1225,1210,1245,1466,1450,1500,1858,1820,1900,35586,6336,1210
2024,"2024.04",4,"Stadtquartiere",0,"Ganze Stadt",2,"2 Zimmer",2,"Nicht gemeinnützig",1,"Wohnung",1,"netto",1692,1678,1706,1300,1281,1325,1578,1559,1600,1992,1966,2022,35728,7237,1786
2022,"2022.04",4,"Stadtquartiere",0,"Ganze Stadt",3,"3 Zimmer",2,"Nicht gemeinnützig",1,"Wohnung",1,"netto",1856,1833,1878,1392,1369,1410,1713,1691,1741,2206,2169,2245,51225,8700,1260
2024,"2024.04",4,"Stadtquartiere",0,"Ganze Stadt",3,"3 Zimmer",2,"Nicht gemeinnützig",1,"Wohnung",1,"netto",2006,1989,2024,1492,1467,1516,1875,1850,1900,2400,2363,2437,50539,9132,1836
2022,"2022.04",4,"Stadtquartiere",0,"Ganze Stadt",4,"4 Zimmer",2,"Nicht gemeinnützig",1,"Wohnung",1,"netto",2321,2291,2352,1714,1669,1754,2171,2128,2200,2750,2700,2820,25972,4545,1053
2024,"2024.04",4,"Stadtquartiere",0,"Ganze Stadt",4,"4 Zimmer",2,"Nicht gemeinnützig",1,"Wohnung",1,"netto",2450,2424,2476,1798,1759,1837,2300,2272,2350,2948,2898,3010,25502,4670,1514
2022,"2022.04",4,"Stadtquartiere",19,"Altstadt (Kreis 1)",2,"2 Zimmer",1,"Gemeinnützig",1,"Wohnung",1,"netto",1056,1043,1069,722,709,748,950,934,957,1252,1231,1278,302,274,0
2024,"2024.04",4,"Stadtquartiere",19,"Altstadt (Kreis 1)",2,"2 Zimmer",1,"Gemeinnützig",1,"Wohnung",1,"netto",1116,1102,1131,767,752,784,1006,988,1018,1311,1297,1334,307,269,7
2022,"2022.04",4,"Stadtquartiere",19,"Altstadt (Kreis 1)",3,"3 Zimmer",1,"Gemeinnützig",1,"Wohnung",1,"netto",1390,1376,1404,983,969,1009,1283,1278,1295,1688,1639,1733,201,191,0
2024,"2024.04",4,"Stadtquartiere",19,"Altstadt (Kreis 1)",3,"3 Zimmer",1,"Gemeinnützig",1,"Wohnung",1,"netto",1602,1588,1616,1112,1098,1115,1382,1373,1390,1907,1859,1952,208,189,11
2022,"2022.04",4,"Stadtquartiere",19,"Altstadt (Kreis 1)",4,"4 Zimmer",1,"Gemeinnützig",1,"Wohnung",1,"netto",1603,1576,1629,1081,1037,1140,1436,1382,1495,1983,1935,2003,136,124,0
2024,"2024.04",4,"Stadtquartiere",19,"Altstadt (Kreis 1)",4,"4 Zimmer",1,"Gemeinnützig",1,"Wohnung",1,"netto",1814,1780,1848,1276,1263,1289,1713,1677,1731,2143,2115,2168,134,123,0
2022,"2022.04",4,"Stadtquartiere",19,"Altstadt (Kreis 1)",2,"2 Zimmer",2,"Nicht gemeinnützig",1,"Wohnung",1,"netto",2106,2002,2211,1718,1538,1861,2105,2000,2230,2518,2300,2620,774,81,99
2024,"2024.04",4,"Stadtquartiere",19,"Altstadt (Kreis 1)",2,"2 Zimmer",2,"Nicht gemeinnützig",1,"Wohnung",1,"netto",2195,2113,2277,1716,1616,1819,2102,2006,2192,2591,2437,2699,743,76,144
2022,"2022.04",4,"Stadtquartiere",19,"Altstadt (Kreis 1)",3,"3 Zimmer",2,"Nicht gemeinnützig",1,"Wohnung",1,"netto",2703,2584,2822,2052,1798,2195,2565,2380,2843,3300,3162,3606,635,69,97
2024,"2024.04",4,"Stadtquartiere",19,"Altstadt (Kreis 1)",3,"3 Zimmer",2,"Nicht gemeinnützig",1,"Wohnung",1,"netto",2944,2829,3059,2199,1975,2400,2813,2676,2880,3455,3300,3683,621,70,154
2022,"2022.04",4,"Stadtquartiere",19,"Altstadt (Kreis 1)",4,"4 Zimmer",2,"Nicht gemeinnützig",1,"Wohnung",1,"netto",3237,3066,3409,2400,1960,2735,3329,2963,3514,3881,3668,4100,323,27,69
2024,"2024.04",4,"Stadtquartiere",19,"Altstadt (Kreis 1)",4,"4 Zimmer",2,"Nicht gemeinnützig",1,"Wohnung",1,"netto",3505,3309,3700,2288,1785,2556,3445,3180,3749,4571,4037,4778,316,25,91
2022,"2022.04",4,"Stadtquartiere",21,"Wollishofen",2,"2 Zimmer",1,"Gemeinnützig",1,"Wohnung",1,"netto",827,793,861,640,625,700,831,732,882,993,926,1057,641,295,21
2024,"2024.04",4,"Stadtquartiere",21,"Wollishofen",2,"2 Zimmer",1,"Gemeinnützig",1,"Wohnung",1,"netto",985,955,1014,746,713,852,954,910,996,1170,1120,1249,673,346,22
2022,"2022.04",4,"Stadtquartiere",21,"Wollishofen",3,"3 Zimmer",1,"Gemeinnützig",1,"Wohnung",1,"netto",999,929,1068,769,740,790,921,886,1001,1113,1089,1153,1171,500,35
2024,"2024.04",4,"Stadtquartiere",21,"Wollishofen",3,"3 Zimmer",1,"Gemeinnützig",1,"Wohnung",1,"netto",1132,1097,1167,874,843,929,1087,1053,1128,1341,1313,1405,1201,556,32
2022,"2022.04",4,"Stadtquartiere",21,"Wollishofen",4,"4 Zimmer",1,"Gemeinnützig",1,"Wohnung",1,"netto",1325,1293,1356,991,899,1108,1222,1181,1420,1647,1539,1710,844,368,25
2024,"2024.04",4,"Stadtquartiere",21,"Wollishofen",4,"4 Zimmer",1,"Gemeinnützig",1,"Wohnung",1,"netto",1447,1390,1503,1143,950,1230,1306,1297,1540,1740,1696,1866,832,425,20
2022,"2022.04",4,"Stadtquartiere",21,"Wollishofen",2,"2 Zimmer",2,"Nicht gemeinnützig",1,"Wohnung",1,"netto",1542,1480,1605,1262,1149,1364,1500,1442,1615,1860,1790,1924,1552,290,54
2024,"2024.04",4,"Stadtquartiere",21,"Wollishofen",2,"2 Zimmer",2,"Nicht gemeinnützig",1,"Wohnung",1,"netto",1806,1735,1877,1400,1328,1473,1715,1603,1814,2115,1980,2200,1646,303,82
2022,"2022.04",4,"Stadtquartiere",21,"Wollishofen",3,"3 Zimmer",2,"Nicht gemeinnützig",1,"Wohnung",1,"netto",2036,1917,2155,1537,1424,1701,1925,1808,2075,2493,2162,2650,2174,515,44
2024,"2024.04",4,"Stadtquartiere",21,"Wollishofen",3,"3 Zimmer",2,"Nicht gemeinnützig",1,"Wohnung",1,"netto",2095,2019,2171,1638,1534,1738,2017,1960,2115,2420,2317,2560,2271,509,68
2022,"2022.04",4,"Stadtquartiere",21,"Wollishofen",4,"4 Zimmer",2,"Nicht gemeinnützig",1,"Wohnung",1,"netto",2504,2329,2680,1709,1501,1972,2303,2044,2507,2959,2875,3243,1133,230,46
2024,"2024.04",4,"Stadtquartiere",21,"Wollishofen",4,"4 Zimmer",2,"Nicht gemeinnützig",1,"Wohnung",1,"netto",2562,2426,2698,1961,1812,2153,2390,2256,2500,2957,2733,3135,1167,245,62
2022,"2022.04",4,"Stadtquartiere",23,"Leimbach",2,"2 Zimmer",1,"Gemeinnützig",1,"Wohnung",1,"netto",1223,1177,1269,928,923,968,1190,1164,1215,1424,1410,1462,272,227,12
2024,"2024.04",4,"Stadtquartiere",23,"Leimbach",2,"2 Zimmer",1,"Gemeinnützig",1,"Wohnung",1,"netto",1245,1238,1252,983,968,999,1194,1179,1211,1495,1486,1495,267,232,12
2022,"2022.04",4,"Stadtquartiere",23,"Leimbach",3,"3 Zimmer",1,"Gemeinnützig",1,"Wohnung",1,"netto",1405,1368,1442,1027,1006,1050,1191,1170,1307,1851,1752,1870,376,325,8
2024,"2024.04",4,"Stadtquartiere",23,"Leimbach",3,"3 Zimmer",1,"Gemeinnützig",1,"Wohnung",1,"netto",1456,1449,1464,1119,1100,1123,1273,1272,1287,1844,1840,1852,363,323,18
2022,"2022.04",4,"Stadtquartiere",23,"Leimbach",4,"4 Zimmer",1,"Gemeinnützig",1,"Wohnung",1,"netto",1492,1448,1537,1180,1146,1257,1327,1317,1470,1786,1716,1889,505,369,7
2024,"2024.04",4,"Stadtquartiere",23,"Leimbach",4,"4 Zimmer",1,"Gemeinnützig",1,"Wohnung",1,"netto",1633,1614,1652,1367,1360,1418,1511,1511,1519,1802,1789,1872,487,375,23
2022,"2022.04",4,"Stadtquartiere",23,"Leimbach",2,"2 Zimmer",2,"Nicht gemeinnützig",1,"Wohnung",1,"netto",1502,1326,1679,979,766,1430,1301,1252,1842,1772,1338,2608,246,15,11
2024,"2024.04",4,"Stadtquartiere",23,"Leimbach",2,"2 Zimmer",2,"Nicht gemeinnützig",1,"Wohnung",1,"netto",1462,1385,1539,1199,1077,1261,1271,1224,1396,1459,1357,1671,251,15,19
2022,"2022.04",4,"Stadtquartiere",23,"Leimbach",3,"3 Zimmer",2,"Nicht gemeinnützig",1,"Wohnung",1,"netto",1569,1472,1667,1313,1145,1378,1393,1359,1500,1647,1494,1907,336,41,17
2024,"2024.04",4,"Stadtquartiere",23,"Leimbach",3,"3 Zimmer",2,"Nicht gemeinnützig",1,"Wohnung",1,"netto",1719,1623,1816,1356,1129,1458,1589,1462,1770,1961,1816,2059,323,44,35
2022,"2022.04",4,"Stadtquartiere",23,"Leimbach",4,"4 Zimmer",2,"Nicht gemeinnützig",1,"Wohnung",1,"netto",2040,1915,2165,1668,1551,1767,1936,1826,2025,2296,2038,2762,208,30,28
2024,"2024.04",4,"Stadtquartiere",23,"Leimbach",4,"4 Zimmer",2,"Nicht gemeinnützig",1,"Wohnung",1,"netto",2073,1971,2175,1721,1651,1858,2037,1913,2121,2287,2143,2508,218,32,40
2022,"2022.04",4,"Stadtquartiere",24,"Enge",2,"2 Zimmer",1,"Gemeinnützig",1,"Wohnung",1,"netto",855,812,898,708,634,811,832,811,877,991,915,1048,58,13,20
2024,"2024.04",4,"Stadtquartiere",24,"Enge",2,"2 Zimmer",1,"Gemeinnützig",1,"Wohnung",1,"netto",852,814,891,655,622,720,782,713,887,1022,909,1118,57,13,19
2022,"2022.04",4,"Stadtquartiere",24,"Enge",3,"3 Zimmer",1,"Gemeinnützig",1,"Wohnung",1,"netto",967,928,1006,876,763,887,920,893,990,1128,972,1152,189,48,20
2024,"2024.04",4,"Stadtquartiere",24,"Enge",3,"3 Zimmer",1,"Gemeinnützig",1,"Wohnung",1,"netto",991,919,1062,833,740,892,943,890,979,1094,978,1157,181,49,19
2022,"2022.04",4,"Stadtquartiere",24,"Enge",4,"4 Zimmer",1,"Gemeinnützig",1,"Wohnung",1,"netto",1142,1109,1176,1005,979,1052,1106,1083,1152,1247,1168,1320,86,26,20
2024,"2024.04",4,"Stadtquartiere",24,"Enge",4,"4 Zimmer",1,"Gemeinnützig",1,"Wohnung",1,"netto",1200,1151,1250,1036,986,1112,1126,1108,1143,1184,1152,1313,94,27,20
2022,"2022.04",4,"Stadtquartiere",24,"Enge",2,"2 Zimmer",2,"Nicht gemeinnützig",1,"Wohnung",1,"netto",1900,1761,2039,1381,1190,1553,1800,1605,2034,2408,2248,2799,951,155,36
2024,"2024.04",4,"Stadtquartiere",24,"Enge",2,"2 Zimmer",2,"Nicht gemeinnützig",1,"Wohnung",1,"netto",2056,1909,2202,1420,1325,1536,1872,1559,2089,2435,2178,2738,962,150,52
2022,"2022.04",4,"Stadtquartiere",24,"Enge",3,"3 Zimmer",2,"Nicht gemeinnützig",1,"Wohnung",1,"netto",2399,2223,2575,1450,1330,1765,2203,2074,2544,3260,2609,3537,1323,259,39
2024,"2024.04",4,"Stadtquartiere",24,"Enge",3,"3 Zimmer",2,"Nicht gemeinnützig",1,"Wohnung",1,"netto",2549,2418,2681,1853,1674,2000,2523,2168,2755,3216,2990,3427,1323,278,52
2022,"2022.04",4,"Stadtquartiere",24,"Enge",4,"4 Zimmer",2,"Nicht gemeinnützig",1,"Wohnung",1,"netto",2880,2670,3090,2230,1982,2405,2797,2424,3049,3400,3168,3647,944,201,38
2024,"2024.04",4,"Stadtquartiere",24,"Enge",4,"4 Zimmer",2,"Nicht gemeinnützig",1,"Wohnung",1,"netto",3004,2824,3183,2239,1985,2410,2759,2595,2936,3562,3480,3860,952,209,60
2022,"2022.04",4,"Stadtquartiere",39,"Wiedikon (Kreis 3)",2,"2 Zimmer",1,"Gemeinnützig",1,"Wohnung",1,"netto",826,811,842,653,639,673,781,781,815,964,942,1005,1432,855,64
2024,"2024.04",4,"Stadtquartiere",39,"Wiedikon (Kreis 3)",2,"2 Zimmer",1,"Gemeinnützig",1,"Wohnung",1,"netto",858,826,891,709,684,728,821,784,849,980,931,1040,1442,866,66
2022,"2022.04",4,"Stadtquartiere",39,"Wiedikon (Kreis 3)",3,"3 Zimmer",1,"Gemeinnützig",1,"Wohnung",1,"netto",928,904,952,738,728,768,852,832,891,1025,995,1106,3050,1850,67
2024,"2024.04",4,"Stadtquartiere",39,"Wiedikon (Kreis 3)",3,"3 Zimmer",1,"Gemeinnützig",1,"Wohnung",1,"netto",971,948,994,773,764,808,914,871,946,1088,1025,1154,2990,1891,63
2022,"2022.04",4,"Stadtquartiere",39,"Wiedikon (Kreis 3)",4,"4 Zimmer",1,"Gemeinnützig",1,"Wohnung",1,"netto",1286,1267,1304,975,969,1014,1276,1250,1293,1562,1546,1635,1886,1175,84
2024,"2024.04",4,"Stadtquartiere",39,"Wiedikon (Kreis 3)",4,"4 Zimmer",1,"Gemeinnützig",1,"Wohnung",1,"netto",1357,1314,1399,1032,1002,1050,1293,1280,1331,1560,1506,1601,1871,1218,82
2022,"2022.04",4,"Stadtquartiere",39,"Wiedikon (Kreis 3)",2,"2 Zimmer",2,"Nicht gemeinnützig",1,"Wohnung",1,"netto",1478,1429,1527,1221,1173,1252,1401,1330,1444,1655,1566,1757,4921,850,122
2024,"2024.04",4,"Stadtquartiere",39,"Wiedikon (Kreis 3)",2,"2 Zimmer",2,"Nicht gemeinnützig",1,"Wohnung",1,"netto",1647,1604,1690,1330,1273,1380,1520,1500,1600,1847,1800,1941,4912,863,187
2022,"2022.04",4,"Stadtquartiere",39,"Wiedikon (Kreis 3)",3,"3 Zimmer",2,"Nicht gemeinnützig",1,"Wohnung",1,"netto",1789,1718,1860,1404,1347,1500,1710,1600,1788,2056,1944,2283,6901,920,110
2024,"2024.04",4,"Stadtquartiere",39,"Wiedikon (Kreis 3)",3,"3 Zimmer",2,"Nicht gemeinnützig",1,"Wohnung",1,"netto",1899,1842,1957,1459,1415,1547,1760,1712,1850,2262,2150,2477,6785,864,181
2022,"2022.04",4,"Stadtquartiere",39,"Wiedikon (Kreis 3)",4,"4 Zimmer",2,"Nicht gemeinnützig",1,"Wohnung",1,"netto",2286,2188,2385,1800,1750,1875,2169,2031,2254,2700,2504,2931,2300,269,102
2024,"2024.04",4,"Stadtquartiere",39,"Wiedikon (Kreis 3)",4,"4 Zimmer",2,"Nicht gemeinnützig",1,"Wohnung",1,"netto",2327,2239,2414,1726,1629,1804,2268,2145,2395,2817,2604,2965,2296,249,139
2022,"2022.04",4,"Stadtquartiere",49,"Aussersihl (Kreis 4)",2,"2 Zimmer",1,"Gemeinnützig",1,"Wohnung",1,"netto",963,945,981,743,705,780,893,891,905,1083,1074,1132,1218,858,55
2024,"2024.04",4,"Stadtquartiere",49,"Aussersihl (Kreis 4)",2,"2 Zimmer",1,"Gemeinnützig",1,"Wohnung",1,"netto",1031,1010,1053,808,774,834,936,933,959,1143,1136,1160,1213,898,47
2022,"2022.04",4,"Stadtquartiere",49,"Aussersihl (Kreis 4)",3,"3 Zimmer",1,"Gemeinnützig",1,"Wohnung",1,"netto",1000,967,1032,754,738,769,888,866,912,1138,1108,1169,2066,1512,50
2024,"2024.04",4,"Stadtquartiere",49,"Aussersihl (Kreis 4)",3,"3 Zimmer",1,"Gemeinnützig",1,"Wohnung",1,"netto",1059,1037,1081,835,819,861,980,962,997,1161,1145,1190,2116,1647,49
2022,"2022.04",4,"Stadtquartiere",49,"Aussersihl (Kreis 4)",4,"4 Zimmer",1,"Gemeinnützig",1,"Wohnung",1,"netto",1247,1210,1283,916,896,944,1120,1110,1141,1413,1353,1440,713,478,57
2024,"2024.04",4,"Stadtquartiere",49,"Aussersihl (Kreis 4)",4,"4 Zimmer",1,"Gemeinnützig",1,"Wohnung",1,"netto",1405,1363,1446,1021,998,1052,1214,1203,1233,1646,1552,1704,760,553,40
2022,"2022.04",4,"Stadtquartiere",49,"Aussersihl (Kreis 4)",2,"2 Zimmer",2,"Nicht gemeinnützig",1,"Wohnung",1,"netto",1647,1607,1687,1266,1214,1380,1600,1550,1677,1902,1830,1959,2857,507,158
2024,"2024.04",4,"Stadtquartiere",49,"Aussersihl (Kreis 4)",2,"2 Zimmer",2,"Nicht gemeinnützig",1,"Wohnung",1,"netto",1748,1702,1795,1287,1210,1350,1642,1567,1706,2045,1970,2170,2880,648,226
2022,"2022.04",4,"Stadtquartiere",49,"Aussersihl (Kreis 4)",3,"3 Zimmer",2,"Nicht gemeinnützig",1,"Wohnung",1,"netto",1880,1814,1946,1410,1264,1498,1713,1664,1800,2204,2119,2450,4073,631,120
2024,"2024.04",4,"Stadtquartiere",49,"Aussersihl (Kreis 4)",3,"3 Zimmer",2,"Nicht gemeinnützig",1,"Wohnung",1,"netto",2049,1996,2101,1542,1487,1606,1980,1887,2080,2426,2360,2498,4013,803,160
2022,"2022.04",4,"Stadtquartiere",49,"Aussersihl (Kreis 4)",4,"4 Zimmer",2,"Nicht gemeinnützig",1,"Wohnung",1,"netto",2277,2193,2360,1639,1543,1697,2138,1975,2236,2800,2595,2985,1483,184,82
2024,"2024.04",4,"Stadtquartiere",49,"Aussersihl (Kreis 4)",4,"4 Zimmer",2,"Nicht gemeinnützig",1,"Wohnung",1,"netto",2588,2489,2687,1820,1718,1930,2490,2288,2750,3200,3077,3346,1467,263,120
2022,"2022.04",4,"Stadtquartiere",59,"Industriequartier (Kreis 5)",2,"2 Zimmer",1,"Gemeinnützig",1,"Wohnung",1,"netto",804,794,815,663,663,667,740,724,755,938,876,951,340,263,16
2024,"2024.04",4,"Stadtquartiere",59,"Industriequartier (Kreis 5)",2,"2 Zimmer",1,"Gemeinnützig",1,"Wohnung",1,"netto",856,825,887,679,660,702,804,793,825,953,899,991,331,252,20
2022,"2022.04",4,"Stadtquartiere",59,"Industriequartier (Kreis 5)",3,"3 Zimmer",1,"Gemeinnützig",1,"Wohnung",1,"netto",895,876,913,717,695,742,800,788,837,990,925,1079,917,631,19
2024,"2024.04",4,"Stadtquartiere",59,"Industriequartier (Kreis 5)",3,"3 Zimmer",1,"Gemeinnützig",1,"Wohnung",1,"netto",969,954,984,795,785,799,934,899,955,1038,1007,1183,924,643,20
2022,"2022.04",4,"Stadtquartiere",59,"Industriequartier (Kreis 5)",4,"4 Zimmer",1,"Gemeinnützig",1,"Wohnung",1,"netto",1223,1200,1245,914,878,945,1191,1131,1215,1548,1501,1583,423,294,22
2024,"2024.04",4,"Stadtquartiere",59,"Industriequartier (Kreis 5)",4,"4 Zimmer",1,"Gemeinnützig",1,"Wohnung",1,"netto",1320,1302,1338,1038,990,1055,1248,1197,1309,1614,1557,1690,407,279,19
2022,"2022.04",4,"Stadtquartiere",59,"Industriequartier (Kreis 5)",2,"2 Zimmer",2,"Nicht gemeinnützig",1,"Wohnung",1,"netto",1797,1731,1864,1360,1267,1450,1698,1600,1840,2098,1980,2299,1355,363,77
2024,"2024.04",4,"Stadtquartiere",59,"Industriequartier (Kreis 5)",2,"2 Zimmer",2,"Nicht gemeinnützig",1,"Wohnung",1,"netto",1841,1791,1891,1376,1330,1492,1778,1700,1890,2220,2128,2349,1317,343,94
2022,"2022.04",4,"Stadtquartiere",59,"Industriequartier (Kreis 5)",3,"3 Zimmer",2,"Nicht gemeinnützig",1,"Wohnung",1,"netto",2146,2036,2257,1650,1498,1720,1975,1789,2237,2559,2445,2755,1904,416,66
2024,"2024.04",4,"Stadtquartiere",59,"Industriequartier (Kreis 5)",3,"3 Zimmer",2,"Nicht gemeinnützig",1,"Wohnung",1,"netto",2270,2180,2361,1667,1540,1832,2206,2020,2431,2727,2644,2862,1819,408,85
2022,"2022.04",4,"Stadtquartiere",59,"Industriequartier (Kreis 5)",4,"4 Zimmer",2,"Nicht gemeinnützig",1,"Wohnung",1,"netto",2432,2299,2566,1662,1567,2123,2218,2129,2483,2880,2800,3200,965,189,46
2024,"2024.04",4,"Stadtquartiere",59,"Industriequartier (Kreis 5)",4,"4 Zimmer",2,"Nicht gemeinnützig",1,"Wohnung",1,"netto",2591,2463,2718,1875,1648,2145,2403,2271,2611,3320,3080,3572,914,221,52
2022,"2022.04",4,"Stadtquartiere",61,"Unterstrass",2,"2 Zimmer",1,"Gemeinnützig",1,"Wohnung",1,"netto",991,917,1066,704,680,792,809,773,870,1128,1022,1331,617,290,12
2024,"2024.04",4,"Stadtquartiere",61,"Unterstrass",2,"2 Zimmer",1,"Gemeinnützig",1,"Wohnung",1,"netto",974,933,1016,749,723,809,925,862,941,1079,968,1264,671,342,20
2022,"2022.04",4,"Stadtquartiere",61,"Unterstrass",3,"3 Zimmer",1,"Gemeinnützig",1,"Wohnung",1,"netto",979,961,997,804,771,822,973,936,991,1050,1009,1083,1705,946,23
2024,"2024.04",4,"Stadtquartiere",61,"Unterstrass",3,"3 Zimmer",1,"Gemeinnützig",1,"Wohnung",1,"netto",1049,1034,1064,859,832,886,992,992,1058,1196,1148,1257,1770,1074,27
2022,"2022.04",4,"Stadtquartiere",61,"Unterstrass",4,"4 Zimmer",1,"Gemeinnützig",1,"Wohnung",1,"netto",1357,1334,1379,1167,1127,1190,1275,1253,1317,1461,1406,1528,977,552,20
2024,"2024.04",4,"Stadtquartiere",61,"Unterstrass",4,"4 Zimmer",1,"Gemeinnützig",1,"Wohnung",1,"netto",1461,1429,1492,1184,1170,1258,1378,1355,1402,1751,1713,1810,1005,593,22
2022,"2022.04",4,"Stadtquartiere",61,"Unterstrass",2,"2 Zimmer",2,"Nicht gemeinnützig",1,"Wohnung",1,"netto",1504,1405,1602,1251,1210,1300,1421,1315,1526,1799,1617,2031,1710,278,40
2024,"2024.04",4,"Stadtquartiere",61,"Unterstrass",2,"2 Zimmer",2,"Nicht gemeinnützig",1,"Wohnung",1,"netto",1673,1603,1742,1349,1227,1445,1587,1503,1760,2053,1926,2150,1675,303,60
2022,"2022.04",4,"Stadtquartiere",61,"Unterstrass",3,"3 Zimmer",2,"Nicht gemeinnützig",1,"Wohnung",1,"netto",1908,1777,2040,1415,1347,1497,1900,1600,2167,2300,2169,2580,2508,378,43
2024,"2024.04",4,"Stadtquartiere",61,"Unterstrass",3,"3 Zimmer",2,"Nicht gemeinnützig",1,"Wohnung",1,"netto",2041,1937,2145,1483,1342,1720,1915,1778,2174,2423,2307,2588,2432,380,61
2022,"2022.04",4,"Stadtquartiere",61,"Unterstrass",4,"4 Zimmer",2,"Nicht gemeinnützig",1,"Wohnung",1,"netto",2419,2316,2521,1880,1806,2100,2441,2290,2600,2800,2700,3150,1465,262,51
2024,"2024.04",4,"Stadtquartiere",61,"Unterstrass",4,"4 Zimmer",2,"Nicht gemeinnützig",1,"Wohnung",1,"netto",2585,2484,2686,2001,1911,2107,2528,2359,2726,3189,3011,3388,1422,262,75
2022,"2022.04",4,"Stadtquartiere",63,"Oberstrass",2,"2 Zimmer",1,"Gemeinnützig",1,"Wohnung",1,"netto",1137,1118,1156,941,925,952,1039,1028,1043,1339,1145,1363,59,38,19
2024,"2024.04",4,"Stadtquartiere",63,"Oberstrass",2,"2 Zimmer",1,"Gemeinnützig",1,"Wohnung",1,"netto",1166,1144,1188,970,969,980,1094,1081,1107,1372,1279,1411,60,38,19
2022,"2022.04",4,"Stadtquartiere",63,"Oberstrass",3,"3 Zimmer",1,"Gemeinnützig",1,"Wohnung",1,"netto",1157,1133,1181,826,824,829,1120,1108,1135,1277,1256,1308,234,185,20
2024,"2024.04",4,"Stadtquartiere",63,"Oberstrass",3,"3 Zimmer",1,"Gemeinnützig",1,"Wohnung",1,"netto",1201,1172,1230,830,828,834,1165,1154,1176,1335,1306,1354,235,187,20
2022,"2022.04",4,"Stadtquartiere",63,"Oberstrass",4,"4 Zimmer",1,"Gemeinnützig",1,"Wohnung",1,"netto",1482,1469,1495,1265,1248,1265,1427,1424,1437,1601,1593,1610,179,153,17
2024,"2024.04",4,"Stadtquartiere",63,"Oberstrass",4,"4 Zimmer",1,"Gemeinnützig",1,"Wohnung",1,"netto",1571,1556,1586,1317,1313,1324,1488,1485,1497,1701,1663,1717,183,159,19
2022,"2022.04",4,"Stadtquartiere",63,"Oberstrass",2,"2 Zimmer",2,"Nicht gemeinnützig",1,"Wohnung",1,"netto",1679,1520,1837,1307,1147,1425,1581,1422,1658,1808,1662,2000,868,71,35
2024,"2024.04",4,"Stadtquartiere",63,"Oberstrass",2,"2 Zimmer",2,"Nicht gemeinnützig",1,"Wohnung",1,"netto",1728,1632,1823,1353,1221,1500,1680,1583,1763,1999,1880,2229,869,81,57
2022,"2022.04",4,"Stadtquartiere",63,"Oberstrass",3,"3 Zimmer",2,"Nicht gemeinnützig",1,"Wohnung",1,"netto",2190,2058,2322,1773,1545,1922,2173,1940,2405,2665,2425,2850,966,64,44
2024,"2024.04",4,"Stadtquartiere",63,"Oberstrass",3,"3 Zimmer",2,"Nicht gemeinnützig",1,"Wohnung",1,"netto",2426,2273,2580,1930,1382,2062,2329,2211,2666,2901,2848,3244,937,71,56
2022,"2022.04",4,"Stadtquartiere",63,"Oberstrass",4,"4 Zimmer",2,"Nicht gemeinnützig",1,"Wohnung",1,"netto",2567,2316,2817,1705,1182,2101,2466,2127,2689,3289,2711,3541,888,48,42
2024,"2024.04",4,"Stadtquartiere",63,"Oberstrass",4,"4 Zimmer",2,"Nicht gemeinnützig",1,"Wohnung",1,"netto",2770,2615,2925,2042,1797,2233,2800,2470,3048,3496,3150,3757,868,39,58
2022,"2022.04",4,"Stadtquartiere",71,"Fluntern",2,"2 Zimmer",1,"Gemeinnützig",1,"Wohnung",1,"netto",1096,1096,1096,990,999,999,1038,1038,1038,1191,1191,1191,48,48,0
2024,"2024.04",4,"Stadtquartiere",71,"Fluntern",2,"2 Zimmer",1,"Gemeinnützig",1,"Wohnung",1,"netto",1196,1184,1209,1027,1027,1028,1060,1060,1061,1167,1167,1171,53,52,0
2022,"2022.04",4,"Stadtquartiere",71,"Fluntern",3,"3 Zimmer",1,"Gemeinnützig",1,"Wohnung",1,"netto",1288,1266,1310,1157,1145,1166,1271,1262,1275,1431,1388,1438,75,61,12
2024,"2024.04",4,"Stadtquartiere",71,"Fluntern",3,"3 Zimmer",1,"Gemeinnützig",1,"Wohnung",1,"netto",1522,1500,1544,1266,1262,1276,1306,1306,1325,1456,1445,1462,81,78,0
2022,"2022.04",4,"Stadtquartiere",71,"Fluntern",4,"4 Zimmer",1,"Gemeinnützig",1,"Wohnung",1,"netto",1331,1323,1339,1054,1032,1065,1428,1428,1429,1516,1515,1518,51,49,0
2024,"2024.04",4,"Stadtquartiere",71,"Fluntern",4,"4 Zimmer",1,"Gemeinnützig",1,"Wohnung",1,"netto",1642,1619,1665,1488,1473,1503,1544,1544,1546,1607,1572,1620,51,50,0
2022,"2022.04",4,"Stadtquartiere",71,"Fluntern",2,"2 Zimmer",2,"Nicht gemeinnützig",1,"Wohnung",1,"netto",1793,1663,1923,1339,1253,1469,1755,1415,1906,2113,1903,2381,520,65,34
2024,"2024.04",4,"Stadtquartiere",71,"Fluntern",2,"2 Zimmer",2,"Nicht gemeinnützig",1,"Wohnung",1,"netto",1955,1851,2059,1467,1379,1606,1990,1635,2268,2424,2301,2589,507,51,44
2022,"2022.04",4,"Stadtquartiere",71,"Fluntern",3,"3 Zimmer",2,"Nicht gemeinnützig",1,"Wohnung",1,"netto",2680,2536,2824,1980,1800,2277,2608,2399,2849,3250,3148,3655,695,121,39
2024,"2024.04",4,"Stadtquartiere",71,"Fluntern",3,"3 Zimmer",2,"Nicht gemeinnützig",1,"Wohnung",1,"netto",2786,2641,2932,1993,1594,2133,2719,2450,2814,3483,3228,3794,667,108,58
2022,"2022.04",4,"Stadtquartiere",71,"Fluntern",4,"4 Zimmer",2,"Nicht gemeinnützig",1,"Wohnung",1,"netto",2922,2717,3128,2234,1957,2481,2932,2483,3061,3509,3072,4038,693,100,35
2024,"2024.04",4,"Stadtquartiere",71,"Fluntern",4,"4 Zimmer",2,"Nicht gemeinnützig",1,"Wohnung",1,"netto",3084,2944,3225,2367,2270,2625,2937,2819,3230,3620,3240,3829,663,89,54
2022,"2022.04",4,"Stadtquartiere",72,"Hottingen",2,"2 Zimmer",1,"Gemeinnützig",1,"Wohnung",1,"netto",1264,1247,1281,1130,1052,1171,1343,1316,1354,1435,1413,1440,122,91,18
2024,"2024.04",4,"Stadtquartiere",72,"Hottingen",2,"2 Zimmer",1,"Gemeinnützig",1,"Wohnung",1,"netto",1363,1339,1387,1230,1217,1247,1366,1362,1373,1463,1456,1485,125,92,20
2022,"2022.04",4,"Stadtquartiere",72,"Hottingen",3,"3 Zimmer",1,"Gemeinnützig",1,"Wohnung",1,"netto",1606,1575,1638,1228,1205,1256,1388,1375,1397,1710,1617,1965,132,90,28
2024,"2024.04",4,"Stadtquartiere",72,"Hottingen",3,"3 Zimmer",1,"Gemeinnützig",1,"Wohnung",1,"netto",1802,1771,1833,1320,1316,1328,1457,1442,1468,2301,2102,2409,133,96,26
2022,"2022.04",4,"Stadtquartiere",72,"Hottingen",4,"4 Zimmer",1,"Gemeinnützig",1,"Wohnung",1,"netto",1992,1934,2049,1338,1320,1379,1635,1603,1646,2230,2149,2357,123,91,23
2024,"2024.04",4,"Stadtquartiere",72,"Hottingen",4,"4 Zimmer",1,"Gemeinnützig",1,"Wohnung",1,"netto",2155,2086,2224,1464,1434,1495,1848,1699,1892,2620,2225,3008,121,87,20
2022,"2022.04",4,"Stadtquartiere",72,"Hottingen",2,"2 Zimmer",2,"Nicht gemeinnützig",1,"Wohnung",1,"netto",1700,1588,1813,1285,1164,1534,1817,1559,1945,2010,1900,2162,865,89,37
2024,"2024.04",4,"Stadtquartiere",72,"Hottingen",2,"2 Zimmer",2,"Nicht gemeinnützig",1,"Wohnung",1,"netto",1949,1868,2031,1500,1400,1711,1954,1762,2144,2363,2199,2408,864,85,51
2022,"2022.04",4,"Stadtquartiere",72,"Hottingen",3,"3 Zimmer",2,"Nicht gemeinnützig",1,"Wohnung",1,"netto",2247,2054,2439,1811,1647,2023,2216,2020,2400,2559,2362,2650,1169,108,41
2024,"2024.04",4,"Stadtquartiere",72,"Hottingen",3,"3 Zimmer",2,"Nicht gemeinnützig",1,"Wohnung",1,"netto",2407,2302,2512,2000,1884,2112,2445,2225,2588,2774,2619,2901,1160,102,60
2022,"2022.04",4,"Stadtquartiere",72,"Hottingen",4,"4 Zimmer",2,"Nicht gemeinnützig",1,"Wohnung",1,"netto",2810,2578,3042,2078,1826,2395,2919,2391,3000,3133,3007,3832,971,54,42
2024,"2024.04",4,"Stadtquartiere",72,"Hottingen",4,"4 Zimmer",2,"Nicht gemeinnützig",1,"Wohnung",1,"netto",2855,2682,3029,2271,2205,2546,2850,2531,2987,3258,3058,3509,936,49,49
2022,"2022.04",4,"Stadtquartiere",73,"Hirslanden",2,"2 Zimmer",1,"Gemeinnützig",1,"Wohnung",1,"netto",900,873,928,769,743,852,859,835,948,1023,951,1089,78,30,10
2024,"2024.04",4,"Stadtquartiere",73,"Hirslanden",2,"2 Zimmer",1,"Gemeinnützig",1,"Wohnung",1,"netto",936,900,972,769,752,863,871,855,989,1059,989,1172,81,30,11
2022,"2022.04",4,"Stadtquartiere",73,"Hirslanden",3,"3 Zimmer",1,"Gemeinnützig",1,"Wohnung",1,"netto",1034,1002,1067,889,884,965,972,922,1020,1075,1046,1135,221,72,12
2024,"2024.04",4,"Stadtquartiere",73,"Hirslanden",3,"3 Zimmer",1,"Gemeinnützig",1,"Wohnung",1,"netto",1084,1066,1103,915,885,981,981,924,1055,1146,1114,1160,235,79,11
2022,"2022.04",4,"Stadtquartiere",73,"Hirslanden",4,"4 Zimmer",1,"Gemeinnützig",1,"Wohnung",1,"netto",1177,1134,1219,1025,872,1070,1094,1093,1136,1321,1244,1391,89,33,15
2024,"2024.04",4,"Stadtquartiere",73,"Hirslanden",4,"4 Zimmer",1,"Gemeinnützig",1,"Wohnung",1,"netto",1261,1237,1285,1071,994,1102,1138,1127,1189,1418,1314,1463,100,43,12
2022,"2022.04",4,"Stadtquartiere",73,"Hirslanden",2,"2 Zimmer",2,"Nicht gemeinnützig",1,"Wohnung",1,"netto",1698,1590,1806,1351,1110,1519,1600,1548,1700,2122,1620,2339,588,84,34
2024,"2024.04",4,"Stadtquartiere",73,"Hirslanden",2,"2 Zimmer",2,"Nicht gemeinnützig",1,"Wohnung",1,"netto",1929,1822,2037,1500,1355,1620,1915,1790,2025,2314,2216,2491,642,102,47
2022,"2022.04",4,"Stadtquartiere",73,"Hirslanden",3,"3 Zimmer",2,"Nicht gemeinnützig",1,"Wohnung",1,"netto",1893,1770,2015,1540,1432,1705,1888,1701,2039,2227,2045,2381,1043,115,40
2024,"2024.04",4,"Stadtquartiere",73,"Hirslanden",3,"3 Zimmer",2,"Nicht gemeinnützig",1,"Wohnung",1,"netto",2108,1980,2235,1584,1390,1795,2052,1960,2250,2557,2301,2750,1062,118,62
2022,"2022.04",4,"Stadtquartiere",73,"Hirslanden",4,"4 Zimmer",2,"Nicht gemeinnützig",1,"Wohnung",1,"netto",2277,1975,2580,1375,1200,1897,2071,1798,2520,2801,2358,3305,674,46,26
2024,"2024.04",4,"Stadtquartiere",73,"Hirslanden",4,"4 Zimmer",2,"Nicht gemeinnützig",1,"Wohnung",1,"netto",2372,2193,2550,1870,1525,2097,2278,2109,2567,2949,2615,3109,647,36,55
2022,"2022.04",4,"Stadtquartiere",74,"Witikon",2,"2 Zimmer",1,"Gemeinnützig",1,"Wohnung",1,"netto",985,952,1018,719,725,725,982,857,1034,1163,1114,1208,54,22,20
2024,"2024.04",4,"Stadtquartiere",74,"Witikon",2,"2 Zimmer",1,"Gemeinnützig",1,"Wohnung",1,"netto",1178,980,1375,754,1041,1200,1150,972,1287,1289,1259,1497,99,24,5
2022,"2022.04",4,"Stadtquartiere",74,"Witikon",3,"3 Zimmer",1,"Gemeinnützig",1,"Wohnung",1,"netto",1226,1209,1243,987,987,1009,1197,1188,1239,1400,1362,1421,88,59,20
2024,"2024.04",4,"Stadtquartiere",74,"Witikon",3,"3 Zimmer",1,"Gemeinnützig",1,"Wohnung",1,"netto",1290,1233,1347,1003,923,1021,1299,1114,1335,1493,1407,1683,103,53,17
2022,"2022.04",4,"Stadtquartiere",74,"Witikon",4,"4 Zimmer",1,"Gemeinnützig",1,"Wohnung",1,"netto",1409,1387,1432,1206,1182,1222,1281,1244,1390,1618,1555,1665,158,69,20
2024,"2024.04",4,"Stadtquartiere",74,"Witikon",4,"4 Zimmer",1,"Gemeinnützig",1,"Wohnung",1,"netto",1434,1394,1475,1202,1181,1215,1286,1217,1480,1723,1592,1841,160,65,17
2022,"2022.04",4,"Stadtquartiere",74,"Witikon",2,"2 Zimmer",2,"Nicht gemeinnützig",1,"Wohnung",1,"netto",1376,1292,1459,1110,836,1285,1390,1302,1465,1658,1519,1700,678,156,33
2024,"2024.04",4,"Stadtquartiere",74,"Witikon",2,"2 Zimmer",2,"Nicht gemeinnützig",1,"Wohnung",1,"netto",1551,1476,1626,1259,1183,1397,1483,1434,1550,1749,1638,1895,700,156,44
2022,"2022.04",4,"Stadtquartiere",74,"Witikon",3,"3 Zimmer",2,"Nicht gemeinnützig",1,"Wohnung",1,"netto",1606,1527,1684,1277,1131,1423,1581,1440,1680,1790,1703,2083,1422,276,31
2024,"2024.04",4,"Stadtquartiere",74,"Witikon",3,"3 Zimmer",2,"Nicht gemeinnützig",1,"Wohnung",1,"netto",1890,1817,1962,1444,1300,1529,1727,1688,1800,2168,2027,2436,1397,293,56
2022,"2022.04",4,"Stadtquartiere",74,"Witikon",4,"4 Zimmer",2,"Nicht gemeinnützig",1,"Wohnung",1,"netto",2302,2118,2487,1798,1662,1889,1943,1896,2235,2494,2238,2827,1003,171,29
2024,"2024.04",4,"Stadtquartiere",74,"Witikon",4,"4 Zimmer",2,"Nicht gemeinnützig",1,"Wohnung",1,"netto",2327,2202,2452,1600,1475,1771,2025,1908,2101,3120,2563,3346,947,186,47
2022,"2022.04",4,"Stadtquartiere",89,"Riesbach (Kreis 8)",2,"2 Zimmer",1,"Gemeinnützig",1,"Wohnung",1,"netto",1108,1075,1142,860,847,885,1009,988,1031,1292,1180,1330,98,80,0
2024,"2024.04",4,"Stadtquartiere",89,"Riesbach (Kreis 8)",2,"2 Zimmer",1,"Gemeinnützig",1,"Wohnung",1,"netto",1196,1173,1218,906,901,923,1077,1064,1122,1405,1341,1420,93,86,0
2022,"2022.04",4,"Stadtquartiere",89,"Riesbach (Kreis 8)",3,"3 Zimmer",1,"Gemeinnützig",1,"Wohnung",1,"netto",1153,1141,1165,839,839,846,1078,1071,1085,1277,1264,1284,253,235,0
2024,"2024.04",4,"Stadtquartiere",89,"Riesbach (Kreis 8)",3,"3 Zimmer",1,"Gemeinnützig",1,"Wohnung",1,"netto",1214,1204,1224,894,892,900,1122,1116,1132,1337,1330,1347,246,214,24
2022,"2022.04",4,"Stadtquartiere",89,"Riesbach (Kreis 8)",4,"4 Zimmer",1,"Gemeinnützig",1,"Wohnung",1,"netto",1351,1339,1362,1045,1040,1058,1350,1345,1358,1484,1476,1486,244,232,0
2024,"2024.04",4,"Stadtquartiere",89,"Riesbach (Kreis 8)",4,"4 Zimmer",1,"Gemeinnützig",1,"Wohnung",1,"netto",1440,1432,1448,1127,1121,1133,1400,1400,1408,1587,1583,1589,246,227,14
2022,"2022.04",4,"Stadtquartiere",89,"Riesbach (Kreis 8)",2,"2 Zimmer",2,"Nicht gemeinnützig",1,"Wohnung",1,"netto",1882,1822,1942,1413,1350,1531,1891,1800,1961,2280,2199,2399,2213,477,113
2024,"2024.04",4,"Stadtquartiere",89,"Riesbach (Kreis 8)",2,"2 Zimmer",2,"Nicht gemeinnützig",1,"Wohnung",1,"netto",2054,2000,2109,1477,1439,1540,1986,1910,2050,2540,2414,2639,2192,497,176
2022,"2022.04",4,"Stadtquartiere",89,"Riesbach (Kreis 8)",3,"3 Zimmer",2,"Nicht gemeinnützig",1,"Wohnung",1,"netto",2323,2237,2410,1659,1560,1801,2270,2137,2390,2818,2688,2994,2773,472,125
2024,"2024.04",4,"Stadtquartiere",89,"Riesbach (Kreis 8)",3,"3 Zimmer",2,"Nicht gemeinnützig",1,"Wohnung",1,"netto",2568,2492,2645,1769,1638,1900,2464,2300,2600,3207,3004,3362,2751,493,185
2022,"2022.04",4,"Stadtquartiere",89,"Riesbach (Kreis 8)",4,"4 Zimmer",2,"Nicht gemeinnützig",1,"Wohnung",1,"netto",2860,2726,2995,1982,1800,2160,2650,2505,2900,3604,3240,3901,1393,166,99
2024,"2024.04",4,"Stadtquartiere",89,"Riesbach (Kreis 8)",4,"4 Zimmer",2,"Nicht gemeinnützig",1,"Wohnung",1,"netto",2926,2819,3033,2111,1880,2188,2762,2618,2993,3618,3436,3865,1367,176,142
2022,"2022.04",4,"Stadtquartiere",91,"Albisrieden",2,"2 Zimmer",1,"Gemeinnützig",1,"Wohnung",1,"netto",996,966,1026,725,681,755,950,900,1031,1268,1210,1320,838,493,25
2024,"2024.04",4,"Stadtquartiere",91,"Albisrieden",2,"2 Zimmer",1,"Gemeinnützig",1,"Wohnung",1,"netto",1077,1015,1138,795,759,937,1077,980,1141,1308,1226,1371,816,497,17
2022,"2022.04",4,"Stadtquartiere",91,"Albisrieden",3,"3 Zimmer",1,"Gemeinnützig",1,"Wohnung",1,"netto",991,963,1019,677,661,700,929,899,981,1167,1122,1254,1764,1006,40
2024,"2024.04",4,"Stadtquartiere",91,"Albisrieden",3,"3 Zimmer",1,"Gemeinnützig",1,"Wohnung",1,"netto",1062,1037,1088,734,715,757,981,960,1036,1297,1204,1364,1684,1036,29
2022,"2022.04",4,"Stadtquartiere",91,"Albisrieden",4,"4 Zimmer",1,"Gemeinnützig",1,"Wohnung",1,"netto",1442,1405,1479,1149,1051,1190,1525,1328,1582,1733,1716,1785,1006,516,34
2024,"2024.04",4,"Stadtquartiere",91,"Albisrieden",4,"4 Zimmer",1,"Gemeinnützig",1,"Wohnung",1,"netto",1533,1475,1591,1203,1126,1265,1575,1494,1635,1810,1720,1850,999,509,28
2022,"2022.04",4,"Stadtquartiere",91,"Albisrieden",2,"2 Zimmer",2,"Nicht gemeinnützig",1,"Wohnung",1,"netto",1576,1508,1645,1197,1157,1291,1406,1297,1500,1935,1685,2062,1704,343,37
2024,"2024.04",4,"Stadtquartiere",91,"Albisrieden",2,"2 Zimmer",2,"Nicht gemeinnützig",1,"Wohnung",1,"netto",1666,1623,1708,1318,1240,1380,1556,1470,1589,1905,1824,2050,1741,431,63
2022,"2022.04",4,"Stadtquartiere",91,"Albisrieden",3,"3 Zimmer",2,"Nicht gemeinnützig",1,"Wohnung",1,"netto",1780,1717,1843,1389,1269,1469,1750,1648,1825,2175,1936,2236,2292,383,34
2024,"2024.04",4,"Stadtquartiere",91,"Albisrieden",3,"3 Zimmer",2,"Nicht gemeinnützig",1,"Wohnung",1,"netto",2056,1992,2121,1550,1487,1632,1946,1780,2055,2572,2399,2686,2417,417,52
2022,"2022.04",4,"Stadtquartiere",91,"Albisrieden",4,"4 Zimmer",2,"Nicht gemeinnützig",1,"Wohnung",1,"netto",2354,2261,2446,1938,1665,2000,2241,2097,2366,2676,2485,2818,1267,314,29
2024,"2024.04",4,"Stadtquartiere",91,"Albisrieden",4,"4 Zimmer",2,"Nicht gemeinnützig",1,"Wohnung",1,"netto",2450,2362,2539,1896,1789,1980,2399,2240,2474,2764,2620,2935,1334,391,40
2022,"2022.04",4,"Stadtquartiere",92,"Altstetten",2,"2 Zimmer",1,"Gemeinnützig",1,"Wohnung",1,"netto",891,843,938,687,661,711,895,850,922,969,944,1044,819,502,21
2024,"2024.04",4,"Stadtquartiere",92,"Altstetten",2,"2 Zimmer",1,"Gemeinnützig",1,"Wohnung",1,"netto",944,905,983,742,718,795,944,892,987,1109,1072,1215,845,531,21
2022,"2022.04",4,"Stadtquartiere",92,"Altstetten",3,"3 Zimmer",1,"Gemeinnützig",1,"Wohnung",1,"netto",997,969,1025,788,746,829,1006,935,1059,1173,1148,1211,2294,1209,34
2024,"2024.04",4,"Stadtquartiere",92,"Altstetten",3,"3 Zimmer",1,"Gemeinnützig",1,"Wohnung",1,"netto",1038,1007,1070,847,834,870,1016,975,1116,1234,1190,1259,2233,1244,30
2022,"2022.04",4,"Stadtquartiere",92,"Altstetten",4,"4 Zimmer",1,"Gemeinnützig",1,"Wohnung",1,"netto",1298,1250,1347,945,922,1025,1348,1277,1361,1530,1488,1663,1293,695,28
2024,"2024.04",4,"Stadtquartiere",92,"Altstetten",4,"4 Zimmer",1,"Gemeinnützig",1,"Wohnung",1,"netto",1355,1320,1390,1075,1062,1117,1374,1350,1410,1592,1512,1639,1258,744,29
2022,"2022.04",4,"Stadtquartiere",92,"Altstetten",2,"2 Zimmer",2,"Nicht gemeinnützig",1,"Wohnung",1,"netto",1539,1468,1610,1171,1137,1253,1450,1308,1555,1790,1600,2080,3611,479,41
2024,"2024.04",4,"Stadtquartiere",92,"Altstetten",2,"2 Zimmer",2,"Nicht gemeinnützig",1,"Wohnung",1,"netto",1623,1577,1668,1250,1210,1344,1579,1449,1649,2020,1865,2091,3699,1150,64
2022,"2022.04",4,"Stadtquartiere",92,"Altstetten",3,"3 Zimmer",2,"Nicht gemeinnützig",1,"Wohnung",1,"netto",1678,1596,1759,1236,1200,1350,1582,1500,1709,2081,1794,2244,4332,628,60
2024,"2024.04",4,"Stadtquartiere",92,"Altstetten",3,"3 Zimmer",2,"Nicht gemeinnützig",1,"Wohnung",1,"netto",1886,1826,1946,1450,1414,1493,1821,1666,1900,2210,2149,2380,4414,1150,74
2022,"2022.04",4,"Stadtquartiere",92,"Altstetten",4,"4 Zimmer",2,"Nicht gemeinnützig",1,"Wohnung",1,"netto",2161,2049,2274,1772,1525,1954,2191,2040,2350,2669,2379,2829,1761,273,34
2024,"2024.04",4,"Stadtquartiere",92,"Altstetten",4,"4 Zimmer",2,"Nicht gemeinnützig",1,"Wohnung",1,"netto",2298,2211,2386,1714,1644,1878,2138,2080,2298,2749,2557,2964,1806,435,54
2022,"2022.04",4,"Stadtquartiere",101,"Höngg",2,"2 Zimmer",1,"Gemeinnützig",1,"Wohnung",1,"netto",906,861,951,700,674,745,852,814,880,1053,1035,1083,516,378,20
2024,"2024.04",4,"Stadtquartiere",101,"Höngg",2,"2 Zimmer",1,"Gemeinnützig",1,"Wohnung",1,"netto",974,939,1009,744,717,803,904,857,996,1148,1064,1215,530,390,17
2022,"2022.04",4,"Stadtquartiere",101,"Höngg",3,"3 Zimmer",1,"Gemeinnützig",1,"Wohnung",1,"netto",1117,1073,1160,904,852,913,1090,1034,1133,1310,1218,1377,1012,776,17
2024,"2024.04",4,"Stadtquartiere",101,"Höngg",3,"3 Zimmer",1,"Gemeinnützig",1,"Wohnung",1,"netto",1176,1153,1198,987,932,1020,1149,1129,1162,1350,1317,1415,982,781,18
2022,"2022.04",4,"Stadtquartiere",101,"Höngg",4,"4 Zimmer",1,"Gemeinnützig",1,"Wohnung",1,"netto",1443,1399,1487,1111,1088,1152,1363,1324,1400,1717,1586,1746,817,609,23
2024,"2024.04",4,"Stadtquartiere",101,"Höngg",4,"4 Zimmer",1,"Gemeinnützig",1,"Wohnung",1,"netto",1515,1464,1566,1206,1159,1265,1438,1412,1465,1761,1696,1828,808,614,19
2022,"2022.04",4,"Stadtquartiere",101,"Höngg",2,"2 Zimmer",2,"Nicht gemeinnützig",1,"Wohnung",1,"netto",1488,1302,1673,1260,1140,1384,1400,1339,1520,1540,1518,1899,1459,287,29
2024,"2024.04",4,"Stadtquartiere",101,"Höngg",2,"2 Zimmer",2,"Nicht gemeinnützig",1,"Wohnung",1,"netto",1534,1474,1595,1322,1243,1381,1489,1428,1560,1719,1616,1775,1463,296,48
2022,"2022.04",4,"Stadtquartiere",101,"Höngg",3,"3 Zimmer",2,"Nicht gemeinnützig",1,"Wohnung",1,"netto",1828,1698,1958,1459,1300,1590,1700,1605,1869,2100,1910,2428,2672,608,37
2024,"2024.04",4,"Stadtquartiere",101,"Höngg",3,"3 Zimmer",2,"Nicht gemeinnützig",1,"Wohnung",1,"netto",1831,1760,1902,1480,1384,1560,1723,1679,1850,2130,1966,2282,2646,591,55
2022,"2022.04",4,"Stadtquartiere",101,"Höngg",4,"4 Zimmer",2,"Nicht gemeinnützig",1,"Wohnung",1,"netto",2223,2129,2316,1740,1660,1900,2077,1920,2420,2600,2481,2750,1776,380,38
2024,"2024.04",4,"Stadtquartiere",101,"Höngg",4,"4 Zimmer",2,"Nicht gemeinnützig",1,"Wohnung",1,"netto",2205,2119,2291,1709,1627,1815,2081,1946,2229,2539,2362,2755,1768,380,67
2022,"2022.04",4,"Stadtquartiere",102,"Wipkingen",2,"2 Zimmer",1,"Gemeinnützig",1,"Wohnung",1,"netto",876,854,897,680,665,705,853,832,887,1052,971,1090,699,423,32
2024,"2024.04",4,"Stadtquartiere",102,"Wipkingen",2,"2 Zimmer",1,"Gemeinnützig",1,"Wohnung",1,"netto",958,933,983,733,720,754,915,871,951,1137,1051,1161,716,438,27
2022,"2022.04",4,"Stadtquartiere",102,"Wipkingen",3,"3 Zimmer",1,"Gemeinnützig",1,"Wohnung",1,"netto",986,941,1030,752,748,772,874,829,952,1132,1001,1231,1116,653,23
2024,"2024.04",4,"Stadtquartiere",102,"Wipkingen",3,"3 Zimmer",1,"Gemeinnützig",1,"Wohnung",1,"netto",1002,968,1036,800,771,826,940,878,961,1125,1047,1227,1116,643,23
2022,"2022.04",4,"Stadtquartiere",102,"Wipkingen",4,"4 Zimmer",1,"Gemeinnützig",1,"Wohnung",1,"netto",1279,1239,1318,942,869,1019,1145,1060,1232,1544,1471,1639,523,262,30
2024,"2024.04",4,"Stadtquartiere",102,"Wipkingen",4,"4 Zimmer",1,"Gemeinnützig",1,"Wohnung",1,"netto",1361,1328,1393,1038,962,1117,1303,1245,1356,1601,1533,1691,517,262,29
2022,"2022.04",4,"Stadtquartiere",102,"Wipkingen",2,"2 Zimmer",2,"Nicht gemeinnützig",1,"Wohnung",1,"netto",1605,1471,1738,1283,1157,1348,1410,1349,1686,1853,1687,2124,1339,139,37
2024,"2024.04",4,"Stadtquartiere",102,"Wipkingen",2,"2 Zimmer",2,"Nicht gemeinnützig",1,"Wohnung",1,"netto",1552,1472,1632,1230,1125,1324,1403,1342,1600,1784,1745,1883,1341,133,52
2022,"2022.04",4,"Stadtquartiere",102,"Wipkingen",3,"3 Zimmer",2,"Nicht gemeinnützig",1,"Wohnung",1,"netto",1720,1594,1845,1370,1297,1436,1575,1472,1751,1954,1800,2085,2284,313,43
2024,"2024.04",4,"Stadtquartiere",102,"Wipkingen",3,"3 Zimmer",2,"Nicht gemeinnützig",1,"Wohnung",1,"netto",1867,1767,1966,1571,1390,1749,1882,1779,1926,2086,1941,2303,2247,237,54
2022,"2022.04",4,"Stadtquartiere",102,"Wipkingen",4,"4 Zimmer",2,"Nicht gemeinnützig",1,"Wohnung",1,"netto",2211,2066,2356,1787,1590,2003,2200,2153,2420,2550,2334,2850,876,116,32
2024,"2024.04",4,"Stadtquartiere",102,"Wipkingen",4,"4 Zimmer",2,"Nicht gemeinnützig",1,"Wohnung",1,"netto",2296,2159,2433,1782,1540,1941,2225,1982,2537,2863,2558,3059,859,70,52
2022,"2022.04",4,"Stadtquartiere",111,"Affoltern",2,"2 Zimmer",1,"Gemeinnützig",1,"Wohnung",1,"netto",930,908,951,813,804,836,902,891,924,1006,985,1025,740,421,30
2024,"2024.04",4,"Stadtquartiere",111,"Affoltern",2,"2 Zimmer",1,"Gemeinnützig",1,"Wohnung",1,"netto",1008,962,1054,874,855,902,957,924,999,1081,1046,1136,804,426,28
2022,"2022.04",4,"Stadtquartiere",111,"Affoltern",3,"3 Zimmer",1,"Gemeinnützig",1,"Wohnung",1,"netto",1200,1158,1241,1011,1005,1031,1124,1102,1155,1290,1257,1305,1547,1049,46
2024,"2024.04",4,"Stadtquartiere",111,"Affoltern",3,"3 Zimmer",1,"Gemeinnützig",1,"Wohnung",1,"netto",1257,1230,1284,1066,1054,1102,1209,1166,1243,1368,1319,1404,1589,1024,45
2022,"2022.04",4,"Stadtquartiere",111,"Affoltern",4,"4 Zimmer",1,"Gemeinnützig",1,"Wohnung",1,"netto",1382,1357,1408,1143,1118,1201,1363,1341,1398,1513,1502,1545,1452,921,51
2024,"2024.04",4,"Stadtquartiere",111,"Affoltern",4,"4 Zimmer",1,"Gemeinnützig",1,"Wohnung",1,"netto",1485,1455,1516,1219,1203,1276,1467,1446,1498,1640,1612,1679,1442,853,46
2022,"2022.04",4,"Stadtquartiere",111,"Affoltern",2,"2 Zimmer",2,"Nicht gemeinnützig",1,"Wohnung",1,"netto",1351,1258,1443,1079,1041,1148,1240,1150,1274,1463,1330,1623,1283,331,33
2024,"2024.04",4,"Stadtquartiere",111,"Affoltern",2,"2 Zimmer",2,"Nicht gemeinnützig",1,"Wohnung",1,"netto",1436,1378,1493,1183,1046,1274,1440,1337,1539,1717,1581,1800,1266,285,50
2022,"2022.04",4,"Stadtquartiere",111,"Affoltern",3,"3 Zimmer",2,"Nicht gemeinnützig",1,"Wohnung",1,"netto",1531,1465,1596,1251,1180,1350,1474,1352,1561,1801,1688,1950,2359,636,37
2024,"2024.04",4,"Stadtquartiere",111,"Affoltern",3,"3 Zimmer",2,"Nicht gemeinnützig",1,"Wohnung",1,"netto",1679,1604,1754,1274,1240,1424,1655,1560,1812,2077,1911,2110,2286,550,53
2022,"2022.04",4,"Stadtquartiere",111,"Affoltern",4,"4 Zimmer",2,"Nicht gemeinnützig",1,"Wohnung",1,"netto",1837,1736,1937,1518,1400,1655,1800,1658,1954,2140,1978,2240,1482,430,30
2024,"2024.04",4,"Stadtquartiere",111,"Affoltern",4,"4 Zimmer",2,"Nicht gemeinnützig",1,"Wohnung",1,"netto",1933,1864,2003,1528,1390,1688,1954,1835,2090,2342,2245,2398,1433,350,47
2022,"2022.04",4,"Stadtquartiere",115,"Oerlikon",2,"2 Zimmer",1,"Gemeinnützig",1,"Wohnung",1,"netto",931,894,968,762,757,767,859,850,880,1014,998,1090,320,220,29
2024,"2024.04",4,"Stadtquartiere",115,"Oerlikon",2,"2 Zimmer",1,"Gemeinnützig",1,"Wohnung",1,"netto",1033,961,1105,828,818,862,955,935,992,1144,1075,1199,337,238,13
2022,"2022.04",4,"Stadtquartiere",115,"Oerlikon",3,"3 Zimmer",1,"Gemeinnützig",1,"Wohnung",1,"netto",1104,1077,1132,857,842,861,1062,1034,1125,1252,1218,1395,558,413,20
2024,"2024.04",4,"Stadtquartiere",115,"Oerlikon",3,"3 Zimmer",1,"Gemeinnützig",1,"Wohnung",1,"netto",1203,1176,1230,924,921,929,1186,1162,1206,1373,1325,1390,591,479,18
2022,"2022.04",4,"Stadtquartiere",115,"Oerlikon",4,"4 Zimmer",1,"Gemeinnützig",1,"Wohnung",1,"netto",1273,1216,1329,991,970,1040,1165,1147,1227,1482,1411,1572,463,335,19
2024,"2024.04",4,"Stadtquartiere",115,"Oerlikon",4,"4 Zimmer",1,"Gemeinnützig",1,"Wohnung",1,"netto",1439,1396,1482,1228,1214,1240,1404,1338,1422,1572,1522,1723,475,357,17
2022,"2022.04",4,"Stadtquartiere",115,"Oerlikon",2,"2 Zimmer",2,"Nicht gemeinnützig",1,"Wohnung",1,"netto",1580,1508,1653,1275,1203,1350,1450,1393,1498,1730,1650,2009,2522,473,46
2024,"2024.04",4,"Stadtquartiere",115,"Oerlikon",2,"2 Zimmer",2,"Nicht gemeinnützig",1,"Wohnung",1,"netto",1587,1529,1645,1237,1200,1360,1530,1400,1600,1850,1795,1988,2408,500,64
2022,"2022.04",4,"Stadtquartiere",115,"Oerlikon",3,"3 Zimmer",2,"Nicht gemeinnützig",1,"Wohnung",1,"netto",1785,1700,1870,1498,1300,1605,1736,1630,1801,2050,1869,2240,3418,562,46
2024,"2024.04",4,"Stadtquartiere",115,"Oerlikon",3,"3 Zimmer",2,"Nicht gemeinnützig",1,"Wohnung",1,"netto",1900,1826,1974,1606,1467,1678,1869,1766,1970,2245,2052,2350,3186,569,63
2022,"2022.04",4,"Stadtquartiere",115,"Oerlikon",4,"4 Zimmer",2,"Nicht gemeinnützig",1,"Wohnung",1,"netto",1986,1892,2080,1673,1536,1720,1892,1791,1973,2300,2115,2397,1669,383,44
2024,"2024.04",4,"Stadtquartiere",115,"Oerlikon",4,"4 Zimmer",2,"Nicht gemeinnützig",1,"Wohnung",1,"netto",2322,2229,2415,1797,1639,1945,2292,2121,2447,2799,2600,2989,1570,385,52
2022,"2022.04",4,"Stadtquartiere",119,"Seebach",2,"2 Zimmer",1,"Gemeinnützig",1,"Wohnung",1,"netto",989,958,1020,830,804,842,984,965,997,1110,1086,1135,480,369,21
2024,"2024.04",4,"Stadtquartiere",119,"Seebach",2,"2 Zimmer",1,"Gemeinnützig",1,"Wohnung",1,"netto",1047,1028,1066,855,842,873,1053,1047,1079,1177,1153,1199,521,418,19
2022,"2022.04",4,"Stadtquartiere",119,"Seebach",3,"3 Zimmer",1,"Gemeinnützig",1,"Wohnung",1,"netto",1070,1044,1097,878,851,886,1018,970,1066,1263,1225,1298,1054,757,23
2024,"2024.04",4,"Stadtquartiere",119,"Seebach",3,"3 Zimmer",1,"Gemeinnützig",1,"Wohnung",1,"netto",1191,1168,1215,934,914,952,1190,1105,1251,1418,1398,1449,1055,818,29
2022,"2022.04",4,"Stadtquartiere",119,"Seebach",4,"4 Zimmer",1,"Gemeinnützig",1,"Wohnung",1,"netto",1319,1289,1349,941,924,1080,1363,1344,1393,1591,1573,1628,853,593,36
2024,"2024.04",4,"Stadtquartiere",119,"Seebach",4,"4 Zimmer",1,"Gemeinnützig",1,"Wohnung",1,"netto",1446,1430,1462,1184,1145,1208,1504,1492,1529,1716,1709,1733,849,675,31
2022,"2022.04",4,"Stadtquartiere",119,"Seebach",2,"2 Zimmer",2,"Nicht gemeinnützig",1,"Wohnung",1,"netto",1371,1318,1425,1150,1056,1200,1340,1251,1470,1701,1570,1780,1857,377,40
2024,"2024.04",4,"Stadtquartiere",119,"Seebach",2,"2 Zimmer",2,"Nicht gemeinnützig",1,"Wohnung",1,"netto",1525,1463,1587,1222,1146,1342,1504,1418,1599,1759,1675,1867,2024,384,57
2022,"2022.04",4,"Stadtquartiere",119,"Seebach",3,"3 Zimmer",2,"Nicht gemeinnützig",1,"Wohnung",1,"netto",1670,1609,1731,1297,1250,1399,1523,1480,1617,1997,1898,2168,3013,603,54
2024,"2024.04",4,"Stadtquartiere",119,"Seebach",3,"3 Zimmer",2,"Nicht gemeinnützig",1,"Wohnung",1,"netto",1756,1701,1810,1345,1262,1448,1700,1594,1775,2061,1978,2217,3030,573,80
2022,"2022.04",4,"Stadtquartiere",119,"Seebach",4,"4 Zimmer",2,"Nicht gemeinnützig",1,"Wohnung",1,"netto",2054,1973,2136,1604,1500,1770,1951,1860,2120,2351,2310,2471,1591,398,43
2024,"2024.04",4,"Stadtquartiere",119,"Seebach",4,"4 Zimmer",2,"Nicht gemeinnützig",1,"Wohnung",1,"netto",2210,2093,2328,1665,1546,1852,2128,1999,2369,2631,2500,2742,1552,322,52
2022,"2022.04",4,"Stadtquartiere",129,"Schwamendingen (Kreis 12)",2,"2 Zimmer",1,"Gemeinnützig",1,"Wohnung",1,"netto",874,859,890,672,667,682,812,795,842,1075,1054,1117,1355,962,59
2024,"2024.04",4,"Stadtquartiere",129,"Schwamendingen (Kreis 12)",2,"2 Zimmer",1,"Gemeinnützig",1,"Wohnung",1,"netto",920,910,929,752,724,761,887,859,911,1105,1090,1135,1396,952,51
2022,"2022.04",4,"Stadtquartiere",129,"Schwamendingen (Kreis 12)",3,"3 Zimmer",1,"Gemeinnützig",1,"Wohnung",1,"netto",1005,994,1015,711,701,730,911,876,943,1282,1243,1326,2932,2025,88
2024,"2024.04",4,"Stadtquartiere",129,"Schwamendingen (Kreis 12)",3,"3 Zimmer",1,"Gemeinnützig",1,"Wohnung",1,"netto",1085,1074,1096,764,750,766,1022,1005,1045,1387,1346,1419,3035,2003,91
2022,"2022.04",4,"Stadtquartiere",129,"Schwamendingen (Kreis 12)",4,"4 Zimmer",1,"Gemeinnützig",1,"Wohnung",1,"netto",1305,1283,1327,921,894,1016,1245,1236,1288,1613,1565,1674,2104,1302,73
2024,"2024.04",4,"Stadtquartiere",129,"Schwamendingen (Kreis 12)",4,"4 Zimmer",1,"Gemeinnützig",1,"Wohnung",1,"netto",1406,1380,1432,1077,996,1157,1375,1337,1472,1705,1666,1726,2158,1240,73
2022,"2022.04",4,"Stadtquartiere",129,"Schwamendingen (Kreis 12)",2,"2 Zimmer",2,"Nicht gemeinnützig",1,"Wohnung",1,"netto",1291,1228,1354,1087,1043,1184,1311,1255,1390,1480,1443,1570,1713,426,64
2024,"2024.04",4,"Stadtquartiere",129,"Schwamendingen (Kreis 12)",2,"2 Zimmer",2,"Nicht gemeinnützig",1,"Wohnung",1,"netto",1332,1274,1389,1160,1060,1240,1312,1249,1375,1535,1478,1595,1626,385,105
2022,"2022.04",4,"Stadtquartiere",129,"Schwamendingen (Kreis 12)",3,"3 Zimmer",2,"Nicht gemeinnützig",1,"Wohnung",1,"netto",1404,1359,1449,1253,1157,1325,1435,1402,1450,1530,1490,1586,2933,582,93
2024,"2024.04",4,"Stadtquartiere",129,"Schwamendingen (Kreis 12)",3,"3 Zimmer",2,"Nicht gemeinnützig",1,"Wohnung",1,"netto",1543,1502,1583,1300,1212,1351,1528,1466,1570,1734,1680,1803,2752,504,132
2022,"2022.04",4,"Stadtquartiere",129,"Schwamendingen (Kreis 12)",4,"4 Zimmer",2,"Nicht gemeinnützig",1,"Wohnung",1,"netto",1724,1665,1784,1371,1255,1440,1595,1520,1698,2050,1920,2249,1107,274,68
2024,"2024.04",4,"Stadtquartiere",129,"Schwamendingen (Kreis 12)",4,"4 Zimmer",2,"Nicht gemeinnützig",1,"Wohnung",1,"netto",1858,1811,1904,1467,1398,1530,1717,1667,1816,2248,2149,2317,1000,256,106
2022,"2022.04",4,"Stadtquartiere",0,"Ganze Stadt",2,"2 Zimmer",1,"Gemeinnützig",2,"Quadratmeter",1,"netto",16.14,16,16.27,13.07,12.97,13.2,15.34,15.15,15.56,18.11,17.87,18.39,11106,7152,504
2024,"2024.04",4,"Stadtquartiere",0,"Ganze Stadt",2,"2 Zimmer",1,"Gemeinnützig",2,"Quadratmeter",1,"netto",17.22,17.07,17.37,14.04,13.87,14.2,16.54,16.32,16.7,19.58,19.39,19.71,11437,7430,461
2022,"2022.04",4,"Stadtquartiere",0,"Ganze Stadt",3,"3 Zimmer",1,"Gemeinnützig",2,"Quadratmeter",1,"netto",14.14,14.04,14.25,11.69,11.6,11.79,13.48,13.38,13.59,15.97,15.81,16.11,22955,14593,605
2024,"2024.04",4,"Stadtquartiere",0,"Ganze Stadt",3,"3 Zimmer",1,"Gemeinnützig",2,"Quadratmeter",1,"netto",15.07,14.98,15.15,12.58,12.47,12.68,14.53,14.44,14.62,16.94,16.82,17.07,23071,15107,620
2022,"2022.04",4,"Stadtquartiere",0,"Ganze Stadt",4,"4 Zimmer",1,"Gemeinnützig",2,"Quadratmeter",1,"netto",13.98,13.89,14.07,11.83,11.74,11.96,13.72,13.63,13.82,15.67,15.53,15.79,14925,9246,604
2024,"2024.04",4,"Stadtquartiere",0,"Ganze Stadt",4,"4 Zimmer",1,"Gemeinnützig",2,"Quadratmeter",1,"netto",14.99,14.88,15.09,12.69,12.58,12.81,14.52,14.45,14.62,16.83,16.67,17,14957,9478,580
2022,"2022.04",4,"Stadtquartiere",0,"Ganze Stadt",9,"2 , 3  und 4 Zimmer",1,"Gemeinnützig",2,"Quadratmeter",1,"netto",14.54,14.48,14.61,12,11.96,12.06,13.93,13.84,13.99,16.36,16.29,16.48,48986,30991,1713
2024,"2024.04",4,"Stadtquartiere",0,"Ganze Stadt",9,"2 , 3  und 4 Zimmer",1,"Gemeinnützig",2,"Quadratmeter",1,"netto",15.54,15.47,15.61,12.89,12.83,12.95,14.88,14.8,14.95,17.48,17.37,17.6,49465,32015,1661
2022,"2022.04",4,"Stadtquartiere",0,"Ganze Stadt",2,"2 Zimmer",2,"Nicht gemeinnützig",2,"Quadratmeter",1,"netto",27.59,27.28,27.91,21.82,21.48,22.22,26.39,26.09,26.7,32.06,31.51,32.77,35586,6336,1210
2024,"2024.04",4,"Stadtquartiere",0,"Ganze Stadt",2,"2 Zimmer",2,"Nicht gemeinnützig",2,"Quadratmeter",1,"netto",29.48,29.25,29.72,23.07,22.82,23.38,28.45,28.13,28.75,34.42,33.88,34.85,35728,7237,1786
2022,"2022.04",4,"Stadtquartiere",0,"Ganze Stadt",3,"3 Zimmer",2,"Nicht gemeinnützig",2,"Quadratmeter",1,"netto",23.94,23.66,24.22,19.11,18.67,19.36,22.89,22.57,23.17,27.8,27.45,28.25,51225,8700,1260
2024,"2024.04",4,"Stadtquartiere",0,"Ganze Stadt",3,"3 Zimmer",2,"Nicht gemeinnützig",2,"Quadratmeter",1,"netto",25.79,25.56,26.02,20.21,20,20.61,25,24.76,25.36,30,29.69,30.49,50539,9132,1836
2022,"2022.04",4,"Stadtquartiere",0,"Ganze Stadt",4,"4 Zimmer",2,"Nicht gemeinnützig",2,"Quadratmeter",1,"netto",22.66,22.37,22.95,17.79,17.46,18.05,21.46,21.1,21.92,26.61,26.09,27.25,25972,4545,1053
2024,"2024.04",4,"Stadtquartiere",0,"Ganze Stadt",4,"4 Zimmer",2,"Nicht gemeinnützig",2,"Quadratmeter",1,"netto",23.87,23.62,24.12,18.71,18.45,19.03,22.78,22.57,23.11,28.19,27.85,28.62,25502,4670,1514
2022,"2022.04",4,"Stadtquartiere",0,"Ganze Stadt",9,"2 , 3  und 4 Zimmer",2,"Nicht gemeinnützig",2,"Quadratmeter",1,"netto",24.8,24.62,24.97,19.4,19.25,19.6,23.58,23.37,23.78,28.98,28.64,29.29,112783,19581,3523
2024,"2024.04",4,"Stadtquartiere",0,"Ganze Stadt",9,"2 , 3  und 4 Zimmer",2,"Nicht gemeinnützig",2,"Quadratmeter",1,"netto",26.53,26.39,26.67,20.57,20.34,20.76,25.53,25.34,25.69,31.31,31.06,31.59,111769,21039,5136
2022,"2022.04",4,"Stadtquartiere",19,"Altstadt (Kreis 1)",2,"2 Zimmer",1,"Gemeinnützig",2,"Quadratmeter",1,"netto",18.92,18.71,19.13,14.45,14.26,14.82,17.81,17.62,17.97,22.31,21.65,22.59,302,274,0
2024,"2024.04",4,"Stadtquartiere",19,"Altstadt (Kreis 1)",2,"2 Zimmer",1,"Gemeinnützig",2,"Quadratmeter",1,"netto",19.92,19.68,20.16,15.57,15.21,15.82,19.02,18.88,19.17,23.62,23.1,23.95,307,269,7
2022,"2022.04",4,"Stadtquartiere",19,"Altstadt (Kreis 1)",3,"3 Zimmer",1,"Gemeinnützig",2,"Quadratmeter",1,"netto",17,16.83,17.17,12.82,12.73,13.06,16.26,16.06,16.47,19.76,19.54,19.92,201,191,0
2024,"2024.04",4,"Stadtquartiere",19,"Altstadt (Kreis 1)",3,"3 Zimmer",1,"Gemeinnützig",2,"Quadratmeter",1,"netto",19.39,19.24,19.55,14.07,14.04,14.13,18.06,17.8,18.21,22.34,22.13,22.67,208,189,11
2022,"2022.04",4,"Stadtquartiere",19,"Altstadt (Kreis 1)",4,"4 Zimmer",1,"Gemeinnützig",2,"Quadratmeter",1,"netto",15.77,15.43,16.11,10.68,10.56,10.74,15.16,14.93,15.43,18.94,18.72,19.4,136,124,0
2024,"2024.04",4,"Stadtquartiere",19,"Altstadt (Kreis 1)",4,"4 Zimmer",1,"Gemeinnützig",2,"Quadratmeter",1,"netto",17.55,17.15,17.95,11.81,11.7,12.2,16.71,16.42,17.18,20.29,20.04,20.84,134,123,0
2022,"2022.04",4,"Stadtquartiere",19,"Altstadt (Kreis 1)",9,"2 , 3  und 4 Zimmer",1,"Gemeinnützig",2,"Quadratmeter",1,"netto",17.69,17.56,17.82,13.22,13.04,13.29,16.73,16.6,16.96,20.74,20.49,20.88,639,589,0
2024,"2024.04",4,"Stadtquartiere",19,"Altstadt (Kreis 1)",9,"2 , 3  und 4 Zimmer",1,"Gemeinnützig",2,"Quadratmeter",1,"netto",19.29,19.14,19.44,14.29,14.17,14.52,18.29,18.13,18.37,22.41,22.27,22.62,649,581,18
2022,"2022.04",4,"Stadtquartiere",19,"Altstadt (Kreis 1)",2,"2 Zimmer",2,"Nicht gemeinnützig",2,"Quadratmeter",1,"netto",37.58,35.82,39.34,32.31,29.37,34.81,37.28,36.01,38.76,44.35,41.5,45.88,774,81,99
2024,"2024.04",4,"Stadtquartiere",19,"Altstadt (Kreis 1)",2,"2 Zimmer",2,"Nicht gemeinnützig",2,"Quadratmeter",1,"netto",39.66,38.18,41.15,30.89,28.74,32.67,38.67,37.05,40.93,46.46,44.27,49.94,743,76,144
2022,"2022.04",4,"Stadtquartiere",19,"Altstadt (Kreis 1)",3,"3 Zimmer",2,"Nicht gemeinnützig",2,"Quadratmeter",1,"netto",31.61,30.41,32.82,25.95,22.74,26.83,31.17,28.88,34.34,37.85,36.46,38.67,635,69,97
2024,"2024.04",4,"Stadtquartiere",19,"Altstadt (Kreis 1)",3,"3 Zimmer",2,"Nicht gemeinnützig",2,"Quadratmeter",1,"netto",35.29,33.92,36.66,26.07,24.57,28.26,34.7,33.38,36.91,43.36,41.34,45.22,621,70,154
2022,"2022.04",4,"Stadtquartiere",19,"Altstadt (Kreis 1)",4,"4 Zimmer",2,"Nicht gemeinnützig",2,"Quadratmeter",1,"netto",30.82,29.03,32.61,21.37,18.66,26.22,29.93,27.94,32.75,39.17,35,41.58,323,27,69
2024,"2024.04",4,"Stadtquartiere",19,"Altstadt (Kreis 1)",4,"4 Zimmer",2,"Nicht gemeinnützig",2,"Quadratmeter",1,"netto",32.48,30.64,34.32,24.35,19.61,26.63,33.24,31.43,34.53,39.95,37.11,41.64,316,25,91
2022,"2022.04",4,"Stadtquartiere",19,"Altstadt (Kreis 1)",9,"2 , 3  und 4 Zimmer",2,"Nicht gemeinnützig",2,"Quadratmeter",1,"netto",34.12,33.16,35.08,27.09,25.98,28.5,34.64,33.3,36.4,40.3,38.67,41.67,1732,177,265
2024,"2024.04",4,"Stadtquartiere",19,"Altstadt (Kreis 1)",9,"2 , 3  und 4 Zimmer",2,"Nicht gemeinnützig",2,"Quadratmeter",1,"netto",36.69,35.8,37.59,27.66,26.6,29.24,36.33,34.74,37.14,44.1,42.92,45.54,1680,171,389
2022,"2022.04",4,"Stadtquartiere",21,"Wollishofen",2,"2 Zimmer",1,"Gemeinnützig",2,"Quadratmeter",1,"netto",14.71,14.14,15.28,12.27,11.71,12.68,14.58,13.17,15.56,17.05,16.14,18.06,641,295,21
2024,"2024.04",4,"Stadtquartiere",21,"Wollishofen",2,"2 Zimmer",1,"Gemeinnützig",2,"Quadratmeter",1,"netto",17.34,16.8,17.89,14.25,13.47,14.88,16.66,15.88,17.25,20.56,19.33,21.24,673,346,22
2022,"2022.04",4,"Stadtquartiere",21,"Wollishofen",3,"3 Zimmer",1,"Gemeinnützig",2,"Quadratmeter",1,"netto",14,13.05,14.94,11.51,11.25,11.97,13.3,12.68,14.31,15.56,14.72,15.79,1171,500,35
2024,"2024.04",4,"Stadtquartiere",21,"Wollishofen",3,"3 Zimmer",1,"Gemeinnützig",2,"Quadratmeter",1,"netto",15.67,15.16,16.18,13.16,12.78,13.85,15.25,14.84,15.47,17.05,16.84,18.52,1201,556,32
2022,"2022.04",4,"Stadtquartiere",21,"Wollishofen",4,"4 Zimmer",1,"Gemeinnützig",2,"Quadratmeter",1,"netto",13.86,13.51,14.2,11.62,11.34,12.93,13.78,13.44,14.3,15.59,15.09,15.85,844,368,25
2024,"2024.04",4,"Stadtquartiere",21,"Wollishofen",4,"4 Zimmer",1,"Gemeinnützig",2,"Quadratmeter",1,"netto",15.19,14.6,15.78,12.81,12.04,13.83,14.91,14.41,16.24,17.94,16.51,18.52,832,425,20
2022,"2022.04",4,"Stadtquartiere",21,"Wollishofen",9,"2 , 3  und 4 Zimmer",1,"Gemeinnützig",2,"Quadratmeter",1,"netto",14.12,13.66,14.59,11.62,11.44,12.12,13.79,13.42,14.3,15.67,15.54,16.23,2656,1163,81
2024,"2024.04",4,"Stadtquartiere",21,"Wollishofen",9,"2 , 3  und 4 Zimmer",1,"Gemeinnützig",2,"Quadratmeter",1,"netto",15.94,15.62,16.26,13.18,12.96,13.82,15.32,15.15,15.97,18.23,17.56,18.59,2706,1327,74
2022,"2022.04",4,"Stadtquartiere",21,"Wollishofen",2,"2 Zimmer",2,"Nicht gemeinnützig",2,"Quadratmeter",1,"netto",26.58,25.56,27.59,21.13,19.75,22.78,25.71,24.32,26.71,30.31,28.64,33.08,1552,290,54
2024,"2024.04",4,"Stadtquartiere",21,"Wollishofen",2,"2 Zimmer",2,"Nicht gemeinnützig",2,"Quadratmeter",1,"netto",30.48,29.37,31.59,24.55,23.54,26.22,28.44,27.25,30.15,37.58,34.31,39.15,1646,303,82
2022,"2022.04",4,"Stadtquartiere",21,"Wollishofen",3,"3 Zimmer",2,"Nicht gemeinnützig",2,"Quadratmeter",1,"netto",25.76,24.13,27.4,21.31,19.57,23.33,25.56,24.66,26.75,29.16,27.04,30.69,2174,515,44
2024,"2024.04",4,"Stadtquartiere",21,"Wollishofen",3,"3 Zimmer",2,"Nicht gemeinnützig",2,"Quadratmeter",1,"netto",26.51,25.53,27.49,21.47,20.34,22.66,26.5,25.36,27.32,30.37,29.22,32.73,2271,509,68
2022,"2022.04",4,"Stadtquartiere",21,"Wollishofen",4,"4 Zimmer",2,"Nicht gemeinnützig",2,"Quadratmeter",1,"netto",23.57,22.35,24.78,18.54,17.5,20.81,23.5,22.38,25.1,28.42,26.18,31.14,1133,230,46
2024,"2024.04",4,"Stadtquartiere",21,"Wollishofen",4,"4 Zimmer",2,"Nicht gemeinnützig",2,"Quadratmeter",1,"netto",24.72,23.53,25.91,20.51,19.34,21.61,24.31,23.37,25.33,28.03,26.32,30.48,1167,245,62
2022,"2022.04",4,"Stadtquartiere",21,"Wollishofen",9,"2 , 3  und 4 Zimmer",2,"Nicht gemeinnützig",2,"Quadratmeter",1,"netto",25.51,24.66,26.36,20.78,19.95,22,25.2,24.36,25.95,29.21,28.23,30.67,4859,1035,144
2024,"2024.04",4,"Stadtquartiere",21,"Wollishofen",9,"2 , 3  und 4 Zimmer",2,"Nicht gemeinnützig",2,"Quadratmeter",1,"netto",27.38,26.75,28.01,21.78,21.29,22.64,26.55,25.94,27.06,31.65,30.21,33.33,5084,1057,212
2022,"2022.04",4,"Stadtquartiere",23,"Leimbach",2,"2 Zimmer",1,"Gemeinnützig",2,"Quadratmeter",1,"netto",19.5,18.37,20.63,15.75,15.32,16.02,20.05,19.29,20.43,21.77,21.51,22.1,272,227,12
2024,"2024.04",4,"Stadtquartiere",23,"Leimbach",2,"2 Zimmer",1,"Gemeinnützig",2,"Quadratmeter",1,"netto",19.45,19.32,19.59,16.7,16.56,16.84,19.75,19.49,20.17,22.07,22.06,22.1,267,232,12
2022,"2022.04",4,"Stadtquartiere",23,"Leimbach",3,"3 Zimmer",1,"Gemeinnützig",2,"Quadratmeter",1,"netto",17.42,17.03,17.81,13.57,13.2,14.01,17.35,16.52,17.73,20.68,20.03,21.5,376,325,8
2024,"2024.04",4,"Stadtquartiere",23,"Leimbach",3,"3 Zimmer",1,"Gemeinnützig",2,"Quadratmeter",1,"netto",18.03,17.95,18.11,14.37,14.25,14.76,17.91,17.44,18.41,21.03,21.01,21.17,363,323,18
2022,"2022.04",4,"Stadtquartiere",23,"Leimbach",4,"4 Zimmer",1,"Gemeinnützig",2,"Quadratmeter",1,"netto",15.99,15.56,16.41,13.63,13.22,14.17,15.71,14.17,16.16,18.45,16.46,19.93,505,369,7
2024,"2024.04",4,"Stadtquartiere",23,"Leimbach",4,"4 Zimmer",1,"Gemeinnützig",2,"Quadratmeter",1,"netto",17.37,17.16,17.57,15.12,14.63,15.54,16.88,16.71,17.62,19.43,19.43,20.15,487,375,23
2022,"2022.04",4,"Stadtquartiere",23,"Leimbach",9,"2 , 3  und 4 Zimmer",1,"Gemeinnützig",2,"Quadratmeter",1,"netto",17.28,16.93,17.64,13.79,13.56,14.18,16.34,16.06,16.92,20.45,20.17,20.61,1153,921,27
2024,"2024.04",4,"Stadtquartiere",23,"Leimbach",9,"2 , 3  und 4 Zimmer",1,"Gemeinnützig",2,"Quadratmeter",1,"netto",18.08,17.98,18.18,15.41,15.07,15.54,17.82,17.63,17.92,21.04,20.98,21.07,1117,930,53
2022,"2022.04",4,"Stadtquartiere",23,"Leimbach",2,"2 Zimmer",2,"Nicht gemeinnützig",2,"Quadratmeter",1,"netto",25.94,23.49,28.39,22.37,19.89,27.3,23.28,22.81,29.99,29.95,22.88,30.94,246,15,11
2024,"2024.04",4,"Stadtquartiere",23,"Leimbach",2,"2 Zimmer",2,"Nicht gemeinnützig",2,"Quadratmeter",1,"netto",25.96,25.06,26.86,22.37,19.22,24.51,26.08,23.79,27.6,28.34,27.57,29.84,251,15,19
2022,"2022.04",4,"Stadtquartiere",23,"Leimbach",3,"3 Zimmer",2,"Nicht gemeinnützig",2,"Quadratmeter",1,"netto",20.02,18.9,21.15,17.44,16.17,18.81,18.84,18.48,19.92,20.02,19.36,20.51,336,41,17
2024,"2024.04",4,"Stadtquartiere",23,"Leimbach",3,"3 Zimmer",2,"Nicht gemeinnützig",2,"Quadratmeter",1,"netto",21.46,20.34,22.58,18.42,17.34,19.35,20.13,19.36,21.42,22.75,21.48,25.41,323,44,35
2022,"2022.04",4,"Stadtquartiere",23,"Leimbach",4,"4 Zimmer",2,"Nicht gemeinnützig",2,"Quadratmeter",1,"netto",20.44,19.11,21.76,17.18,14.92,18.07,18.52,17.48,20.7,22.99,19.57,26.61,208,30,28
2024,"2024.04",4,"Stadtquartiere",23,"Leimbach",4,"4 Zimmer",2,"Nicht gemeinnützig",2,"Quadratmeter",1,"netto",20.77,19.76,21.78,17.89,16.78,19.13,20.21,19.92,21.11,23.35,22.28,24.69,218,32,40
2022,"2022.04",4,"Stadtquartiere",23,"Leimbach",9,"2 , 3  und 4 Zimmer",2,"Nicht gemeinnützig",2,"Quadratmeter",1,"netto",21.98,21.01,22.94,18,16.71,18.68,19.96,19.13,21.16,23.48,22,28.62,790,86,56
2024,"2024.04",4,"Stadtquartiere",23,"Leimbach",9,"2 , 3  und 4 Zimmer",2,"Nicht gemeinnützig",2,"Quadratmeter",1,"netto",22.71,22.1,23.31,18.84,18.06,19.45,21.59,20.91,22.68,25.77,24.52,26.62,792,91,94
2022,"2022.04",4,"Stadtquartiere",24,"Enge",2,"2 Zimmer",1,"Gemeinnützig",2,"Quadratmeter",1,"netto",15.33,14.71,15.96,12.23,11.11,13.24,14.21,13.8,16.16,17.16,16.23,19.2,58,13,20
2024,"2024.04",4,"Stadtquartiere",24,"Enge",2,"2 Zimmer",1,"Gemeinnützig",2,"Quadratmeter",1,"netto",15.17,14.59,15.74,11.97,11.11,12.83,13.09,12.61,15.01,16.16,15.68,20.63,57,13,19
2022,"2022.04",4,"Stadtquartiere",24,"Enge",3,"3 Zimmer",1,"Gemeinnützig",2,"Quadratmeter",1,"netto",13.51,12.99,14.03,11.53,11.31,12.56,13.84,12.25,14.73,15.06,14.41,15.84,189,48,20
2024,"2024.04",4,"Stadtquartiere",24,"Enge",3,"3 Zimmer",1,"Gemeinnützig",2,"Quadratmeter",1,"netto",13.83,13.04,14.62,11.63,10.13,12.5,13.02,12.37,14.78,15.97,14.81,16.15,181,49,19
2022,"2022.04",4,"Stadtquartiere",24,"Enge",4,"4 Zimmer",1,"Gemeinnützig",2,"Quadratmeter",1,"netto",12.86,12.53,13.19,11.07,10.78,11.35,11.71,11.53,12.52,13.39,13.12,15.33,86,26,20
2024,"2024.04",4,"Stadtquartiere",24,"Enge",4,"4 Zimmer",1,"Gemeinnützig",2,"Quadratmeter",1,"netto",13.89,13.35,14.43,11.05,10.51,12.09,12.48,12.07,13.09,14.51,13.25,16.5,94,27,20
2022,"2022.04",4,"Stadtquartiere",24,"Enge",9,"2 , 3  und 4 Zimmer",1,"Gemeinnützig",2,"Quadratmeter",1,"netto",13.69,13.36,14.01,11.52,11.11,11.67,13.27,12.34,14.21,15.22,14.84,15.94,333,87,60
2024,"2024.04",4,"Stadtquartiere",24,"Enge",9,"2 , 3  und 4 Zimmer",1,"Gemeinnützig",2,"Quadratmeter",1,"netto",14.09,13.62,14.55,11.69,11.03,12.29,12.99,12.49,13.83,15.94,15.02,16.15,332,89,58
2022,"2022.04",4,"Stadtquartiere",24,"Enge",2,"2 Zimmer",2,"Nicht gemeinnützig",2,"Quadratmeter",1,"netto",31.42,29.46,33.38,23.18,21.61,25.55,29.08,27.9,34.34,40.36,35.37,43.58,951,155,36
2024,"2024.04",4,"Stadtquartiere",24,"Enge",2,"2 Zimmer",2,"Nicht gemeinnützig",2,"Quadratmeter",1,"netto",33.15,31.02,35.28,25.37,22.79,27.62,31.57,28.01,36.12,42.17,37.4,43.59,962,150,52
2022,"2022.04",4,"Stadtquartiere",24,"Enge",3,"3 Zimmer",2,"Nicht gemeinnützig",2,"Quadratmeter",1,"netto",27.97,26.01,29.94,21.7,18.66,25,27.24,25,30.39,32.91,30.74,35,1323,259,39
2024,"2024.04",4,"Stadtquartiere",24,"Enge",3,"3 Zimmer",2,"Nicht gemeinnützig",2,"Quadratmeter",1,"netto",30.05,28.43,31.67,25.27,23.42,26.33,29.29,27.25,32.14,35.82,33.56,38.13,1323,278,52
2022,"2022.04",4,"Stadtquartiere",24,"Enge",4,"4 Zimmer",2,"Nicht gemeinnützig",2,"Quadratmeter",1,"netto",27.27,25.19,29.36,20.56,20.17,23.46,26.39,23.54,28.48,32.32,28.49,36.21,944,201,38
2024,"2024.04",4,"Stadtquartiere",24,"Enge",4,"4 Zimmer",2,"Nicht gemeinnützig",2,"Quadratmeter",1,"netto",27.96,26.36,29.55,20.54,19.7,23.76,26.98,25.25,30.25,33.21,31.82,36,952,209,60
2022,"2022.04",4,"Stadtquartiere",24,"Enge",9,"2 , 3  und 4 Zimmer",2,"Nicht gemeinnützig",2,"Quadratmeter",1,"netto",28.78,27.62,29.95,22.48,20.54,23.33,27.63,26.25,28.76,34.63,32.72,36.48,3218,615,113
2024,"2024.04",4,"Stadtquartiere",24,"Enge",9,"2 , 3  und 4 Zimmer",2,"Nicht gemeinnützig",2,"Quadratmeter",1,"netto",30.35,29.33,31.38,23.82,22.59,25.28,29.4,27.7,31.27,37.08,34.74,38.49,3237,637,164
2022,"2022.04",4,"Stadtquartiere",39,"Wiedikon (Kreis 3)",2,"2 Zimmer",1,"Gemeinnützig",2,"Quadratmeter",1,"netto",14.92,14.67,15.17,12.65,12.32,12.84,14.85,14.34,15.33,16.72,16.26,17.16,1432,855,64
2024,"2024.04",4,"Stadtquartiere",39,"Wiedikon (Kreis 3)",2,"2 Zimmer",1,"Gemeinnützig",2,"Quadratmeter",1,"netto",15.71,15.22,16.21,12.96,12.41,13.39,14.91,14.46,15.37,18.34,17.39,18.93,1442,866,66
2022,"2022.04",4,"Stadtquartiere",39,"Wiedikon (Kreis 3)",3,"3 Zimmer",1,"Gemeinnützig",2,"Quadratmeter",1,"netto",13.1,12.78,13.41,11.04,10.92,11.19,12.19,11.93,12.63,14.55,13.95,15.04,3050,1850,67
2024,"2024.04",4,"Stadtquartiere",39,"Wiedikon (Kreis 3)",3,"3 Zimmer",1,"Gemeinnützig",2,"Quadratmeter",1,"netto",13.69,13.39,13.99,11.42,11.13,11.72,12.87,12.58,13.26,15.47,14.89,16.36,2990,1891,63
2022,"2022.04",4,"Stadtquartiere",39,"Wiedikon (Kreis 3)",4,"4 Zimmer",1,"Gemeinnützig",2,"Quadratmeter",1,"netto",13.61,13.41,13.81,11.37,11.02,11.88,13.19,13,13.63,15.31,14.88,15.77,1886,1175,84
2024,"2024.04",4,"Stadtquartiere",39,"Wiedikon (Kreis 3)",4,"4 Zimmer",1,"Gemeinnützig",2,"Quadratmeter",1,"netto",14.26,13.83,14.69,12.03,11.84,12.29,13.44,13.19,13.76,15.37,14.96,17.09,1871,1218,82
2022,"2022.04",4,"Stadtquartiere",39,"Wiedikon (Kreis 3)",9,"2 , 3  und 4 Zimmer",1,"Gemeinnützig",2,"Quadratmeter",1,"netto",13.66,13.49,13.83,11.33,11.17,11.53,13.02,12.84,13.24,15.62,15.26,15.85,6368,3880,215
2024,"2024.04",4,"Stadtquartiere",39,"Wiedikon (Kreis 3)",9,"2 , 3  und 4 Zimmer",1,"Gemeinnützig",2,"Quadratmeter",1,"netto",14.32,14.08,14.56,11.89,11.72,12.03,13.48,13.27,13.81,16.39,15.84,16.75,6303,3975,211
2022,"2022.04",4,"Stadtquartiere",39,"Wiedikon (Kreis 3)",2,"2 Zimmer",2,"Nicht gemeinnützig",2,"Quadratmeter",1,"netto",26.96,26.18,27.74,22,21.37,23.04,25.89,25.23,27.17,31.34,30,32.33,4921,850,122
2024,"2024.04",4,"Stadtquartiere",39,"Wiedikon (Kreis 3)",2,"2 Zimmer",2,"Nicht gemeinnützig",2,"Quadratmeter",1,"netto",30.03,29.22,30.85,23.75,22.76,25,29.11,28.54,30.24,33.86,32.77,34.92,4912,863,187
2022,"2022.04",4,"Stadtquartiere",39,"Wiedikon (Kreis 3)",3,"3 Zimmer",2,"Nicht gemeinnützig",2,"Quadratmeter",1,"netto",24.22,23.19,25.26,19.85,18.68,20.7,22.59,21.79,24.51,27.58,26.87,29.2,6901,920,110
2024,"2024.04",4,"Stadtquartiere",39,"Wiedikon (Kreis 3)",3,"3 Zimmer",2,"Nicht gemeinnützig",2,"Quadratmeter",1,"netto",25.51,24.69,26.33,20.27,19.67,21.39,24.46,23.65,25.33,29.7,28.13,31.84,6785,864,181
2022,"2022.04",4,"Stadtquartiere",39,"Wiedikon (Kreis 3)",4,"4 Zimmer",2,"Nicht gemeinnützig",2,"Quadratmeter",1,"netto",22.85,21.81,23.9,18.54,17.96,19.33,21.37,20.15,22.26,25.94,23.56,27.89,2300,269,102
2024,"2024.04",4,"Stadtquartiere",39,"Wiedikon (Kreis 3)",4,"4 Zimmer",2,"Nicht gemeinnützig",2,"Quadratmeter",1,"netto",23.2,22.44,23.96,18.59,17.73,19.23,23.08,21.84,24.07,27.93,25.82,29.19,2296,249,139
2022,"2022.04",4,"Stadtquartiere",39,"Wiedikon (Kreis 3)",9,"2 , 3  und 4 Zimmer",2,"Nicht gemeinnützig",2,"Quadratmeter",1,"netto",24.95,24.35,25.55,20,19.33,20.7,23.63,22.84,24.65,28.56,27.83,30,14122,2039,334
2024,"2024.04",4,"Stadtquartiere",39,"Wiedikon (Kreis 3)",9,"2 , 3  und 4 Zimmer",2,"Nicht gemeinnützig",2,"Quadratmeter",1,"netto",26.71,26.21,27.22,20.93,20.26,21.41,25.66,25.14,26.58,31.62,30.54,32.39,13993,1976,507
2022,"2022.04",4,"Stadtquartiere",49,"Aussersihl (Kreis 4)",2,"2 Zimmer",1,"Gemeinnützig",2,"Quadratmeter",1,"netto",16.66,16.29,17.04,13.18,13,13.33,14.59,14.32,14.91,18.67,18.43,20.24,1218,858,55
2024,"2024.04",4,"Stadtquartiere",49,"Aussersihl (Kreis 4)",2,"2 Zimmer",1,"Gemeinnützig",2,"Quadratmeter",1,"netto",17.92,17.49,18.34,14.14,14.05,14.33,15.78,15.52,15.93,20.28,19.62,21.09,1213,898,47
2022,"2022.04",4,"Stadtquartiere",49,"Aussersihl (Kreis 4)",3,"3 Zimmer",1,"Gemeinnützig",2,"Quadratmeter",1,"netto",14.19,13.76,14.62,11.34,11.22,11.49,12.49,12.33,12.81,15.78,14.75,16.51,2066,1512,50
2024,"2024.04",4,"Stadtquartiere",49,"Aussersihl (Kreis 4)",3,"3 Zimmer",1,"Gemeinnützig",2,"Quadratmeter",1,"netto",15.15,14.84,15.47,12.65,12.44,12.85,14.08,13.9,14.27,15.97,15.68,16.5,2116,1647,49
2022,"2022.04",4,"Stadtquartiere",49,"Aussersihl (Kreis 4)",4,"4 Zimmer",1,"Gemeinnützig",2,"Quadratmeter",1,"netto",13.75,13.38,14.12,10.9,10.78,11.04,12.95,12.71,13.12,15.14,14.76,15.39,713,478,57
2024,"2024.04",4,"Stadtquartiere",49,"Aussersihl (Kreis 4)",4,"4 Zimmer",1,"Gemeinnützig",2,"Quadratmeter",1,"netto",15.59,15.14,16.04,12.06,11.93,12.25,13.74,13.56,14,17.19,16.59,17.92,760,553,40
2022,"2022.04",4,"Stadtquartiere",49,"Aussersihl (Kreis 4)",9,"2 , 3  und 4 Zimmer",1,"Gemeinnützig",2,"Quadratmeter",1,"netto",14.87,14.61,15.13,11.73,11.61,11.85,13.48,13.31,13.71,16.21,15.83,16.74,3997,2848,162
2024,"2024.04",4,"Stadtquartiere",49,"Aussersihl (Kreis 4)",9,"2 , 3  und 4 Zimmer",1,"Gemeinnützig",2,"Quadratmeter",1,"netto",16.06,15.83,16.28,13.04,12.9,13.14,14.5,14.4,14.65,17.3,16.85,17.71,4089,3098,136
2022,"2022.04",4,"Stadtquartiere",49,"Aussersihl (Kreis 4)",2,"2 Zimmer",2,"Nicht gemeinnützig",2,"Quadratmeter",1,"netto",29.55,28.79,30.3,22.71,21.55,24.57,29.89,28.2,31.13,35.48,34.25,36.32,2857,507,158
2024,"2024.04",4,"Stadtquartiere",49,"Aussersihl (Kreis 4)",2,"2 Zimmer",2,"Nicht gemeinnützig",2,"Quadratmeter",1,"netto",31.03,30.27,31.79,24.13,22.67,25.1,30.72,29.23,31.49,36.07,35.07,37.6,2880,648,226
2022,"2022.04",4,"Stadtquartiere",49,"Aussersihl (Kreis 4)",3,"3 Zimmer",2,"Nicht gemeinnützig",2,"Quadratmeter",1,"netto",25.01,24.16,25.85,19.37,17.94,21.31,24.3,23.53,25.78,30.96,28.21,32.13,4073,631,120
2024,"2024.04",4,"Stadtquartiere",49,"Aussersihl (Kreis 4)",3,"3 Zimmer",2,"Nicht gemeinnützig",2,"Quadratmeter",1,"netto",27.36,26.67,28.05,21.42,20.48,22.64,26.7,26.12,28.16,32.62,31.31,33.23,4013,803,160
2022,"2022.04",4,"Stadtquartiere",49,"Aussersihl (Kreis 4)",4,"4 Zimmer",2,"Nicht gemeinnützig",2,"Quadratmeter",1,"netto",22.73,21.95,23.5,17.25,16.46,18.49,22.15,20.78,23.33,27.01,26.4,28.71,1483,184,82
2024,"2024.04",4,"Stadtquartiere",49,"Aussersihl (Kreis 4)",4,"4 Zimmer",2,"Nicht gemeinnützig",2,"Quadratmeter",1,"netto",25.95,24.95,26.96,20.12,18.33,20.54,26.04,24.04,27.53,31.13,29.64,33.02,1467,263,120
2022,"2022.04",4,"Stadtquartiere",49,"Aussersihl (Kreis 4)",9,"2 , 3  und 4 Zimmer",2,"Nicht gemeinnützig",2,"Quadratmeter",1,"netto",26.15,25.65,26.65,20,19.08,20.92,25.85,24.92,26.4,31.75,31.17,32.58,8413,1322,360
2024,"2024.04",4,"Stadtquartiere",49,"Aussersihl (Kreis 4)",9,"2 , 3  und 4 Zimmer",2,"Nicht gemeinnützig",2,"Quadratmeter",1,"netto",28.38,27.92,28.84,21.75,21.3,22.52,28.01,27.12,28.57,33.89,33.02,34.6,8360,1714,506
2022,"2022.04",4,"Stadtquartiere",59,"Industriequartier (Kreis 5)",2,"2 Zimmer",1,"Gemeinnützig",2,"Quadratmeter",1,"netto",14.87,14.67,15.07,12.28,11.65,12.49,13.98,13.96,14.18,17.1,16.38,17.73,340,263,16
2024,"2024.04",4,"Stadtquartiere",59,"Industriequartier (Kreis 5)",2,"2 Zimmer",1,"Gemeinnützig",2,"Quadratmeter",1,"netto",15.71,14.92,16.5,12.12,11.37,12.83,15.09,14.54,15.33,17.48,16.96,17.95,331,252,20
2022,"2022.04",4,"Stadtquartiere",59,"Industriequartier (Kreis 5)",3,"3 Zimmer",1,"Gemeinnützig",2,"Quadratmeter",1,"netto",13.42,13.13,13.71,11.36,11.03,11.72,12.62,12.56,13.1,15.04,14.52,15.56,917,631,19
2024,"2024.04",4,"Stadtquartiere",59,"Industriequartier (Kreis 5)",3,"3 Zimmer",1,"Gemeinnützig",2,"Quadratmeter",1,"netto",14.72,14.48,14.97,12.3,12.18,12.44,14.13,14.05,14.92,16.88,16.2,17.25,924,643,20
2022,"2022.04",4,"Stadtquartiere",59,"Industriequartier (Kreis 5)",4,"4 Zimmer",1,"Gemeinnützig",2,"Quadratmeter",1,"netto",13.7,13.44,13.96,11.05,10.65,11.4,13.09,12.88,13.82,16.25,15.59,16.93,423,294,22
2024,"2024.04",4,"Stadtquartiere",59,"Industriequartier (Kreis 5)",4,"4 Zimmer",1,"Gemeinnützig",2,"Quadratmeter",1,"netto",14.88,14.71,15.06,12.25,12.12,12.44,15.04,14.5,15.78,17.08,16.94,17.84,407,279,19
2022,"2022.04",4,"Stadtquartiere",59,"Industriequartier (Kreis 5)",9,"2 , 3  und 4 Zimmer",1,"Gemeinnützig",2,"Quadratmeter",1,"netto",13.78,13.61,13.96,11.36,11.2,11.71,13.08,12.88,13.27,15.74,15.42,16.26,1680,1188,57
2024,"2024.04",4,"Stadtquartiere",59,"Industriequartier (Kreis 5)",9,"2 , 3  und 4 Zimmer",1,"Gemeinnützig",2,"Quadratmeter",1,"netto",14.96,14.75,15.18,12.26,12.14,12.42,14.65,14.26,14.97,17.03,16.95,17.42,1662,1174,59
2022,"2022.04",4,"Stadtquartiere",59,"Industriequartier (Kreis 5)",2,"2 Zimmer",2,"Nicht gemeinnützig",2,"Quadratmeter",1,"netto",30.01,28.95,31.06,24.57,23.54,25.89,29.74,28.21,30.37,34.78,33.08,36.5,1355,363,77
2024,"2024.04",4,"Stadtquartiere",59,"Industriequartier (Kreis 5)",2,"2 Zimmer",2,"Nicht gemeinnützig",2,"Quadratmeter",1,"netto",31.34,30.44,32.24,24.69,23.47,25.74,31.23,29.55,32.28,37.04,35.11,38.13,1317,343,94
2022,"2022.04",4,"Stadtquartiere",59,"Industriequartier (Kreis 5)",3,"3 Zimmer",2,"Nicht gemeinnützig",2,"Quadratmeter",1,"netto",25.6,24.3,26.89,21.22,19.74,22.63,25.27,23.09,26.31,29.88,28.12,32.36,1904,416,66
2024,"2024.04",4,"Stadtquartiere",59,"Industriequartier (Kreis 5)",3,"3 Zimmer",2,"Nicht gemeinnützig",2,"Quadratmeter",1,"netto",27.65,26.45,28.86,22.71,21.37,24.15,27.07,26.03,29.2,32.81,31.39,33.8,1819,408,85
2022,"2022.04",4,"Stadtquartiere",59,"Industriequartier (Kreis 5)",4,"4 Zimmer",2,"Nicht gemeinnützig",2,"Quadratmeter",1,"netto",22.49,21.18,23.8,17.17,15.93,18.6,20.67,19.8,23.5,27.88,25.75,30.16,965,189,46
2024,"2024.04",4,"Stadtquartiere",59,"Industriequartier (Kreis 5)",4,"4 Zimmer",2,"Nicht gemeinnützig",2,"Quadratmeter",1,"netto",23.67,22.43,24.9,19.14,17.65,20.96,23.15,21.47,25.61,28.4,27.68,29.39,914,221,52
2022,"2022.04",4,"Stadtquartiere",59,"Industriequartier (Kreis 5)",9,"2 , 3  und 4 Zimmer",2,"Nicht gemeinnützig",2,"Quadratmeter",1,"netto",26.31,25.57,27.04,20.89,20.02,22.17,25.75,25.05,26.84,30.8,30.06,32.53,4224,968,189
2024,"2024.04",4,"Stadtquartiere",59,"Industriequartier (Kreis 5)",9,"2 , 3  und 4 Zimmer",2,"Nicht gemeinnützig",2,"Quadratmeter",1,"netto",27.95,27.27,28.63,22.29,21.34,23.14,27.52,26.4,28.34,33.23,32.28,33.87,4050,972,231
2022,"2022.04",4,"Stadtquartiere",61,"Unterstrass",2,"2 Zimmer",1,"Gemeinnützig",2,"Quadratmeter",1,"netto",17.13,15.89,18.37,13.91,13.58,14.5,15.89,14.18,16.76,18.36,16.85,20.68,617,290,12
2024,"2024.04",4,"Stadtquartiere",61,"Unterstrass",2,"2 Zimmer",1,"Gemeinnützig",2,"Quadratmeter",1,"netto",17,16.37,17.63,14.69,14.05,15.21,16.49,15.85,17.22,18.26,17.63,19.76,671,342,20
2022,"2022.04",4,"Stadtquartiere",61,"Unterstrass",3,"3 Zimmer",1,"Gemeinnützig",2,"Quadratmeter",1,"netto",14.01,13.77,14.26,12.93,11.97,13.17,14.16,13.64,14.3,14.97,14.75,15.15,1705,946,23
2024,"2024.04",4,"Stadtquartiere",61,"Unterstrass",3,"3 Zimmer",1,"Gemeinnützig",2,"Quadratmeter",1,"netto",14.96,14.77,15.15,13.75,13.59,13.93,14.89,14.59,15.39,16.05,15.87,16.45,1770,1074,27
2022,"2022.04",4,"Stadtquartiere",61,"Unterstrass",4,"4 Zimmer",1,"Gemeinnützig",2,"Quadratmeter",1,"netto",14.36,14.07,14.64,13.27,13.04,13.51,13.87,13.61,14.21,14.81,14.65,16.01,977,552,20
2024,"2024.04",4,"Stadtquartiere",61,"Unterstrass",4,"4 Zimmer",1,"Gemeinnützig",2,"Quadratmeter",1,"netto",15.28,14.94,15.63,13.99,13.79,14.1,14.86,14.57,15.61,16.72,16.49,17.45,1005,593,22
2022,"2022.04",4,"Stadtquartiere",61,"Unterstrass",9,"2 , 3  und 4 Zimmer",1,"Gemeinnützig",2,"Quadratmeter",1,"netto",14.7,14.41,14.98,13.21,13.08,13.41,14.14,13.97,14.29,15.35,15.03,15.91,3299,1788,55
2024,"2024.04",4,"Stadtquartiere",61,"Unterstrass",9,"2 , 3  und 4 Zimmer",1,"Gemeinnützig",2,"Quadratmeter",1,"netto",15.45,15.27,15.64,13.94,13.79,14.03,15.2,14.89,15.54,16.73,16.51,17.07,3446,2009,69
2022,"2022.04",4,"Stadtquartiere",61,"Unterstrass",2,"2 Zimmer",2,"Nicht gemeinnützig",2,"Quadratmeter",1,"netto",26.43,24.97,27.89,22.82,20.07,25.02,26.62,25.1,28.43,31.22,28.76,32.96,1710,278,40
2024,"2024.04",4,"Stadtquartiere",61,"Unterstrass",2,"2 Zimmer",2,"Nicht gemeinnützig",2,"Quadratmeter",1,"netto",29.16,28.07,30.26,23.75,21.22,25.72,29.42,27.83,30,34.37,31.76,36.11,1675,303,60
2022,"2022.04",4,"Stadtquartiere",61,"Unterstrass",3,"3 Zimmer",2,"Nicht gemeinnützig",2,"Quadratmeter",1,"netto",25,23.27,26.72,19.33,16.61,21.36,24.96,22.01,27.86,30.71,27.88,33.82,2508,378,43
2024,"2024.04",4,"Stadtquartiere",61,"Unterstrass",3,"3 Zimmer",2,"Nicht gemeinnützig",2,"Quadratmeter",1,"netto",26.61,25.19,28.03,20.95,18.63,23.39,26.48,25,28.4,31.09,29.51,33.9,2432,380,61
2022,"2022.04",4,"Stadtquartiere",61,"Unterstrass",4,"4 Zimmer",2,"Nicht gemeinnützig",2,"Quadratmeter",1,"netto",23.87,22.82,24.92,20.15,17.12,20.89,23.75,23.2,24.48,27.9,25.58,30.61,1465,262,51
2024,"2024.04",4,"Stadtquartiere",61,"Unterstrass",4,"4 Zimmer",2,"Nicht gemeinnützig",2,"Quadratmeter",1,"netto",25.53,24.46,26.59,20.98,18.41,22.45,25,23.52,26.49,30.45,28.82,32.22,1422,262,75
2022,"2022.04",4,"Stadtquartiere",61,"Unterstrass",9,"2 , 3  und 4 Zimmer",2,"Nicht gemeinnützig",2,"Quadratmeter",1,"netto",25.13,24.21,26.05,19.87,19.16,21.43,25,24.12,26.34,30.52,28.68,31.57,5683,918,134
2024,"2024.04",4,"Stadtquartiere",61,"Unterstrass",9,"2 , 3  und 4 Zimmer",2,"Nicht gemeinnützig",2,"Quadratmeter",1,"netto",27.1,26.34,27.86,21.78,20,22.85,26.99,25.66,28.38,32.02,30.53,32.94,5529,945,196
2022,"2022.04",4,"Stadtquartiere",63,"Oberstrass",2,"2 Zimmer",1,"Gemeinnützig",2,"Quadratmeter",1,"netto",18.02,17.69,18.35,15.2,15.1,15.42,16.47,16.09,16.52,18,17.7,19.15,59,38,19
2024,"2024.04",4,"Stadtquartiere",63,"Oberstrass",2,"2 Zimmer",1,"Gemeinnützig",2,"Quadratmeter",1,"netto",19.02,18.63,19.41,15.62,15.61,15.97,17.55,17.5,17.62,19.36,18.53,19.73,60,38,19
2022,"2022.04",4,"Stadtquartiere",63,"Oberstrass",3,"3 Zimmer",1,"Gemeinnützig",2,"Quadratmeter",1,"netto",15.57,15.23,15.9,12.35,12.29,12.39,14.56,14.49,14.69,16.69,16.6,17.28,234,185,20
2024,"2024.04",4,"Stadtquartiere",63,"Oberstrass",3,"3 Zimmer",1,"Gemeinnützig",2,"Quadratmeter",1,"netto",16.13,15.77,16.5,12.47,12.4,12.52,15.36,15.1,15.49,17.69,17.43,17.88,235,187,20
2022,"2022.04",4,"Stadtquartiere",63,"Oberstrass",4,"4 Zimmer",1,"Gemeinnützig",2,"Quadratmeter",1,"netto",14.96,14.85,15.08,13.18,13.1,13.26,14.64,14.53,14.72,16.33,16.12,16.62,179,153,17
2024,"2024.04",4,"Stadtquartiere",63,"Oberstrass",4,"4 Zimmer",1,"Gemeinnützig",2,"Quadratmeter",1,"netto",15.93,15.77,16.09,13.99,13.98,14.08,15.42,15.29,15.51,17.11,17.01,17.2,183,159,19
2022,"2022.04",4,"Stadtquartiere",63,"Oberstrass",9,"2 , 3  und 4 Zimmer",1,"Gemeinnützig",2,"Quadratmeter",1,"netto",15.66,15.48,15.84,12.93,12.86,13.02,14.82,14.75,14.86,16.7,16.66,16.97,472,376,56
2024,"2024.04",4,"Stadtquartiere",63,"Oberstrass",9,"2 , 3  und 4 Zimmer",1,"Gemeinnützig",2,"Quadratmeter",1,"netto",16.42,16.22,16.61,13.65,13.61,13.7,15.61,15.58,15.68,17.76,17.59,17.87,478,384,58
2022,"2022.04",4,"Stadtquartiere",63,"Oberstrass",2,"2 Zimmer",2,"Nicht gemeinnützig",2,"Quadratmeter",1,"netto",29.61,27.32,31.9,23.42,22.83,25.63,28.07,25.73,30.9,35.18,30.75,38.95,868,71,35
2024,"2024.04",4,"Stadtquartiere",63,"Oberstrass",2,"2 Zimmer",2,"Nicht gemeinnützig",2,"Quadratmeter",1,"netto",30.55,28.75,32.35,23.52,21.94,26.05,28.95,27.86,30.33,36.15,32,39.69,869,81,57
2022,"2022.04",4,"Stadtquartiere",63,"Oberstrass",3,"3 Zimmer",2,"Nicht gemeinnützig",2,"Quadratmeter",1,"netto",27.38,25.65,29.11,22.37,19.75,24.76,27.32,24.78,29.4,32.07,29.37,37,966,64,44
2024,"2024.04",4,"Stadtquartiere",63,"Oberstrass",3,"3 Zimmer",2,"Nicht gemeinnützig",2,"Quadratmeter",1,"netto",30.12,28.18,32.07,23.18,19.99,27.76,30,28.77,32.87,37.08,33.36,40.96,937,71,56
2022,"2022.04",4,"Stadtquartiere",63,"Oberstrass",4,"4 Zimmer",2,"Nicht gemeinnützig",2,"Quadratmeter",1,"netto",23.72,21.66,25.77,16.84,13.75,21.59,23.29,21.67,27.06,31.92,27.88,33.31,888,48,42
2024,"2024.04",4,"Stadtquartiere",63,"Oberstrass",4,"4 Zimmer",2,"Nicht gemeinnützig",2,"Quadratmeter",1,"netto",26.15,24.67,27.63,20.39,18.56,21.65,25.56,22.57,27.88,31.86,29.14,35.12,868,39,58
2022,"2022.04",4,"Stadtquartiere",63,"Oberstrass",9,"2 , 3  und 4 Zimmer",2,"Nicht gemeinnützig",2,"Quadratmeter",1,"netto",26.9,25.74,28.07,21.71,20.42,22.98,26.78,25.45,28.19,32.44,30.64,33.9,2722,183,121
2024,"2024.04",4,"Stadtquartiere",63,"Oberstrass",9,"2 , 3  und 4 Zimmer",2,"Nicht gemeinnützig",2,"Quadratmeter",1,"netto",28.96,27.94,29.98,21.82,20.26,22.87,28.73,27.59,29.5,35.65,33.28,36.33,2674,191,171
2022,"2022.04",4,"Stadtquartiere",71,"Fluntern",2,"2 Zimmer",1,"Gemeinnützig",2,"Quadratmeter",1,"netto",18.04,18.04,18.04,16.11,16.11,16.11,16.67,16.67,16.67,18.41,18.41,18.41,48,48,0
2024,"2024.04",4,"Stadtquartiere",71,"Fluntern",2,"2 Zimmer",1,"Gemeinnützig",2,"Quadratmeter",1,"netto",19.77,19.56,19.97,16.31,16.31,16.32,17.22,17.08,17.42,19.52,19.29,19.58,53,52,0
2022,"2022.04",4,"Stadtquartiere",71,"Fluntern",3,"3 Zimmer",1,"Gemeinnützig",2,"Quadratmeter",1,"netto",15.66,15.39,15.92,14.51,14.49,14.54,15.01,14.97,15.04,16.74,16.47,16.79,75,61,12
2024,"2024.04",4,"Stadtquartiere",71,"Fluntern",3,"3 Zimmer",1,"Gemeinnützig",2,"Quadratmeter",1,"netto",18.17,17.92,18.43,15.12,15.12,15.17,15.81,15.62,15.97,17.39,17.2,17.59,81,78,0
2022,"2022.04",4,"Stadtquartiere",71,"Fluntern",4,"4 Zimmer",1,"Gemeinnützig",2,"Quadratmeter",1,"netto",13.63,13.55,13.71,13.06,13.04,13.23,13.8,13.8,13.94,14.55,14.39,14.58,51,49,0
2024,"2024.04",4,"Stadtquartiere",71,"Fluntern",4,"4 Zimmer",1,"Gemeinnützig",2,"Quadratmeter",1,"netto",16.51,16.29,16.73,14.06,14.06,14.29,14.56,14.56,14.58,15.77,15.76,15.79,51,50,0
2022,"2022.04",4,"Stadtquartiere",71,"Fluntern",9,"2 , 3  und 4 Zimmer",1,"Gemeinnützig",2,"Quadratmeter",1,"netto",15.84,15.72,15.96,14.15,14.1,14.16,15.33,15.07,15.53,16.75,16.71,16.86,174,158,12
2024,"2024.04",4,"Stadtquartiere",71,"Fluntern",9,"2 , 3  und 4 Zimmer",1,"Gemeinnützig",2,"Quadratmeter",1,"netto",18.15,18.01,18.29,14.97,14.92,15,16.07,16.05,16.12,17.93,17.79,18.07,185,180,0
2022,"2022.04",4,"Stadtquartiere",71,"Fluntern",2,"2 Zimmer",2,"Nicht gemeinnützig",2,"Quadratmeter",1,"netto",29.99,27.85,32.12,22.8,19.77,26.21,30.9,25,33.23,35.39,33.23,38.43,520,65,34
2024,"2024.04",4,"Stadtquartiere",71,"Fluntern",2,"2 Zimmer",2,"Nicht gemeinnützig",2,"Quadratmeter",1,"netto",33.12,30.92,35.32,26.15,22.52,27.96,29.48,28.05,32.46,40.9,33.21,43.95,507,51,44
2022,"2022.04",4,"Stadtquartiere",71,"Fluntern",3,"3 Zimmer",2,"Nicht gemeinnützig",2,"Quadratmeter",1,"netto",30.12,28.49,31.75,26.24,24.11,27.82,31.15,27.94,32.7,33.87,33.03,37.88,695,121,39
2024,"2024.04",4,"Stadtquartiere",71,"Fluntern",3,"3 Zimmer",2,"Nicht gemeinnützig",2,"Quadratmeter",1,"netto",30.66,29.03,32.29,24.44,22.11,26.4,29.71,28.35,32.86,35.55,34.49,37.05,667,108,58
2022,"2022.04",4,"Stadtquartiere",71,"Fluntern",4,"4 Zimmer",2,"Nicht gemeinnützig",2,"Quadratmeter",1,"netto",26,24.35,27.65,20.22,19.66,23.28,26.33,23.21,28.46,30.86,29.47,31.96,693,100,35
2024,"2024.04",4,"Stadtquartiere",71,"Fluntern",4,"4 Zimmer",2,"Nicht gemeinnützig",2,"Quadratmeter",1,"netto",27.5,26.26,28.73,21.45,20.69,22.93,26.19,24.62,28.83,32.11,30.7,33.02,663,89,54
2022,"2022.04",4,"Stadtquartiere",71,"Fluntern",9,"2 , 3  und 4 Zimmer",2,"Nicht gemeinnützig",2,"Quadratmeter",1,"netto",28.59,27.56,29.61,22.86,20.26,24.1,29.44,27.07,30.51,33.62,32.79,35.33,1908,286,108
2024,"2024.04",4,"Stadtquartiere",71,"Fluntern",9,"2 , 3  und 4 Zimmer",2,"Nicht gemeinnützig",2,"Quadratmeter",1,"netto",30.22,29.26,31.18,22.96,22.13,24.46,28.73,27.72,29.6,35.28,33.79,36.27,1837,248,156
2022,"2022.04",4,"Stadtquartiere",72,"Hottingen",2,"2 Zimmer",1,"Gemeinnützig",2,"Quadratmeter",1,"netto",22.65,22.33,22.97,20.85,20.38,21.48,23.08,22.9,23.3,25.15,24.61,25.62,122,91,18
2024,"2024.04",4,"Stadtquartiere",72,"Hottingen",2,"2 Zimmer",1,"Gemeinnützig",2,"Quadratmeter",1,"netto",24.25,23.8,24.7,21.78,21.54,22.15,23.47,23.25,23.73,26.24,25.68,26.83,125,92,20
2022,"2022.04",4,"Stadtquartiere",72,"Hottingen",3,"3 Zimmer",1,"Gemeinnützig",2,"Quadratmeter",1,"netto",20.08,19.8,20.36,17.9,17.3,18.21,21.02,20.86,21.23,22.28,22.05,22.6,132,90,28
2024,"2024.04",4,"Stadtquartiere",72,"Hottingen",3,"3 Zimmer",1,"Gemeinnützig",2,"Quadratmeter",1,"netto",22.78,22.35,23.22,20.55,20.46,20.7,21.96,21.8,22.05,23.75,23.48,24.7,133,96,26
2022,"2022.04",4,"Stadtquartiere",72,"Hottingen",4,"4 Zimmer",1,"Gemeinnützig",2,"Quadratmeter",1,"netto",18.45,18.03,18.87,15.04,14.7,15.34,17.57,17.34,17.97,20.97,20.22,21.62,123,91,23
2024,"2024.04",4,"Stadtquartiere",72,"Hottingen",4,"4 Zimmer",1,"Gemeinnützig",2,"Quadratmeter",1,"netto",19.46,18.95,19.97,16.27,16.04,16.68,19.1,18.92,19.55,22.01,21.24,22.99,121,87,20
2022,"2022.04",4,"Stadtquartiere",72,"Hottingen",9,"2 , 3  und 4 Zimmer",1,"Gemeinnützig",2,"Quadratmeter",1,"netto",20.38,20.18,20.58,17.06,16.79,17.21,20.93,20.71,21.15,23.48,23.31,23.72,377,272,69
2024,"2024.04",4,"Stadtquartiere",72,"Hottingen",9,"2 , 3  und 4 Zimmer",1,"Gemeinnützig",2,"Quadratmeter",1,"netto",22.22,21.96,22.49,19.11,18.93,19.43,21.96,21.79,22.14,24.91,24.55,25.12,379,275,66
2022,"2022.04",4,"Stadtquartiere",72,"Hottingen",2,"2 Zimmer",2,"Nicht gemeinnützig",2,"Quadratmeter",1,"netto",29.46,27.61,31.3,23.54,21.49,27.87,29.68,27.87,31.08,34.57,30.93,37.32,865,89,37
2024,"2024.04",4,"Stadtquartiere",72,"Hottingen",2,"2 Zimmer",2,"Nicht gemeinnützig",2,"Quadratmeter",1,"netto",33.66,32.27,35.04,27.4,25.63,28.91,32.78,30.99,35.89,39.23,36.94,44.38,864,85,51
2022,"2022.04",4,"Stadtquartiere",72,"Hottingen",3,"3 Zimmer",2,"Nicht gemeinnützig",2,"Quadratmeter",1,"netto",28.52,25.69,31.35,22.15,20.18,23.62,29.13,23.49,31.18,32.83,31.21,33.91,1169,108,41
2024,"2024.04",4,"Stadtquartiere",72,"Hottingen",3,"3 Zimmer",2,"Nicht gemeinnützig",2,"Quadratmeter",1,"netto",29.85,28.49,31.22,25.02,23.51,27.06,29.7,28.22,31.42,34.4,31.95,37.67,1160,102,60
2022,"2022.04",4,"Stadtquartiere",72,"Hottingen",4,"4 Zimmer",2,"Nicht gemeinnützig",2,"Quadratmeter",1,"netto",26.27,24.02,28.52,20.04,18.62,24.09,25.74,23.8,28.61,30.77,28.49,32.83,971,54,42
2024,"2024.04",4,"Stadtquartiere",72,"Hottingen",4,"4 Zimmer",2,"Nicht gemeinnützig",2,"Quadratmeter",1,"netto",27.45,25.73,29.16,21.84,20.8,24.16,28.49,24.68,29.96,31.97,30.52,34.06,936,49,49
2022,"2022.04",4,"Stadtquartiere",72,"Hottingen",9,"2 , 3  und 4 Zimmer",2,"Nicht gemeinnützig",2,"Quadratmeter",1,"netto",28.06,26.63,29.49,22.29,20.18,23.62,28.18,25.8,29.33,32.63,31.1,33.57,3005,251,120
2024,"2024.04",4,"Stadtquartiere",72,"Hottingen",9,"2 , 3  und 4 Zimmer",2,"Nicht gemeinnützig",2,"Quadratmeter",1,"netto",30.22,29.36,31.09,24.69,23.54,26.25,29.75,28.95,31.14,35.53,33.18,36.86,2960,236,160
2022,"2022.04",4,"Stadtquartiere",73,"Hirslanden",2,"2 Zimmer",1,"Gemeinnützig",2,"Quadratmeter",1,"netto",16.52,16.09,16.96,15.16,13.39,15.61,16.05,15.42,17.64,18.36,16.98,19.43,78,30,10
2024,"2024.04",4,"Stadtquartiere",73,"Hirslanden",2,"2 Zimmer",1,"Gemeinnützig",2,"Quadratmeter",1,"netto",17.19,16.47,17.91,13.87,13.47,16.07,16.58,15.38,17.59,19.83,17.59,20.32,81,30,11
2022,"2022.04",4,"Stadtquartiere",73,"Hirslanden",3,"3 Zimmer",1,"Gemeinnützig",2,"Quadratmeter",1,"netto",14.01,13.56,14.46,11.71,11.57,12.91,13.39,12.55,14.23,15.21,14.71,16.1,221,72,12
2024,"2024.04",4,"Stadtquartiere",73,"Hirslanden",3,"3 Zimmer",1,"Gemeinnützig",2,"Quadratmeter",1,"netto",14.69,14.46,14.91,12.07,11.64,12.99,13.11,12.15,14,16.84,16.11,17.26,235,79,11
2022,"2022.04",4,"Stadtquartiere",73,"Hirslanden",4,"4 Zimmer",1,"Gemeinnützig",2,"Quadratmeter",1,"netto",12.21,11.86,12.55,10.5,9.88,10.68,10.83,10.82,12.25,13.41,12.9,13.72,89,33,15
2024,"2024.04",4,"Stadtquartiere",73,"Hirslanden",4,"4 Zimmer",1,"Gemeinnützig",2,"Quadratmeter",1,"netto",13.2,13.04,13.37,11.03,10.75,11.46,11.75,11.44,12.15,14.62,14.27,14.75,100,43,12
2022,"2022.04",4,"Stadtquartiere",73,"Hirslanden",9,"2 , 3  und 4 Zimmer",1,"Gemeinnützig",2,"Quadratmeter",1,"netto",14.07,13.78,14.35,11.6,11.26,11.92,13.41,12.61,14.32,16.33,15.6,16.8,388,135,37
2024,"2024.04",4,"Stadtquartiere",73,"Hirslanden",9,"2 , 3  und 4 Zimmer",1,"Gemeinnützig",2,"Quadratmeter",1,"netto",14.81,14.61,15.01,12.04,11.64,12.15,13.48,12.85,14.01,17.45,16.55,17.64,416,152,34
2022,"2022.04",4,"Stadtquartiere",73,"Hirslanden",2,"2 Zimmer",2,"Nicht gemeinnützig",2,"Quadratmeter",1,"netto",29.25,27.48,31.02,22.59,20.21,26.28,28.66,26.56,30.08,35.12,32.23,42.09,588,84,34
2024,"2024.04",4,"Stadtquartiere",73,"Hirslanden",2,"2 Zimmer",2,"Nicht gemeinnützig",2,"Quadratmeter",1,"netto",32.68,30.89,34.48,25.56,22.41,30.53,33.87,31.99,35.22,39.77,36.32,43.13,642,102,47
2022,"2022.04",4,"Stadtquartiere",73,"Hirslanden",3,"3 Zimmer",2,"Nicht gemeinnützig",2,"Quadratmeter",1,"netto",24.56,23.06,26.06,20.48,18.78,23.54,25,23.76,27.01,29.23,27.02,32.92,1043,115,40
2024,"2024.04",4,"Stadtquartiere",73,"Hirslanden",3,"3 Zimmer",2,"Nicht gemeinnützig",2,"Quadratmeter",1,"netto",26.95,25.46,28.43,20.71,18.14,24.18,27.92,25.32,28.8,32.43,30.07,34.14,1062,118,62
2022,"2022.04",4,"Stadtquartiere",73,"Hirslanden",4,"4 Zimmer",2,"Nicht gemeinnützig",2,"Quadratmeter",1,"netto",22.08,19.66,24.51,17.77,14.46,22.53,23.08,17.83,25.29,26.23,24.3,29.43,674,46,26
2024,"2024.04",4,"Stadtquartiere",73,"Hirslanden",4,"4 Zimmer",2,"Nicht gemeinnützig",2,"Quadratmeter",1,"netto",23.79,22.4,25.18,19.6,16.39,21,23.73,22.28,26.47,28.58,26.88,30.63,647,36,55
2022,"2022.04",4,"Stadtquartiere",73,"Hirslanden",9,"2 , 3  und 4 Zimmer",2,"Nicht gemeinnützig",2,"Quadratmeter",1,"netto",25.03,23.95,26.11,20,17.93,21.72,25.09,24.08,26.44,29.59,27.64,32.31,2305,245,100
2024,"2024.04",4,"Stadtquartiere",73,"Hirslanden",9,"2 , 3  und 4 Zimmer",2,"Nicht gemeinnützig",2,"Quadratmeter",1,"netto",27.63,26.72,28.55,20.95,19.99,22.95,27.8,26.7,28.78,33.79,32.44,34.98,2351,256,164
2022,"2022.04",4,"Stadtquartiere",74,"Witikon",2,"2 Zimmer",1,"Gemeinnützig",2,"Quadratmeter",1,"netto",16.89,16.32,17.47,13.2,12.63,14.22,17.32,16.57,19.43,20.76,20.03,21.86,54,22,20
2024,"2024.04",4,"Stadtquartiere",74,"Witikon",2,"2 Zimmer",1,"Gemeinnützig",2,"Quadratmeter",1,"netto",20,17.18,22.81,9.85,17.24,20.74,20.14,10.5,23.06,22.44,20.12,23.64,99,24,5
2022,"2022.04",4,"Stadtquartiere",74,"Witikon",3,"3 Zimmer",1,"Gemeinnützig",2,"Quadratmeter",1,"netto",14.79,14.59,15,11.93,11.93,12.56,14.49,14.49,14.73,17.06,16.85,17.56,88,59,20
2024,"2024.04",4,"Stadtquartiere",74,"Witikon",3,"3 Zimmer",1,"Gemeinnützig",2,"Quadratmeter",1,"netto",15.48,14.78,16.17,11.61,11.57,11.99,13.57,12.94,17.06,19.16,17.73,20.55,103,53,17
2022,"2022.04",4,"Stadtquartiere",74,"Witikon",4,"4 Zimmer",1,"Gemeinnützig",2,"Quadratmeter",1,"netto",13.8,13.54,14.05,11.87,11.68,12.41,12.75,12.4,13.17,15.05,14.83,15.25,158,69,20
2024,"2024.04",4,"Stadtquartiere",74,"Witikon",4,"4 Zimmer",1,"Gemeinnützig",2,"Quadratmeter",1,"netto",13.99,13.52,14.46,11.93,11.72,12.29,12.66,12.25,13.73,14.71,14.34,16.77,160,65,17
2022,"2022.04",4,"Stadtquartiere",74,"Witikon",9,"2 , 3  und 4 Zimmer",1,"Gemeinnützig",2,"Quadratmeter",1,"netto",14.6,14.42,14.78,11.83,11.64,12.14,13.85,13.17,14.45,16.72,16.46,16.96,300,150,60
2024,"2024.04",4,"Stadtquartiere",74,"Witikon",9,"2 , 3  und 4 Zimmer",1,"Gemeinnützig",2,"Quadratmeter",1,"netto",16.04,15.22,16.86,12,11.7,12.47,14.62,13.29,17.58,20.13,18.8,20.85,362,142,39
2022,"2022.04",4,"Stadtquartiere",74,"Witikon",2,"2 Zimmer",2,"Nicht gemeinnützig",2,"Quadratmeter",1,"netto",23.38,21.94,24.82,17.52,15.35,20.71,23,21.79,25.48,30.04,27.21,31.43,678,156,33
2024,"2024.04",4,"Stadtquartiere",74,"Witikon",2,"2 Zimmer",2,"Nicht gemeinnützig",2,"Quadratmeter",1,"netto",26.22,25,27.44,21.78,20.07,22.91,24.44,23.69,26.09,29.69,28.27,32.73,700,156,44
2022,"2022.04",4,"Stadtquartiere",74,"Witikon",3,"3 Zimmer",2,"Nicht gemeinnützig",2,"Quadratmeter",1,"netto",19.97,19.09,20.86,16.76,15.68,18.94,20.34,19.24,22.28,22.98,22.31,24.43,1422,276,31
2024,"2024.04",4,"Stadtquartiere",74,"Witikon",3,"3 Zimmer",2,"Nicht gemeinnützig",2,"Quadratmeter",1,"netto",23.39,22.5,24.27,18.35,17.76,19.65,22.9,21.57,24.47,26.81,25.24,27.8,1397,293,56
2022,"2022.04",4,"Stadtquartiere",74,"Witikon",4,"4 Zimmer",2,"Nicht gemeinnützig",2,"Quadratmeter",1,"netto",22.35,20.87,23.84,18.87,17.3,19.56,21.38,19.65,22.47,23.44,22.27,28.71,1003,171,29
2024,"2024.04",4,"Stadtquartiere",74,"Witikon",4,"4 Zimmer",2,"Nicht gemeinnützig",2,"Quadratmeter",1,"netto",22.24,21.09,23.38,17.58,16,19.09,21.48,20.4,22.83,27.49,25.74,28.12,947,186,47
2022,"2022.04",4,"Stadtquartiere",74,"Witikon",9,"2 , 3  und 4 Zimmer",2,"Nicht gemeinnützig",2,"Quadratmeter",1,"netto",21.49,20.78,22.19,17.51,16.49,18.94,21.21,20.17,22.26,23.77,22.95,25.96,3103,603,93
2024,"2024.04",4,"Stadtquartiere",74,"Witikon",9,"2 , 3  und 4 Zimmer",2,"Nicht gemeinnützig",2,"Quadratmeter",1,"netto",23.68,23.08,24.29,18.84,18.07,19.48,22.95,22.35,23.86,27.24,26.78,28.12,3044,635,147
2022,"2022.04",4,"Stadtquartiere",89,"Riesbach (Kreis 8)",2,"2 Zimmer",1,"Gemeinnützig",2,"Quadratmeter",1,"netto",19.05,18.51,19.59,14.9,14.83,15.4,17.3,17.19,17.75,21.79,21.37,24.34,98,80,0
2024,"2024.04",4,"Stadtquartiere",89,"Riesbach (Kreis 8)",2,"2 Zimmer",1,"Gemeinnützig",2,"Quadratmeter",1,"netto",19.97,19.62,20.33,15.06,14.9,15.38,18.04,17.72,18.72,23.35,22.43,24.93,93,86,0
2022,"2022.04",4,"Stadtquartiere",89,"Riesbach (Kreis 8)",3,"3 Zimmer",1,"Gemeinnützig",2,"Quadratmeter",1,"netto",15.9,15.76,16.05,13.12,13.1,13.21,14.75,14.71,15.03,16.86,16.52,16.98,253,235,0
2024,"2024.04",4,"Stadtquartiere",89,"Riesbach (Kreis 8)",3,"3 Zimmer",1,"Gemeinnützig",2,"Quadratmeter",1,"netto",16.83,16.71,16.95,13.77,13.7,13.79,15.35,15.3,15.41,18.03,17.88,18.16,246,214,24
2022,"2022.04",4,"Stadtquartiere",89,"Riesbach (Kreis 8)",4,"4 Zimmer",1,"Gemeinnützig",2,"Quadratmeter",1,"netto",14.45,14.34,14.57,12.37,12.35,12.39,13.8,13.72,13.89,15.29,15.25,15.34,244,232,0
2024,"2024.04",4,"Stadtquartiere",89,"Riesbach (Kreis 8)",4,"4 Zimmer",1,"Gemeinnützig",2,"Quadratmeter",1,"netto",15.42,15.35,15.5,12.71,12.68,12.78,14.79,14.56,14.82,16.23,16.21,16.25,246,227,14
2022,"2022.04",4,"Stadtquartiere",89,"Riesbach (Kreis 8)",9,"2 , 3  und 4 Zimmer",1,"Gemeinnützig",2,"Quadratmeter",1,"netto",15.81,15.7,15.93,12.78,12.71,12.84,14.8,14.71,14.89,16.96,16.68,17.21,595,547,0
2024,"2024.04",4,"Stadtquartiere",89,"Riesbach (Kreis 8)",9,"2 , 3  und 4 Zimmer",1,"Gemeinnützig",2,"Quadratmeter",1,"netto",16.71,16.64,16.79,13.57,13.52,13.6,15.42,15.4,15.5,18,17.86,18.08,585,527,38
2022,"2022.04",4,"Stadtquartiere",89,"Riesbach (Kreis 8)",2,"2 Zimmer",2,"Nicht gemeinnützig",2,"Quadratmeter",1,"netto",31.98,30.89,33.06,24.88,22.91,26.45,32.5,31,34.39,38.11,36.82,40.42,2213,477,113
2024,"2024.04",4,"Stadtquartiere",89,"Riesbach (Kreis 8)",2,"2 Zimmer",2,"Nicht gemeinnützig",2,"Quadratmeter",1,"netto",34.71,33.77,35.65,25.8,24.95,26.9,34.58,32.79,35.46,42.46,40.28,44.02,2192,497,176
2022,"2022.04",4,"Stadtquartiere",89,"Riesbach (Kreis 8)",3,"3 Zimmer",2,"Nicht gemeinnützig",2,"Quadratmeter",1,"netto",28.83,27.82,29.84,22.07,20.21,24.04,29.97,28,30.84,35.37,33.91,37.25,2773,472,125
2024,"2024.04",4,"Stadtquartiere",89,"Riesbach (Kreis 8)",3,"3 Zimmer",2,"Nicht gemeinnützig",2,"Quadratmeter",1,"netto",31.62,30.7,32.54,24.17,22.93,25.57,32.07,29.45,33.58,39.05,37.71,40.3,2751,493,185
2022,"2022.04",4,"Stadtquartiere",89,"Riesbach (Kreis 8)",4,"4 Zimmer",2,"Nicht gemeinnützig",2,"Quadratmeter",1,"netto",27.07,25.91,28.22,20,17.76,22.01,27.11,25.89,28.25,32.18,30.49,34.21,1393,166,99
2024,"2024.04",4,"Stadtquartiere",89,"Riesbach (Kreis 8)",4,"4 Zimmer",2,"Nicht gemeinnützig",2,"Quadratmeter",1,"netto",27.68,26.75,28.62,21.22,20.25,22.28,27.83,26.19,28.86,34.5,33.53,35.64,1367,176,142
2022,"2022.04",4,"Stadtquartiere",89,"Riesbach (Kreis 8)",9,"2 , 3  und 4 Zimmer",2,"Nicht gemeinnützig",2,"Quadratmeter",1,"netto",29.54,28.91,30.17,22.5,21.33,23.69,29.7,28.71,30.65,35.85,34.95,37.16,6379,1115,337
2024,"2024.04",4,"Stadtquartiere",89,"Riesbach (Kreis 8)",9,"2 , 3  und 4 Zimmer",2,"Nicht gemeinnützig",2,"Quadratmeter",1,"netto",31.85,31.3,32.41,24.07,23.26,24.66,31.84,30.87,32.73,38.96,38.12,39.99,6310,1166,503
2022,"2022.04",4,"Stadtquartiere",91,"Albisrieden",2,"2 Zimmer",1,"Gemeinnützig",2,"Quadratmeter",1,"netto",16.73,16.24,17.22,12.58,12.26,13.41,16.09,14.86,16.91,19.82,18.99,20.85,838,493,25
2024,"2024.04",4,"Stadtquartiere",91,"Albisrieden",2,"2 Zimmer",1,"Gemeinnützig",2,"Quadratmeter",1,"netto",18.06,17.1,19.02,14.03,12.94,15.39,18.29,17.12,19.6,20.78,20.22,21.9,816,497,17
2022,"2022.04",4,"Stadtquartiere",91,"Albisrieden",3,"3 Zimmer",1,"Gemeinnützig",2,"Quadratmeter",1,"netto",13.96,13.62,14.29,11.24,10.92,11.64,13.67,12.77,14.03,16.13,15.77,16.56,1764,1006,40
2024,"2024.04",4,"Stadtquartiere",91,"Albisrieden",3,"3 Zimmer",1,"Gemeinnützig",2,"Quadratmeter",1,"netto",14.84,14.51,15.17,12.09,11.64,12.5,14.61,13.83,15.05,16.95,16.7,17.72,1684,1036,29
2022,"2022.04",4,"Stadtquartiere",91,"Albisrieden",4,"4 Zimmer",1,"Gemeinnützig",2,"Quadratmeter",1,"netto",14.74,14.37,15.12,12.22,11.95,13.75,14.68,14.35,14.99,16.69,15.65,17.68,1006,516,34
2024,"2024.04",4,"Stadtquartiere",91,"Albisrieden",4,"4 Zimmer",1,"Gemeinnützig",2,"Quadratmeter",1,"netto",15.65,15.1,16.21,12.96,12.53,14.33,15.45,15.26,15.91,18.19,17.09,18.94,999,509,28
2022,"2022.04",4,"Stadtquartiere",91,"Albisrieden",9,"2 , 3  und 4 Zimmer",1,"Gemeinnützig",2,"Quadratmeter",1,"netto",14.82,14.59,15.04,11.95,11.7,12.07,14.38,14.29,14.63,17.23,16.69,17.62,3608,2015,99
2024,"2024.04",4,"Stadtquartiere",91,"Albisrieden",9,"2 , 3  und 4 Zimmer",1,"Gemeinnützig",2,"Quadratmeter",1,"netto",15.82,15.5,16.14,12.57,12.3,13.02,15.32,15.06,15.79,18.65,17.95,18.97,3499,2042,74
2022,"2022.04",4,"Stadtquartiere",91,"Albisrieden",2,"2 Zimmer",2,"Nicht gemeinnützig",2,"Quadratmeter",1,"netto",26.4,25.18,27.61,21.58,20.33,22.57,24.51,23.13,27.06,31.21,29.15,33.12,1704,343,37
2024,"2024.04",4,"Stadtquartiere",91,"Albisrieden",2,"2 Zimmer",2,"Nicht gemeinnützig",2,"Quadratmeter",1,"netto",28.27,27.61,28.92,23.02,21.96,24.09,28.46,26.73,29.27,32.96,31.79,34.66,1741,431,63
2022,"2022.04",4,"Stadtquartiere",91,"Albisrieden",3,"3 Zimmer",2,"Nicht gemeinnützig",2,"Quadratmeter",1,"netto",22.27,21.32,23.21,17.64,16.93,19.89,22.57,21.25,24.44,26.23,24.67,27.19,2292,383,34
2024,"2024.04",4,"Stadtquartiere",91,"Albisrieden",3,"3 Zimmer",2,"Nicht gemeinnützig",2,"Quadratmeter",1,"netto",25.92,25.05,26.8,20.6,19.47,22,25.44,23.49,26.46,30.03,28.2,32.43,2417,417,52
2022,"2022.04",4,"Stadtquartiere",91,"Albisrieden",4,"4 Zimmer",2,"Nicht gemeinnützig",2,"Quadratmeter",1,"netto",22.1,21.19,23.01,17.16,16.81,20.43,21.47,20.48,22.83,24.83,23.63,26.15,1267,314,29
2024,"2024.04",4,"Stadtquartiere",91,"Albisrieden",4,"4 Zimmer",2,"Nicht gemeinnützig",2,"Quadratmeter",1,"netto",23.15,22.32,23.97,18.36,18.14,19.59,21.83,20.16,23.25,26.09,24.35,27.29,1334,391,40
2022,"2022.04",4,"Stadtquartiere",91,"Albisrieden",9,"2 , 3  und 4 Zimmer",2,"Nicht gemeinnützig",2,"Quadratmeter",1,"netto",23.57,22.96,24.18,18.9,17.75,20.35,22.85,22.2,23.84,27.12,26.24,27.72,5263,1040,100
2024,"2024.04",4,"Stadtquartiere",91,"Albisrieden",9,"2 , 3  und 4 Zimmer",2,"Nicht gemeinnützig",2,"Quadratmeter",1,"netto",25.99,25.51,26.48,20.15,19.61,21.42,25.43,24.33,26,30.52,29.34,31.37,5492,1239,155
2022,"2022.04",4,"Stadtquartiere",92,"Altstetten",2,"2 Zimmer",1,"Gemeinnützig",2,"Quadratmeter",1,"netto",15.95,15.16,16.75,12.91,12.3,13.39,14.42,14.09,16.43,18.09,17.37,18.96,819,502,21
2024,"2024.04",4,"Stadtquartiere",92,"Altstetten",2,"2 Zimmer",1,"Gemeinnützig",2,"Quadratmeter",1,"netto",17.06,16.42,17.7,13.9,13.61,14.5,16,15.34,17.4,19.66,18.59,20.44,845,531,21
2022,"2022.04",4,"Stadtquartiere",92,"Altstetten",3,"3 Zimmer",1,"Gemeinnützig",2,"Quadratmeter",1,"netto",14.09,13.71,14.46,11.99,11.49,12.63,13.94,13.36,14.48,16.04,15.55,16.55,2294,1209,34
2024,"2024.04",4,"Stadtquartiere",92,"Altstetten",3,"3 Zimmer",1,"Gemeinnützig",2,"Quadratmeter",1,"netto",14.79,14.38,15.19,12.88,12.57,13.29,14.58,13.78,14.77,16.31,15.53,17.14,2233,1244,30
2022,"2022.04",4,"Stadtquartiere",92,"Altstetten",4,"4 Zimmer",1,"Gemeinnützig",2,"Quadratmeter",1,"netto",13.65,13.08,14.23,11.71,11.4,12.26,13.13,12.77,13.84,15.32,14.42,15.66,1293,695,28
2024,"2024.04",4,"Stadtquartiere",92,"Altstetten",4,"4 Zimmer",1,"Gemeinnützig",2,"Quadratmeter",1,"netto",14.35,13.95,14.76,12.76,12.49,12.94,14.12,13.5,14.59,15.53,15.1,16.47,1258,744,29
2022,"2022.04",4,"Stadtquartiere",92,"Altstetten",9,"2 , 3  und 4 Zimmer",1,"Gemeinnützig",2,"Quadratmeter",1,"netto",14.31,14.01,14.61,12.05,11.79,12.38,13.84,13.49,14.21,16.09,15.71,16.59,4406,2406,83
2024,"2024.04",4,"Stadtquartiere",92,"Altstetten",9,"2 , 3  und 4 Zimmer",1,"Gemeinnützig",2,"Quadratmeter",1,"netto",15.1,14.83,15.37,12.94,12.79,13.21,14.61,14.28,14.79,16.85,16.3,17.23,4336,2519,80
2022,"2022.04",4,"Stadtquartiere",92,"Altstetten",2,"2 Zimmer",2,"Nicht gemeinnützig",2,"Quadratmeter",1,"netto",26.22,25.03,27.41,21.24,19.94,22.09,24.81,22.89,26.17,29.62,27.17,32.94,3611,479,41
2024,"2024.04",4,"Stadtquartiere",92,"Altstetten",2,"2 Zimmer",2,"Nicht gemeinnützig",2,"Quadratmeter",1,"netto",27.71,26.96,28.47,22.99,21.61,23.84,27.52,26.06,28.59,31.99,30.7,33.78,3699,1150,64
2022,"2022.04",4,"Stadtquartiere",92,"Altstetten",3,"3 Zimmer",2,"Nicht gemeinnützig",2,"Quadratmeter",1,"netto",21.86,21.06,22.66,17.13,16.15,18.71,21.76,20.83,22.09,25,22.85,27.12,4332,628,60
2024,"2024.04",4,"Stadtquartiere",92,"Altstetten",3,"3 Zimmer",2,"Nicht gemeinnützig",2,"Quadratmeter",1,"netto",24.1,23.5,24.7,19.83,18.9,20.61,23.77,22.86,25.17,27.55,26.59,29.36,4414,1150,74
2022,"2022.04",4,"Stadtquartiere",92,"Altstetten",4,"4 Zimmer",2,"Nicht gemeinnützig",2,"Quadratmeter",1,"netto",21.15,19.99,22.3,17.05,16,19.32,21.49,19.7,22.7,25,23.34,27.39,1761,273,34
2024,"2024.04",4,"Stadtquartiere",92,"Altstetten",4,"4 Zimmer",2,"Nicht gemeinnützig",2,"Quadratmeter",1,"netto",22.46,21.62,23.29,18.15,16.96,19.57,20.78,20.21,22.07,26.55,23.4,27.41,1806,435,54
2022,"2022.04",4,"Stadtquartiere",92,"Altstetten",9,"2 , 3  und 4 Zimmer",2,"Nicht gemeinnützig",2,"Quadratmeter",1,"netto",23.34,22.73,23.95,19.24,17.97,19.68,22.09,21.67,22.71,26.92,25.89,28.06,9704,1380,135
2024,"2024.04",4,"Stadtquartiere",92,"Altstetten",9,"2 , 3  und 4 Zimmer",2,"Nicht gemeinnützig",2,"Quadratmeter",1,"netto",25.15,24.73,25.56,20.15,19.79,20.71,24.34,23.79,25.41,29.45,28.57,30.45,9919,2735,192
2022,"2022.04",4,"Stadtquartiere",101,"Höngg",2,"2 Zimmer",1,"Gemeinnützig",2,"Quadratmeter",1,"netto",15.85,15.15,16.56,12.89,12.24,13.44,14.72,14.3,15.12,18.58,16.78,19.61,516,378,20
2024,"2024.04",4,"Stadtquartiere",101,"Höngg",2,"2 Zimmer",1,"Gemeinnützig",2,"Quadratmeter",1,"netto",16.83,16.26,17.39,14.04,13.54,14.79,15.95,15.42,16.19,19.6,18.52,20.76,530,390,17
2022,"2022.04",4,"Stadtquartiere",101,"Höngg",3,"3 Zimmer",1,"Gemeinnützig",2,"Quadratmeter",1,"netto",14.56,13.98,15.13,12.59,12.39,12.9,13.78,13.4,14.21,15.7,14.96,16.12,1012,776,17
2024,"2024.04",4,"Stadtquartiere",101,"Höngg",3,"3 Zimmer",1,"Gemeinnützig",2,"Quadratmeter",1,"netto",15.28,14.99,15.57,13.29,13.06,13.56,14.49,14.21,14.89,16.72,16.07,17.15,982,781,18
2022,"2022.04",4,"Stadtquartiere",101,"Höngg",4,"4 Zimmer",1,"Gemeinnützig",2,"Quadratmeter",1,"netto",14.2,13.74,14.66,12.33,12.03,12.56,13.65,13.33,14.23,15.34,14.73,15.66,817,609,23
2024,"2024.04",4,"Stadtquartiere",101,"Höngg",4,"4 Zimmer",1,"Gemeinnützig",2,"Quadratmeter",1,"netto",14.92,14.39,15.45,12.77,12.5,13.21,14.22,13.88,14.45,16.59,15.98,17.09,808,614,19
2022,"2022.04",4,"Stadtquartiere",101,"Höngg",9,"2 , 3  und 4 Zimmer",1,"Gemeinnützig",2,"Quadratmeter",1,"netto",14.72,14.38,15.05,12.54,12.37,12.68,13.94,13.65,14.22,15.83,15.48,16.16,2345,1763,60
2024,"2024.04",4,"Stadtquartiere",101,"Höngg",9,"2 , 3  und 4 Zimmer",1,"Gemeinnützig",2,"Quadratmeter",1,"netto",15.51,15.25,15.76,13.28,13.1,13.41,14.65,14.45,14.87,16.95,16.68,17.25,2320,1785,54
2022,"2022.04",4,"Stadtquartiere",101,"Höngg",2,"2 Zimmer",2,"Nicht gemeinnützig",2,"Quadratmeter",1,"netto",26.46,23.37,29.55,21.42,18.74,23.89,26.19,23.48,27.2,28.15,27.14,31.25,1459,287,29
2024,"2024.04",4,"Stadtquartiere",101,"Höngg",2,"2 Zimmer",2,"Nicht gemeinnützig",2,"Quadratmeter",1,"netto",26.88,25.77,28,22.55,22.1,23.74,26.27,24.5,27.34,30.25,28.31,32.74,1463,296,48
2022,"2022.04",4,"Stadtquartiere",101,"Höngg",3,"3 Zimmer",2,"Nicht gemeinnützig",2,"Quadratmeter",1,"netto",23.17,21.52,24.83,19.11,16.68,19.76,22.24,20.19,24.26,26.99,24.7,28.85,2672,608,37
2024,"2024.04",4,"Stadtquartiere",101,"Höngg",3,"3 Zimmer",2,"Nicht gemeinnützig",2,"Quadratmeter",1,"netto",23.07,22.2,23.93,19.11,17.88,20.21,22.66,21.48,24.35,26.63,25.83,27.91,2646,591,55
2022,"2022.04",4,"Stadtquartiere",101,"Höngg",4,"4 Zimmer",2,"Nicht gemeinnützig",2,"Quadratmeter",1,"netto",22.51,21.54,23.47,18.23,17.58,19.53,21.2,19.76,23.22,25.65,23.76,27.55,1776,380,38
2024,"2024.04",4,"Stadtquartiere",101,"Höngg",4,"4 Zimmer",2,"Nicht gemeinnützig",2,"Quadratmeter",1,"netto",21.82,20.99,22.65,17.98,17.05,19.37,21.97,20.58,22.61,25,24.12,25.82,1768,380,67
2022,"2022.04",4,"Stadtquartiere",101,"Höngg",9,"2 , 3  und 4 Zimmer",2,"Nicht gemeinnützig",2,"Quadratmeter",1,"netto",23.78,22.68,24.89,19.2,18.12,19.54,22.76,21.26,24.17,27.15,26.23,28.15,5907,1275,104
2024,"2024.04",4,"Stadtquartiere",101,"Höngg",9,"2 , 3  und 4 Zimmer",2,"Nicht gemeinnützig",2,"Quadratmeter",1,"netto",23.64,23.1,24.18,19.36,18.76,20.16,23.28,22.57,24.14,27.14,26.36,27.9,5877,1267,170
2022,"2022.04",4,"Stadtquartiere",102,"Wipkingen",2,"2 Zimmer",1,"Gemeinnützig",2,"Quadratmeter",1,"netto",16.07,15.75,16.39,13.89,13.32,14.58,15.9,15.33,16.49,18.38,17.53,18.82,699,423,32
2024,"2024.04",4,"Stadtquartiere",102,"Wipkingen",2,"2 Zimmer",1,"Gemeinnützig",2,"Quadratmeter",1,"netto",17.5,17.09,17.9,15.25,14.4,15.84,16.89,16.63,17.71,19.57,19.02,20.59,716,438,27
2022,"2022.04",4,"Stadtquartiere",102,"Wipkingen",3,"3 Zimmer",1,"Gemeinnützig",2,"Quadratmeter",1,"netto",14.29,13.68,14.89,11.71,11.22,12.25,13.43,12.79,13.75,16.77,15.52,17.94,1116,653,23
2024,"2024.04",4,"Stadtquartiere",102,"Wipkingen",3,"3 Zimmer",1,"Gemeinnützig",2,"Quadratmeter",1,"netto",14.59,14.09,15.08,12.54,12.06,12.77,13.67,13.17,14.43,16.12,15.47,17.25,1116,643,23
2022,"2022.04",4,"Stadtquartiere",102,"Wipkingen",4,"4 Zimmer",1,"Gemeinnützig",2,"Quadratmeter",1,"netto",14.03,13.57,14.49,11.07,10.75,11.48,13.77,12.76,14.89,16.73,15.99,17.41,523,262,30
2024,"2024.04",4,"Stadtquartiere",102,"Wipkingen",4,"4 Zimmer",1,"Gemeinnützig",2,"Quadratmeter",1,"netto",15.02,14.62,15.42,12.13,11.72,12.92,15.39,14.69,15.53,17.09,16.35,17.84,517,262,29
2022,"2022.04",4,"Stadtquartiere",102,"Wipkingen",9,"2 , 3  und 4 Zimmer",1,"Gemeinnützig",2,"Quadratmeter",1,"netto",14.77,14.44,15.09,11.86,11.46,12.25,14.41,13.67,15.12,17.34,16.77,17.87,2338,1338,85
2024,"2024.04",4,"Stadtquartiere",102,"Wipkingen",9,"2 , 3  und 4 Zimmer",1,"Gemeinnützig",2,"Quadratmeter",1,"netto",15.57,15.29,15.85,12.79,12.64,13.1,15.32,14.83,15.58,17.72,17.29,18.2,2349,1343,79
2022,"2022.04",4,"Stadtquartiere",102,"Wipkingen",2,"2 Zimmer",2,"Nicht gemeinnützig",2,"Quadratmeter",1,"netto",29.32,26.74,31.89,24.91,22.26,26.28,26.75,26,29.46,33.67,29.46,35.03,1339,139,37
2024,"2024.04",4,"Stadtquartiere",102,"Wipkingen",2,"2 Zimmer",2,"Nicht gemeinnützig",2,"Quadratmeter",1,"netto",27.92,26.58,29.26,23.14,21.68,24.4,26.81,25.3,28.3,32.53,29.74,34.96,1341,133,52
2022,"2022.04",4,"Stadtquartiere",102,"Wipkingen",3,"3 Zimmer",2,"Nicht gemeinnützig",2,"Quadratmeter",1,"netto",23.2,21.64,24.76,19.12,17.88,20.41,21.97,21.24,23.96,27.55,24.45,28.46,2284,313,43
2024,"2024.04",4,"Stadtquartiere",102,"Wipkingen",3,"3 Zimmer",2,"Nicht gemeinnützig",2,"Quadratmeter",1,"netto",25.57,24.16,26.97,19.8,18.3,22.62,24.95,23.15,26.32,29.28,27.18,31.66,2247,237,54
2022,"2022.04",4,"Stadtquartiere",102,"Wipkingen",4,"4 Zimmer",2,"Nicht gemeinnützig",2,"Quadratmeter",1,"netto",22.81,21.36,24.25,17.93,16.65,20.89,22,20.06,25.26,26.22,25.27,29.38,876,116,32
2024,"2024.04",4,"Stadtquartiere",102,"Wipkingen",4,"4 Zimmer",2,"Nicht gemeinnützig",2,"Quadratmeter",1,"netto",23.62,22.22,25.01,19.04,17.85,20.02,23.64,21.16,25.37,28.68,25.63,30.92,859,70,52
2022,"2022.04",4,"Stadtquartiere",102,"Wipkingen",9,"2 , 3  und 4 Zimmer",2,"Nicht gemeinnützig",2,"Quadratmeter",1,"netto",24.95,23.81,26.08,19.63,18.11,20.72,24.26,23.04,25.72,28.47,27.6,30.52,4499,568,112
2024,"2024.04",4,"Stadtquartiere",102,"Wipkingen",9,"2 , 3  und 4 Zimmer",2,"Nicht gemeinnützig",2,"Quadratmeter",1,"netto",25.9,25.04,26.76,20.77,19.65,22.52,25.04,24.01,26.28,29.97,28.68,31.59,4447,440,158
2022,"2022.04",4,"Stadtquartiere",111,"Affoltern",2,"2 Zimmer",1,"Gemeinnützig",2,"Quadratmeter",1,"netto",15.61,15.28,15.95,13.8,13.57,14.46,15.73,15.14,15.97,16.99,16.5,17.27,740,421,30
2024,"2024.04",4,"Stadtquartiere",111,"Affoltern",2,"2 Zimmer",1,"Gemeinnützig",2,"Quadratmeter",1,"netto",17.08,16.37,17.78,14.88,13.46,15.79,17.34,16.85,17.7,18.8,18.15,19.6,804,426,28
2022,"2022.04",4,"Stadtquartiere",111,"Affoltern",3,"3 Zimmer",1,"Gemeinnützig",2,"Quadratmeter",1,"netto",15.73,15.34,16.13,13.61,13.42,13.65,14.96,14.58,15.32,16.97,16.65,17.82,1547,1049,46
2024,"2024.04",4,"Stadtquartiere",111,"Affoltern",3,"3 Zimmer",1,"Gemeinnützig",2,"Quadratmeter",1,"netto",16.58,16.22,16.95,14.31,14.1,14.53,15.92,15.49,16.36,18.71,17.63,19.71,1589,1024,45
2022,"2022.04",4,"Stadtquartiere",111,"Affoltern",4,"4 Zimmer",1,"Gemeinnützig",2,"Quadratmeter",1,"netto",14.35,14.09,14.61,12.78,12.62,13.01,14.04,13.85,14.17,15.54,15.22,15.81,1452,921,51
2024,"2024.04",4,"Stadtquartiere",111,"Affoltern",4,"4 Zimmer",1,"Gemeinnützig",2,"Quadratmeter",1,"netto",15.53,15.2,15.87,13.73,13.58,14.11,14.82,14.55,15.05,16.96,16.44,17.32,1442,853,46
2022,"2022.04",4,"Stadtquartiere",111,"Affoltern",9,"2 , 3  und 4 Zimmer",1,"Gemeinnützig",2,"Quadratmeter",1,"netto",15.17,14.97,15.38,13.4,13.29,13.49,14.5,14.37,14.72,16.49,16.33,16.64,3739,2391,127
2024,"2024.04",4,"Stadtquartiere",111,"Affoltern",9,"2 , 3  und 4 Zimmer",1,"Gemeinnützig",2,"Quadratmeter",1,"netto",16.29,16.05,16.54,14.09,13.88,14.24,15.71,15.43,16.11,18.03,17.62,18.32,3835,2303,119
2022,"2022.04",4,"Stadtquartiere",111,"Affoltern",2,"2 Zimmer",2,"Nicht gemeinnützig",2,"Quadratmeter",1,"netto",23.39,22.05,24.72,17.92,16.63,20.12,22.99,20.57,25.21,27.78,25.68,28.36,1283,331,33
2024,"2024.04",4,"Stadtquartiere",111,"Affoltern",2,"2 Zimmer",2,"Nicht gemeinnützig",2,"Quadratmeter",1,"netto",25,24.14,25.85,20.75,19,22.05,25.35,23.88,26.33,30.34,28.17,32.16,1266,285,50
2022,"2022.04",4,"Stadtquartiere",111,"Affoltern",3,"3 Zimmer",2,"Nicht gemeinnützig",2,"Quadratmeter",1,"netto",20.38,19.62,21.13,17.09,16.3,18.06,20.62,18.72,21.75,23.21,22.97,23.69,2359,636,37
2024,"2024.04",4,"Stadtquartiere",111,"Affoltern",3,"3 Zimmer",2,"Nicht gemeinnützig",2,"Quadratmeter",1,"netto",22.3,21.39,23.22,18.22,17.32,19.53,22.43,21.14,23.02,25.9,24.9,26.88,2286,550,53
2022,"2022.04",4,"Stadtquartiere",111,"Affoltern",4,"4 Zimmer",2,"Nicht gemeinnützig",2,"Quadratmeter",1,"netto",18.62,17.7,19.53,16.2,14.25,17.13,18.56,17.33,20.33,21.82,20.44,22.06,1482,430,30
2024,"2024.04",4,"Stadtquartiere",111,"Affoltern",4,"4 Zimmer",2,"Nicht gemeinnützig",2,"Quadratmeter",1,"netto",19.66,19,20.33,16.93,15.95,17.7,19.52,18.53,19.97,21.97,21.06,22.68,1433,350,47
2022,"2022.04",4,"Stadtquartiere",111,"Affoltern",9,"2 , 3  und 4 Zimmer",2,"Nicht gemeinnützig",2,"Quadratmeter",1,"netto",20.62,20.07,21.17,17.07,16.4,17.78,20.18,19.13,21.28,23.26,22.99,24.55,5124,1397,100
2024,"2024.04",4,"Stadtquartiere",111,"Affoltern",9,"2 , 3  und 4 Zimmer",2,"Nicht gemeinnützig",2,"Quadratmeter",1,"netto",22.23,21.72,22.74,18.15,17.33,18.92,21.95,21.37,22.54,25.77,25.07,26.48,4985,1185,150
2022,"2022.04",4,"Stadtquartiere",115,"Oerlikon",2,"2 Zimmer",1,"Gemeinnützig",2,"Quadratmeter",1,"netto",15.33,14.76,15.9,12.65,12.16,13.06,14.21,13.94,14.44,16.8,16.1,17.51,320,220,29
2024,"2024.04",4,"Stadtquartiere",115,"Oerlikon",2,"2 Zimmer",1,"Gemeinnützig",2,"Quadratmeter",1,"netto",17.05,15.94,18.16,13.94,13.6,14.33,15.39,15.16,16.1,18.76,17.45,19.92,337,238,13
2022,"2022.04",4,"Stadtquartiere",115,"Oerlikon",3,"3 Zimmer",1,"Gemeinnützig",2,"Quadratmeter",1,"netto",14.51,14.19,14.82,12.72,12.58,12.95,13.65,13.38,14.11,15.84,15.27,17.13,558,413,20
2024,"2024.04",4,"Stadtquartiere",115,"Oerlikon",3,"3 Zimmer",1,"Gemeinnützig",2,"Quadratmeter",1,"netto",15.83,15.52,16.15,13.94,13.8,14.04,14.81,14.59,15.08,17.46,16.47,17.99,591,479,18
2022,"2022.04",4,"Stadtquartiere",115,"Oerlikon",4,"4 Zimmer",1,"Gemeinnützig",2,"Quadratmeter",1,"netto",12.91,12.33,13.48,11.39,10.85,11.61,12.34,12.11,12.63,14.25,13.49,14.84,463,335,19
2024,"2024.04",4,"Stadtquartiere",115,"Oerlikon",4,"4 Zimmer",1,"Gemeinnützig",2,"Quadratmeter",1,"netto",14.87,14.41,15.33,12.45,12.36,12.69,13.83,13.55,14.06,16.52,15.63,18.67,475,357,17
2022,"2022.04",4,"Stadtquartiere",115,"Oerlikon",9,"2 , 3  und 4 Zimmer",1,"Gemeinnützig",2,"Quadratmeter",1,"netto",14.15,13.88,14.43,12.2,12.06,12.31,13.35,13.19,13.55,15.52,15.23,16.1,1341,968,68
2024,"2024.04",4,"Stadtquartiere",115,"Oerlikon",9,"2 , 3  und 4 Zimmer",1,"Gemeinnützig",2,"Quadratmeter",1,"netto",15.8,15.46,16.13,13.54,13.42,13.62,14.62,14.46,14.91,17.59,16.94,18.32,1403,1074,48
2022,"2022.04",4,"Stadtquartiere",115,"Oerlikon",2,"2 Zimmer",2,"Nicht gemeinnützig",2,"Quadratmeter",1,"netto",27.26,26.03,28.48,23.27,22.09,24.14,25.4,24.67,27.12,30.51,28.33,32.5,2522,473,46
2024,"2024.04",4,"Stadtquartiere",115,"Oerlikon",2,"2 Zimmer",2,"Nicht gemeinnützig",2,"Quadratmeter",1,"netto",27.7,26.71,28.7,22.02,20.37,22.94,26.93,26.1,28.7,32.71,31.17,34.55,2408,500,64
2022,"2022.04",4,"Stadtquartiere",115,"Oerlikon",3,"3 Zimmer",2,"Nicht gemeinnützig",2,"Quadratmeter",1,"netto",22.96,21.95,23.98,19.22,17.9,21.08,22.24,21.37,23.46,26.67,24.41,27.76,3418,562,46
2024,"2024.04",4,"Stadtquartiere",115,"Oerlikon",3,"3 Zimmer",2,"Nicht gemeinnützig",2,"Quadratmeter",1,"netto",24.51,23.62,25.4,20.33,19.75,21.51,24.34,23.01,24.78,28.43,27.59,29.52,3186,569,63
2022,"2022.04",4,"Stadtquartiere",115,"Oerlikon",4,"4 Zimmer",2,"Nicht gemeinnützig",2,"Quadratmeter",1,"netto",19.78,18.76,20.8,16.76,15.59,17.7,19.26,18.22,19.89,21.56,20.69,23,1669,383,44
2024,"2024.04",4,"Stadtquartiere",115,"Oerlikon",4,"4 Zimmer",2,"Nicht gemeinnützig",2,"Quadratmeter",1,"netto",22.59,21.68,23.5,18.99,17.31,20.15,23.33,22.61,24.53,25.88,25.08,28.57,1570,385,52
2022,"2022.04",4,"Stadtquartiere",115,"Oerlikon",9,"2 , 3  und 4 Zimmer",2,"Nicht gemeinnützig",2,"Quadratmeter",1,"netto",23.69,23.04,24.33,19.29,18.16,20.18,22.98,22.12,23.65,27.45,26.05,28.33,7609,1418,136
2024,"2024.04",4,"Stadtquartiere",115,"Oerlikon",9,"2 , 3  und 4 Zimmer",2,"Nicht gemeinnützig",2,"Quadratmeter",1,"netto",25.16,24.61,25.71,20.35,19.97,21.25,24.72,23.99,25.03,29.34,28.54,30.2,7164,1454,179
2022,"2022.04",4,"Stadtquartiere",119,"Seebach",2,"2 Zimmer",1,"Gemeinnützig",2,"Quadratmeter",1,"netto",16.63,16.14,17.12,13.45,13.14,13.71,16.33,15.87,16.53,18.78,18.16,19.07,480,369,21
2024,"2024.04",4,"Stadtquartiere",119,"Seebach",2,"2 Zimmer",1,"Gemeinnützig",2,"Quadratmeter",1,"netto",17.49,17.15,17.83,14.37,14.09,14.59,16.8,16.64,17.46,19.65,19.37,19.88,521,418,19
2022,"2022.04",4,"Stadtquartiere",119,"Seebach",3,"3 Zimmer",1,"Gemeinnützig",2,"Quadratmeter",1,"netto",13.98,13.64,14.32,12.17,12,12.43,13.33,12.94,13.73,15.71,15.01,16.67,1054,757,23
2024,"2024.04",4,"Stadtquartiere",119,"Seebach",3,"3 Zimmer",1,"Gemeinnützig",2,"Quadratmeter",1,"netto",15.18,14.89,15.48,12.62,12.41,12.81,14.59,14.09,14.88,17.62,17.04,17.84,1055,818,29
2022,"2022.04",4,"Stadtquartiere",119,"Seebach",4,"4 Zimmer",1,"Gemeinnützig",2,"Quadratmeter",1,"netto",13.5,13.18,13.82,11.63,11.63,12.01,13.32,13.04,13.53,15,14.7,15.17,853,593,36
2024,"2024.04",4,"Stadtquartiere",119,"Seebach",4,"4 Zimmer",1,"Gemeinnützig",2,"Quadratmeter",1,"netto",14.35,14.19,14.52,12.34,12.12,12.52,14.31,14.11,14.46,16.28,16.06,16.53,849,675,31
2022,"2022.04",4,"Stadtquartiere",119,"Seebach",9,"2 , 3  und 4 Zimmer",1,"Gemeinnützig",2,"Quadratmeter",1,"netto",14.34,14.13,14.56,12.05,12.02,12.31,13.61,13.43,13.9,16.36,15.77,16.72,2387,1719,80
2024,"2024.04",4,"Stadtquartiere",119,"Seebach",9,"2 , 3  und 4 Zimmer",1,"Gemeinnützig",2,"Quadratmeter",1,"netto",15.38,15.22,15.54,12.67,12.56,12.84,14.9,14.75,15.08,17.64,17.43,17.82,2425,1911,79
2022,"2022.04",4,"Stadtquartiere",119,"Seebach",2,"2 Zimmer",2,"Nicht gemeinnützig",2,"Quadratmeter",1,"netto",24.17,23.32,25.01,19.62,19.11,21.41,23.68,22.61,25.01,27.89,27.18,29.41,1857,377,40
2024,"2024.04",4,"Stadtquartiere",119,"Seebach",2,"2 Zimmer",2,"Nicht gemeinnützig",2,"Quadratmeter",1,"netto",26.73,25.75,27.71,20.99,19.47,22.82,26.1,24.61,27.88,31.66,30.2,33.39,2024,384,57
2022,"2022.04",4,"Stadtquartiere",119,"Seebach",3,"3 Zimmer",2,"Nicht gemeinnützig",2,"Quadratmeter",1,"netto",21.73,20.93,22.53,18.69,17.86,19.69,21.15,20.58,22.42,24.71,23.7,25.47,3013,603,54
2024,"2024.04",4,"Stadtquartiere",119,"Seebach",3,"3 Zimmer",2,"Nicht gemeinnützig",2,"Quadratmeter",1,"netto",22.83,22.12,23.55,18.87,18.36,20,22.9,21.96,23.86,26.59,25.9,27.28,3030,573,80
2022,"2022.04",4,"Stadtquartiere",119,"Seebach",4,"4 Zimmer",2,"Nicht gemeinnützig",2,"Quadratmeter",1,"netto",20.49,19.68,21.3,17.45,16.66,17.84,19.64,18.09,20.85,22.17,21.23,23.14,1591,398,43
2024,"2024.04",4,"Stadtquartiere",119,"Seebach",4,"4 Zimmer",2,"Nicht gemeinnützig",2,"Quadratmeter",1,"netto",22.12,20.92,23.33,17.67,16.43,18.98,21.02,19.46,22.37,24.02,23.27,26.99,1552,322,52
2022,"2022.04",4,"Stadtquartiere",119,"Seebach",9,"2 , 3  und 4 Zimmer",2,"Nicht gemeinnützig",2,"Quadratmeter",1,"netto",22.12,21.64,22.61,18.53,17.86,19.29,21.36,20.91,22.31,25,24.28,26.08,6461,1378,137
2024,"2024.04",4,"Stadtquartiere",119,"Seebach",9,"2 , 3  und 4 Zimmer",2,"Nicht gemeinnützig",2,"Quadratmeter",1,"netto",23.86,23.33,24.39,18.86,18.36,19.59,23.14,22.55,23.85,27.52,26.7,28.39,6606,1279,189
2022,"2022.04",4,"Stadtquartiere",129,"Schwamendingen (Kreis 12)",2,"2 Zimmer",1,"Gemeinnützig",2,"Quadratmeter",1,"netto",15.36,15.08,15.65,12.29,12.11,12.68,15.06,14.83,15.5,17.28,17.18,17.68,1355,962,59
2024,"2024.04",4,"Stadtquartiere",129,"Schwamendingen (Kreis 12)",2,"2 Zimmer",1,"Gemeinnützig",2,"Quadratmeter",1,"netto",16.05,15.88,16.21,13.36,13.19,13.59,16.35,16.07,16.64,18.17,17.88,18.5,1396,952,51
2022,"2022.04",4,"Stadtquartiere",129,"Schwamendingen (Kreis 12)",3,"3 Zimmer",1,"Gemeinnützig",2,"Quadratmeter",1,"netto",13.51,13.37,13.66,10.64,10.58,10.92,12.87,12.72,13.02,16.08,15.82,16.42,2932,2025,88
2024,"2024.04",4,"Stadtquartiere",129,"Schwamendingen (Kreis 12)",3,"3 Zimmer",1,"Gemeinnützig",2,"Quadratmeter",1,"netto",14.54,14.39,14.68,11.87,11.78,12.05,14.27,13.94,14.61,17.1,16.82,17.29,3035,2003,91
2022,"2022.04",4,"Stadtquartiere",129,"Schwamendingen (Kreis 12)",4,"4 Zimmer",1,"Gemeinnützig",2,"Quadratmeter",1,"netto",13.35,13.14,13.55,11,10.28,11.52,13.58,12.97,13.77,15.85,15.77,16.01,2104,1302,73
2024,"2024.04",4,"Stadtquartiere",129,"Schwamendingen (Kreis 12)",4,"4 Zimmer",1,"Gemeinnützig",2,"Quadratmeter",1,"netto",14.31,14.06,14.56,12.46,11.91,12.87,14.47,14.1,14.74,16.41,16.04,16.72,2158,1240,73
2022,"2022.04",4,"Stadtquartiere",129,"Schwamendingen (Kreis 12)",9,"2 , 3  und 4 Zimmer",1,"Gemeinnützig",2,"Quadratmeter",1,"netto",13.85,13.74,13.97,11.29,11.15,11.41,13.46,13.25,13.66,16.33,16.16,16.47,6391,4289,220
2024,"2024.04",4,"Stadtquartiere",129,"Schwamendingen (Kreis 12)",9,"2 , 3  und 4 Zimmer",1,"Gemeinnützig",2,"Quadratmeter",1,"netto",14.78,14.67,14.9,12.32,12.14,12.52,14.7,14.58,14.96,17.18,16.99,17.33,6589,4195,215
2022,"2022.04",4,"Stadtquartiere",129,"Schwamendingen (Kreis 12)",2,"2 Zimmer",2,"Nicht gemeinnützig",2,"Quadratmeter",1,"netto",23.7,22.71,24.69,20.27,19.28,22.32,24.21,23.2,25,26.56,25.96,28.61,1713,426,64
2024,"2024.04",4,"Stadtquartiere",129,"Schwamendingen (Kreis 12)",2,"2 Zimmer",2,"Nicht gemeinnützig",2,"Quadratmeter",1,"netto",24.22,23.34,25.1,20,19.37,22.14,24.35,23.17,25.49,28.01,26.94,29.3,1626,385,105
2022,"2022.04",4,"Stadtquartiere",129,"Schwamendingen (Kreis 12)",3,"3 Zimmer",2,"Nicht gemeinnützig",2,"Quadratmeter",1,"netto",20,19.41,20.59,17.5,16.69,18.63,20.29,19.41,21.41,22.66,22.17,23.33,2933,582,93
2024,"2024.04",4,"Stadtquartiere",129,"Schwamendingen (Kreis 12)",3,"3 Zimmer",2,"Nicht gemeinnützig",2,"Quadratmeter",1,"netto",21.55,20.98,22.11,18.6,17.59,19.55,21.83,21.07,22.77,25,24.11,25.55,2752,504,132
2022,"2022.04",4,"Stadtquartiere",129,"Schwamendingen (Kreis 12)",4,"4 Zimmer",2,"Nicht gemeinnützig",2,"Quadratmeter",1,"netto",19.07,18.46,19.68,14.9,14.09,16.59,18.47,17.36,19.57,22,20.99,23.26,1107,274,68
2024,"2024.04",4,"Stadtquartiere",129,"Schwamendingen (Kreis 12)",4,"4 Zimmer",2,"Nicht gemeinnützig",2,"Quadratmeter",1,"netto",19.9,19.41,20.39,16.98,15.99,17.78,19.83,19.23,20.42,22.28,21.84,23.19,1000,256,106
2022,"2022.04",4,"Stadtquartiere",129,"Schwamendingen (Kreis 12)",9,"2 , 3  und 4 Zimmer",2,"Nicht gemeinnützig",2,"Quadratmeter",1,"netto",20.92,20.49,21.36,17.43,17.02,18.36,21.18,20.27,21.72,23.8,23.47,24.51,5753,1282,225
2024,"2024.04",4,"Stadtquartiere",129,"Schwamendingen (Kreis 12)",9,"2 , 3  und 4 Zimmer",2,"Nicht gemeinnützig",2,"Quadratmeter",1,"netto",22.05,21.65,22.45,18.59,17.96,19.22,22.13,21.63,22.35,25.49,25,26.22,5378,1145,343
2022,"2022.04",4,"Stadtquartiere",0,"Ganze Stadt",2,"2 Zimmer",1,"Gemeinnützig",1,"Wohnung",2,"brutto",1055,1046,1063,829,819,834,1000,986,1013,1212,1200,1225,11106,7184,492
2024,"2024.04",4,"Stadtquartiere",0,"Ganze Stadt",2,"2 Zimmer",1,"Gemeinnützig",1,"Wohnung",2,"brutto",1134,1124,1143,907,897,916,1087,1077,1102,1288,1274,1305,11437,7442,463
2022,"2022.04",4,"Stadtquartiere",0,"Ganze Stadt",3,"3 Zimmer",1,"Gemeinnützig",1,"Wohnung",2,"brutto",1181,1172,1190,919,913,927,1101,1093,1113,1369,1359,1380,22955,14636,597
2024,"2024.04",4,"Stadtquartiere",0,"Ganze Stadt",3,"3 Zimmer",1,"Gemeinnützig",1,"Wohnung",2,"brutto",1268,1262,1275,1015,1007,1022,1196,1188,1207,1465,1452,1482,23071,15117,620
2022,"2022.04",4,"Stadtquartiere",0,"Ganze Stadt",4,"4 Zimmer",1,"Gemeinnützig",1,"Wohnung",2,"brutto",1517,1509,1526,1208,1191,1227,1469,1450,1483,1777,1763,1795,14925,9288,606
2024,"2024.04",4,"Stadtquartiere",0,"Ganze Stadt",4,"4 Zimmer",1,"Gemeinnützig",1,"Wohnung",2,"brutto",1636,1625,1648,1327,1311,1341,1601,1581,1617,1870,1862,1890,14957,9495,581
2022,"2022.04",4,"Stadtquartiere",0,"Ganze Stadt",2,"2 Zimmer",2,"Nicht gemeinnützig",1,"Wohnung",2,"brutto",1749,1730,1768,1378,1360,1400,1639,1602,1658,2020,1980,2060,35586,6361,1250
2024,"2024.04",4,"Stadtquartiere",0,"Ganze Stadt",2,"2 Zimmer",2,"Nicht gemeinnützig",1,"Wohnung",2,"brutto",1875,1861,1890,1483,1460,1495,1753,1740,1775,2180,2163,2209,35728,7659,1825
2022,"2022.04",4,"Stadtquartiere",0,"Ganze Stadt",3,"3 Zimmer",2,"Nicht gemeinnützig",1,"Wohnung",2,"brutto",2062,2039,2085,1585,1560,1610,1920,1890,1950,2418,2370,2470,51225,8720,1311
2024,"2024.04",4,"Stadtquartiere",0,"Ganze Stadt",3,"3 Zimmer",2,"Nicht gemeinnützig",1,"Wohnung",2,"brutto",2221,2202,2239,1692,1670,1712,2085,2055,2110,2618,2590,2661,50539,9673,1881
2022,"2022.04",4,"Stadtquartiere",0,"Ganze Stadt",4,"4 Zimmer",2,"Nicht gemeinnützig",1,"Wohnung",2,"brutto",2568,2536,2601,1920,1887,1956,2400,2367,2467,3008,2950,3100,25972,4563,1107
2024,"2024.04",4,"Stadtquartiere",0,"Ganze Stadt",4,"4 Zimmer",2,"Nicht gemeinnützig",1,"Wohnung",2,"brutto",2727,2699,2756,2042,2007,2077,2585,2530,2610,3250,3200,3298,25502,4969,1564
2022,"2022.04",4,"Stadtquartiere",19,"Altstadt (Kreis 1)",2,"2 Zimmer",1,"Gemeinnützig",1,"Wohnung",2,"brutto",1133,1128,1138,759,756,769,1026,1006,1027,1369,1363,1376,302,298,0
2024,"2024.04",4,"Stadtquartiere",19,"Altstadt (Kreis 1)",2,"2 Zimmer",1,"Gemeinnützig",1,"Wohnung",2,"brutto",1209,1201,1217,810,805,820,1096,1096,1100,1455,1434,1464,307,293,9
2022,"2022.04",4,"Stadtquartiere",19,"Altstadt (Kreis 1)",3,"3 Zimmer",1,"Gemeinnützig",1,"Wohnung",2,"brutto",1522,1514,1530,1044,1043,1047,1407,1396,1413,1868,1845,1882,201,198,0
2024,"2024.04",4,"Stadtquartiere",19,"Altstadt (Kreis 1)",3,"3 Zimmer",1,"Gemeinnützig",1,"Wohnung",2,"brutto",1760,1754,1765,1205,1203,1206,1537,1535,1542,2106,2071,2114,208,196,11
2022,"2022.04",4,"Stadtquartiere",19,"Altstadt (Kreis 1)",4,"4 Zimmer",1,"Gemeinnützig",1,"Wohnung",2,"brutto",1750,1737,1763,1181,1165,1198,1486,1463,1489,2162,2143,2178,136,133,0
2024,"2024.04",4,"Stadtquartiere",19,"Altstadt (Kreis 1)",4,"4 Zimmer",1,"Gemeinnützig",1,"Wohnung",2,"brutto",1999,1982,2016,1379,1337,1429,1742,1726,1804,2410,2388,2417,134,131,0
2022,"2022.04",4,"Stadtquartiere",19,"Altstadt (Kreis 1)",2,"2 Zimmer",2,"Nicht gemeinnützig",1,"Wohnung",2,"brutto",2204,2095,2314,1730,1600,1879,2220,2116,2383,2602,2430,2775,774,87,106
2024,"2024.04",4,"Stadtquartiere",19,"Altstadt (Kreis 1)",2,"2 Zimmer",2,"Nicht gemeinnützig",1,"Wohnung",2,"brutto",2387,2302,2472,1854,1737,1932,2271,2175,2377,2841,2719,3000,743,102,148
2022,"2022.04",4,"Stadtquartiere",19,"Altstadt (Kreis 1)",3,"3 Zimmer",2,"Nicht gemeinnützig",1,"Wohnung",2,"brutto",2853,2715,2991,2013,1875,2300,2668,2500,2943,3500,3290,3689,635,74,111
2024,"2024.04",4,"Stadtquartiere",19,"Altstadt (Kreis 1)",3,"3 Zimmer",2,"Nicht gemeinnützig",1,"Wohnung",2,"brutto",3102,2993,3211,2294,2122,2467,2975,2861,3073,3624,3488,3745,621,79,171
2022,"2022.04",4,"Stadtquartiere",19,"Altstadt (Kreis 1)",4,"4 Zimmer",2,"Nicht gemeinnützig",1,"Wohnung",2,"brutto",3386,3213,3559,2417,2042,2764,3303,2888,3594,4143,3800,4300,323,27,80
2024,"2024.04",4,"Stadtquartiere",19,"Altstadt (Kreis 1)",4,"4 Zimmer",2,"Nicht gemeinnützig",1,"Wohnung",2,"brutto",3728,3541,3915,2500,2340,2955,3730,3346,3897,4865,4444,4994,316,31,101
2022,"2022.04",4,"Stadtquartiere",21,"Wollishofen",2,"2 Zimmer",1,"Gemeinnützig",1,"Wohnung",2,"brutto",952,915,989,745,710,830,938,849,1004,1129,1054,1247,641,295,20
2024,"2024.04",4,"Stadtquartiere",21,"Wollishofen",2,"2 Zimmer",1,"Gemeinnützig",1,"Wohnung",2,"brutto",1143,1113,1173,908,859,992,1105,1077,1171,1343,1315,1453,673,338,22
2022,"2022.04",4,"Stadtquartiere",21,"Wollishofen",3,"3 Zimmer",1,"Gemeinnützig",1,"Wohnung",2,"brutto",1154,1078,1229,909,881,949,1073,1001,1143,1268,1206,1342,1171,501,33
2024,"2024.04",4,"Stadtquartiere",21,"Wollishofen",3,"3 Zimmer",1,"Gemeinnützig",1,"Wohnung",2,"brutto",1309,1273,1346,1078,1034,1109,1247,1214,1316,1485,1441,1585,1201,547,32
2022,"2022.04",4,"Stadtquartiere",21,"Wollishofen",4,"4 Zimmer",1,"Gemeinnützig",1,"Wohnung",2,"brutto",1501,1467,1536,1187,1114,1333,1374,1359,1585,1808,1719,1839,844,369,24
2024,"2024.04",4,"Stadtquartiere",21,"Wollishofen",4,"4 Zimmer",1,"Gemeinnützig",1,"Wohnung",2,"brutto",1648,1585,1711,1377,1182,1447,1507,1474,1718,1923,1860,2099,832,413,20
2022,"2022.04",4,"Stadtquartiere",21,"Wollishofen",2,"2 Zimmer",2,"Nicht gemeinnützig",1,"Wohnung",2,"brutto",1713,1647,1778,1423,1280,1503,1659,1598,1819,2046,1939,2101,1552,290,54
2024,"2024.04",4,"Stadtquartiere",21,"Wollishofen",2,"2 Zimmer",2,"Nicht gemeinnützig",1,"Wohnung",2,"brutto",1997,1918,2077,1556,1506,1639,1900,1781,2019,2320,2151,2420,1646,334,83
2022,"2022.04",4,"Stadtquartiere",21,"Wollishofen",3,"3 Zimmer",2,"Nicht gemeinnützig",1,"Wohnung",2,"brutto",2246,2120,2372,1689,1620,1870,2146,1961,2258,2698,2300,2850,2174,515,44
2024,"2024.04",4,"Stadtquartiere",21,"Wollishofen",3,"3 Zimmer",2,"Nicht gemeinnützig",1,"Wohnung",2,"brutto",2312,2236,2388,1831,1713,1995,2215,2106,2320,2628,2485,2734,2271,543,70
2022,"2022.04",4,"Stadtquartiere",21,"Wollishofen",4,"4 Zimmer",2,"Nicht gemeinnützig",1,"Wohnung",2,"brutto",2776,2600,2951,1950,1755,2177,2509,2203,2791,3256,3132,3481,1133,230,47
2024,"2024.04",4,"Stadtquartiere",21,"Wollishofen",4,"4 Zimmer",2,"Nicht gemeinnützig",1,"Wohnung",2,"brutto",2839,2698,2979,2232,2055,2364,2639,2480,2787,3336,3064,3456,1167,259,63
2022,"2022.04",4,"Stadtquartiere",23,"Leimbach",2,"2 Zimmer",1,"Gemeinnützig",1,"Wohnung",2,"brutto",1367,1324,1410,1043,1035,1089,1342,1297,1365,1591,1568,1669,272,227,12
2024,"2024.04",4,"Stadtquartiere",23,"Leimbach",2,"2 Zimmer",1,"Gemeinnützig",1,"Wohnung",2,"brutto",1406,1400,1413,1103,1075,1153,1338,1300,1362,1699,1658,1700,267,232,12
2022,"2022.04",4,"Stadtquartiere",23,"Leimbach",3,"3 Zimmer",1,"Gemeinnützig",1,"Wohnung",2,"brutto",1555,1518,1593,1136,1124,1166,1340,1315,1549,2013,1929,2050,376,325,8
2024,"2024.04",4,"Stadtquartiere",23,"Leimbach",3,"3 Zimmer",1,"Gemeinnützig",1,"Wohnung",2,"brutto",1623,1616,1631,1224,1222,1244,1448,1439,1462,2036,2012,2053,363,324,19
2022,"2022.04",4,"Stadtquartiere",23,"Leimbach",4,"4 Zimmer",1,"Gemeinnützig",1,"Wohnung",2,"brutto",1647,1604,1689,1319,1297,1396,1487,1461,1600,1937,1805,1995,505,370,7
2024,"2024.04",4,"Stadtquartiere",23,"Leimbach",4,"4 Zimmer",1,"Gemeinnützig",1,"Wohnung",2,"brutto",1823,1799,1847,1610,1610,1636,1717,1703,1749,2000,1974,2023,487,377,23
2022,"2022.04",4,"Stadtquartiere",23,"Leimbach",2,"2 Zimmer",2,"Nicht gemeinnützig",1,"Wohnung",2,"brutto",1702,1538,1866,1110,942,1696,1546,1235,1882,1914,1702,2292,246,15,11
2024,"2024.04",4,"Stadtquartiere",23,"Leimbach",2,"2 Zimmer",2,"Nicht gemeinnützig",1,"Wohnung",2,"brutto",1654,1575,1733,1325,1205,1469,1519,1418,1581,1644,1556,1981,251,15,19
2022,"2022.04",4,"Stadtquartiere",23,"Leimbach",3,"3 Zimmer",2,"Nicht gemeinnützig",1,"Wohnung",2,"brutto",1794,1705,1882,1465,1312,1670,1690,1554,1750,1837,1728,2172,336,42,18
2024,"2024.04",4,"Stadtquartiere",23,"Leimbach",3,"3 Zimmer",2,"Nicht gemeinnützig",1,"Wohnung",2,"brutto",1955,1853,2057,1585,1334,1681,1843,1745,1998,2247,2082,2407,323,44,35
2022,"2022.04",4,"Stadtquartiere",23,"Leimbach",4,"4 Zimmer",2,"Nicht gemeinnützig",1,"Wohnung",2,"brutto",2348,2234,2461,1942,1790,2170,2248,2158,2337,2523,2367,2914,208,30,30
2024,"2024.04",4,"Stadtquartiere",23,"Leimbach",4,"4 Zimmer",2,"Nicht gemeinnützig",1,"Wohnung",2,"brutto",2396,2292,2500,2130,1922,2200,2321,2226,2407,2620,2434,2790,218,32,43
2022,"2022.04",4,"Stadtquartiere",24,"Enge",2,"2 Zimmer",1,"Gemeinnützig",1,"Wohnung",2,"brutto",993,947,1039,836,775,942,1010,958,1029,1175,1029,1212,58,13,20
2024,"2024.04",4,"Stadtquartiere",24,"Enge",2,"2 Zimmer",1,"Gemeinnützig",1,"Wohnung",2,"brutto",1028,986,1070,846,796,911,994,917,1073,1198,1115,1227,57,13,19
2022,"2022.04",4,"Stadtquartiere",24,"Enge",3,"3 Zimmer",1,"Gemeinnützig",1,"Wohnung",2,"brutto",1152,1095,1208,980,945,1023,1102,1022,1239,1331,1223,1451,189,48,20
2024,"2024.04",4,"Stadtquartiere",24,"Enge",3,"3 Zimmer",1,"Gemeinnützig",1,"Wohnung",2,"brutto",1181,1111,1252,995,884,1065,1134,1040,1199,1262,1199,1353,181,49,20
2022,"2022.04",4,"Stadtquartiere",24,"Enge",4,"4 Zimmer",1,"Gemeinnützig",1,"Wohnung",2,"brutto",1313,1283,1342,1157,1131,1225,1267,1236,1318,1459,1327,1507,86,29,20
2024,"2024.04",4,"Stadtquartiere",24,"Enge",4,"4 Zimmer",1,"Gemeinnützig",1,"Wohnung",2,"brutto",1394,1343,1446,1229,1132,1273,1304,1268,1396,1439,1360,1524,94,28,20
2022,"2022.04",4,"Stadtquartiere",24,"Enge",2,"2 Zimmer",2,"Nicht gemeinnützig",1,"Wohnung",2,"brutto",2071,1941,2202,1550,1418,1696,1971,1755,2150,2503,2429,2952,951,155,39
2024,"2024.04",4,"Stadtquartiere",24,"Enge",2,"2 Zimmer",2,"Nicht gemeinnützig",1,"Wohnung",2,"brutto",2236,2092,2379,1601,1550,1678,2015,1810,2296,2634,2358,3027,962,160,53
2022,"2022.04",4,"Stadtquartiere",24,"Enge",3,"3 Zimmer",2,"Nicht gemeinnützig",1,"Wohnung",2,"brutto",2612,2442,2781,1630,1552,2000,2440,2139,2737,3538,2912,3798,1323,264,42
2024,"2024.04",4,"Stadtquartiere",24,"Enge",3,"3 Zimmer",2,"Nicht gemeinnützig",1,"Wohnung",2,"brutto",2740,2597,2883,2043,1843,2208,2661,2397,2959,3447,3200,3664,1323,293,54
2022,"2022.04",4,"Stadtquartiere",24,"Enge",4,"4 Zimmer",2,"Nicht gemeinnützig",1,"Wohnung",2,"brutto",3154,2933,3374,2462,2247,2677,2911,2694,3350,3691,3500,3990,944,202,38
2024,"2024.04",4,"Stadtquartiere",24,"Enge",4,"4 Zimmer",2,"Nicht gemeinnützig",1,"Wohnung",2,"brutto",3312,3137,3488,2484,2170,2621,3020,2850,3250,3900,3694,4131,952,223,63
2022,"2022.04",4,"Stadtquartiere",39,"Wiedikon (Kreis 3)",2,"2 Zimmer",1,"Gemeinnützig",1,"Wohnung",2,"brutto",941,922,960,773,748,793,904,875,925,1080,1060,1109,1432,853,58
2024,"2024.04",4,"Stadtquartiere",39,"Wiedikon (Kreis 3)",2,"2 Zimmer",1,"Gemeinnützig",1,"Wohnung",2,"brutto",1008,974,1041,841,824,869,978,952,1001,1155,1101,1185,1442,856,67
2022,"2022.04",4,"Stadtquartiere",39,"Wiedikon (Kreis 3)",3,"3 Zimmer",1,"Gemeinnützig",1,"Wohnung",2,"brutto",1088,1060,1117,876,859,914,1016,988,1052,1202,1162,1282,3050,1846,64
2024,"2024.04",4,"Stadtquartiere",39,"Wiedikon (Kreis 3)",3,"3 Zimmer",1,"Gemeinnützig",1,"Wohnung",2,"brutto",1156,1131,1180,954,924,973,1111,1071,1134,1298,1242,1346,2990,1876,63
2022,"2022.04",4,"Stadtquartiere",39,"Wiedikon (Kreis 3)",4,"4 Zimmer",1,"Gemeinnützig",1,"Wohnung",2,"brutto",1475,1454,1495,1161,1138,1186,1470,1422,1506,1763,1719,1809,1886,1176,78
2024,"2024.04",4,"Stadtquartiere",39,"Wiedikon (Kreis 3)",4,"4 Zimmer",1,"Gemeinnützig",1,"Wohnung",2,"brutto",1578,1531,1625,1225,1209,1250,1508,1475,1558,1813,1773,1878,1871,1210,82
2022,"2022.04",4,"Stadtquartiere",39,"Wiedikon (Kreis 3)",2,"2 Zimmer",2,"Nicht gemeinnützig",1,"Wohnung",2,"brutto",1640,1590,1691,1350,1301,1400,1559,1496,1601,1800,1744,1975,4921,858,124
2024,"2024.04",4,"Stadtquartiere",39,"Wiedikon (Kreis 3)",2,"2 Zimmer",2,"Nicht gemeinnützig",1,"Wohnung",2,"brutto",1823,1778,1867,1498,1420,1539,1720,1668,1780,2062,1988,2168,4912,984,189
2022,"2022.04",4,"Stadtquartiere",39,"Wiedikon (Kreis 3)",3,"3 Zimmer",2,"Nicht gemeinnützig",1,"Wohnung",2,"brutto",1964,1889,2038,1557,1509,1666,1920,1793,1980,2250,2108,2449,6901,922,114
2024,"2024.04",4,"Stadtquartiere",39,"Wiedikon (Kreis 3)",3,"3 Zimmer",2,"Nicht gemeinnützig",1,"Wohnung",2,"brutto",2101,2042,2161,1666,1595,1723,1967,1890,2045,2456,2350,2619,6785,1083,184
2022,"2022.04",4,"Stadtquartiere",39,"Wiedikon (Kreis 3)",4,"4 Zimmer",2,"Nicht gemeinnützig",1,"Wohnung",2,"brutto",2514,2416,2612,2007,1934,2115,2367,2253,2500,2950,2751,3178,2300,269,107
2024,"2024.04",4,"Stadtquartiere",39,"Wiedikon (Kreis 3)",4,"4 Zimmer",2,"Nicht gemeinnützig",1,"Wohnung",2,"brutto",2563,2474,2652,1927,1806,1990,2518,2358,2626,3063,2881,3275,2296,314,143
2022,"2022.04",4,"Stadtquartiere",49,"Aussersihl (Kreis 4)",2,"2 Zimmer",1,"Gemeinnützig",1,"Wohnung",2,"brutto",1108,1087,1128,843,814,877,1076,1071,1096,1256,1240,1271,1218,858,55
2024,"2024.04",4,"Stadtquartiere",49,"Aussersihl (Kreis 4)",2,"2 Zimmer",1,"Gemeinnützig",1,"Wohnung",2,"brutto",1199,1175,1223,905,890,936,1152,1142,1173,1333,1308,1349,1213,898,47
2022,"2022.04",4,"Stadtquartiere",49,"Aussersihl (Kreis 4)",3,"3 Zimmer",1,"Gemeinnützig",1,"Wohnung",2,"brutto",1156,1120,1192,896,885,905,1023,1010,1048,1324,1288,1353,2066,1513,50
2024,"2024.04",4,"Stadtquartiere",49,"Aussersihl (Kreis 4)",3,"3 Zimmer",1,"Gemeinnützig",1,"Wohnung",2,"brutto",1239,1216,1262,1007,991,1024,1143,1129,1155,1400,1370,1418,2116,1647,49
2022,"2022.04",4,"Stadtquartiere",49,"Aussersihl (Kreis 4)",4,"4 Zimmer",1,"Gemeinnützig",1,"Wohnung",2,"brutto",1437,1402,1472,1074,1057,1096,1343,1311,1370,1611,1582,1638,713,479,61
2024,"2024.04",4,"Stadtquartiere",49,"Aussersihl (Kreis 4)",4,"4 Zimmer",1,"Gemeinnützig",1,"Wohnung",2,"brutto",1621,1581,1661,1253,1223,1282,1447,1416,1473,1818,1750,1981,760,553,40
2022,"2022.04",4,"Stadtquartiere",49,"Aussersihl (Kreis 4)",2,"2 Zimmer",2,"Nicht gemeinnützig",1,"Wohnung",2,"brutto",1814,1774,1855,1398,1330,1495,1769,1720,1830,2075,2015,2140,2857,509,162
2024,"2024.04",4,"Stadtquartiere",49,"Aussersihl (Kreis 4)",2,"2 Zimmer",2,"Nicht gemeinnützig",1,"Wohnung",2,"brutto",1943,1896,1990,1438,1401,1532,1825,1768,1900,2300,2170,2390,2880,657,233
2022,"2022.04",4,"Stadtquartiere",49,"Aussersihl (Kreis 4)",3,"3 Zimmer",2,"Nicht gemeinnützig",1,"Wohnung",2,"brutto",2083,2015,2151,1538,1423,1652,1931,1826,2040,2439,2350,2650,4073,633,122
2024,"2024.04",4,"Stadtquartiere",49,"Aussersihl (Kreis 4)",3,"3 Zimmer",2,"Nicht gemeinnützig",1,"Wohnung",2,"brutto",2266,2212,2320,1723,1672,1811,2183,2110,2279,2661,2580,2720,4013,825,164
2022,"2022.04",4,"Stadtquartiere",49,"Aussersihl (Kreis 4)",4,"4 Zimmer",2,"Nicht gemeinnützig",1,"Wohnung",2,"brutto",2521,2434,2609,1809,1752,1951,2350,2199,2519,3055,2761,3261,1483,185,86
2024,"2024.04",4,"Stadtquartiere",49,"Aussersihl (Kreis 4)",4,"4 Zimmer",2,"Nicht gemeinnützig",1,"Wohnung",2,"brutto",2866,2766,2966,2104,1920,2188,2779,2551,2998,3514,3322,3662,1467,264,122
2022,"2022.04",4,"Stadtquartiere",59,"Industriequartier (Kreis 5)",2,"2 Zimmer",1,"Gemeinnützig",1,"Wohnung",2,"brutto",926,908,944,771,755,782,861,841,871,1047,1014,1089,340,263,18
2024,"2024.04",4,"Stadtquartiere",59,"Industriequartier (Kreis 5)",2,"2 Zimmer",1,"Gemeinnützig",1,"Wohnung",2,"brutto",998,965,1031,802,784,827,962,929,979,1089,1078,1140,331,255,20
2022,"2022.04",4,"Stadtquartiere",59,"Industriequartier (Kreis 5)",3,"3 Zimmer",1,"Gemeinnützig",1,"Wohnung",2,"brutto",1041,1021,1061,865,841,883,953,930,990,1124,1091,1214,917,631,20
2024,"2024.04",4,"Stadtquartiere",59,"Industriequartier (Kreis 5)",3,"3 Zimmer",1,"Gemeinnützig",1,"Wohnung",2,"brutto",1150,1137,1164,964,954,972,1110,1094,1138,1281,1196,1329,924,645,20
2022,"2022.04",4,"Stadtquartiere",59,"Industriequartier (Kreis 5)",4,"4 Zimmer",1,"Gemeinnützig",1,"Wohnung",2,"brutto",1405,1380,1430,1078,1051,1106,1337,1303,1416,1747,1709,1804,423,296,22
2024,"2024.04",4,"Stadtquartiere",59,"Industriequartier (Kreis 5)",4,"4 Zimmer",1,"Gemeinnützig",1,"Wohnung",2,"brutto",1533,1513,1553,1222,1179,1266,1455,1401,1533,1813,1770,1869,407,279,19
2022,"2022.04",4,"Stadtquartiere",59,"Industriequartier (Kreis 5)",2,"2 Zimmer",2,"Nicht gemeinnützig",1,"Wohnung",2,"brutto",1954,1886,2022,1505,1437,1583,1881,1760,1973,2300,2194,2546,1355,363,78
2024,"2024.04",4,"Stadtquartiere",59,"Industriequartier (Kreis 5)",2,"2 Zimmer",2,"Nicht gemeinnützig",1,"Wohnung",2,"brutto",2052,1988,2115,1562,1472,1656,1989,1850,2083,2449,2334,2611,1317,344,96
2022,"2022.04",4,"Stadtquartiere",59,"Industriequartier (Kreis 5)",3,"3 Zimmer",2,"Nicht gemeinnützig",1,"Wohnung",2,"brutto",2350,2236,2464,1818,1714,1940,2201,2049,2495,2820,2699,3010,1904,416,67
2024,"2024.04",4,"Stadtquartiere",59,"Industriequartier (Kreis 5)",3,"3 Zimmer",2,"Nicht gemeinnützig",1,"Wohnung",2,"brutto",2502,2408,2597,1861,1778,2006,2442,2250,2570,3013,2901,3084,1819,408,85
2022,"2022.04",4,"Stadtquartiere",59,"Industriequartier (Kreis 5)",4,"4 Zimmer",2,"Nicht gemeinnützig",1,"Wohnung",2,"brutto",2679,2550,2807,1862,1774,2235,2512,2208,2648,3154,2950,3483,965,189,47
2024,"2024.04",4,"Stadtquartiere",59,"Industriequartier (Kreis 5)",4,"4 Zimmer",2,"Nicht gemeinnützig",1,"Wohnung",2,"brutto",2858,2724,2992,2055,1910,2369,2709,2532,3049,3528,3241,3870,914,221,53
2022,"2022.04",4,"Stadtquartiere",61,"Unterstrass",2,"2 Zimmer",1,"Gemeinnützig",1,"Wohnung",2,"brutto",1120,1038,1202,836,822,886,890,885,983,1217,1167,1452,617,291,12
2024,"2024.04",4,"Stadtquartiere",61,"Unterstrass",2,"2 Zimmer",1,"Gemeinnützig",1,"Wohnung",2,"brutto",1125,1079,1172,961,936,978,1033,986,1057,1214,1133,1368,671,342,20
2022,"2022.04",4,"Stadtquartiere",61,"Unterstrass",3,"3 Zimmer",1,"Gemeinnützig",1,"Wohnung",2,"brutto",1103,1083,1122,928,890,980,1085,1065,1109,1150,1146,1217,1705,957,23
2024,"2024.04",4,"Stadtquartiere",61,"Unterstrass",3,"3 Zimmer",1,"Gemeinnützig",1,"Wohnung",2,"brutto",1202,1183,1222,1031,1013,1039,1163,1133,1194,1370,1272,1420,1770,1076,27
2022,"2022.04",4,"Stadtquartiere",61,"Unterstrass",4,"4 Zimmer",1,"Gemeinnützig",1,"Wohnung",2,"brutto",1514,1492,1536,1300,1263,1340,1448,1404,1493,1636,1579,1723,977,560,20
2024,"2024.04",4,"Stadtquartiere",61,"Unterstrass",4,"4 Zimmer",1,"Gemeinnützig",1,"Wohnung",2,"brutto",1629,1596,1661,1341,1283,1413,1531,1491,1577,1923,1836,1973,1005,601,23
2022,"2022.04",4,"Stadtquartiere",61,"Unterstrass",2,"2 Zimmer",2,"Nicht gemeinnützig",1,"Wohnung",2,"brutto",1667,1565,1768,1390,1354,1467,1573,1520,1709,1950,1815,2208,1710,278,41
2024,"2024.04",4,"Stadtquartiere",61,"Unterstrass",2,"2 Zimmer",2,"Nicht gemeinnützig",1,"Wohnung",2,"brutto",1843,1771,1915,1470,1410,1592,1768,1690,1916,2189,2078,2329,1675,318,61
2022,"2022.04",4,"Stadtquartiere",61,"Unterstrass",3,"3 Zimmer",2,"Nicht gemeinnützig",1,"Wohnung",2,"brutto",2114,1981,2247,1600,1500,1734,2096,1775,2309,2500,2362,2800,2508,379,45
2024,"2024.04",4,"Stadtquartiere",61,"Unterstrass",3,"3 Zimmer",2,"Nicht gemeinnützig",1,"Wohnung",2,"brutto",2231,2124,2338,1624,1550,1805,2200,1980,2402,2623,2543,2902,2432,387,65
2022,"2022.04",4,"Stadtquartiere",61,"Unterstrass",4,"4 Zimmer",2,"Nicht gemeinnützig",1,"Wohnung",2,"brutto",2667,2563,2772,2130,1969,2355,2669,2500,2797,3022,2897,3410,1465,263,54
2024,"2024.04",4,"Stadtquartiere",61,"Unterstrass",4,"4 Zimmer",2,"Nicht gemeinnützig",1,"Wohnung",2,"brutto",2803,2690,2917,2202,2115,2374,2674,2541,2880,3371,3200,3650,1422,270,78
2022,"2022.04",4,"Stadtquartiere",63,"Oberstrass",2,"2 Zimmer",1,"Gemeinnützig",1,"Wohnung",2,"brutto",1257,1234,1280,1037,996,1062,1133,1125,1134,1442,1316,1526,59,38,19
2024,"2024.04",4,"Stadtquartiere",63,"Oberstrass",2,"2 Zimmer",1,"Gemeinnützig",1,"Wohnung",2,"brutto",1302,1276,1328,1108,1099,1111,1218,1190,1221,1471,1384,1514,60,38,19
2022,"2022.04",4,"Stadtquartiere",63,"Oberstrass",3,"3 Zimmer",1,"Gemeinnützig",1,"Wohnung",2,"brutto",1294,1265,1323,949,947,953,1225,1212,1237,1400,1376,1459,234,185,20
2024,"2024.04",4,"Stadtquartiere",63,"Oberstrass",3,"3 Zimmer",1,"Gemeinnützig",1,"Wohnung",2,"brutto",1352,1320,1384,981,979,982,1288,1270,1305,1505,1474,1524,235,187,20
2022,"2022.04",4,"Stadtquartiere",63,"Oberstrass",4,"4 Zimmer",1,"Gemeinnützig",1,"Wohnung",2,"brutto",1638,1625,1651,1383,1376,1397,1576,1570,1586,1756,1746,1758,179,153,17
2024,"2024.04",4,"Stadtquartiere",63,"Oberstrass",4,"4 Zimmer",1,"Gemeinnützig",1,"Wohnung",2,"brutto",1763,1748,1778,1493,1491,1498,1663,1660,1669,1869,1858,1891,183,159,19
2022,"2022.04",4,"Stadtquartiere",63,"Oberstrass",2,"2 Zimmer",2,"Nicht gemeinnützig",1,"Wohnung",2,"brutto",1863,1696,2029,1440,1398,1603,1808,1603,1896,1974,1880,2141,868,71,35
2024,"2024.04",4,"Stadtquartiere",63,"Oberstrass",2,"2 Zimmer",2,"Nicht gemeinnützig",1,"Wohnung",2,"brutto",1902,1804,2001,1590,1393,1661,1868,1700,1963,2212,2024,2426,869,117,59
2022,"2022.04",4,"Stadtquartiere",63,"Oberstrass",3,"3 Zimmer",2,"Nicht gemeinnützig",1,"Wohnung",2,"brutto",2423,2290,2556,1970,1777,2141,2349,2180,2652,2894,2700,3094,966,64,44
2024,"2024.04",4,"Stadtquartiere",63,"Oberstrass",3,"3 Zimmer",2,"Nicht gemeinnützig",1,"Wohnung",2,"brutto",2665,2506,2825,2115,1642,2312,2721,2402,2954,3167,3078,3550,937,79,56
2022,"2022.04",4,"Stadtquartiere",63,"Oberstrass",4,"4 Zimmer",2,"Nicht gemeinnützig",1,"Wohnung",2,"brutto",2920,2630,3210,2079,1455,2296,2637,2265,2907,3544,2928,3881,888,48,43
2024,"2024.04",4,"Stadtquartiere",63,"Oberstrass",4,"4 Zimmer",2,"Nicht gemeinnützig",1,"Wohnung",2,"brutto",3060,2898,3222,2225,1981,2600,3141,2652,3400,3798,3497,4085,868,54,60
2022,"2022.04",4,"Stadtquartiere",71,"Fluntern",2,"2 Zimmer",1,"Gemeinnützig",1,"Wohnung",2,"brutto",1203,1191,1215,1090,1085,1103,1145,1143,1156,1290,1250,1309,48,43,0
2024,"2024.04",4,"Stadtquartiere",71,"Fluntern",2,"2 Zimmer",1,"Gemeinnützig",1,"Wohnung",2,"brutto",1336,1303,1369,1128,1121,1137,1176,1160,1203,1284,1266,1285,53,48,0
2022,"2022.04",4,"Stadtquartiere",71,"Fluntern",3,"3 Zimmer",1,"Gemeinnützig",1,"Wohnung",2,"brutto",1586,1513,1658,1339,1339,1346,1467,1467,1511,1760,1610,1874,75,61,4
2024,"2024.04",4,"Stadtquartiere",71,"Fluntern",3,"3 Zimmer",1,"Gemeinnützig",1,"Wohnung",2,"brutto",1730,1676,1783,1388,1386,1390,1474,1445,1495,1729,1620,1758,81,69,0
2022,"2022.04",4,"Stadtquartiere",71,"Fluntern",4,"4 Zimmer",1,"Gemeinnützig",1,"Wohnung",2,"brutto",1452,1432,1472,1161,1156,1222,1538,1538,1599,1645,1624,1668,51,42,0
2024,"2024.04",4,"Stadtquartiere",71,"Fluntern",4,"4 Zimmer",1,"Gemeinnützig",1,"Wohnung",2,"brutto",1820,1739,1901,1636,1636,1661,1689,1687,1711,1808,1733,1823,51,42,0
2022,"2022.04",4,"Stadtquartiere",71,"Fluntern",2,"2 Zimmer",2,"Nicht gemeinnützig",1,"Wohnung",2,"brutto",2002,1871,2132,1523,1450,1753,1918,1744,2097,2319,2088,2596,520,65,38
2024,"2024.04",4,"Stadtquartiere",71,"Fluntern",2,"2 Zimmer",2,"Nicht gemeinnützig",1,"Wohnung",2,"brutto",2176,2071,2280,1635,1577,1889,2169,1905,2497,2644,2550,2831,507,60,49
2022,"2022.04",4,"Stadtquartiere",71,"Fluntern",3,"3 Zimmer",2,"Nicht gemeinnützig",1,"Wohnung",2,"brutto",3018,2836,3200,2135,2076,2490,2883,2577,3222,3713,3426,3905,695,121,41
2024,"2024.04",4,"Stadtquartiere",71,"Fluntern",3,"3 Zimmer",2,"Nicht gemeinnützig",1,"Wohnung",2,"brutto",3068,2920,3216,2200,1876,2428,2991,2692,3100,3822,3511,3990,667,134,60
2022,"2022.04",4,"Stadtquartiere",71,"Fluntern",4,"4 Zimmer",2,"Nicht gemeinnützig",1,"Wohnung",2,"brutto",3170,2945,3395,2445,2087,2742,3271,2959,3461,3875,3478,4225,693,101,37
2024,"2024.04",4,"Stadtquartiere",71,"Fluntern",4,"4 Zimmer",2,"Nicht gemeinnützig",1,"Wohnung",2,"brutto",3388,3242,3534,2642,2500,2861,3210,3055,3519,3978,3638,4213,663,108,55
2022,"2022.04",4,"Stadtquartiere",72,"Hottingen",2,"2 Zimmer",1,"Gemeinnützig",1,"Wohnung",2,"brutto",1401,1384,1418,1283,1249,1319,1464,1457,1467,1554,1537,1562,122,94,18
2024,"2024.04",4,"Stadtquartiere",72,"Hottingen",2,"2 Zimmer",1,"Gemeinnützig",1,"Wohnung",2,"brutto",1531,1507,1556,1389,1372,1399,1513,1507,1516,1630,1611,1635,125,95,20
2022,"2022.04",4,"Stadtquartiere",72,"Hottingen",3,"3 Zimmer",1,"Gemeinnützig",1,"Wohnung",2,"brutto",1756,1725,1788,1374,1348,1399,1517,1498,1530,1956,1807,2085,132,91,31
2024,"2024.04",4,"Stadtquartiere",72,"Hottingen",3,"3 Zimmer",1,"Gemeinnützig",1,"Wohnung",2,"brutto",2026,1993,2059,1513,1504,1524,1692,1664,1706,2489,2307,2580,133,96,27
2022,"2022.04",4,"Stadtquartiere",72,"Hottingen",4,"4 Zimmer",1,"Gemeinnützig",1,"Wohnung",2,"brutto",2120,2083,2156,1503,1447,1534,1795,1793,1805,2331,2294,2370,123,91,29
2024,"2024.04",4,"Stadtquartiere",72,"Hottingen",4,"4 Zimmer",1,"Gemeinnützig",1,"Wohnung",2,"brutto",2416,2340,2491,1695,1662,1711,2129,2038,2166,2706,2547,3276,121,88,20
2022,"2022.04",4,"Stadtquartiere",72,"Hottingen",2,"2 Zimmer",2,"Nicht gemeinnützig",1,"Wohnung",2,"brutto",1827,1712,1941,1420,1281,1660,1883,1677,2014,2185,2021,2350,865,89,40
2024,"2024.04",4,"Stadtquartiere",72,"Hottingen",2,"2 Zimmer",2,"Nicht gemeinnützig",1,"Wohnung",2,"brutto",2115,2029,2201,1563,1524,1795,2114,1926,2320,2494,2380,2623,864,108,52
2022,"2022.04",4,"Stadtquartiere",72,"Hottingen",3,"3 Zimmer",2,"Nicht gemeinnützig",1,"Wohnung",2,"brutto",2460,2264,2657,1956,1801,2255,2410,2286,2564,2916,2645,2990,1169,108,45
2024,"2024.04",4,"Stadtquartiere",72,"Hottingen",3,"3 Zimmer",2,"Nicht gemeinnützig",1,"Wohnung",2,"brutto",2638,2531,2746,2209,2095,2360,2645,2485,2810,3027,2898,3069,1160,111,60
2022,"2022.04",4,"Stadtquartiere",72,"Hottingen",4,"4 Zimmer",2,"Nicht gemeinnützig",1,"Wohnung",2,"brutto",3071,2834,3307,2300,1983,2635,3109,2622,3300,3424,3302,4191,971,56,42
2024,"2024.04",4,"Stadtquartiere",72,"Hottingen",4,"4 Zimmer",2,"Nicht gemeinnützig",1,"Wohnung",2,"brutto",3284,2993,3575,2530,2358,2860,3118,2950,3449,3735,3450,3943,936,61,52
2022,"2022.04",4,"Stadtquartiere",73,"Hirslanden",2,"2 Zimmer",1,"Gemeinnützig",1,"Wohnung",2,"brutto",1029,999,1059,909,862,972,981,955,1133,1168,1105,1212,78,31,10
2024,"2024.04",4,"Stadtquartiere",73,"Hirslanden",2,"2 Zimmer",1,"Gemeinnützig",1,"Wohnung",2,"brutto",1105,1068,1143,925,909,995,1016,971,1190,1254,1071,1310,81,29,11
2022,"2022.04",4,"Stadtquartiere",73,"Hirslanden",3,"3 Zimmer",1,"Gemeinnützig",1,"Wohnung",2,"brutto",1203,1169,1238,1053,1032,1115,1128,1101,1167,1207,1190,1281,221,79,12
2024,"2024.04",4,"Stadtquartiere",73,"Hirslanden",3,"3 Zimmer",1,"Gemeinnützig",1,"Wohnung",2,"brutto",1282,1265,1298,1087,1072,1120,1161,1110,1243,1333,1327,1385,235,86,11
2022,"2022.04",4,"Stadtquartiere",73,"Hirslanden",4,"4 Zimmer",1,"Gemeinnützig",1,"Wohnung",2,"brutto",1375,1319,1431,1205,1148,1240,1266,1264,1320,1490,1466,1595,89,33,15
2024,"2024.04",4,"Stadtquartiere",73,"Hirslanden",4,"4 Zimmer",1,"Gemeinnützig",1,"Wohnung",2,"brutto",1479,1457,1500,1285,1191,1311,1366,1345,1430,1583,1547,1643,100,43,12
2022,"2022.04",4,"Stadtquartiere",73,"Hirslanden",2,"2 Zimmer",2,"Nicht gemeinnützig",1,"Wohnung",2,"brutto",1859,1748,1969,1512,1344,1661,1751,1683,1811,2261,1814,2470,588,84,35
2024,"2024.04",4,"Stadtquartiere",73,"Hirslanden",2,"2 Zimmer",2,"Nicht gemeinnützig",1,"Wohnung",2,"brutto",2094,1986,2202,1687,1468,1780,2100,1918,2217,2501,2329,2649,642,129,47
2022,"2022.04",4,"Stadtquartiere",73,"Hirslanden",3,"3 Zimmer",2,"Nicht gemeinnützig",1,"Wohnung",2,"brutto",2088,1963,2212,1710,1586,1858,2030,1958,2223,2416,2221,2607,1043,115,42
2024,"2024.04",4,"Stadtquartiere",73,"Hirslanden",3,"3 Zimmer",2,"Nicht gemeinnützig",1,"Wohnung",2,"brutto",2314,2178,2449,1765,1584,1989,2274,2156,2400,2703,2494,2933,1062,127,62
2022,"2022.04",4,"Stadtquartiere",73,"Hirslanden",4,"4 Zimmer",2,"Nicht gemeinnützig",1,"Wohnung",2,"brutto",2520,2221,2819,1703,1450,2252,2404,2025,2791,3085,2671,3590,674,46,30
2024,"2024.04",4,"Stadtquartiere",73,"Hirslanden",4,"4 Zimmer",2,"Nicht gemeinnützig",1,"Wohnung",2,"brutto",2605,2411,2799,1999,1680,2265,2475,2380,2759,3243,2858,3433,647,39,57
2022,"2022.04",4,"Stadtquartiere",74,"Witikon",2,"2 Zimmer",1,"Gemeinnützig",1,"Wohnung",2,"brutto",1130,1091,1169,841,843,854,1137,978,1216,1286,1261,1377,54,22,20
2024,"2024.04",4,"Stadtquartiere",74,"Witikon",2,"2 Zimmer",1,"Gemeinnützig",1,"Wohnung",2,"brutto",1310,1108,1512,916,802,1306,1273,1165,1487,1476,1010,1645,99,24,5
2022,"2022.04",4,"Stadtquartiere",74,"Witikon",3,"3 Zimmer",1,"Gemeinnützig",1,"Wohnung",2,"brutto",1366,1350,1382,1083,1070,1085,1310,1258,1375,1514,1510,1568,88,61,20
2024,"2024.04",4,"Stadtquartiere",74,"Witikon",3,"3 Zimmer",1,"Gemeinnützig",1,"Wohnung",2,"brutto",1462,1403,1521,1148,1070,1171,1470,1277,1541,1737,1586,1871,103,55,17
2022,"2022.04",4,"Stadtquartiere",74,"Witikon",4,"4 Zimmer",1,"Gemeinnützig",1,"Wohnung",2,"brutto",1599,1575,1623,1367,1342,1381,1468,1405,1563,1848,1786,1875,158,69,20
2024,"2024.04",4,"Stadtquartiere",74,"Witikon",4,"4 Zimmer",1,"Gemeinnützig",1,"Wohnung",2,"brutto",1632,1595,1669,1368,1340,1374,1434,1379,1739,1933,1845,2038,160,65,17
2022,"2022.04",4,"Stadtquartiere",74,"Witikon",2,"2 Zimmer",2,"Nicht gemeinnützig",1,"Wohnung",2,"brutto",1546,1456,1636,1262,967,1432,1583,1468,1650,1806,1670,1900,678,156,33
2024,"2024.04",4,"Stadtquartiere",74,"Witikon",2,"2 Zimmer",2,"Nicht gemeinnützig",1,"Wohnung",2,"brutto",1757,1677,1837,1456,1365,1589,1646,1626,1729,1953,1800,2034,700,170,44
2022,"2022.04",4,"Stadtquartiere",74,"Witikon",3,"3 Zimmer",2,"Nicht gemeinnützig",1,"Wohnung",2,"brutto",1855,1774,1935,1480,1400,1660,1822,1714,1916,2088,1936,2220,1422,276,32
2024,"2024.04",4,"Stadtquartiere",74,"Witikon",3,"3 Zimmer",2,"Nicht gemeinnützig",1,"Wohnung",2,"brutto",2165,2092,2237,1702,1629,1847,1998,1938,2021,2469,2249,2712,1397,319,56
2022,"2022.04",4,"Stadtquartiere",74,"Witikon",4,"4 Zimmer",2,"Nicht gemeinnützig",1,"Wohnung",2,"brutto",2575,2381,2770,2033,1862,2149,2235,2150,2359,2723,2487,3461,1003,171,29
2024,"2024.04",4,"Stadtquartiere",74,"Witikon",4,"4 Zimmer",2,"Nicht gemeinnützig",1,"Wohnung",2,"brutto",2662,2510,2813,1925,1710,2007,2312,2170,2526,3601,3024,3685,947,215,48
2022,"2022.04",4,"Stadtquartiere",89,"Riesbach (Kreis 8)",2,"2 Zimmer",1,"Gemeinnützig",1,"Wohnung",2,"brutto",1189,1162,1216,979,968,995,1059,1058,1108,1386,1268,1427,98,88,0
2024,"2024.04",4,"Stadtquartiere",89,"Riesbach (Kreis 8)",2,"2 Zimmer",1,"Gemeinnützig",1,"Wohnung",2,"brutto",1355,1333,1377,1055,1050,1058,1238,1209,1266,1553,1526,1628,93,87,0
2022,"2022.04",4,"Stadtquartiere",89,"Riesbach (Kreis 8)",3,"3 Zimmer",1,"Gemeinnützig",1,"Wohnung",2,"brutto",1289,1277,1301,1004,1001,1010,1216,1216,1226,1416,1408,1427,253,237,0
2024,"2024.04",4,"Stadtquartiere",89,"Riesbach (Kreis 8)",3,"3 Zimmer",1,"Gemeinnützig",1,"Wohnung",2,"brutto",1390,1379,1400,1101,1089,1106,1264,1263,1268,1532,1525,1537,246,215,24
2022,"2022.04",4,"Stadtquartiere",89,"Riesbach (Kreis 8)",4,"4 Zimmer",1,"Gemeinnützig",1,"Wohnung",2,"brutto",1515,1503,1526,1214,1194,1230,1490,1490,1502,1641,1640,1647,244,234,0
2024,"2024.04",4,"Stadtquartiere",89,"Riesbach (Kreis 8)",4,"4 Zimmer",1,"Gemeinnützig",1,"Wohnung",2,"brutto",1642,1634,1651,1339,1339,1344,1589,1578,1593,1782,1782,1799,246,227,14
2022,"2022.04",4,"Stadtquartiere",89,"Riesbach (Kreis 8)",2,"2 Zimmer",2,"Nicht gemeinnützig",1,"Wohnung",2,"brutto",2068,2004,2132,1560,1473,1670,2056,1977,2129,2516,2354,2593,2213,480,113
2024,"2024.04",4,"Stadtquartiere",89,"Riesbach (Kreis 8)",2,"2 Zimmer",2,"Nicht gemeinnützig",1,"Wohnung",2,"brutto",2249,2192,2305,1650,1600,1729,2181,2100,2250,2727,2623,2878,2192,530,177
2022,"2022.04",4,"Stadtquartiere",89,"Riesbach (Kreis 8)",3,"3 Zimmer",2,"Nicht gemeinnützig",1,"Wohnung",2,"brutto",2533,2442,2623,1819,1667,1980,2450,2311,2635,3024,2913,3169,2773,474,128
2024,"2024.04",4,"Stadtquartiere",89,"Riesbach (Kreis 8)",3,"3 Zimmer",2,"Nicht gemeinnützig",1,"Wohnung",2,"brutto",2811,2732,2890,2000,1900,2129,2660,2518,2816,3439,3274,3650,2751,529,187
2022,"2022.04",4,"Stadtquartiere",89,"Riesbach (Kreis 8)",4,"4 Zimmer",2,"Nicht gemeinnützig",1,"Wohnung",2,"brutto",3110,2964,3256,2196,1934,2400,2873,2700,3103,3900,3543,4094,1393,166,104
2024,"2024.04",4,"Stadtquartiere",89,"Riesbach (Kreis 8)",4,"4 Zimmer",2,"Nicht gemeinnützig",1,"Wohnung",2,"brutto",3219,3106,3332,2259,2034,2430,3045,2801,3281,4031,3779,4238,1367,201,148
2022,"2022.04",4,"Stadtquartiere",91,"Albisrieden",2,"2 Zimmer",1,"Gemeinnützig",1,"Wohnung",2,"brutto",1146,1117,1176,862,810,881,1117,1035,1176,1415,1365,1476,838,493,25
2024,"2024.04",4,"Stadtquartiere",91,"Albisrieden",2,"2 Zimmer",1,"Gemeinnützig",1,"Wohnung",2,"brutto",1250,1184,1316,953,889,1096,1244,1144,1335,1458,1378,1549,816,498,17
2022,"2022.04",4,"Stadtquartiere",91,"Albisrieden",3,"3 Zimmer",1,"Gemeinnützig",1,"Wohnung",2,"brutto",1139,1112,1166,813,803,843,1072,1024,1118,1304,1270,1400,1764,1010,40
2024,"2024.04",4,"Stadtquartiere",91,"Albisrieden",3,"3 Zimmer",1,"Gemeinnützig",1,"Wohnung",2,"brutto",1243,1219,1267,910,897,945,1157,1122,1207,1522,1383,1545,1684,1041,29
2022,"2022.04",4,"Stadtquartiere",91,"Albisrieden",4,"4 Zimmer",1,"Gemeinnützig",1,"Wohnung",2,"brutto",1606,1572,1639,1342,1191,1368,1721,1515,1769,1887,1862,1935,1006,527,34
2024,"2024.04",4,"Stadtquartiere",91,"Albisrieden",4,"4 Zimmer",1,"Gemeinnützig",1,"Wohnung",2,"brutto",1722,1666,1778,1413,1358,1442,1809,1749,1854,1945,1888,2035,999,520,28
2022,"2022.04",4,"Stadtquartiere",91,"Albisrieden",2,"2 Zimmer",2,"Nicht gemeinnützig",1,"Wohnung",2,"brutto",1783,1692,1873,1374,1299,1431,1590,1507,1812,2105,1876,2340,1704,343,38
2024,"2024.04",4,"Stadtquartiere",91,"Albisrieden",2,"2 Zimmer",2,"Nicht gemeinnützig",1,"Wohnung",2,"brutto",1863,1817,1908,1497,1463,1570,1730,1650,1802,2094,2035,2266,1741,434,63
2022,"2022.04",4,"Stadtquartiere",91,"Albisrieden",3,"3 Zimmer",2,"Nicht gemeinnützig",1,"Wohnung",2,"brutto",1985,1922,2048,1559,1512,1711,1905,1797,2040,2330,2140,2515,2292,383,35
2024,"2024.04",4,"Stadtquartiere",91,"Albisrieden",3,"3 Zimmer",2,"Nicht gemeinnützig",1,"Wohnung",2,"brutto",2295,2231,2358,1732,1645,1805,2132,2059,2280,2844,2670,2934,2417,425,53
2022,"2022.04",4,"Stadtquartiere",91,"Albisrieden",4,"4 Zimmer",2,"Nicht gemeinnützig",1,"Wohnung",2,"brutto",2584,2461,2708,2100,1960,2254,2504,2265,2659,2996,2803,3125,1267,314,33
2024,"2024.04",4,"Stadtquartiere",91,"Albisrieden",4,"4 Zimmer",2,"Nicht gemeinnützig",1,"Wohnung",2,"brutto",2751,2664,2839,2215,2078,2293,2699,2456,2755,3092,2952,3217,1334,396,41
2022,"2022.04",4,"Stadtquartiere",92,"Altstetten",2,"2 Zimmer",1,"Gemeinnützig",1,"Wohnung",2,"brutto",1041,996,1085,819,799,847,1021,1007,1068,1208,1127,1248,819,502,21
2024,"2024.04",4,"Stadtquartiere",92,"Altstetten",2,"2 Zimmer",1,"Gemeinnützig",1,"Wohnung",2,"brutto",1095,1057,1134,896,854,934,1124,1053,1190,1280,1234,1321,845,531,21
2022,"2022.04",4,"Stadtquartiere",92,"Altstetten",3,"3 Zimmer",1,"Gemeinnützig",1,"Wohnung",2,"brutto",1178,1149,1207,943,891,987,1184,1129,1246,1370,1324,1438,2294,1209,34
2024,"2024.04",4,"Stadtquartiere",92,"Altstetten",3,"3 Zimmer",1,"Gemeinnützig",1,"Wohnung",2,"brutto",1227,1198,1257,1018,1002,1068,1229,1179,1298,1440,1383,1511,2233,1247,30
2022,"2022.04",4,"Stadtquartiere",92,"Altstetten",4,"4 Zimmer",1,"Gemeinnützig",1,"Wohnung",2,"brutto",1519,1470,1569,1132,1114,1243,1522,1466,1582,1847,1776,1908,1293,696,28
2024,"2024.04",4,"Stadtquartiere",92,"Altstetten",4,"4 Zimmer",1,"Gemeinnützig",1,"Wohnung",2,"brutto",1586,1549,1624,1317,1273,1377,1617,1550,1675,1834,1818,1859,1258,745,29
2022,"2022.04",4,"Stadtquartiere",92,"Altstetten",2,"2 Zimmer",2,"Nicht gemeinnützig",1,"Wohnung",2,"brutto",1715,1646,1783,1301,1289,1459,1606,1491,1698,1955,1760,2199,3611,481,43
2024,"2024.04",4,"Stadtquartiere",92,"Altstetten",2,"2 Zimmer",2,"Nicht gemeinnützig",1,"Wohnung",2,"brutto",1802,1758,1846,1490,1450,1540,1700,1642,1815,2210,2085,2280,3699,1160,65
2022,"2022.04",4,"Stadtquartiere",92,"Altstetten",3,"3 Zimmer",2,"Nicht gemeinnützig",1,"Wohnung",2,"brutto",1893,1809,1978,1424,1394,1589,1802,1665,1884,2265,2017,2480,4332,629,62
2024,"2024.04",4,"Stadtquartiere",92,"Altstetten",3,"3 Zimmer",2,"Nicht gemeinnützig",1,"Wohnung",2,"brutto",2107,2041,2172,1667,1623,1729,2019,1845,2091,2450,2372,2599,4414,1178,75
2022,"2022.04",4,"Stadtquartiere",92,"Altstetten",4,"4 Zimmer",2,"Nicht gemeinnützig",1,"Wohnung",2,"brutto",2432,2316,2548,2040,1663,2202,2497,2273,2623,2950,2673,3183,1761,277,34
2024,"2024.04",4,"Stadtquartiere",92,"Altstetten",4,"4 Zimmer",2,"Nicht gemeinnützig",1,"Wohnung",2,"brutto",2583,2492,2674,1990,1890,2215,2400,2315,2620,3069,2883,3247,1806,462,54
2022,"2022.04",4,"Stadtquartiere",101,"Höngg",2,"2 Zimmer",1,"Gemeinnützig",1,"Wohnung",2,"brutto",1054,998,1110,838,803,877,966,938,1020,1191,1161,1271,516,378,18
2024,"2024.04",4,"Stadtquartiere",101,"Höngg",2,"2 Zimmer",1,"Gemeinnützig",1,"Wohnung",2,"brutto",1132,1097,1167,901,859,952,1096,1032,1170,1313,1268,1374,530,386,17
2022,"2022.04",4,"Stadtquartiere",101,"Höngg",3,"3 Zimmer",1,"Gemeinnützig",1,"Wohnung",2,"brutto",1287,1241,1334,1021,1007,1095,1249,1191,1311,1479,1450,1516,1012,776,17
2024,"2024.04",4,"Stadtquartiere",101,"Höngg",3,"3 Zimmer",1,"Gemeinnützig",1,"Wohnung",2,"brutto",1372,1346,1398,1136,1113,1184,1338,1290,1384,1573,1532,1615,982,781,18
2022,"2022.04",4,"Stadtquartiere",101,"Höngg",4,"4 Zimmer",1,"Gemeinnützig",1,"Wohnung",2,"brutto",1621,1577,1665,1297,1265,1323,1533,1487,1613,1885,1799,1908,817,610,24
2024,"2024.04",4,"Stadtquartiere",101,"Höngg",4,"4 Zimmer",1,"Gemeinnützig",1,"Wohnung",2,"brutto",1714,1660,1767,1397,1349,1451,1650,1601,1693,1968,1894,2006,808,612,19
2022,"2022.04",4,"Stadtquartiere",101,"Höngg",2,"2 Zimmer",2,"Nicht gemeinnützig",1,"Wohnung",2,"brutto",1682,1525,1839,1462,1369,1550,1600,1566,1690,1746,1687,2162,1459,288,34
2024,"2024.04",4,"Stadtquartiere",101,"Höngg",2,"2 Zimmer",2,"Nicht gemeinnützig",1,"Wohnung",2,"brutto",1718,1656,1781,1510,1397,1550,1635,1575,1750,1904,1795,1963,1463,313,48
2022,"2022.04",4,"Stadtquartiere",101,"Höngg",3,"3 Zimmer",2,"Nicht gemeinnützig",1,"Wohnung",2,"brutto",2036,1903,2169,1637,1501,1800,1956,1850,2080,2320,2136,2553,2672,608,43
2024,"2024.04",4,"Stadtquartiere",101,"Höngg",3,"3 Zimmer",2,"Nicht gemeinnützig",1,"Wohnung",2,"brutto",2052,1980,2123,1673,1600,1759,1953,1859,2039,2350,2213,2478,2646,614,56
2022,"2022.04",4,"Stadtquartiere",101,"Höngg",4,"4 Zimmer",2,"Nicht gemeinnützig",1,"Wohnung",2,"brutto",2485,2387,2583,1985,1895,2126,2345,2160,2580,2830,2650,3031,1776,384,38
2024,"2024.04",4,"Stadtquartiere",101,"Höngg",4,"4 Zimmer",2,"Nicht gemeinnützig",1,"Wohnung",2,"brutto",2466,2376,2557,1905,1849,2031,2346,2200,2481,2749,2638,3126,1768,412,67
2022,"2022.04",4,"Stadtquartiere",102,"Wipkingen",2,"2 Zimmer",1,"Gemeinnützig",1,"Wohnung",2,"brutto",1012,989,1036,820,807,843,997,969,1031,1175,1124,1222,699,426,32
2024,"2024.04",4,"Stadtquartiere",102,"Wipkingen",2,"2 Zimmer",1,"Gemeinnützig",1,"Wohnung",2,"brutto",1107,1083,1132,891,879,913,1081,1018,1105,1251,1214,1285,716,441,27
2022,"2022.04",4,"Stadtquartiere",102,"Wipkingen",3,"3 Zimmer",1,"Gemeinnützig",1,"Wohnung",2,"brutto",1156,1111,1202,936,919,956,1060,1008,1102,1295,1195,1398,1116,659,23
2024,"2024.04",4,"Stadtquartiere",102,"Wipkingen",3,"3 Zimmer",1,"Gemeinnützig",1,"Wohnung",2,"brutto",1190,1158,1223,1002,973,1028,1093,1077,1125,1281,1217,1410,1116,648,23
2022,"2022.04",4,"Stadtquartiere",102,"Wipkingen",4,"4 Zimmer",1,"Gemeinnützig",1,"Wohnung",2,"brutto",1475,1439,1511,1155,1102,1225,1304,1266,1404,1768,1694,1822,523,262,31
2024,"2024.04",4,"Stadtquartiere",102,"Wipkingen",4,"4 Zimmer",1,"Gemeinnützig",1,"Wohnung",2,"brutto",1584,1553,1614,1282,1268,1350,1487,1423,1581,1836,1754,1841,517,262,30
2022,"2022.04",4,"Stadtquartiere",102,"Wipkingen",2,"2 Zimmer",2,"Nicht gemeinnützig",1,"Wohnung",2,"brutto",1780,1640,1919,1452,1300,1538,1649,1540,1881,2010,1884,2317,1339,139,38
2024,"2024.04",4,"Stadtquartiere",102,"Wipkingen",2,"2 Zimmer",2,"Nicht gemeinnützig",1,"Wohnung",2,"brutto",1732,1650,1814,1388,1337,1493,1620,1519,1805,1955,1871,2069,1341,142,53
2022,"2022.04",4,"Stadtquartiere",102,"Wipkingen",3,"3 Zimmer",2,"Nicht gemeinnützig",1,"Wohnung",2,"brutto",1905,1776,2033,1572,1442,1615,1769,1633,1946,2158,1980,2325,2284,313,43
2024,"2024.04",4,"Stadtquartiere",102,"Wipkingen",3,"3 Zimmer",2,"Nicht gemeinnützig",1,"Wohnung",2,"brutto",2061,1956,2166,1670,1557,1888,2062,1942,2149,2281,2188,2578,2247,245,54
2022,"2022.04",4,"Stadtquartiere",102,"Wipkingen",4,"4 Zimmer",2,"Nicht gemeinnützig",1,"Wohnung",2,"brutto",2445,2292,2598,1917,1814,2354,2400,2356,2553,2750,2553,3131,876,117,32
2024,"2024.04",4,"Stadtquartiere",102,"Wipkingen",4,"4 Zimmer",2,"Nicht gemeinnützig",1,"Wohnung",2,"brutto",2568,2423,2712,2025,1878,2185,2580,2201,2750,3170,2754,3434,859,72,52
2022,"2022.04",4,"Stadtquartiere",111,"Affoltern",2,"2 Zimmer",1,"Gemeinnützig",1,"Wohnung",2,"brutto",1053,1031,1075,927,915,947,1025,1006,1045,1127,1101,1149,740,421,30
2024,"2024.04",4,"Stadtquartiere",111,"Affoltern",2,"2 Zimmer",1,"Gemeinnützig",1,"Wohnung",2,"brutto",1150,1103,1198,1009,995,1038,1101,1074,1132,1246,1213,1288,804,426,29
2022,"2022.04",4,"Stadtquartiere",111,"Affoltern",3,"3 Zimmer",1,"Gemeinnützig",1,"Wohnung",2,"brutto",1348,1306,1391,1163,1152,1178,1317,1292,1347,1401,1396,1423,1547,1049,47
2024,"2024.04",4,"Stadtquartiere",111,"Affoltern",3,"3 Zimmer",1,"Gemeinnützig",1,"Wohnung",2,"brutto",1428,1400,1457,1216,1191,1254,1388,1374,1420,1540,1518,1569,1589,1024,45
2022,"2022.04",4,"Stadtquartiere",111,"Affoltern",4,"4 Zimmer",1,"Gemeinnützig",1,"Wohnung",2,"brutto",1529,1504,1555,1310,1268,1352,1505,1441,1546,1675,1661,1692,1452,923,52
2024,"2024.04",4,"Stadtquartiere",111,"Affoltern",4,"4 Zimmer",1,"Gemeinnützig",1,"Wohnung",2,"brutto",1671,1640,1703,1415,1380,1431,1667,1618,1695,1834,1803,1870,1442,854,46
2022,"2022.04",4,"Stadtquartiere",111,"Affoltern",2,"2 Zimmer",2,"Nicht gemeinnützig",1,"Wohnung",2,"brutto",1518,1425,1610,1241,1192,1321,1384,1325,1465,1631,1470,1770,1283,331,37
2024,"2024.04",4,"Stadtquartiere",111,"Affoltern",2,"2 Zimmer",2,"Nicht gemeinnützig",1,"Wohnung",2,"brutto",1634,1570,1699,1350,1217,1421,1636,1490,1710,1910,1786,2032,1266,286,53
2022,"2022.04",4,"Stadtquartiere",111,"Affoltern",3,"3 Zimmer",2,"Nicht gemeinnützig",1,"Wohnung",2,"brutto",1749,1678,1820,1458,1328,1520,1722,1570,1800,2057,1990,2151,2359,636,37
2024,"2024.04",4,"Stadtquartiere",111,"Affoltern",3,"3 Zimmer",2,"Nicht gemeinnützig",1,"Wohnung",2,"brutto",1907,1830,1983,1547,1424,1703,1877,1790,1997,2301,2114,2363,2286,550,54
2022,"2022.04",4,"Stadtquartiere",111,"Affoltern",4,"4 Zimmer",2,"Nicht gemeinnützig",1,"Wohnung",2,"brutto",2067,1958,2176,1700,1622,1899,2021,1900,2138,2400,2279,2520,1482,430,32
2024,"2024.04",4,"Stadtquartiere",111,"Affoltern",4,"4 Zimmer",2,"Nicht gemeinnützig",1,"Wohnung",2,"brutto",2223,2155,2291,1836,1715,1892,2254,2099,2361,2648,2544,2749,1433,352,47
2022,"2022.04",4,"Stadtquartiere",115,"Oerlikon",2,"2 Zimmer",1,"Gemeinnützig",1,"Wohnung",2,"brutto",1062,1025,1098,894,890,904,1025,1011,1035,1155,1125,1189,320,220,29
2024,"2024.04",4,"Stadtquartiere",115,"Oerlikon",2,"2 Zimmer",1,"Gemeinnützig",1,"Wohnung",2,"brutto",1164,1093,1234,961,938,983,1120,1088,1136,1255,1170,1299,337,234,13
2022,"2022.04",4,"Stadtquartiere",115,"Oerlikon",3,"3 Zimmer",1,"Gemeinnützig",1,"Wohnung",2,"brutto",1264,1237,1291,1003,995,1031,1220,1196,1240,1437,1382,1510,558,414,20
2024,"2024.04",4,"Stadtquartiere",115,"Oerlikon",3,"3 Zimmer",1,"Gemeinnützig",1,"Wohnung",2,"brutto",1367,1342,1393,1112,1103,1118,1345,1322,1366,1504,1489,1521,591,477,18
2022,"2022.04",4,"Stadtquartiere",115,"Oerlikon",4,"4 Zimmer",1,"Gemeinnützig",1,"Wohnung",2,"brutto",1488,1427,1549,1230,1156,1272,1378,1354,1478,1688,1615,1834,463,335,15
2024,"2024.04",4,"Stadtquartiere",115,"Oerlikon",4,"4 Zimmer",1,"Gemeinnützig",1,"Wohnung",2,"brutto",1615,1572,1658,1414,1408,1428,1560,1499,1593,1754,1689,1858,475,354,17
2022,"2022.04",4,"Stadtquartiere",115,"Oerlikon",2,"2 Zimmer",2,"Nicht gemeinnützig",1,"Wohnung",2,"brutto",1744,1669,1818,1460,1331,1500,1589,1523,1660,1939,1782,2145,2522,476,46
2024,"2024.04",4,"Stadtquartiere",115,"Oerlikon",2,"2 Zimmer",2,"Nicht gemeinnützig",1,"Wohnung",2,"brutto",1763,1704,1822,1416,1365,1500,1703,1590,1780,2049,1943,2140,2408,518,69
2022,"2022.04",4,"Stadtquartiere",115,"Oerlikon",3,"3 Zimmer",2,"Nicht gemeinnützig",1,"Wohnung",2,"brutto",2009,1926,2091,1723,1594,1800,1897,1822,1959,2266,2107,2412,3418,563,48
2024,"2024.04",4,"Stadtquartiere",115,"Oerlikon",3,"3 Zimmer",2,"Nicht gemeinnützig",1,"Wohnung",2,"brutto",2114,2039,2188,1825,1696,1884,2055,1953,2179,2477,2321,2629,3186,584,63
2022,"2022.04",4,"Stadtquartiere",115,"Oerlikon",4,"4 Zimmer",2,"Nicht gemeinnützig",1,"Wohnung",2,"brutto",2232,2133,2330,1854,1769,1936,2121,2025,2267,2562,2454,2681,1669,386,46
2024,"2024.04",4,"Stadtquartiere",115,"Oerlikon",4,"4 Zimmer",2,"Nicht gemeinnützig",1,"Wohnung",2,"brutto",2569,2472,2666,2067,1890,2243,2518,2392,2696,3102,2837,3240,1570,391,53
2022,"2022.04",4,"Stadtquartiere",119,"Seebach",2,"2 Zimmer",1,"Gemeinnützig",1,"Wohnung",2,"brutto",1107,1074,1139,938,925,963,1097,1086,1110,1226,1216,1260,480,369,21
2024,"2024.04",4,"Stadtquartiere",119,"Seebach",2,"2 Zimmer",1,"Gemeinnützig",1,"Wohnung",2,"brutto",1168,1148,1187,996,976,1026,1169,1166,1189,1283,1266,1303,521,424,19
2022,"2022.04",4,"Stadtquartiere",119,"Seebach",3,"3 Zimmer",1,"Gemeinnützig",1,"Wohnung",2,"brutto",1203,1175,1231,1004,984,1010,1151,1096,1203,1400,1363,1462,1054,760,23
2024,"2024.04",4,"Stadtquartiere",119,"Seebach",3,"3 Zimmer",1,"Gemeinnützig",1,"Wohnung",2,"brutto",1337,1313,1362,1053,1035,1072,1346,1263,1375,1554,1531,1599,1055,821,29
2022,"2022.04",4,"Stadtquartiere",119,"Seebach",4,"4 Zimmer",1,"Gemeinnützig",1,"Wohnung",2,"brutto",1474,1443,1505,1126,1111,1233,1493,1466,1529,1752,1730,1791,853,595,36
2024,"2024.04",4,"Stadtquartiere",119,"Seebach",4,"4 Zimmer",1,"Gemeinnützig",1,"Wohnung",2,"brutto",1605,1589,1621,1327,1298,1343,1630,1615,1662,1885,1864,1905,849,678,31
2022,"2022.04",4,"Stadtquartiere",119,"Seebach",2,"2 Zimmer",2,"Nicht gemeinnützig",1,"Wohnung",2,"brutto",1532,1479,1585,1268,1174,1395,1517,1420,1592,1855,1699,1898,1857,377,40
2024,"2024.04",4,"Stadtquartiere",119,"Seebach",2,"2 Zimmer",2,"Nicht gemeinnützig",1,"Wohnung",2,"brutto",1690,1627,1753,1406,1270,1501,1688,1565,1750,1899,1801,2009,2024,391,57
2022,"2022.04",4,"Stadtquartiere",119,"Seebach",3,"3 Zimmer",2,"Nicht gemeinnützig",1,"Wohnung",2,"brutto",1877,1810,1944,1510,1410,1626,1717,1670,1801,2194,2107,2380,3013,603,54
2024,"2024.04",4,"Stadtquartiere",119,"Seebach",3,"3 Zimmer",2,"Nicht gemeinnützig",1,"Wohnung",2,"brutto",1923,1850,1995,1530,1441,1661,1824,1779,1967,2239,2122,2343,3030,605,85
2022,"2022.04",4,"Stadtquartiere",119,"Seebach",4,"4 Zimmer",2,"Nicht gemeinnützig",1,"Wohnung",2,"brutto",2237,2112,2363,1776,1696,1883,2150,2017,2370,2650,2585,2757,1591,398,46
2024,"2024.04",4,"Stadtquartiere",119,"Seebach",4,"4 Zimmer",2,"Nicht gemeinnützig",1,"Wohnung",2,"brutto",2469,2353,2585,1932,1830,2106,2433,2280,2624,2853,2747,3140,1552,332,54
2022,"2022.04",4,"Stadtquartiere",129,"Schwamendingen (Kreis 12)",2,"2 Zimmer",1,"Gemeinnützig",1,"Wohnung",2,"brutto",1000,982,1017,783,776,791,955,928,979,1191,1160,1229,1355,961,54
2024,"2024.04",4,"Stadtquartiere",129,"Schwamendingen (Kreis 12)",2,"2 Zimmer",1,"Gemeinnützig",1,"Wohnung",2,"brutto",1038,1028,1048,848,832,871,1010,996,1033,1210,1183,1248,1396,954,49
2022,"2022.04",4,"Stadtquartiere",129,"Schwamendingen (Kreis 12)",3,"3 Zimmer",1,"Gemeinnützig",1,"Wohnung",2,"brutto",1149,1137,1160,845,828,858,1047,1022,1064,1426,1405,1474,2932,2026,88
2024,"2024.04",4,"Stadtquartiere",129,"Schwamendingen (Kreis 12)",3,"3 Zimmer",1,"Gemeinnützig",1,"Wohnung",2,"brutto",1228,1216,1240,906,906,913,1152,1130,1178,1525,1502,1550,3035,2010,88
2022,"2022.04",4,"Stadtquartiere",129,"Schwamendingen (Kreis 12)",4,"4 Zimmer",1,"Gemeinnützig",1,"Wohnung",2,"brutto",1471,1449,1492,1086,1054,1164,1415,1395,1474,1762,1715,1843,2104,1306,73
2024,"2024.04",4,"Stadtquartiere",129,"Schwamendingen (Kreis 12)",4,"4 Zimmer",1,"Gemeinnützig",1,"Wohnung",2,"brutto",1570,1540,1600,1229,1160,1313,1562,1502,1627,1856,1806,1893,2158,1254,72
2022,"2022.04",4,"Stadtquartiere",129,"Schwamendingen (Kreis 12)",2,"2 Zimmer",2,"Nicht gemeinnützig",1,"Wohnung",2,"brutto",1471,1407,1535,1260,1202,1360,1490,1440,1562,1680,1650,1790,1713,426,65
2024,"2024.04",4,"Stadtquartiere",129,"Schwamendingen (Kreis 12)",2,"2 Zimmer",2,"Nicht gemeinnützig",1,"Wohnung",2,"brutto",1517,1464,1570,1342,1249,1410,1490,1490,1540,1716,1660,1762,1626,387,107
2022,"2022.04",4,"Stadtquartiere",129,"Schwamendingen (Kreis 12)",3,"3 Zimmer",2,"Nicht gemeinnützig",1,"Wohnung",2,"brutto",1612,1568,1656,1415,1355,1521,1620,1575,1650,1755,1732,1820,2933,582,94
2024,"2024.04",4,"Stadtquartiere",129,"Schwamendingen (Kreis 12)",3,"3 Zimmer",2,"Nicht gemeinnützig",1,"Wohnung",2,"brutto",1753,1713,1793,1469,1392,1536,1716,1677,1750,1950,1900,2052,2752,511,132
2022,"2022.04",4,"Stadtquartiere",129,"Schwamendingen (Kreis 12)",4,"4 Zimmer",2,"Nicht gemeinnützig",1,"Wohnung",2,"brutto",1955,1892,2018,1554,1455,1664,1852,1790,1941,2328,2080,2408,1107,274,72
2024,"2024.04",4,"Stadtquartiere",129,"Schwamendingen (Kreis 12)",4,"4 Zimmer",2,"Nicht gemeinnützig",1,"Wohnung",2,"brutto",2137,2088,2187,1732,1676,1785,2000,1930,2145,2493,2439,2652,1000,260,110
2022,"2022.04",4,"Stadtquartiere",0,"Ganze Stadt",2,"2 Zimmer",1,"Gemeinnützig",2,"Quadratmeter",2,"brutto",18.43,18.28,18.58,15.24,15.09,15.34,17.58,17.39,17.72,20.62,20.37,20.84,11106,7184,492
2024,"2024.04",4,"Stadtquartiere",0,"Ganze Stadt",2,"2 Zimmer",1,"Gemeinnützig",2,"Quadratmeter",2,"brutto",19.83,19.68,19.99,16.54,16.37,16.68,19.02,18.85,19.19,22.34,22,22.6,11437,7442,463
2022,"2022.04",4,"Stadtquartiere",0,"Ganze Stadt",3,"3 Zimmer",1,"Gemeinnützig",2,"Quadratmeter",2,"brutto",16.33,16.21,16.45,13.76,13.67,13.86,15.61,15.51,15.7,18.17,17.97,18.34,22955,14636,597
2024,"2024.04",4,"Stadtquartiere",0,"Ganze Stadt",3,"3 Zimmer",1,"Gemeinnützig",2,"Quadratmeter",2,"brutto",17.53,17.44,17.62,15.08,14.98,15.19,16.91,16.81,16.98,19.4,19.22,19.6,23071,15117,620
2022,"2022.04",4,"Stadtquartiere",0,"Ganze Stadt",4,"4 Zimmer",1,"Gemeinnützig",2,"Quadratmeter",2,"brutto",15.87,15.77,15.96,13.75,13.67,13.86,15.5,15.41,15.58,17.59,17.38,17.72,14925,9288,606
2024,"2024.04",4,"Stadtquartiere",0,"Ganze Stadt",4,"4 Zimmer",1,"Gemeinnützig",2,"Quadratmeter",2,"brutto",17.09,16.98,17.2,14.79,14.72,14.87,16.58,16.44,16.7,18.84,18.71,19.05,14957,9495,581
2022,"2022.04",4,"Stadtquartiere",0,"Ganze Stadt",9,"2 , 3  und 4 Zimmer",1,"Gemeinnützig",2,"Quadratmeter",2,"brutto",16.67,16.59,16.74,14.03,13.98,14.08,15.9,15.85,15.97,18.59,18.49,18.69,48986,31108,1695
2024,"2024.04",4,"Stadtquartiere",0,"Ganze Stadt",9,"2 , 3  und 4 Zimmer",1,"Gemeinnützig",2,"Quadratmeter",2,"brutto",17.93,17.86,18,15.24,15.17,15.3,17.24,17.15,17.33,19.9,19.82,20.03,49465,32054,1664
2022,"2022.04",4,"Stadtquartiere",0,"Ganze Stadt",2,"2 Zimmer",2,"Nicht gemeinnützig",2,"Quadratmeter",2,"brutto",30.6,30.28,30.92,24.52,24.17,25.09,29.46,29.1,29.77,35.38,34.72,35.93,35586,6361,1250
2024,"2024.04",4,"Stadtquartiere",0,"Ganze Stadt",2,"2 Zimmer",2,"Nicht gemeinnützig",2,"Quadratmeter",2,"brutto",32.71,32.47,32.95,26.27,25.85,26.61,31.6,31.35,31.88,37.82,37.38,38.22,35728,7659,1825
2022,"2022.04",4,"Stadtquartiere",0,"Ganze Stadt",3,"3 Zimmer",2,"Nicht gemeinnützig",2,"Quadratmeter",2,"brutto",26.64,26.35,26.94,21.75,21.33,22.02,25.61,25.28,25.95,30.78,30.29,31.25,51225,8720,1311
2024,"2024.04",4,"Stadtquartiere",0,"Ganze Stadt",3,"3 Zimmer",2,"Nicht gemeinnützig",2,"Quadratmeter",2,"brutto",28.59,28.36,28.83,23,22.7,23.28,27.92,27.58,28.2,33.04,32.6,33.52,50539,9673,1881
2022,"2022.04",4,"Stadtquartiere",0,"Ganze Stadt",4,"4 Zimmer",2,"Nicht gemeinnützig",2,"Quadratmeter",2,"brutto",25.14,24.84,25.44,20,19.8,20.44,24.08,23.66,24.41,29.29,28.92,29.74,25972,4563,1107
2024,"2024.04",4,"Stadtquartiere",0,"Ganze Stadt",4,"4 Zimmer",2,"Nicht gemeinnützig",2,"Quadratmeter",2,"brutto",26.61,26.34,26.88,21.35,21.07,21.69,25.46,25.14,25.74,31.19,30.61,31.57,25502,4969,1564
2022,"2022.04",4,"Stadtquartiere",0,"Ganze Stadt",9,"2 , 3  und 4 Zimmer",2,"Nicht gemeinnützig",2,"Quadratmeter",2,"brutto",27.55,27.37,27.73,21.99,21.82,22.21,26.42,26.22,26.63,31.87,31.58,32.13,112783,19644,3668
2024,"2024.04",4,"Stadtquartiere",0,"Ganze Stadt",9,"2 , 3  und 4 Zimmer",2,"Nicht gemeinnützig",2,"Quadratmeter",2,"brutto",29.46,29.31,29.6,23.29,23.13,23.54,28.4,28.24,28.6,34.31,34.08,34.56,111769,22301,5270
2022,"2022.04",4,"Stadtquartiere",19,"Altstadt (Kreis 1)",2,"2 Zimmer",1,"Gemeinnützig",2,"Quadratmeter",2,"brutto",20.08,20,20.16,15.4,15.26,15.52,19.02,18.79,19.09,23.65,23.56,23.66,302,298,0
2024,"2024.04",4,"Stadtquartiere",19,"Altstadt (Kreis 1)",2,"2 Zimmer",1,"Gemeinnützig",2,"Quadratmeter",2,"brutto",21.35,21.2,21.49,16.68,16.38,16.75,20.39,20.35,20.47,25.2,25.06,25.25,307,293,9
2022,"2022.04",4,"Stadtquartiere",19,"Altstadt (Kreis 1)",3,"3 Zimmer",1,"Gemeinnützig",2,"Quadratmeter",2,"brutto",18.57,18.47,18.66,14.47,14.29,14.55,17.7,17.62,17.75,21.85,21.67,21.89,201,198,0
2024,"2024.04",4,"Stadtquartiere",19,"Altstadt (Kreis 1)",3,"3 Zimmer",1,"Gemeinnützig",2,"Quadratmeter",2,"brutto",21.25,21.19,21.3,15.89,15.82,15.93,19.98,19.97,19.99,24.89,24.54,25.06,208,196,11
2022,"2022.04",4,"Stadtquartiere",19,"Altstadt (Kreis 1)",4,"4 Zimmer",1,"Gemeinnützig",2,"Quadratmeter",2,"brutto",17.06,16.91,17.22,12.1,12.07,12.13,16.27,16.11,16.35,20.83,20.59,20.9,136,133,0
2024,"2024.04",4,"Stadtquartiere",19,"Altstadt (Kreis 1)",4,"4 Zimmer",1,"Gemeinnützig",2,"Quadratmeter",2,"brutto",19.14,18.95,19.33,13.62,13.57,13.71,18.37,17.88,18.44,22.56,22.44,22.7,134,131,0
2022,"2022.04",4,"Stadtquartiere",19,"Altstadt (Kreis 1)",9,"2 , 3  und 4 Zimmer",1,"Gemeinnützig",2,"Quadratmeter",2,"brutto",18.97,18.91,19.03,14.44,14.4,14.49,17.97,17.87,18.07,22.41,22.37,22.45,639,629,0
2024,"2024.04",4,"Stadtquartiere",19,"Altstadt (Kreis 1)",9,"2 , 3  und 4 Zimmer",1,"Gemeinnützig",2,"Quadratmeter",2,"brutto",20.87,20.79,20.95,15.84,15.78,15.93,19.9,19.8,19.96,24.37,24.32,24.45,649,620,20
2022,"2022.04",4,"Stadtquartiere",19,"Altstadt (Kreis 1)",2,"2 Zimmer",2,"Nicht gemeinnützig",2,"Quadratmeter",2,"brutto",39.46,37.65,41.26,32.97,29.22,36.79,39.94,38.36,42.17,46.29,43.27,48.58,774,87,106
2024,"2024.04",4,"Stadtquartiere",19,"Altstadt (Kreis 1)",2,"2 Zimmer",2,"Nicht gemeinnützig",2,"Quadratmeter",2,"brutto",42.86,41.32,44.41,33.16,31.5,35.43,41.71,39.89,43.85,50.9,48.25,55,743,102,148
2022,"2022.04",4,"Stadtquartiere",19,"Altstadt (Kreis 1)",3,"3 Zimmer",2,"Nicht gemeinnützig",2,"Quadratmeter",2,"brutto",33.62,32.11,35.13,26.31,23.21,28.35,33.25,31.57,35.72,40.57,39.14,42.39,635,74,111
2024,"2024.04",4,"Stadtquartiere",19,"Altstadt (Kreis 1)",3,"3 Zimmer",2,"Nicht gemeinnützig",2,"Quadratmeter",2,"brutto",37.19,35.91,38.47,28.37,26.76,29.81,36.42,34.54,37.96,45.79,43.88,47.69,621,79,171
2022,"2022.04",4,"Stadtquartiere",19,"Altstadt (Kreis 1)",4,"4 Zimmer",2,"Nicht gemeinnützig",2,"Quadratmeter",2,"brutto",32.38,30.6,34.16,23.28,20.41,25.96,32.04,29.11,33.75,41.49,36.43,42.68,323,27,80
2024,"2024.04",4,"Stadtquartiere",19,"Altstadt (Kreis 1)",4,"4 Zimmer",2,"Nicht gemeinnützig",2,"Quadratmeter",2,"brutto",34.62,32.83,36.4,26.02,22.54,29.38,34.99,33.32,36.75,43.19,40.07,44.84,316,31,101
2022,"2022.04",4,"Stadtquartiere",19,"Altstadt (Kreis 1)",9,"2 , 3  und 4 Zimmer",2,"Nicht gemeinnützig",2,"Quadratmeter",2,"brutto",36,34.97,37.03,27.84,26.17,29.54,36.67,34.9,38.08,43.08,42.02,45.55,1732,188,297
2024,"2024.04",4,"Stadtquartiere",19,"Altstadt (Kreis 1)",9,"2 , 3  und 4 Zimmer",2,"Nicht gemeinnützig",2,"Quadratmeter",2,"brutto",39.22,38.32,40.11,29.99,28.93,31.25,38.59,37.67,39.82,47.32,45.92,48.74,1680,212,420
2022,"2022.04",4,"Stadtquartiere",21,"Wollishofen",2,"2 Zimmer",1,"Gemeinnützig",2,"Quadratmeter",2,"brutto",16.93,16.28,17.58,14.49,14.03,14.84,16.48,15.85,17.86,18.7,18.47,20.77,641,295,20
2024,"2024.04",4,"Stadtquartiere",21,"Wollishofen",2,"2 Zimmer",1,"Gemeinnützig",2,"Quadratmeter",2,"brutto",20.18,19.61,20.75,16.96,16.33,17.87,19.26,18.79,20.33,23.51,22.55,24.36,673,338,22
2022,"2022.04",4,"Stadtquartiere",21,"Wollishofen",3,"3 Zimmer",1,"Gemeinnützig",2,"Quadratmeter",2,"brutto",16.2,15.18,17.22,13.97,13.41,14.32,15.33,14.8,16.53,17.31,17.17,18.31,1171,501,33
2024,"2024.04",4,"Stadtquartiere",21,"Wollishofen",3,"3 Zimmer",1,"Gemeinnützig",2,"Quadratmeter",2,"brutto",18.19,17.65,18.74,15.83,15.43,16.39,17.56,16.96,17.89,19.83,19,20.85,1201,547,32
2022,"2022.04",4,"Stadtquartiere",21,"Wollishofen",4,"4 Zimmer",1,"Gemeinnützig",2,"Quadratmeter",2,"brutto",15.81,15.42,16.19,13.95,13.33,14.76,15.79,15.12,16.6,17.17,17,17.98,844,369,24
2024,"2024.04",4,"Stadtquartiere",21,"Wollishofen",4,"4 Zimmer",1,"Gemeinnützig",2,"Quadratmeter",2,"brutto",17.35,16.7,18,15.04,14.54,16.02,17.1,16.38,18.15,19.9,18.49,20.95,832,413,20
2022,"2022.04",4,"Stadtquartiere",21,"Wollishofen",9,"2 , 3  und 4 Zimmer",1,"Gemeinnützig",2,"Quadratmeter",2,"brutto",16.25,15.75,16.75,14.11,13.67,14.29,15.87,15.17,16.44,17.64,17.23,18.4,2656,1165,77
2024,"2024.04",4,"Stadtquartiere",21,"Wollishofen",9,"2 , 3  und 4 Zimmer",1,"Gemeinnützig",2,"Quadratmeter",2,"brutto",18.43,18.08,18.78,15.91,15.57,16.22,17.83,17.45,18.28,20.57,19.91,21.15,2706,1298,74
2022,"2022.04",4,"Stadtquartiere",21,"Wollishofen",2,"2 Zimmer",2,"Nicht gemeinnützig",2,"Quadratmeter",2,"brutto",29.52,28.46,30.57,23.73,22.6,25.36,28.57,27.68,30.6,33.14,31.66,35.69,1552,290,54
2024,"2024.04",4,"Stadtquartiere",21,"Wollishofen",2,"2 Zimmer",2,"Nicht gemeinnützig",2,"Quadratmeter",2,"brutto",33.7,32.49,34.91,27.21,26.36,28.84,32.01,30.8,33.12,40.97,37.41,42.73,1646,334,83
2022,"2022.04",4,"Stadtquartiere",21,"Wollishofen",3,"3 Zimmer",2,"Nicht gemeinnützig",2,"Quadratmeter",2,"brutto",28.46,26.75,30.16,24.66,22.51,26.3,28.39,26.75,28.75,32.09,29.44,33.41,2174,515,44
2024,"2024.04",4,"Stadtquartiere",21,"Wollishofen",3,"3 Zimmer",2,"Nicht gemeinnützig",2,"Quadratmeter",2,"brutto",29.29,28.32,30.26,23.43,22.96,26.25,29.12,28.02,30.61,33.11,32.07,35.62,2271,543,70
2022,"2022.04",4,"Stadtquartiere",21,"Wollishofen",4,"4 Zimmer",2,"Nicht gemeinnützig",2,"Quadratmeter",2,"brutto",26.21,24.98,27.45,20.74,19.15,22.88,25.81,24.7,27.7,31.37,29.33,33.72,1133,230,47
2024,"2024.04",4,"Stadtquartiere",21,"Wollishofen",4,"4 Zimmer",2,"Nicht gemeinnützig",2,"Quadratmeter",2,"brutto",27.47,26.23,28.7,22.59,21.98,24.18,27.05,25.19,28.1,30.91,29.17,32.83,1167,259,63
2022,"2022.04",4,"Stadtquartiere",21,"Wollishofen",9,"2 , 3  und 4 Zimmer",2,"Nicht gemeinnützig",2,"Quadratmeter",2,"brutto",28.27,27.39,29.15,23.49,22.6,24.68,27.9,27.23,28.67,32.22,31.18,33.39,4859,1035,145
2024,"2024.04",4,"Stadtquartiere",21,"Wollishofen",9,"2 , 3  und 4 Zimmer",2,"Nicht gemeinnützig",2,"Quadratmeter",2,"brutto",30.3,29.65,30.95,24.46,23.67,25.67,29.51,28.8,30.45,34.59,33.11,36.36,5084,1136,216
2022,"2022.04",4,"Stadtquartiere",23,"Leimbach",2,"2 Zimmer",1,"Gemeinnützig",2,"Quadratmeter",2,"brutto",21.72,20.64,22.79,17.71,17.26,17.77,22.07,21.37,22.36,24.4,23.9,24.82,272,227,12
2024,"2024.04",4,"Stadtquartiere",23,"Leimbach",2,"2 Zimmer",1,"Gemeinnützig",2,"Quadratmeter",2,"brutto",21.93,21.8,22.05,18.87,18.55,19,22.24,21.9,22.38,25.17,25.19,25.26,267,232,12
2022,"2022.04",4,"Stadtquartiere",23,"Leimbach",3,"3 Zimmer",1,"Gemeinnützig",2,"Quadratmeter",2,"brutto",19.3,18.91,19.7,15.37,15.09,15.71,19.12,18.61,19.36,22.42,21.93,22.83,376,325,8
2024,"2024.04",4,"Stadtquartiere",23,"Leimbach",3,"3 Zimmer",1,"Gemeinnützig",2,"Quadratmeter",2,"brutto",20.12,20.03,20.2,16.55,16.43,16.75,20.09,19.92,20.28,23.3,23.3,23.45,363,324,19
2022,"2022.04",4,"Stadtquartiere",23,"Leimbach",4,"4 Zimmer",1,"Gemeinnützig",2,"Quadratmeter",2,"brutto",17.67,17.27,18.07,15.53,14.44,16.05,17.09,16.41,17.8,20.26,18.4,21.21,505,370,7
2024,"2024.04",4,"Stadtquartiere",23,"Leimbach",4,"4 Zimmer",1,"Gemeinnützig",2,"Quadratmeter",2,"brutto",19.46,19.2,19.72,16.77,16.39,17.15,19.24,18.77,19.7,22.36,21.91,22.99,487,377,23
2022,"2022.04",4,"Stadtquartiere",23,"Leimbach",9,"2 , 3  und 4 Zimmer",1,"Gemeinnützig",2,"Quadratmeter",2,"brutto",19.16,18.82,19.5,15.87,15.38,16.15,18.05,17.84,18.54,22.3,21.99,22.43,1153,922,27
2024,"2024.04",4,"Stadtquartiere",23,"Leimbach",9,"2 , 3  und 4 Zimmer",1,"Gemeinnützig",2,"Quadratmeter",2,"brutto",20.27,20.14,20.39,17.19,16.91,17.48,20.06,19.77,20.25,23.23,23.09,23.44,1117,933,54
2022,"2022.04",4,"Stadtquartiere",23,"Leimbach",2,"2 Zimmer",2,"Nicht gemeinnützig",2,"Quadratmeter",2,"brutto",29.44,27.07,31.81,24.7,21.53,28.46,28.24,24.42,32.03,32.22,31.24,35.17,246,15,11
2024,"2024.04",4,"Stadtquartiere",23,"Leimbach",2,"2 Zimmer",2,"Nicht gemeinnützig",2,"Quadratmeter",2,"brutto",29.28,28.18,30.38,26.45,22.19,27.53,28.2,26.8,29.88,31.43,29.08,33.76,251,15,19
2022,"2022.04",4,"Stadtquartiere",23,"Leimbach",3,"3 Zimmer",2,"Nicht gemeinnützig",2,"Quadratmeter",2,"brutto",22.8,21.64,23.95,20.14,19.99,21.24,21.28,20.47,22.56,22.67,21.92,24.09,336,42,18
2024,"2024.04",4,"Stadtquartiere",23,"Leimbach",3,"3 Zimmer",2,"Nicht gemeinnützig",2,"Quadratmeter",2,"brutto",24.4,23.18,25.62,21,20.09,22.24,23.74,22.22,24.91,26.04,25.01,28.84,323,44,35
2022,"2022.04",4,"Stadtquartiere",23,"Leimbach",4,"4 Zimmer",2,"Nicht gemeinnützig",2,"Quadratmeter",2,"brutto",23.55,22.34,24.75,19.31,17.64,22.04,22.53,19.84,22.74,26.95,23.33,29.49,208,30,30
2024,"2024.04",4,"Stadtquartiere",23,"Leimbach",4,"4 Zimmer",2,"Nicht gemeinnützig",2,"Quadratmeter",2,"brutto",23.93,22.91,24.96,20.97,20.49,22.46,23.72,22.73,24.3,27.37,25.03,27.74,218,32,43
2022,"2022.04",4,"Stadtquartiere",23,"Leimbach",9,"2 , 3  und 4 Zimmer",2,"Nicht gemeinnützig",2,"Quadratmeter",2,"brutto",25.07,24.13,26.01,20.47,20.06,21.82,22.63,21.86,23.98,27.54,24.91,31.28,790,87,59
2024,"2024.04",4,"Stadtquartiere",23,"Leimbach",9,"2 , 3  und 4 Zimmer",2,"Nicht gemeinnützig",2,"Quadratmeter",2,"brutto",25.83,25.16,26.51,21.65,21.07,22.45,25.1,24.42,26.28,28.41,27.5,29.39,792,91,97
2022,"2022.04",4,"Stadtquartiere",24,"Enge",2,"2 Zimmer",1,"Gemeinnützig",2,"Quadratmeter",2,"brutto",17.81,17.11,18.52,14.63,14.15,15.66,16.51,15.75,18.05,20.8,18.05,21.2,58,13,20
2024,"2024.04",4,"Stadtquartiere",24,"Enge",2,"2 Zimmer",1,"Gemeinnützig",2,"Quadratmeter",2,"brutto",18.28,17.62,18.94,14.93,14.64,15.3,16.87,15.22,18.05,20.51,19.43,23.84,57,13,19
2022,"2022.04",4,"Stadtquartiere",24,"Enge",3,"3 Zimmer",1,"Gemeinnützig",2,"Quadratmeter",2,"brutto",16.08,15.31,16.85,12.95,12.57,15.16,16.19,15.04,17.71,18.88,16.93,19.67,189,48,20
2024,"2024.04",4,"Stadtquartiere",24,"Enge",3,"3 Zimmer",1,"Gemeinnützig",2,"Quadratmeter",2,"brutto",16.46,15.67,17.25,14.18,12.13,15.69,16.71,15.48,17.3,18.3,17.78,19.09,181,49,20
2022,"2022.04",4,"Stadtquartiere",24,"Enge",4,"4 Zimmer",1,"Gemeinnützig",2,"Quadratmeter",2,"brutto",14.79,14.52,15.06,12.74,12.36,13.23,14.05,13.67,14.24,16.14,15.05,17.49,86,29,20
2024,"2024.04",4,"Stadtquartiere",24,"Enge",4,"4 Zimmer",1,"Gemeinnützig",2,"Quadratmeter",2,"brutto",16.12,15.6,16.63,13.07,12.54,14.07,14.82,14.15,15.87,16.77,15.99,19.36,94,28,20
2022,"2022.04",4,"Stadtquartiere",24,"Enge",9,"2 , 3  und 4 Zimmer",1,"Gemeinnützig",2,"Quadratmeter",2,"brutto",16.05,15.59,16.51,13.24,12.58,13.9,15.72,14.54,16.17,18.7,17.16,19.39,333,90,60
2024,"2024.04",4,"Stadtquartiere",24,"Enge",9,"2 , 3  und 4 Zimmer",1,"Gemeinnützig",2,"Quadratmeter",2,"brutto",16.68,16.21,17.15,14.05,12.93,14.75,15.9,15.22,16.89,18.44,18.2,19.16,332,90,59
2022,"2022.04",4,"Stadtquartiere",24,"Enge",2,"2 Zimmer",2,"Nicht gemeinnützig",2,"Quadratmeter",2,"brutto",34.34,32.5,36.18,26.02,24.74,28.9,32,29.44,37,45.36,38.96,47.47,951,155,39
2024,"2024.04",4,"Stadtquartiere",24,"Enge",2,"2 Zimmer",2,"Nicht gemeinnützig",2,"Quadratmeter",2,"brutto",36.16,34.07,38.24,27.93,25.8,31.05,34.49,31.98,38.84,45.25,40.66,46.92,962,160,53
2022,"2022.04",4,"Stadtquartiere",24,"Enge",3,"3 Zimmer",2,"Nicht gemeinnützig",2,"Quadratmeter",2,"brutto",30.58,28.7,32.46,23.47,21.02,27.63,30.05,27.89,32.7,35.61,32.74,37.64,1323,264,42
2024,"2024.04",4,"Stadtquartiere",24,"Enge",3,"3 Zimmer",2,"Nicht gemeinnützig",2,"Quadratmeter",2,"brutto",32.37,30.61,34.14,27.37,24.6,28.98,31.63,29.41,35.24,38.95,36.63,40.69,1323,293,54
2022,"2022.04",4,"Stadtquartiere",24,"Enge",4,"4 Zimmer",2,"Nicht gemeinnützig",2,"Quadratmeter",2,"brutto",29.88,27.7,32.07,22.91,22.35,25.33,29.17,25.42,31.77,34.86,31.78,38.26,944,202,38
2024,"2024.04",4,"Stadtquartiere",24,"Enge",4,"4 Zimmer",2,"Nicht gemeinnützig",2,"Quadratmeter",2,"brutto",30.89,29.33,32.44,24.27,22.29,26.85,29.7,28.34,32.77,36.67,35.08,39.62,952,223,63
2022,"2022.04",4,"Stadtquartiere",24,"Enge",9,"2 , 3  und 4 Zimmer",2,"Nicht gemeinnützig",2,"Quadratmeter",2,"brutto",31.49,30.34,32.63,24.69,22.86,25.78,30.66,28.99,31.94,37.62,35.62,39.52,3218,621,119
2024,"2024.04",4,"Stadtquartiere",24,"Enge",9,"2 , 3  und 4 Zimmer",2,"Nicht gemeinnützig",2,"Quadratmeter",2,"brutto",33.06,32,34.11,26.58,25,28.12,32.2,30.46,34.09,39.88,37.42,41.36,3237,676,170
2022,"2022.04",4,"Stadtquartiere",39,"Wiedikon (Kreis 3)",2,"2 Zimmer",1,"Gemeinnützig",2,"Quadratmeter",2,"brutto",17.02,16.68,17.36,14.39,13.99,14.83,16.94,16.43,17.38,19.28,18.63,19.4,1432,853,58
2024,"2024.04",4,"Stadtquartiere",39,"Wiedikon (Kreis 3)",2,"2 Zimmer",1,"Gemeinnützig",2,"Quadratmeter",2,"brutto",18.52,18,19.03,15.37,14.79,15.99,17.86,17.33,18.38,20.45,20.33,21.05,1442,856,67
2022,"2022.04",4,"Stadtquartiere",39,"Wiedikon (Kreis 3)",3,"3 Zimmer",1,"Gemeinnützig",2,"Quadratmeter",2,"brutto",15.39,15.01,15.77,12.98,12.88,13.15,14.59,14.25,14.99,17.1,16.59,17.58,3050,1846,64
2024,"2024.04",4,"Stadtquartiere",39,"Wiedikon (Kreis 3)",3,"3 Zimmer",1,"Gemeinnützig",2,"Quadratmeter",2,"brutto",16.36,16.04,16.67,14.13,13.59,14.51,15.94,15.55,16.33,18.19,17.73,19.1,2990,1876,63
2022,"2022.04",4,"Stadtquartiere",39,"Wiedikon (Kreis 3)",4,"4 Zimmer",1,"Gemeinnützig",2,"Quadratmeter",2,"brutto",15.68,15.44,15.91,13.15,12.93,13.53,15.62,15.48,15.93,17.43,17.29,18.25,1886,1176,78
2024,"2024.04",4,"Stadtquartiere",39,"Wiedikon (Kreis 3)",4,"4 Zimmer",1,"Gemeinnützig",2,"Quadratmeter",2,"brutto",16.64,16.18,17.1,14.16,13.83,14.53,16.03,15.77,16.38,18.6,17.94,19.06,1871,1210,82
2022,"2022.04",4,"Stadtquartiere",39,"Wiedikon (Kreis 3)",9,"2 , 3  und 4 Zimmer",1,"Gemeinnützig",2,"Quadratmeter",2,"brutto",15.84,15.63,16.06,13.15,13.05,13.41,15.29,15.13,15.61,17.87,17.47,18.26,6368,3875,200
2024,"2024.04",4,"Stadtquartiere",39,"Wiedikon (Kreis 3)",9,"2 , 3  und 4 Zimmer",1,"Gemeinnützig",2,"Quadratmeter",2,"brutto",16.93,16.68,17.19,14.39,14.15,14.6,16.33,16.16,16.58,19.07,18.71,19.57,6303,3942,212
2022,"2022.04",4,"Stadtquartiere",39,"Wiedikon (Kreis 3)",2,"2 Zimmer",2,"Nicht gemeinnützig",2,"Quadratmeter",2,"brutto",29.93,29.13,30.72,24.31,23.99,25.54,29.45,28.6,30.3,34.56,33.33,35.75,4921,858,124
2024,"2024.04",4,"Stadtquartiere",39,"Wiedikon (Kreis 3)",2,"2 Zimmer",2,"Nicht gemeinnützig",2,"Quadratmeter",2,"brutto",33.22,32.4,34.04,26.8,25.56,28.1,32.4,31.61,33.7,37.83,36.6,38.9,4912,984,189
2022,"2022.04",4,"Stadtquartiere",39,"Wiedikon (Kreis 3)",3,"3 Zimmer",2,"Nicht gemeinnützig",2,"Quadratmeter",2,"brutto",26.56,25.47,27.65,21.74,21.18,22.4,25.36,24.21,26.46,30.54,29.48,31.88,6901,922,114
2024,"2024.04",4,"Stadtquartiere",39,"Wiedikon (Kreis 3)",3,"3 Zimmer",2,"Nicht gemeinnützig",2,"Quadratmeter",2,"brutto",28.24,27.4,29.09,22.89,22.2,23.43,26.99,26,28.53,32.77,30.99,34,6785,1083,184
2022,"2022.04",4,"Stadtquartiere",39,"Wiedikon (Kreis 3)",4,"4 Zimmer",2,"Nicht gemeinnützig",2,"Quadratmeter",2,"brutto",25.1,24.04,26.16,21,20.26,21.28,23.36,22.24,24.65,29.17,26.05,30.34,2300,269,107
2024,"2024.04",4,"Stadtquartiere",39,"Wiedikon (Kreis 3)",4,"4 Zimmer",2,"Nicht gemeinnützig",2,"Quadratmeter",2,"brutto",25.58,24.81,26.35,20.63,19.7,21.95,25.26,24.3,25.96,30.56,28.7,31.52,2296,314,143
2022,"2022.04",4,"Stadtquartiere",39,"Wiedikon (Kreis 3)",9,"2 , 3  und 4 Zimmer",2,"Nicht gemeinnützig",2,"Quadratmeter",2,"brutto",27.5,26.87,28.12,22,21.64,22.43,26.04,25.39,26.99,31.78,30.67,33.33,14122,2049,345
2024,"2024.04",4,"Stadtquartiere",39,"Wiedikon (Kreis 3)",9,"2 , 3  und 4 Zimmer",2,"Nicht gemeinnützig",2,"Quadratmeter",2,"brutto",29.55,29.04,30.07,23.24,22.82,24.08,28.7,28.1,29.33,34.46,33.77,35.73,13993,2381,516
2022,"2022.04",4,"Stadtquartiere",49,"Aussersihl (Kreis 4)",2,"2 Zimmer",1,"Gemeinnützig",2,"Quadratmeter",2,"brutto",19.15,18.73,19.57,15.46,15.32,15.78,16.85,16.59,17.12,21.88,21.13,22.7,1218,858,55
2024,"2024.04",4,"Stadtquartiere",49,"Aussersihl (Kreis 4)",2,"2 Zimmer",1,"Gemeinnützig",2,"Quadratmeter",2,"brutto",20.82,20.36,21.28,16.66,16.43,16.98,18.68,18.46,19.08,23.36,22.99,23.91,1213,898,47
2022,"2022.04",4,"Stadtquartiere",49,"Aussersihl (Kreis 4)",3,"3 Zimmer",1,"Gemeinnützig",2,"Quadratmeter",2,"brutto",16.43,15.95,16.91,13.39,13.24,13.54,14.76,14.51,15,18.26,17.55,19,2066,1513,50
2024,"2024.04",4,"Stadtquartiere",49,"Aussersihl (Kreis 4)",3,"3 Zimmer",1,"Gemeinnützig",2,"Quadratmeter",2,"brutto",17.75,17.42,18.08,15.29,15.1,15.45,16.69,16.59,16.85,18.89,18.2,19.13,2116,1647,49
2022,"2022.04",4,"Stadtquartiere",49,"Aussersihl (Kreis 4)",4,"4 Zimmer",1,"Gemeinnützig",2,"Quadratmeter",2,"brutto",15.91,15.54,16.29,13.03,12.73,13.34,15.14,14.78,15.52,17.3,16.96,17.63,713,479,61
2024,"2024.04",4,"Stadtquartiere",49,"Aussersihl (Kreis 4)",4,"4 Zimmer",1,"Gemeinnützig",2,"Quadratmeter",2,"brutto",18.03,17.59,18.47,14.71,14.56,14.89,16.46,16.15,16.7,19.53,18.92,20.21,760,553,40
2022,"2022.04",4,"Stadtquartiere",49,"Aussersihl (Kreis 4)",9,"2 , 3  und 4 Zimmer",1,"Gemeinnützig",2,"Quadratmeter",2,"brutto",17.17,16.88,17.46,13.74,13.66,13.84,15.66,15.51,15.81,18.91,18.5,19.28,3997,2850,166
2024,"2024.04",4,"Stadtquartiere",49,"Aussersihl (Kreis 4)",9,"2 , 3  und 4 Zimmer",1,"Gemeinnützig",2,"Quadratmeter",2,"brutto",18.71,18.48,18.95,15.54,15.41,15.69,17.11,16.98,17.27,20.35,19.93,20.78,4089,3098,136
2022,"2022.04",4,"Stadtquartiere",49,"Aussersihl (Kreis 4)",2,"2 Zimmer",2,"Nicht gemeinnützig",2,"Quadratmeter",2,"brutto",32.51,31.73,33.3,25.2,23.73,27.15,32.83,31.39,33.85,38.58,37.76,40.08,2857,509,162
2024,"2024.04",4,"Stadtquartiere",49,"Aussersihl (Kreis 4)",2,"2 Zimmer",2,"Nicht gemeinnützig",2,"Quadratmeter",2,"brutto",34.58,33.82,35.33,27.14,25.91,28.1,33.91,32.95,34.88,40.37,39.37,41.22,2880,657,233
2022,"2022.04",4,"Stadtquartiere",49,"Aussersihl (Kreis 4)",3,"3 Zimmer",2,"Nicht gemeinnützig",2,"Quadratmeter",2,"brutto",27.77,26.88,28.66,22.15,21.22,23.5,27.2,25.9,28.44,33.09,31.3,35.56,4073,633,122
2024,"2024.04",4,"Stadtquartiere",49,"Aussersihl (Kreis 4)",3,"3 Zimmer",2,"Nicht gemeinnützig",2,"Quadratmeter",2,"brutto",30.28,29.57,30.99,24.23,23.07,25.15,29.95,29.19,30.91,35.74,34.62,37,4013,825,164
2022,"2022.04",4,"Stadtquartiere",49,"Aussersihl (Kreis 4)",4,"4 Zimmer",2,"Nicht gemeinnützig",2,"Quadratmeter",2,"brutto",25.24,24.42,26.07,20.01,19.36,21.32,24.38,23.31,26.19,29.27,28.85,31.28,1483,185,86
2024,"2024.04",4,"Stadtquartiere",49,"Aussersihl (Kreis 4)",4,"4 Zimmer",2,"Nicht gemeinnützig",2,"Quadratmeter",2,"brutto",28.79,27.77,29.8,22.81,21.92,23.68,28.97,27.04,30,34.42,32.47,36.41,1467,264,122
2022,"2022.04",4,"Stadtquartiere",49,"Aussersihl (Kreis 4)",9,"2 , 3  und 4 Zimmer",2,"Nicht gemeinnützig",2,"Quadratmeter",2,"brutto",28.94,28.41,29.46,22.5,21.6,23.21,28.5,27.68,29.2,35,33.98,36.22,8413,1327,370
2024,"2024.04",4,"Stadtquartiere",49,"Aussersihl (Kreis 4)",9,"2 , 3  und 4 Zimmer",2,"Nicht gemeinnützig",2,"Quadratmeter",2,"brutto",31.5,31.04,31.97,24.7,24.12,25.6,30.92,30.27,31.76,37.2,36.49,37.99,8360,1746,519
2022,"2022.04",4,"Stadtquartiere",59,"Industriequartier (Kreis 5)",2,"2 Zimmer",1,"Gemeinnützig",2,"Quadratmeter",2,"brutto",17.08,16.68,17.48,13.87,13.48,14.41,16.23,15.87,16.42,19.46,19.07,20.54,340,263,18
2024,"2024.04",4,"Stadtquartiere",59,"Industriequartier (Kreis 5)",2,"2 Zimmer",1,"Gemeinnützig",2,"Quadratmeter",2,"brutto",18.41,17.57,19.24,14.85,14.42,15.21,17.45,16.8,18.16,20.41,19.92,20.94,331,255,20
2022,"2022.04",4,"Stadtquartiere",59,"Industriequartier (Kreis 5)",3,"3 Zimmer",1,"Gemeinnützig",2,"Quadratmeter",2,"brutto",15.63,15.32,15.95,13.34,13.06,13.86,15.03,14.89,15.53,17.08,16.55,18.18,917,631,20
2024,"2024.04",4,"Stadtquartiere",59,"Industriequartier (Kreis 5)",3,"3 Zimmer",1,"Gemeinnützig",2,"Quadratmeter",2,"brutto",17.51,17.29,17.73,14.77,14.61,14.91,17.56,16.83,17.66,20.31,19.07,20.6,924,645,20
2022,"2022.04",4,"Stadtquartiere",59,"Industriequartier (Kreis 5)",4,"4 Zimmer",1,"Gemeinnützig",2,"Quadratmeter",2,"brutto",15.79,15.51,16.08,12.93,12.46,13.25,15.35,15.14,16.07,18.31,17.73,18.94,423,296,22
2024,"2024.04",4,"Stadtquartiere",59,"Industriequartier (Kreis 5)",4,"4 Zimmer",1,"Gemeinnützig",2,"Quadratmeter",2,"brutto",17.36,17.17,17.54,14.57,14.37,14.76,17.72,17.68,18.01,19.86,19.54,20.47,407,279,19
2022,"2022.04",4,"Stadtquartiere",59,"Industriequartier (Kreis 5)",9,"2 , 3  und 4 Zimmer",1,"Gemeinnützig",2,"Quadratmeter",2,"brutto",15.97,15.76,16.17,13.3,13.08,13.53,15.4,15.12,15.58,18.18,17.89,18.89,1680,1190,60
2024,"2024.04",4,"Stadtquartiere",59,"Industriequartier (Kreis 5)",9,"2 , 3  und 4 Zimmer",1,"Gemeinnützig",2,"Quadratmeter",2,"brutto",17.65,17.44,17.87,14.75,14.61,14.87,17.64,17.24,17.72,20.22,19.58,20.59,1662,1179,59
2022,"2022.04",4,"Stadtquartiere",59,"Industriequartier (Kreis 5)",2,"2 Zimmer",2,"Nicht gemeinnützig",2,"Quadratmeter",2,"brutto",32.64,31.52,33.76,26.93,25.66,28.56,32.36,30.35,33.06,37.66,35.42,39.16,1355,363,78
2024,"2024.04",4,"Stadtquartiere",59,"Industriequartier (Kreis 5)",2,"2 Zimmer",2,"Nicht gemeinnützig",2,"Quadratmeter",2,"brutto",34.94,33.75,36.14,27.63,26.79,29.2,34.55,32.61,35.98,40.32,38.37,41.43,1317,344,96
2022,"2022.04",4,"Stadtquartiere",59,"Industriequartier (Kreis 5)",3,"3 Zimmer",2,"Nicht gemeinnützig",2,"Quadratmeter",2,"brutto",28.08,26.74,29.41,23.44,21.87,25.23,28.25,25.96,29.11,31.87,31.39,35.3,1904,416,67
2024,"2024.04",4,"Stadtquartiere",59,"Industriequartier (Kreis 5)",3,"3 Zimmer",2,"Nicht gemeinnützig",2,"Quadratmeter",2,"brutto",30.54,29.28,31.79,25.59,23.92,26.66,30.12,29.13,32,35.4,34,36.92,1819,408,85
2022,"2022.04",4,"Stadtquartiere",59,"Industriequartier (Kreis 5)",4,"4 Zimmer",2,"Nicht gemeinnützig",2,"Quadratmeter",2,"brutto",24.76,23.51,26.02,19.47,17.59,20.58,22.82,21.73,26.39,30.38,28.12,32.76,965,189,47
2024,"2024.04",4,"Stadtquartiere",59,"Industriequartier (Kreis 5)",4,"4 Zimmer",2,"Nicht gemeinnützig",2,"Quadratmeter",2,"brutto",26.14,24.85,27.44,21.4,19.72,23.01,25.69,23.91,28.7,31.09,29.53,32.54,914,221,53
2022,"2022.04",4,"Stadtquartiere",59,"Industriequartier (Kreis 5)",9,"2 , 3  und 4 Zimmer",2,"Nicht gemeinnützig",2,"Quadratmeter",2,"brutto",28.79,28.03,29.54,23.11,22.27,24.47,28.33,27.68,29.25,33.25,32.78,35,4224,968,192
2024,"2024.04",4,"Stadtquartiere",59,"Industriequartier (Kreis 5)",9,"2 , 3  und 4 Zimmer",2,"Nicht gemeinnützig",2,"Quadratmeter",2,"brutto",30.98,30.23,31.72,25.17,23.91,26.31,30.47,29.51,31.56,36.35,35.41,37.26,4050,973,234
2022,"2022.04",4,"Stadtquartiere",61,"Unterstrass",2,"2 Zimmer",1,"Gemeinnützig",2,"Quadratmeter",2,"brutto",19.49,18.15,20.84,16.27,15.37,16.53,18.12,16.67,20.17,20.76,20.17,22.37,617,291,12
2024,"2024.04",4,"Stadtquartiere",61,"Unterstrass",2,"2 Zimmer",1,"Gemeinnützig",2,"Quadratmeter",2,"brutto",19.81,19.09,20.53,17.28,16.94,17.74,18.88,17.98,19.79,23.24,20.72,23.85,671,342,20
2022,"2022.04",4,"Stadtquartiere",61,"Unterstrass",3,"3 Zimmer",1,"Gemeinnützig",2,"Quadratmeter",2,"brutto",15.84,15.58,16.09,14.44,13.53,14.69,15.66,15.48,16.19,17.15,16.67,17.19,1705,957,23
2024,"2024.04",4,"Stadtquartiere",61,"Unterstrass",3,"3 Zimmer",1,"Gemeinnützig",2,"Quadratmeter",2,"brutto",17.24,16.98,17.49,15.81,15.67,15.94,17.14,16.74,17.47,18.43,17.95,18.92,1770,1076,27
2022,"2022.04",4,"Stadtquartiere",61,"Unterstrass",4,"4 Zimmer",1,"Gemeinnützig",2,"Quadratmeter",2,"brutto",16.03,15.75,16.3,14.78,14.61,15.08,15.55,15.44,15.72,16.46,16.11,17.44,977,560,20
2024,"2024.04",4,"Stadtquartiere",61,"Unterstrass",4,"4 Zimmer",1,"Gemeinnützig",2,"Quadratmeter",2,"brutto",17.09,16.77,17.42,15.49,15.32,15.67,16.81,16.4,17.63,18.44,18.12,19.5,1005,601,23
2022,"2022.04",4,"Stadtquartiere",61,"Unterstrass",9,"2 , 3  und 4 Zimmer",1,"Gemeinnützig",2,"Quadratmeter",2,"brutto",16.58,16.27,16.88,14.79,14.63,15.1,15.87,15.66,16.24,17.2,17.17,17.7,3299,1808,55
2024,"2024.04",4,"Stadtquartiere",61,"Unterstrass",9,"2 , 3  und 4 Zimmer",1,"Gemeinnützig",2,"Quadratmeter",2,"brutto",17.7,17.48,17.91,15.85,15.68,15.97,17.33,17.16,17.66,18.97,18.45,19.56,3446,2019,70
2022,"2022.04",4,"Stadtquartiere",61,"Unterstrass",2,"2 Zimmer",2,"Nicht gemeinnützig",2,"Quadratmeter",2,"brutto",29.28,27.75,30.81,25.94,21.77,27.62,29.5,28.38,31.24,32.84,31.86,36.36,1710,278,41
2024,"2024.04",4,"Stadtquartiere",61,"Unterstrass",2,"2 Zimmer",2,"Nicht gemeinnützig",2,"Quadratmeter",2,"brutto",32.16,31.03,33.28,25.87,23.96,28.29,32.49,30.85,33.75,37.56,36.65,40.54,1675,318,61
2022,"2022.04",4,"Stadtquartiere",61,"Unterstrass",3,"3 Zimmer",2,"Nicht gemeinnützig",2,"Quadratmeter",2,"brutto",27.7,25.96,29.44,21.97,19.95,23.57,27.32,24.44,30.67,33.09,30.87,36.93,2508,379,45
2024,"2024.04",4,"Stadtquartiere",61,"Unterstrass",3,"3 Zimmer",2,"Nicht gemeinnützig",2,"Quadratmeter",2,"brutto",29.18,27.74,30.61,23.31,20.75,25.39,29,27.62,31.37,33.92,32.79,36.54,2432,387,65
2022,"2022.04",4,"Stadtquartiere",61,"Unterstrass",4,"4 Zimmer",2,"Nicht gemeinnützig",2,"Quadratmeter",2,"brutto",26.41,25.34,27.48,21.41,19.71,23.45,25.98,24.76,27.55,30.36,28.96,33.4,1465,263,54
2024,"2024.04",4,"Stadtquartiere",61,"Unterstrass",4,"4 Zimmer",2,"Nicht gemeinnützig",2,"Quadratmeter",2,"brutto",27.72,26.59,28.85,22.37,21.32,24.55,26.75,26.12,28.81,33.45,31.44,34.64,1422,270,78
2022,"2022.04",4,"Stadtquartiere",61,"Unterstrass",9,"2 , 3  und 4 Zimmer",2,"Nicht gemeinnützig",2,"Quadratmeter",2,"brutto",27.84,26.9,28.78,22.61,21.43,23.99,27.72,26.42,28.57,32.71,31.79,34.46,5683,920,140
2024,"2024.04",4,"Stadtquartiere",61,"Unterstrass",9,"2 , 3  und 4 Zimmer",2,"Nicht gemeinnützig",2,"Quadratmeter",2,"brutto",29.7,28.93,30.48,23.67,22.51,25.29,29.94,28.3,30.87,34.85,33.82,36.03,5529,975,204
2022,"2022.04",4,"Stadtquartiere",63,"Oberstrass",2,"2 Zimmer",1,"Gemeinnützig",2,"Quadratmeter",2,"brutto",19.96,19.56,20.37,16.55,16.48,16.7,17.77,17.71,17.98,19.37,18.98,19.76,59,38,19
2024,"2024.04",4,"Stadtquartiere",63,"Oberstrass",2,"2 Zimmer",1,"Gemeinnützig",2,"Quadratmeter",2,"brutto",21.3,20.85,21.75,17.43,17.41,17.48,18.93,18.84,19.28,21.98,21.57,22.36,60,38,19
2022,"2022.04",4,"Stadtquartiere",63,"Oberstrass",3,"3 Zimmer",1,"Gemeinnützig",2,"Quadratmeter",2,"brutto",17.44,17.03,17.85,14.14,14.13,14.2,16.12,16.02,16.36,18.37,18.1,18.85,234,185,20
2024,"2024.04",4,"Stadtquartiere",63,"Oberstrass",3,"3 Zimmer",1,"Gemeinnützig",2,"Quadratmeter",2,"brutto",18.21,17.79,18.63,14.55,14.48,14.57,16.96,16.72,17.4,19.7,19.22,19.93,235,187,20
2022,"2022.04",4,"Stadtquartiere",63,"Oberstrass",4,"4 Zimmer",1,"Gemeinnützig",2,"Quadratmeter",2,"brutto",16.56,16.43,16.69,14.54,14.47,14.69,16.14,16.03,16.25,18.08,17.85,18.39,179,153,17
2024,"2024.04",4,"Stadtquartiere",63,"Oberstrass",4,"4 Zimmer",1,"Gemeinnützig",2,"Quadratmeter",2,"brutto",17.91,17.75,18.07,15.82,15.75,15.89,17.15,16.99,17.3,18.79,18.65,19.25,183,159,19
2022,"2022.04",4,"Stadtquartiere",63,"Oberstrass",9,"2 , 3  und 4 Zimmer",1,"Gemeinnützig",2,"Quadratmeter",2,"brutto",17.44,17.22,17.65,14.43,14.36,14.47,16.39,16.35,16.45,18.48,18.27,18.64,472,376,56
2024,"2024.04",4,"Stadtquartiere",63,"Oberstrass",9,"2 , 3  und 4 Zimmer",1,"Gemeinnützig",2,"Quadratmeter",2,"brutto",18.48,18.26,18.7,15.29,15.25,15.37,17.46,17.41,17.53,19.72,19.56,19.93,478,384,58
2022,"2022.04",4,"Stadtquartiere",63,"Oberstrass",2,"2 Zimmer",2,"Nicht gemeinnützig",2,"Quadratmeter",2,"brutto",32.88,30.48,35.27,27.58,26.09,28.7,30.89,28.46,33.86,37.98,33.75,41.35,868,71,35
2024,"2024.04",4,"Stadtquartiere",63,"Oberstrass",2,"2 Zimmer",2,"Nicht gemeinnützig",2,"Quadratmeter",2,"brutto",33.63,31.78,35.49,26.32,22.83,28.44,32.29,30.82,33.68,39.63,35.84,40.97,869,117,59
2022,"2022.04",4,"Stadtquartiere",63,"Oberstrass",3,"3 Zimmer",2,"Nicht gemeinnützig",2,"Quadratmeter",2,"brutto",30.32,28.58,32.05,25.51,22.45,26.8,30.44,27.96,32,35.73,32.12,39.33,966,64,44
2024,"2024.04",4,"Stadtquartiere",63,"Oberstrass",3,"3 Zimmer",2,"Nicht gemeinnützig",2,"Quadratmeter",2,"brutto",33.12,31.08,35.16,25.96,21.97,30.87,32.54,31.19,35.16,39.9,36.83,44.9,937,79,56
2022,"2022.04",4,"Stadtquartiere",63,"Oberstrass",4,"4 Zimmer",2,"Nicht gemeinnützig",2,"Quadratmeter",2,"brutto",27.3,24.91,29.69,21.03,18.22,23.15,26.18,23.16,30.94,34.79,30.94,37.61,888,48,43
2024,"2024.04",4,"Stadtquartiere",63,"Oberstrass",4,"4 Zimmer",2,"Nicht gemeinnützig",2,"Quadratmeter",2,"brutto",28.9,27.36,30.43,22.16,21.42,24.32,29.23,25.59,32.35,35.28,32.84,36.96,868,54,60
2022,"2022.04",4,"Stadtquartiere",63,"Oberstrass",9,"2 , 3  und 4 Zimmer",2,"Nicht gemeinnützig",2,"Quadratmeter",2,"brutto",30.15,28.9,31.41,23.97,22.58,25.78,30.04,28.07,31.17,35.81,33.74,37.76,2722,183,122
2024,"2024.04",4,"Stadtquartiere",63,"Oberstrass",9,"2 , 3  und 4 Zimmer",2,"Nicht gemeinnützig",2,"Quadratmeter",2,"brutto",31.91,30.85,32.97,24.08,22.18,25.75,31.87,30.85,32.62,37.78,36.21,39.4,2674,250,175
2022,"2022.04",4,"Stadtquartiere",71,"Fluntern",2,"2 Zimmer",1,"Gemeinnützig",2,"Quadratmeter",2,"brutto",19.66,19.45,19.86,17.63,17.58,17.85,19.13,18.81,19.51,20.54,20.28,20.81,48,43,0
2024,"2024.04",4,"Stadtquartiere",71,"Fluntern",2,"2 Zimmer",1,"Gemeinnützig",2,"Quadratmeter",2,"brutto",22.04,21.51,22.57,18.01,17.92,18.02,19.28,19.06,19.48,22.63,21.37,22.76,53,48,0
2022,"2022.04",4,"Stadtquartiere",71,"Fluntern",3,"3 Zimmer",1,"Gemeinnützig",2,"Quadratmeter",2,"brutto",19.27,18.5,20.03,16.33,16.3,16.33,17.96,17.97,18.01,22.5,20.6,25.34,75,61,4
2024,"2024.04",4,"Stadtquartiere",71,"Fluntern",3,"3 Zimmer",1,"Gemeinnützig",2,"Quadratmeter",2,"brutto",20.66,20.04,21.28,16.61,16.42,16.8,17.86,17.73,18.03,19.85,18.81,20.62,81,69,0
2022,"2022.04",4,"Stadtquartiere",71,"Fluntern",4,"4 Zimmer",1,"Gemeinnützig",2,"Quadratmeter",2,"brutto",14.91,14.71,15.11,14.6,14.24,14.81,15.23,15.21,15.42,15.74,15.64,15.82,51,42,0
2024,"2024.04",4,"Stadtquartiere",71,"Fluntern",4,"4 Zimmer",1,"Gemeinnützig",2,"Quadratmeter",2,"brutto",18.28,17.51,19.05,15.6,15.22,15.64,16.18,16.03,16.53,17.55,17.24,17.83,51,42,0
2022,"2022.04",4,"Stadtquartiere",71,"Fluntern",9,"2 , 3  und 4 Zimmer",1,"Gemeinnützig",2,"Quadratmeter",2,"brutto",18.2,17.85,18.55,15.72,15.69,15.77,17.32,17.27,17.57,19.63,19.51,20.05,174,146,4
2024,"2024.04",4,"Stadtquartiere",71,"Fluntern",9,"2 , 3  und 4 Zimmer",1,"Gemeinnützig",2,"Quadratmeter",2,"brutto",20.39,20,20.78,16.54,16.37,16.71,17.95,17.84,18.02,19.9,19.54,20.16,185,159,0
2022,"2022.04",4,"Stadtquartiere",71,"Fluntern",2,"2 Zimmer",2,"Nicht gemeinnützig",2,"Quadratmeter",2,"brutto",33.53,31.33,35.73,26.2,23.97,30.5,34.08,30.42,36.04,40.17,35.99,43.84,520,65,38
2024,"2024.04",4,"Stadtquartiere",71,"Fluntern",2,"2 Zimmer",2,"Nicht gemeinnützig",2,"Quadratmeter",2,"brutto",36.74,34.56,38.91,29.6,26.39,31.57,33.7,31.81,36.09,46.58,38.29,48.57,507,60,49
2022,"2022.04",4,"Stadtquartiere",71,"Fluntern",3,"3 Zimmer",2,"Nicht gemeinnützig",2,"Quadratmeter",2,"brutto",33.86,31.86,35.85,28.74,27.6,31.16,34.03,31.38,35.6,37.53,35.66,40.92,695,121,41
2024,"2024.04",4,"Stadtquartiere",71,"Fluntern",3,"3 Zimmer",2,"Nicht gemeinnützig",2,"Quadratmeter",2,"brutto",33.78,32.13,35.43,27.16,24.88,29.66,33.06,31.91,36.19,38.57,37.64,40.66,667,134,60
2022,"2022.04",4,"Stadtquartiere",71,"Fluntern",4,"4 Zimmer",2,"Nicht gemeinnützig",2,"Quadratmeter",2,"brutto",27.84,25.68,29.99,22.02,20.43,25.71,28.42,25.72,32.11,33.35,32.11,34.74,693,101,37
2024,"2024.04",4,"Stadtquartiere",71,"Fluntern",4,"4 Zimmer",2,"Nicht gemeinnützig",2,"Quadratmeter",2,"brutto",30.17,28.88,31.45,23.75,22.94,25.9,28.69,26.7,31.41,35.26,33.6,36.48,663,108,55
2022,"2022.04",4,"Stadtquartiere",71,"Fluntern",9,"2 , 3  und 4 Zimmer",2,"Nicht gemeinnützig",2,"Quadratmeter",2,"brutto",31.58,30.35,32.81,25.79,23.13,27.3,32,30.18,33.52,36.19,35.59,38.15,1908,287,116
2024,"2024.04",4,"Stadtquartiere",71,"Fluntern",9,"2 , 3  und 4 Zimmer",2,"Nicht gemeinnützig",2,"Quadratmeter",2,"brutto",33.29,32.32,34.25,25.91,25,27.45,32.18,31.25,33.16,38.09,36.79,39.53,1837,302,164
2022,"2022.04",4,"Stadtquartiere",72,"Hottingen",2,"2 Zimmer",1,"Gemeinnützig",2,"Quadratmeter",2,"brutto",25.14,24.82,25.45,23.11,22.78,23.92,25.3,25.2,25.45,27.45,27.11,28.19,122,94,18
2024,"2024.04",4,"Stadtquartiere",72,"Hottingen",2,"2 Zimmer",1,"Gemeinnützig",2,"Quadratmeter",2,"brutto",27.27,26.82,27.72,24.31,24.23,24.71,26.41,26.17,26.63,29.77,29.13,30.16,125,95,20
2022,"2022.04",4,"Stadtquartiere",72,"Hottingen",3,"3 Zimmer",1,"Gemeinnützig",2,"Quadratmeter",2,"brutto",22.09,21.8,22.38,19.9,19.68,20.33,23.08,22.8,23.23,24.55,24.36,24.83,132,91,31
2024,"2024.04",4,"Stadtquartiere",72,"Hottingen",3,"3 Zimmer",1,"Gemeinnützig",2,"Quadratmeter",2,"brutto",25.75,25.32,26.18,23.19,23.13,23.45,25.11,25.02,25.28,27.05,26.77,27.14,133,96,27
2022,"2022.04",4,"Stadtquartiere",72,"Hottingen",4,"4 Zimmer",1,"Gemeinnützig",2,"Quadratmeter",2,"brutto",19.74,19.46,20.02,16.33,15.67,16.8,19.24,19.12,19.5,22.33,22.21,22.54,123,91,29
2024,"2024.04",4,"Stadtquartiere",72,"Hottingen",4,"4 Zimmer",1,"Gemeinnützig",2,"Quadratmeter",2,"brutto",21.94,21.37,22.5,18.43,18.29,18.93,21.74,21.34,22.11,24.73,24.16,26.26,121,88,20
2022,"2022.04",4,"Stadtquartiere",72,"Hottingen",9,"2 , 3  und 4 Zimmer",1,"Gemeinnützig",2,"Quadratmeter",2,"brutto",22.31,22.14,22.48,19.05,18.95,19.13,22.87,22.68,23.11,25.49,25.36,25.69,377,276,78
2024,"2024.04",4,"Stadtquartiere",72,"Hottingen",9,"2 , 3  und 4 Zimmer",1,"Gemeinnützig",2,"Quadratmeter",2,"brutto",25.04,24.76,25.31,21.9,21.6,22.12,24.91,24.71,25.11,27.41,27.12,27.66,379,279,67
2022,"2022.04",4,"Stadtquartiere",72,"Hottingen",2,"2 Zimmer",2,"Nicht gemeinnützig",2,"Quadratmeter",2,"brutto",31.67,29.78,33.56,25.7,21.57,29.53,31.24,29.53,33.79,36.68,33.82,40.17,865,89,40
2024,"2024.04",4,"Stadtquartiere",72,"Hottingen",2,"2 Zimmer",2,"Nicht gemeinnützig",2,"Quadratmeter",2,"brutto",36.65,35.18,38.11,29.94,28.39,31.5,35.51,33.04,39.09,43.68,40.46,48.96,864,108,52
2022,"2022.04",4,"Stadtquartiere",72,"Hottingen",3,"3 Zimmer",2,"Nicht gemeinnützig",2,"Quadratmeter",2,"brutto",31.27,28.4,34.14,24.26,22.84,26.34,31.62,26.76,34.18,36,34.15,36.77,1169,108,45
2024,"2024.04",4,"Stadtquartiere",72,"Hottingen",3,"3 Zimmer",2,"Nicht gemeinnützig",2,"Quadratmeter",2,"brutto",32.78,31.41,34.15,27.55,26.44,30,32.63,30.65,34.46,38.39,35.15,40.51,1160,111,60
2022,"2022.04",4,"Stadtquartiere",72,"Hottingen",4,"4 Zimmer",2,"Nicht gemeinnützig",2,"Quadratmeter",2,"brutto",28.77,26.5,31.04,22.71,18.82,26.22,28.46,26.31,31.84,33.73,30.87,35.51,971,56,42
2024,"2024.04",4,"Stadtquartiere",72,"Hottingen",4,"4 Zimmer",2,"Nicht gemeinnützig",2,"Quadratmeter",2,"brutto",31.46,28.66,34.27,23.64,22.55,25.67,30.75,26.73,33.18,35.91,33.22,36.63,936,61,52
2022,"2022.04",4,"Stadtquartiere",72,"Hottingen",9,"2 , 3  und 4 Zimmer",2,"Nicht gemeinnützig",2,"Quadratmeter",2,"brutto",30.58,29.13,32.03,24.27,22.7,26.19,30.68,28.38,31.85,35.29,33.87,36.62,3005,253,127
2024,"2024.04",4,"Stadtquartiere",72,"Hottingen",9,"2 , 3  und 4 Zimmer",2,"Nicht gemeinnützig",2,"Quadratmeter",2,"brutto",33.49,32.36,34.61,27.24,25.6,28.53,32.96,31.43,33.8,38.66,36.37,39.37,2960,280,164
2022,"2022.04",4,"Stadtquartiere",73,"Hirslanden",2,"2 Zimmer",1,"Gemeinnützig",2,"Quadratmeter",2,"brutto",18.89,18.42,19.37,17.14,15.47,17.84,19.13,17.63,19.97,21.01,19.45,21.95,78,31,10
2024,"2024.04",4,"Stadtquartiere",73,"Hirslanden",2,"2 Zimmer",1,"Gemeinnützig",2,"Quadratmeter",2,"brutto",20.28,19.51,21.04,16.52,16.29,18.95,19.71,18.96,20.82,22.84,21.96,26.41,81,29,11
2022,"2022.04",4,"Stadtquartiere",73,"Hirslanden",3,"3 Zimmer",1,"Gemeinnützig",2,"Quadratmeter",2,"brutto",16.32,15.86,16.77,14.4,13.75,14.67,15.3,14.66,16.71,18.63,16.7,19.2,221,79,12
2024,"2024.04",4,"Stadtquartiere",73,"Hirslanden",3,"3 Zimmer",1,"Gemeinnützig",2,"Quadratmeter",2,"brutto",17.31,17.08,17.54,14.53,14.11,15.39,15.45,14.62,16.58,19.33,18.89,20,235,86,11
2022,"2022.04",4,"Stadtquartiere",73,"Hirslanden",4,"4 Zimmer",1,"Gemeinnützig",2,"Quadratmeter",2,"brutto",14.32,13.87,14.77,12.17,11.83,12.57,12.73,12.53,14.6,16.38,16.39,16.67,89,33,15
2024,"2024.04",4,"Stadtquartiere",73,"Hirslanden",4,"4 Zimmer",1,"Gemeinnützig",2,"Quadratmeter",2,"brutto",15.47,15.31,15.62,13.13,12.77,13.52,13.9,13.47,14.36,16.45,16.21,17.41,100,43,12
2022,"2022.04",4,"Stadtquartiere",73,"Hirslanden",9,"2 , 3  und 4 Zimmer",1,"Gemeinnützig",2,"Quadratmeter",2,"brutto",16.37,16.07,16.66,13.76,13.59,14.67,15.41,14.77,16.68,19.13,17.69,19.44,388,143,37
2024,"2024.04",4,"Stadtquartiere",73,"Hirslanden",9,"2 , 3  und 4 Zimmer",1,"Gemeinnützig",2,"Quadratmeter",2,"brutto",17.45,17.24,17.65,14.17,14.11,14.62,15.54,14.99,16.54,19.99,19.5,20.65,416,158,34
2022,"2022.04",4,"Stadtquartiere",73,"Hirslanden",2,"2 Zimmer",2,"Nicht gemeinnützig",2,"Quadratmeter",2,"brutto",31.98,30.19,33.78,25.73,22.81,28.76,31.41,28.82,33.6,38.45,33.73,43.76,588,84,35
2024,"2024.04",4,"Stadtquartiere",73,"Hirslanden",2,"2 Zimmer",2,"Nicht gemeinnützig",2,"Quadratmeter",2,"brutto",35.46,33.66,37.25,29.03,24.93,32.87,36.88,33.82,38.46,42.48,39.01,44.46,642,129,47
2022,"2022.04",4,"Stadtquartiere",73,"Hirslanden",3,"3 Zimmer",2,"Nicht gemeinnützig",2,"Quadratmeter",2,"brutto",27.07,25.56,28.59,22.52,19.73,25.95,27.9,26.44,29.42,30.73,29.55,35.71,1043,115,42
2024,"2024.04",4,"Stadtquartiere",73,"Hirslanden",3,"3 Zimmer",2,"Nicht gemeinnützig",2,"Quadratmeter",2,"brutto",29.6,28.05,31.15,22.98,19.97,27.27,30.63,28.86,31.97,35.57,33.25,37.03,1062,127,62
2022,"2022.04",4,"Stadtquartiere",73,"Hirslanden",4,"4 Zimmer",2,"Nicht gemeinnützig",2,"Quadratmeter",2,"brutto",24.81,22.51,27.12,19.31,16.04,24.27,26.32,20.71,28.62,29.56,27.63,32.03,674,46,30
2024,"2024.04",4,"Stadtquartiere",73,"Hirslanden",4,"4 Zimmer",2,"Nicht gemeinnützig",2,"Quadratmeter",2,"brutto",26.25,24.81,27.68,21.36,18.39,23.72,25.83,25.05,29.11,32.12,29.28,33.04,647,39,57
2022,"2022.04",4,"Stadtquartiere",73,"Hirslanden",9,"2 , 3  und 4 Zimmer",2,"Nicht gemeinnützig",2,"Quadratmeter",2,"brutto",27.66,26.6,28.73,22.21,20.69,24.38,28.22,26.7,29.23,32.59,30.44,35.37,2305,245,107
2024,"2024.04",4,"Stadtquartiere",73,"Hirslanden",9,"2 , 3  und 4 Zimmer",2,"Nicht gemeinnützig",2,"Quadratmeter",2,"brutto",30.28,29.34,31.23,23.69,22.28,25.27,30.59,29.3,31.68,36.62,35.07,37.69,2351,295,166
2022,"2022.04",4,"Stadtquartiere",74,"Witikon",2,"2 Zimmer",1,"Gemeinnützig",2,"Quadratmeter",2,"brutto",19.39,18.7,20.08,15.79,15.55,16.21,20.2,19.04,21.47,22.93,22.64,24.44,54,22,20
2024,"2024.04",4,"Stadtquartiere",74,"Witikon",2,"2 Zimmer",1,"Gemeinnützig",2,"Quadratmeter",2,"brutto",22.3,19.38,25.23,11.82,16.36,22.79,22.75,12.45,25.76,24.64,22.08,26.92,99,24,5
2022,"2022.04",4,"Stadtquartiere",74,"Witikon",3,"3 Zimmer",1,"Gemeinnützig",2,"Quadratmeter",2,"brutto",16.51,16.32,16.7,13.31,12.89,13.55,15.68,15.26,15.97,18.84,18.49,19.02,88,61,20
2024,"2024.04",4,"Stadtquartiere",74,"Witikon",3,"3 Zimmer",1,"Gemeinnützig",2,"Quadratmeter",2,"brutto",17.61,16.89,18.33,13.23,13.17,13.32,15.41,14.45,18.71,21.94,20.29,22.31,103,55,17
2022,"2022.04",4,"Stadtquartiere",74,"Witikon",4,"4 Zimmer",1,"Gemeinnützig",2,"Quadratmeter",2,"brutto",15.67,15.4,15.94,13.52,13.33,13.97,14.44,14.05,15.4,16.9,16.47,17.18,158,69,20
2024,"2024.04",4,"Stadtquartiere",74,"Witikon",4,"4 Zimmer",1,"Gemeinnützig",2,"Quadratmeter",2,"brutto",15.95,15.51,16.39,13.44,13.33,13.95,14.41,13.88,15.68,16.12,15.82,17.27,160,65,17
2022,"2022.04",4,"Stadtquartiere",74,"Witikon",9,"2 , 3  und 4 Zimmer",1,"Gemeinnützig",2,"Quadratmeter",2,"brutto",16.59,16.39,16.78,13.53,13.28,13.85,15.4,14.82,15.95,19.2,18.66,19.57,300,152,60
2024,"2024.04",4,"Stadtquartiere",74,"Witikon",9,"2 , 3  und 4 Zimmer",1,"Gemeinnützig",2,"Quadratmeter",2,"brutto",18.16,17.31,19.01,13.45,13.29,14.18,16.19,15.04,19.1,22.46,21.46,23.27,362,144,39
2022,"2022.04",4,"Stadtquartiere",74,"Witikon",2,"2 Zimmer",2,"Nicht gemeinnützig",2,"Quadratmeter",2,"brutto",26.32,24.79,27.84,20.54,18,24.33,26.04,24.78,28.6,32.66,29.72,34.52,678,156,33
2024,"2024.04",4,"Stadtquartiere",74,"Witikon",2,"2 Zimmer",2,"Nicht gemeinnützig",2,"Quadratmeter",2,"brutto",29.74,28.46,31.01,25.12,24.72,26.52,27.36,26.78,29.37,32.86,30.93,36.33,700,170,44
2022,"2022.04",4,"Stadtquartiere",74,"Witikon",3,"3 Zimmer",2,"Nicht gemeinnützig",2,"Quadratmeter",2,"brutto",23.15,22.26,24.05,20.12,19.36,21.97,23.99,22.17,24.92,25.28,25.11,28.23,1422,276,32
2024,"2024.04",4,"Stadtquartiere",74,"Witikon",3,"3 Zimmer",2,"Nicht gemeinnützig",2,"Quadratmeter",2,"brutto",26.84,25.97,27.71,22.46,21.18,23.5,26.14,25.35,27.58,29.73,28.54,30.67,1397,319,56
2022,"2022.04",4,"Stadtquartiere",74,"Witikon",4,"4 Zimmer",2,"Nicht gemeinnützig",2,"Quadratmeter",2,"brutto",25.07,23.51,26.64,21.56,20.17,22.43,23.67,22.64,24.91,26.55,25.18,32.49,1003,171,29
2024,"2024.04",4,"Stadtquartiere",74,"Witikon",4,"4 Zimmer",2,"Nicht gemeinnützig",2,"Quadratmeter",2,"brutto",25.54,24.13,26.95,20.56,18.57,22.03,24.59,23.56,26.85,30.07,28.28,32.48,947,215,48
2022,"2022.04",4,"Stadtquartiere",74,"Witikon",9,"2 , 3  und 4 Zimmer",2,"Nicht gemeinnützig",2,"Quadratmeter",2,"brutto",24.46,23.73,25.2,20.29,19.47,21.82,24,23.42,24.94,27.1,25.36,29.12,3103,603,94
2024,"2024.04",4,"Stadtquartiere",74,"Witikon",9,"2 , 3  und 4 Zimmer",2,"Nicht gemeinnützig",2,"Quadratmeter",2,"brutto",27.1,26.44,27.77,22.24,21.69,23.18,26.56,25.96,27.08,30.33,29.61,31.62,3044,704,148
2022,"2022.04",4,"Stadtquartiere",89,"Riesbach (Kreis 8)",2,"2 Zimmer",1,"Gemeinnützig",2,"Quadratmeter",2,"brutto",20.38,19.93,20.83,15.11,15.07,15.74,18.47,17.26,18.92,24.1,23.89,25.68,98,88,0
2024,"2024.04",4,"Stadtquartiere",89,"Riesbach (Kreis 8)",2,"2 Zimmer",1,"Gemeinnützig",2,"Quadratmeter",2,"brutto",22.72,22.36,23.07,16.79,16.74,16.92,20.8,20.63,21.11,27.62,26.6,27.63,93,87,0
2022,"2022.04",4,"Stadtquartiere",89,"Riesbach (Kreis 8)",3,"3 Zimmer",1,"Gemeinnützig",2,"Quadratmeter",2,"brutto",17.86,17.71,18.01,15.12,15.11,15.2,16.67,16.61,16.71,18.44,18.31,19.35,253,237,0
2024,"2024.04",4,"Stadtquartiere",89,"Riesbach (Kreis 8)",3,"3 Zimmer",1,"Gemeinnützig",2,"Quadratmeter",2,"brutto",19.37,19.24,19.5,16.13,16.12,16.15,18.27,18.23,18.3,21.11,20.95,21.24,246,215,24
2022,"2022.04",4,"Stadtquartiere",89,"Riesbach (Kreis 8)",4,"4 Zimmer",1,"Gemeinnützig",2,"Quadratmeter",2,"brutto",16.26,16.14,16.38,13.93,13.9,13.98,15.69,15.51,15.9,16.95,16.93,17.02,244,234,0
2024,"2024.04",4,"Stadtquartiere",89,"Riesbach (Kreis 8)",4,"4 Zimmer",1,"Gemeinnützig",2,"Quadratmeter",2,"brutto",17.68,17.59,17.76,14.58,14.58,14.72,17.48,17.47,17.52,18.69,18.64,18.75,246,227,14
2022,"2022.04",4,"Stadtquartiere",89,"Riesbach (Kreis 8)",9,"2 , 3  und 4 Zimmer",1,"Gemeinnützig",2,"Quadratmeter",2,"brutto",17.61,17.5,17.72,14.5,14.38,14.58,16.49,16.46,16.55,18.44,18.31,18.72,595,559,0
2024,"2024.04",4,"Stadtquartiere",89,"Riesbach (Kreis 8)",9,"2 , 3  und 4 Zimmer",1,"Gemeinnützig",2,"Quadratmeter",2,"brutto",19.16,19.08,19.24,15.71,15.66,15.73,17.9,17.86,17.92,20.95,20.88,21.12,585,529,38
2022,"2022.04",4,"Stadtquartiere",89,"Riesbach (Kreis 8)",2,"2 Zimmer",2,"Nicht gemeinnützig",2,"Quadratmeter",2,"brutto",35.17,34.02,36.32,27.71,25.31,29.13,35.74,33.89,36.61,41.56,40,44.02,2213,480,113
2024,"2024.04",4,"Stadtquartiere",89,"Riesbach (Kreis 8)",2,"2 Zimmer",2,"Nicht gemeinnützig",2,"Quadratmeter",2,"brutto",38,37.02,38.99,29.29,28.46,30.82,37.15,36.19,38.43,45.63,43.92,47.46,2192,530,177
2022,"2022.04",4,"Stadtquartiere",89,"Riesbach (Kreis 8)",3,"3 Zimmer",2,"Nicht gemeinnützig",2,"Quadratmeter",2,"brutto",31.45,30.4,32.5,24.93,22.38,25.94,32.44,30.51,33.47,38.27,36.78,40.18,2773,474,128
2024,"2024.04",4,"Stadtquartiere",89,"Riesbach (Kreis 8)",3,"3 Zimmer",2,"Nicht gemeinnützig",2,"Quadratmeter",2,"brutto",34.65,33.71,35.6,26.42,25.5,28.01,35.57,32.61,36.13,42.72,40.74,43.53,2751,529,187
2022,"2022.04",4,"Stadtquartiere",89,"Riesbach (Kreis 8)",4,"4 Zimmer",2,"Nicht gemeinnützig",2,"Quadratmeter",2,"brutto",29.44,28.2,30.69,22.3,20.92,24.17,30.17,27.95,30.61,35.36,33.32,37.21,1393,166,104
2024,"2024.04",4,"Stadtquartiere",89,"Riesbach (Kreis 8)",4,"4 Zimmer",2,"Nicht gemeinnützig",2,"Quadratmeter",2,"brutto",30.4,29.44,31.37,23.2,21.8,24.32,30.66,28.73,31.83,37.78,36.51,38.77,1367,201,148
2022,"2022.04",4,"Stadtquartiere",89,"Riesbach (Kreis 8)",9,"2 , 3  und 4 Zimmer",2,"Nicht gemeinnützig",2,"Quadratmeter",2,"brutto",32.3,31.64,32.97,25,24.15,25.94,32.49,31.78,33.28,38.91,37.96,40.13,6379,1120,345
2024,"2024.04",4,"Stadtquartiere",89,"Riesbach (Kreis 8)",9,"2 , 3  und 4 Zimmer",2,"Nicht gemeinnützig",2,"Quadratmeter",2,"brutto",34.9,34.32,35.48,26.5,25.73,27.5,35.25,33.99,35.79,42.48,41.23,43.21,6310,1260,512
2022,"2022.04",4,"Stadtquartiere",91,"Albisrieden",2,"2 Zimmer",1,"Gemeinnützig",2,"Quadratmeter",2,"brutto",19.33,18.86,19.8,14.99,14.53,16.12,18.64,17.92,19.85,22.06,21.5,23.45,838,493,25
2024,"2024.04",4,"Stadtquartiere",91,"Albisrieden",2,"2 Zimmer",1,"Gemeinnützig",2,"Quadratmeter",2,"brutto",21.06,20.05,22.07,16.95,15.91,18.41,20.99,20.17,21.95,23.63,23.26,24.75,816,498,17
2022,"2022.04",4,"Stadtquartiere",91,"Albisrieden",3,"3 Zimmer",1,"Gemeinnützig",2,"Quadratmeter",2,"brutto",16.13,15.81,16.45,13.49,13.19,13.83,15.68,15.13,16.02,18.33,17.83,18.77,1764,1010,40
2024,"2024.04",4,"Stadtquartiere",91,"Albisrieden",3,"3 Zimmer",1,"Gemeinnützig",2,"Quadratmeter",2,"brutto",17.5,17.18,17.81,14.98,14.62,15.65,17.15,16.78,17.48,19.84,19.23,20.3,1684,1041,29
2022,"2022.04",4,"Stadtquartiere",91,"Albisrieden",4,"4 Zimmer",1,"Gemeinnützig",2,"Quadratmeter",2,"brutto",16.5,16.15,16.84,13.97,13.68,15.55,16.54,16.21,16.81,18.68,17.28,19.06,1006,527,34
2024,"2024.04",4,"Stadtquartiere",91,"Albisrieden",4,"4 Zimmer",1,"Gemeinnützig",2,"Quadratmeter",2,"brutto",17.68,17.15,18.21,15.32,14.56,16.38,17.45,17.02,17.94,20.08,18.96,20.69,999,520,28
2022,"2022.04",4,"Stadtquartiere",91,"Albisrieden",9,"2 , 3  und 4 Zimmer",1,"Gemeinnützig",2,"Quadratmeter",2,"brutto",16.98,16.76,17.19,13.96,13.7,14.39,16.37,16.11,16.59,19.17,18.79,19.44,3608,2030,99
2024,"2024.04",4,"Stadtquartiere",91,"Albisrieden",9,"2 , 3  und 4 Zimmer",1,"Gemeinnützig",2,"Quadratmeter",2,"brutto",18.38,18.06,18.7,15.33,14.97,15.91,17.67,17.36,18.08,20.94,20.42,21.29,3499,2059,74
2022,"2022.04",4,"Stadtquartiere",91,"Albisrieden",2,"2 Zimmer",2,"Nicht gemeinnützig",2,"Quadratmeter",2,"brutto",29.96,28.32,31.61,24.06,23.08,25.97,27.96,26.56,29.75,34.19,31.75,38.61,1704,343,38
2024,"2024.04",4,"Stadtquartiere",91,"Albisrieden",2,"2 Zimmer",2,"Nicht gemeinnützig",2,"Quadratmeter",2,"brutto",31.62,30.93,32.3,25.89,25.33,27.97,31.44,30,33.36,36.53,35.04,38.22,1741,434,63
2022,"2022.04",4,"Stadtquartiere",91,"Albisrieden",3,"3 Zimmer",2,"Nicht gemeinnützig",2,"Quadratmeter",2,"brutto",24.89,23.98,25.81,20.51,19.37,22.98,24.52,22.99,26.8,29.29,27.11,30.3,2292,383,35
2024,"2024.04",4,"Stadtquartiere",91,"Albisrieden",3,"3 Zimmer",2,"Nicht gemeinnützig",2,"Quadratmeter",2,"brutto",28.98,28.13,29.82,23.41,21.88,24.75,28.18,26.99,29.36,33.95,30.87,36.37,2417,425,53
2022,"2022.04",4,"Stadtquartiere",91,"Albisrieden",4,"4 Zimmer",2,"Nicht gemeinnützig",2,"Quadratmeter",2,"brutto",24.23,23.04,25.43,19.93,18.79,21.99,23.9,22.32,25.59,27.67,26.87,29.58,1267,314,33
2024,"2024.04",4,"Stadtquartiere",91,"Albisrieden",4,"4 Zimmer",2,"Nicht gemeinnützig",2,"Quadratmeter",2,"brutto",25.95,25.11,26.78,21.92,20.47,22.35,24.42,23.08,26.25,29.5,27.43,30.83,1334,396,41
2022,"2022.04",4,"Stadtquartiere",91,"Albisrieden",9,"2 , 3  und 4 Zimmer",2,"Nicht gemeinnützig",2,"Quadratmeter",2,"brutto",26.38,25.66,27.1,21.67,20.51,22.79,25.89,24.6,26.87,30.26,29,30.79,5263,1040,106
2024,"2024.04",4,"Stadtquartiere",91,"Albisrieden",9,"2 , 3  und 4 Zimmer",2,"Nicht gemeinnützig",2,"Quadratmeter",2,"brutto",29.08,28.61,29.56,23.08,22.28,23.87,28.2,27.71,28.93,34.29,32.78,34.98,5492,1255,157
2022,"2022.04",4,"Stadtquartiere",92,"Altstetten",2,"2 Zimmer",1,"Gemeinnützig",2,"Quadratmeter",2,"brutto",18.66,17.9,19.42,15.35,14.84,15.85,17.02,16.56,18.68,21.73,20.42,22.56,819,502,21
2024,"2024.04",4,"Stadtquartiere",92,"Altstetten",2,"2 Zimmer",1,"Gemeinnützig",2,"Quadratmeter",2,"brutto",19.83,19.21,20.46,16.67,16.31,17.35,19.01,18.48,19.68,22.1,21.02,22.69,845,531,21
2022,"2022.04",4,"Stadtquartiere",92,"Altstetten",3,"3 Zimmer",1,"Gemeinnützig",2,"Quadratmeter",2,"brutto",16.68,16.28,17.09,14.32,13.88,15.18,16.74,15.9,17.22,18.32,17.92,18.84,2294,1209,34
2024,"2024.04",4,"Stadtquartiere",92,"Altstetten",3,"3 Zimmer",1,"Gemeinnützig",2,"Quadratmeter",2,"brutto",17.53,17.17,17.9,15.39,15.13,16.03,17.08,16.76,17.67,19,18.42,19.76,2233,1247,30
2022,"2022.04",4,"Stadtquartiere",92,"Altstetten",4,"4 Zimmer",1,"Gemeinnützig",2,"Quadratmeter",2,"brutto",16.06,15.48,16.64,14,13.36,14.47,15.39,14.81,15.98,17.97,17.23,18.75,1293,696,28
2024,"2024.04",4,"Stadtquartiere",92,"Altstetten",4,"4 Zimmer",1,"Gemeinnützig",2,"Quadratmeter",2,"brutto",16.89,16.46,17.31,15.08,14.82,15.47,16.49,15.99,17.04,18.26,17.83,18.8,1258,745,29
2022,"2022.04",4,"Stadtquartiere",92,"Altstetten",9,"2 , 3  und 4 Zimmer",1,"Gemeinnützig",2,"Quadratmeter",2,"brutto",16.87,16.56,17.18,14.38,14.08,14.64,16.29,15.9,16.94,18.72,18.25,19.11,4406,2407,83
2024,"2024.04",4,"Stadtquartiere",92,"Altstetten",9,"2 , 3  und 4 Zimmer",1,"Gemeinnützig",2,"Quadratmeter",2,"brutto",17.79,17.54,18.05,15.41,15.23,15.68,17.13,16.89,17.61,19.45,18.84,19.82,4336,2523,80
2022,"2022.04",4,"Stadtquartiere",92,"Altstetten",2,"2 Zimmer",2,"Nicht gemeinnützig",2,"Quadratmeter",2,"brutto",29.29,28.11,30.46,23.46,23.09,24.82,28.12,26.24,29.07,32.25,30.94,34.92,3611,481,43
2024,"2024.04",4,"Stadtquartiere",92,"Altstetten",2,"2 Zimmer",2,"Nicht gemeinnützig",2,"Quadratmeter",2,"brutto",30.84,30.12,31.55,26.16,24.83,27.45,30.91,29.3,31.49,34.82,33.64,37.3,3699,1160,65
2022,"2022.04",4,"Stadtquartiere",92,"Altstetten",3,"3 Zimmer",2,"Nicht gemeinnützig",2,"Quadratmeter",2,"brutto",24.69,23.87,25.52,20.21,18.07,22.27,24.28,23.19,25.22,27.77,26.41,29.45,4332,629,62
2024,"2024.04",4,"Stadtquartiere",92,"Altstetten",3,"3 Zimmer",2,"Nicht gemeinnützig",2,"Quadratmeter",2,"brutto",26.92,26.21,27.62,22.23,21.95,23.76,26.73,25,27.66,30.75,29.86,32.91,4414,1178,75
2022,"2022.04",4,"Stadtquartiere",92,"Altstetten",4,"4 Zimmer",2,"Nicht gemeinnützig",2,"Quadratmeter",2,"brutto",23.83,22.61,25.05,19.58,18.75,21.19,23.61,21.95,25.59,28.14,26,29.56,1761,277,34
2024,"2024.04",4,"Stadtquartiere",92,"Altstetten",4,"4 Zimmer",2,"Nicht gemeinnützig",2,"Quadratmeter",2,"brutto",25.27,24.41,26.13,20.5,20.12,22.62,23.62,22.98,25.1,29.36,26.84,30.42,1806,462,54
2022,"2022.04",4,"Stadtquartiere",92,"Altstetten",9,"2 , 3  und 4 Zimmer",2,"Nicht gemeinnützig",2,"Quadratmeter",2,"brutto",26.23,25.61,26.85,22.02,21.19,22.85,25.02,24.41,26.22,29.48,28.57,31.29,9704,1387,139
2024,"2024.04",4,"Stadtquartiere",92,"Altstetten",9,"2 , 3  und 4 Zimmer",2,"Nicht gemeinnützig",2,"Quadratmeter",2,"brutto",28.08,27.64,28.52,23.05,22.23,23.76,27.5,26.82,28.09,32.82,31.78,33.7,9919,2800,194
2022,"2022.04",4,"Stadtquartiere",101,"Höngg",2,"2 Zimmer",1,"Gemeinnützig",2,"Quadratmeter",2,"brutto",18.45,17.59,19.3,15.16,14.64,15.74,17.29,16.67,17.91,21.45,19.96,22.26,516,378,18
2024,"2024.04",4,"Stadtquartiere",101,"Höngg",2,"2 Zimmer",1,"Gemeinnützig",2,"Quadratmeter",2,"brutto",19.62,19.05,20.19,16.66,16.25,17.4,18.89,18.21,19.45,22.85,21.38,23.5,530,386,17
2022,"2022.04",4,"Stadtquartiere",101,"Höngg",3,"3 Zimmer",1,"Gemeinnützig",2,"Quadratmeter",2,"brutto",16.88,16.26,17.49,14.71,14.4,14.99,15.93,15.68,16.26,18.04,17.66,18.94,1012,776,17
2024,"2024.04",4,"Stadtquartiere",101,"Höngg",3,"3 Zimmer",1,"Gemeinnützig",2,"Quadratmeter",2,"brutto",17.94,17.6,18.27,15.58,15.41,15.95,17.24,16.87,17.69,19.61,19.01,20.11,982,781,18
2022,"2022.04",4,"Stadtquartiere",101,"Höngg",4,"4 Zimmer",1,"Gemeinnützig",2,"Quadratmeter",2,"brutto",16.05,15.59,16.51,14.28,14.17,14.43,15.31,14.96,15.54,17.28,16.78,18,817,610,24
2024,"2024.04",4,"Stadtquartiere",101,"Höngg",4,"4 Zimmer",1,"Gemeinnützig",2,"Quadratmeter",2,"brutto",16.98,16.44,17.53,14.85,14.66,15.14,16.24,15.83,16.64,18.77,18.24,19.2,808,612,19
2022,"2022.04",4,"Stadtquartiere",101,"Höngg",9,"2 , 3  und 4 Zimmer",1,"Gemeinnützig",2,"Quadratmeter",2,"brutto",16.93,16.57,17.3,14.58,14.38,14.71,15.85,15.7,16.1,18.26,17.9,18.65,2345,1764,59
2024,"2024.04",4,"Stadtquartiere",101,"Höngg",9,"2 , 3  und 4 Zimmer",1,"Gemeinnützig",2,"Quadratmeter",2,"brutto",17.99,17.72,18.26,15.44,15.32,15.66,17.39,17.03,17.64,19.67,19.28,20.1,2320,1779,54
2022,"2022.04",4,"Stadtquartiere",101,"Höngg",2,"2 Zimmer",2,"Nicht gemeinnützig",2,"Quadratmeter",2,"brutto",29.82,27.19,32.45,25.56,21.84,26.49,29.51,27.63,30.21,31.96,30.3,33.75,1459,288,34
2024,"2024.04",4,"Stadtquartiere",101,"Höngg",2,"2 Zimmer",2,"Nicht gemeinnützig",2,"Quadratmeter",2,"brutto",30.2,28.98,31.42,25,24.32,27.32,30.19,28.22,30.73,32.82,31.75,35.04,1463,313,48
2022,"2022.04",4,"Stadtquartiere",101,"Höngg",3,"3 Zimmer",2,"Nicht gemeinnützig",2,"Quadratmeter",2,"brutto",25.72,24.01,27.44,21.81,19.28,23.47,25.1,23.58,26.43,29.75,27.11,32.33,2672,608,43
2024,"2024.04",4,"Stadtquartiere",101,"Höngg",3,"3 Zimmer",2,"Nicht gemeinnützig",2,"Quadratmeter",2,"brutto",25.81,24.93,26.69,21.67,20.8,23.01,25.49,24,26.93,29.75,28.44,31.27,2646,614,56
2022,"2022.04",4,"Stadtquartiere",101,"Höngg",4,"4 Zimmer",2,"Nicht gemeinnützig",2,"Quadratmeter",2,"brutto",25.17,24.18,26.17,21.04,19.98,21.95,24.19,22.06,25.75,28.8,27.08,30.7,1776,384,38
2024,"2024.04",4,"Stadtquartiere",101,"Höngg",4,"4 Zimmer",2,"Nicht gemeinnützig",2,"Quadratmeter",2,"brutto",24.43,23.57,25.29,20.96,19.15,21.78,24.06,23.26,25.29,27.97,26.54,28.82,1768,412,67
2022,"2022.04",4,"Stadtquartiere",101,"Höngg",9,"2 , 3  und 4 Zimmer",2,"Nicht gemeinnützig",2,"Quadratmeter",2,"brutto",26.57,25.52,27.62,21.77,21,22.78,25.64,24.79,26.71,30.18,29.45,31.15,5907,1280,115
2024,"2024.04",4,"Stadtquartiere",101,"Höngg",9,"2 , 3  und 4 Zimmer",2,"Nicht gemeinnützig",2,"Quadratmeter",2,"brutto",26.49,25.92,27.05,22.02,21.28,22.86,25.84,25.05,26.87,30.6,29.72,31.25,5877,1339,171
2022,"2022.04",4,"Stadtquartiere",102,"Wipkingen",2,"2 Zimmer",1,"Gemeinnützig",2,"Quadratmeter",2,"brutto",18.66,18.31,19,16.72,15.62,17.3,18.45,18.01,18.68,20.75,20.36,21.22,699,426,32
2024,"2024.04",4,"Stadtquartiere",102,"Wipkingen",2,"2 Zimmer",1,"Gemeinnützig",2,"Quadratmeter",2,"brutto",20.32,19.94,20.71,18.17,17.4,18.51,19.69,19.21,20.3,22.74,21.67,23.13,716,441,27
2022,"2022.04",4,"Stadtquartiere",102,"Wipkingen",3,"3 Zimmer",1,"Gemeinnützig",2,"Quadratmeter",2,"brutto",16.84,16.22,17.46,14.37,13.95,14.88,15.87,15.29,16.63,19.08,17.81,20.59,1116,659,23
2024,"2024.04",4,"Stadtquartiere",102,"Wipkingen",3,"3 Zimmer",1,"Gemeinnützig",2,"Quadratmeter",2,"brutto",17.38,16.92,17.84,15.04,14.37,16.05,16.85,16.32,17.33,19.03,18.12,19.74,1116,648,23
2022,"2022.04",4,"Stadtquartiere",102,"Wipkingen",4,"4 Zimmer",1,"Gemeinnützig",2,"Quadratmeter",2,"brutto",16.28,15.86,16.71,13.46,13.09,13.78,16.02,14.95,17.09,18.98,18.6,19.79,523,262,31
2024,"2024.04",4,"Stadtquartiere",102,"Wipkingen",4,"4 Zimmer",1,"Gemeinnützig",2,"Quadratmeter",2,"brutto",17.61,17.26,17.97,15.64,14.67,16.39,17.24,16.83,17.78,19.45,18.55,19.94,517,262,30
2022,"2022.04",4,"Stadtquartiere",102,"Wipkingen",9,"2 , 3  und 4 Zimmer",1,"Gemeinnützig",2,"Quadratmeter",2,"brutto",17.26,16.93,17.59,14.44,14.03,14.85,17.11,16.36,17.59,19.69,19.04,20.24,2338,1347,86
2024,"2024.04",4,"Stadtquartiere",102,"Wipkingen",9,"2 , 3  und 4 Zimmer",1,"Gemeinnützig",2,"Quadratmeter",2,"brutto",18.33,18.07,18.59,15.98,15.47,16.16,17.64,17.35,18.12,20.26,19.81,21.03,2349,1351,80
2022,"2022.04",4,"Stadtquartiere",102,"Wipkingen",2,"2 Zimmer",2,"Nicht gemeinnützig",2,"Quadratmeter",2,"brutto",32.62,29.9,35.34,27.46,24.43,29.13,30.46,29.14,32.88,37.9,33,40.94,1339,139,38
2024,"2024.04",4,"Stadtquartiere",102,"Wipkingen",2,"2 Zimmer",2,"Nicht gemeinnützig",2,"Quadratmeter",2,"brutto",31.21,29.81,32.61,25.89,24.66,27.96,30.19,28.8,31.48,36.5,33.44,38.8,1341,142,53
2022,"2022.04",4,"Stadtquartiere",102,"Wipkingen",3,"3 Zimmer",2,"Nicht gemeinnützig",2,"Quadratmeter",2,"brutto",25.71,24.1,27.31,21.73,20.29,22.97,24.37,23.72,26.13,29.58,27.33,31.4,2284,313,43
2024,"2024.04",4,"Stadtquartiere",102,"Wipkingen",3,"3 Zimmer",2,"Nicht gemeinnützig",2,"Quadratmeter",2,"brutto",28.21,26.73,29.68,22.79,20.76,25.28,27.2,25.68,28.97,32.24,30.44,34.75,2247,245,54
2022,"2022.04",4,"Stadtquartiere",102,"Wipkingen",4,"4 Zimmer",2,"Nicht gemeinnützig",2,"Quadratmeter",2,"brutto",25.2,23.72,26.68,20.14,17.71,23.52,24.26,21.63,26.78,29.35,27.66,32.58,876,117,32
2024,"2024.04",4,"Stadtquartiere",102,"Wipkingen",4,"4 Zimmer",2,"Nicht gemeinnützig",2,"Quadratmeter",2,"brutto",26.4,24.93,27.87,21.78,20.77,23.15,26.11,23.56,28.31,31.37,28.95,33.51,859,72,52
2022,"2022.04",4,"Stadtquartiere",102,"Wipkingen",9,"2 , 3  und 4 Zimmer",2,"Nicht gemeinnützig",2,"Quadratmeter",2,"brutto",27.67,26.48,28.85,22.05,21.29,23.73,26.87,25.22,28.22,31.4,30.46,33.03,4499,569,113
2024,"2024.04",4,"Stadtquartiere",102,"Wipkingen",9,"2 , 3  und 4 Zimmer",2,"Nicht gemeinnützig",2,"Quadratmeter",2,"brutto",28.76,27.86,29.67,23.88,22.33,25.1,28.03,26.99,29.17,33.15,31.43,34.54,4447,459,159
2022,"2022.04",4,"Stadtquartiere",111,"Affoltern",2,"2 Zimmer",1,"Gemeinnützig",2,"Quadratmeter",2,"brutto",17.75,17.4,18.1,15.67,15.27,16.5,17.58,16.94,17.85,19.08,18.8,19.47,740,421,30
2024,"2024.04",4,"Stadtquartiere",111,"Affoltern",2,"2 Zimmer",1,"Gemeinnützig",2,"Quadratmeter",2,"brutto",19.54,18.82,20.26,17.26,15.74,17.98,19.24,18.79,20.16,21.61,21.28,22.59,804,426,29
2022,"2022.04",4,"Stadtquartiere",111,"Affoltern",3,"3 Zimmer",1,"Gemeinnützig",2,"Quadratmeter",2,"brutto",17.77,17.38,18.16,15.3,15.24,15.41,16.55,16.2,16.88,19.14,18.98,19.47,1547,1049,47
2024,"2024.04",4,"Stadtquartiere",111,"Affoltern",3,"3 Zimmer",1,"Gemeinnützig",2,"Quadratmeter",2,"brutto",18.93,18.54,19.32,16.09,15.93,16.47,17.97,17.57,18.38,20.63,20,21.62,1589,1024,45
2022,"2022.04",4,"Stadtquartiere",111,"Affoltern",4,"4 Zimmer",1,"Gemeinnützig",2,"Quadratmeter",2,"brutto",15.93,15.67,16.18,14.24,14.11,14.41,15.45,15.28,15.71,17.05,16.61,17.53,1452,923,52
2024,"2024.04",4,"Stadtquartiere",111,"Affoltern",4,"4 Zimmer",1,"Gemeinnützig",2,"Quadratmeter",2,"brutto",17.56,17.21,17.9,15.62,15.42,15.77,16.62,16.36,17.2,18.88,18.47,19.22,1442,854,46
2022,"2022.04",4,"Stadtquartiere",111,"Affoltern",9,"2 , 3  und 4 Zimmer",1,"Gemeinnützig",2,"Quadratmeter",2,"brutto",17.05,16.85,17.26,15.03,14.93,15.15,16.13,15.93,16.38,18.75,18.37,18.88,3739,2393,129
2024,"2024.04",4,"Stadtquartiere",111,"Affoltern",9,"2 , 3  und 4 Zimmer",1,"Gemeinnützig",2,"Quadratmeter",2,"brutto",18.54,18.28,18.8,15.87,15.78,16.03,17.86,17.63,18.13,20.29,19.91,20.8,3835,2304,120
2022,"2022.04",4,"Stadtquartiere",111,"Affoltern",2,"2 Zimmer",2,"Nicht gemeinnützig",2,"Quadratmeter",2,"brutto",26.28,24.9,27.66,20.87,18.94,22.32,26.09,23.85,27.94,29.7,28.05,31.52,1283,331,37
2024,"2024.04",4,"Stadtquartiere",111,"Affoltern",2,"2 Zimmer",2,"Nicht gemeinnützig",2,"Quadratmeter",2,"brutto",28.38,27.41,29.35,24.46,22.54,25.59,28.94,27.29,29.96,33.31,31.88,35.05,1266,286,53
2022,"2022.04",4,"Stadtquartiere",111,"Affoltern",3,"3 Zimmer",2,"Nicht gemeinnützig",2,"Quadratmeter",2,"brutto",23.4,22.57,24.23,20.02,18.42,20.97,23.68,22.01,24.89,26.92,25.54,28.02,2359,636,37
2024,"2024.04",4,"Stadtquartiere",111,"Affoltern",3,"3 Zimmer",2,"Nicht gemeinnützig",2,"Quadratmeter",2,"brutto",25.37,24.43,26.31,21.39,20.17,23.09,25.28,24.33,26.42,29.2,27.78,29.93,2286,550,54
2022,"2022.04",4,"Stadtquartiere",111,"Affoltern",4,"4 Zimmer",2,"Nicht gemeinnützig",2,"Quadratmeter",2,"brutto",21.11,20.12,22.09,17.78,16.54,19.42,21.35,19.72,22.95,24.41,23.53,25.33,1482,430,32
2024,"2024.04",4,"Stadtquartiere",111,"Affoltern",4,"4 Zimmer",2,"Nicht gemeinnützig",2,"Quadratmeter",2,"brutto",22.64,21.97,23.3,19.97,18.76,20.55,22.22,21.51,23.21,24.95,24.03,25.35,1433,352,47
2022,"2022.04",4,"Stadtquartiere",111,"Affoltern",9,"2 , 3  und 4 Zimmer",2,"Nicht gemeinnützig",2,"Quadratmeter",2,"brutto",23.46,22.87,24.05,19.65,18.8,20.41,23.47,22.32,24.26,26.88,25.6,27.45,5124,1397,106
2024,"2024.04",4,"Stadtquartiere",111,"Affoltern",9,"2 , 3  und 4 Zimmer",2,"Nicht gemeinnützig",2,"Quadratmeter",2,"brutto",25.35,24.82,25.88,21,20.45,22.03,24.96,24.45,25.29,29.01,28,29.86,4985,1188,154
2022,"2022.04",4,"Stadtquartiere",115,"Oerlikon",2,"2 Zimmer",1,"Gemeinnützig",2,"Quadratmeter",2,"brutto",17.5,16.94,18.06,14.82,14.35,15.08,16.68,16.39,16.9,18.91,18.24,19.83,320,220,29
2024,"2024.04",4,"Stadtquartiere",115,"Oerlikon",2,"2 Zimmer",1,"Gemeinnützig",2,"Quadratmeter",2,"brutto",19.25,18.17,20.34,16.24,15.79,16.59,17.89,17.53,18.51,21.31,19.53,22.01,337,234,13
2022,"2022.04",4,"Stadtquartiere",115,"Oerlikon",3,"3 Zimmer",1,"Gemeinnützig",2,"Quadratmeter",2,"brutto",16.7,16.4,17.01,15.15,14.69,15.46,16.07,15.91,16.27,18.15,16.88,19.16,558,414,20
2024,"2024.04",4,"Stadtquartiere",115,"Oerlikon",3,"3 Zimmer",1,"Gemeinnützig",2,"Quadratmeter",2,"brutto",18.09,17.8,18.38,16.31,16.14,16.45,17.13,17,17.33,19.59,19.09,20.31,591,477,18
2022,"2022.04",4,"Stadtquartiere",115,"Oerlikon",4,"4 Zimmer",1,"Gemeinnützig",2,"Quadratmeter",2,"brutto",15.1,14.44,15.76,13.4,13.29,13.74,14.39,14.13,14.84,15.89,15.58,16.89,463,335,15
2024,"2024.04",4,"Stadtquartiere",115,"Oerlikon",4,"4 Zimmer",1,"Gemeinnützig",2,"Quadratmeter",2,"brutto",16.72,16.26,17.17,14.27,14.08,14.59,15.71,15.58,16.04,18.52,17.43,20.76,475,354,17
2022,"2022.04",4,"Stadtquartiere",115,"Oerlikon",9,"2 , 3  und 4 Zimmer",1,"Gemeinnützig",2,"Quadratmeter",2,"brutto",16.34,16.05,16.63,14.29,14.03,14.39,15.76,15.58,15.91,17.83,17.02,18.37,1341,969,64
2024,"2024.04",4,"Stadtquartiere",115,"Oerlikon",9,"2 , 3  und 4 Zimmer",1,"Gemeinnützig",2,"Quadratmeter",2,"brutto",17.91,17.58,18.23,15.58,15.41,15.7,16.92,16.85,17.13,19.88,19.29,20.63,1403,1065,48
2022,"2022.04",4,"Stadtquartiere",115,"Oerlikon",2,"2 Zimmer",2,"Nicht gemeinnützig",2,"Quadratmeter",2,"brutto",30.13,28.91,31.35,25.61,24.03,26.63,29.39,27.23,30.19,32.76,31,35.93,2522,476,46
2024,"2024.04",4,"Stadtquartiere",115,"Oerlikon",2,"2 Zimmer",2,"Nicht gemeinnützig",2,"Quadratmeter",2,"brutto",30.79,29.81,31.78,24.78,23.5,26.5,30.09,28.4,31.81,35.86,34.22,37.43,2408,518,69
2022,"2022.04",4,"Stadtquartiere",115,"Oerlikon",3,"3 Zimmer",2,"Nicht gemeinnützig",2,"Quadratmeter",2,"brutto",25.85,24.88,26.82,22.49,20.65,23.26,25.71,24.08,26.64,29.11,27.57,31.17,3418,563,48
2024,"2024.04",4,"Stadtquartiere",115,"Oerlikon",3,"3 Zimmer",2,"Nicht gemeinnützig",2,"Quadratmeter",2,"brutto",27.25,26.34,28.16,23.08,22.81,24.12,26.71,25.65,28.1,31.55,29.97,32.49,3186,584,63
2022,"2022.04",4,"Stadtquartiere",115,"Oerlikon",4,"4 Zimmer",2,"Nicht gemeinnützig",2,"Quadratmeter",2,"brutto",22.24,21.19,23.3,18.59,17.19,19.73,21.42,20.19,22.69,24.81,23.37,26.42,1669,386,46
2024,"2024.04",4,"Stadtquartiere",115,"Oerlikon",4,"4 Zimmer",2,"Nicht gemeinnützig",2,"Quadratmeter",2,"brutto",25.06,24.13,25.99,21.15,20,22.28,25.97,25.08,26.96,29.13,27.34,31.07,1570,391,53
2022,"2022.04",4,"Stadtquartiere",115,"Oerlikon",9,"2 , 3  und 4 Zimmer",2,"Nicht gemeinnützig",2,"Quadratmeter",2,"brutto",26.48,25.84,27.11,22.37,21.35,23.14,25.92,25.17,26.61,29.82,29.38,31.17,7609,1425,140
2024,"2024.04",4,"Stadtquartiere",115,"Oerlikon",9,"2 , 3  und 4 Zimmer",2,"Nicht gemeinnützig",2,"Quadratmeter",2,"brutto",27.96,27.4,28.52,23.11,22.68,23.8,27.29,26.58,28.09,32.28,31.55,33.14,7164,1493,185
2022,"2022.04",4,"Stadtquartiere",119,"Seebach",2,"2 Zimmer",1,"Gemeinnützig",2,"Quadratmeter",2,"brutto",18.65,18.13,19.17,14.82,14.67,15.45,18.44,18.23,18.9,20.6,20.25,21.07,480,369,21
2024,"2024.04",4,"Stadtquartiere",119,"Seebach",2,"2 Zimmer",1,"Gemeinnützig",2,"Quadratmeter",2,"brutto",19.55,19.19,19.91,15.77,15.64,16.03,19.13,18.88,19.29,21.94,21.42,22.42,521,424,19
2022,"2022.04",4,"Stadtquartiere",119,"Seebach",3,"3 Zimmer",1,"Gemeinnützig",2,"Quadratmeter",2,"brutto",15.76,15.4,16.13,13.71,13.6,13.87,15.05,14.56,15.44,17.42,16.63,18.69,1054,760,23
2024,"2024.04",4,"Stadtquartiere",119,"Seebach",3,"3 Zimmer",1,"Gemeinnützig",2,"Quadratmeter",2,"brutto",17.09,16.78,17.41,14.36,14,14.58,15.99,15.83,16.44,19.44,18.77,19.75,1055,821,29
2022,"2022.04",4,"Stadtquartiere",119,"Seebach",4,"4 Zimmer",1,"Gemeinnützig",2,"Quadratmeter",2,"brutto",15.14,14.81,15.47,13.13,12.76,13.67,14.67,14.44,14.82,16.25,16.03,16.64,853,595,36
2024,"2024.04",4,"Stadtquartiere",119,"Seebach",4,"4 Zimmer",1,"Gemeinnützig",2,"Quadratmeter",2,"brutto",15.99,15.82,16.15,13.71,13.58,14.07,15.86,15.79,15.96,17.81,17.62,18.17,849,678,31
2022,"2022.04",4,"Stadtquartiere",119,"Seebach",9,"2 , 3  und 4 Zimmer",1,"Gemeinnützig",2,"Quadratmeter",2,"brutto",16.12,15.9,16.35,13.83,13.68,14,15.22,15.01,15.51,18.36,17.64,18.69,2387,1724,80
2024,"2024.04",4,"Stadtquartiere",119,"Seebach",9,"2 , 3  und 4 Zimmer",1,"Gemeinnützig",2,"Quadratmeter",2,"brutto",17.23,17.07,17.4,14.36,14.22,14.48,16.3,16.09,16.57,19.43,19.12,19.68,2425,1923,79
2022,"2022.04",4,"Stadtquartiere",119,"Seebach",2,"2 Zimmer",2,"Nicht gemeinnützig",2,"Quadratmeter",2,"brutto",27.01,26.21,27.81,22.76,22.09,24.93,27.18,25.55,28.04,30.47,29.06,31.48,1857,377,40
2024,"2024.04",4,"Stadtquartiere",119,"Seebach",2,"2 Zimmer",2,"Nicht gemeinnützig",2,"Quadratmeter",2,"brutto",29.6,28.62,30.58,23.69,22.36,25.43,28.39,26.96,30.69,34.01,32.38,36.85,2024,391,57
2022,"2022.04",4,"Stadtquartiere",119,"Seebach",3,"3 Zimmer",2,"Nicht gemeinnützig",2,"Quadratmeter",2,"brutto",24.55,23.68,25.41,21.97,20.78,22.72,24.07,23.24,25.31,26.95,26.5,29.06,3013,603,54
2024,"2024.04",4,"Stadtquartiere",119,"Seebach",3,"3 Zimmer",2,"Nicht gemeinnützig",2,"Quadratmeter",2,"brutto",25.19,24.36,26.01,21.84,20.83,22.39,25.69,24.51,26.88,28.84,28.32,29.97,3030,605,85
2022,"2022.04",4,"Stadtquartiere",119,"Seebach",4,"4 Zimmer",2,"Nicht gemeinnützig",2,"Quadratmeter",2,"brutto",22.63,21.64,23.62,19.25,18.39,19.92,21.93,20.13,23.37,24.9,24.09,26.21,1591,398,46
2024,"2024.04",4,"Stadtquartiere",119,"Seebach",4,"4 Zimmer",2,"Nicht gemeinnützig",2,"Quadratmeter",2,"brutto",24.8,23.59,26,20.22,19.09,21.29,24.13,21.71,25.39,27.2,25.87,28.75,1552,332,54
2022,"2022.04",4,"Stadtquartiere",119,"Seebach",9,"2 , 3  und 4 Zimmer",2,"Nicht gemeinnützig",2,"Quadratmeter",2,"brutto",24.78,24.26,25.31,21.3,20.21,21.98,24.21,23.67,24.92,27.97,26.96,29.06,6461,1378,140
2024,"2024.04",4,"Stadtquartiere",119,"Seebach",9,"2 , 3  und 4 Zimmer",2,"Nicht gemeinnützig",2,"Quadratmeter",2,"brutto",26.45,25.89,27,21.69,21.09,22.2,25.83,25.35,26.65,30.23,29.25,31.25,6606,1328,196
2022,"2022.04",4,"Stadtquartiere",129,"Schwamendingen (Kreis 12)",2,"2 Zimmer",1,"Gemeinnützig",2,"Quadratmeter",2,"brutto",17.57,17.26,17.89,14.49,14.25,14.79,17.06,16.61,17.41,19.83,19.55,20.15,1355,961,54
2024,"2024.04",4,"Stadtquartiere",129,"Schwamendingen (Kreis 12)",2,"2 Zimmer",1,"Gemeinnützig",2,"Quadratmeter",2,"brutto",18.14,17.95,18.32,15.73,15.42,15.96,18.15,17.88,18.6,20.31,20.06,20.66,1396,954,49
2022,"2022.04",4,"Stadtquartiere",129,"Schwamendingen (Kreis 12)",3,"3 Zimmer",1,"Gemeinnützig",2,"Quadratmeter",2,"brutto",15.53,15.38,15.67,12.74,12.74,13.06,14.85,14.61,15.08,18.05,17.79,18.2,2932,2026,88
2024,"2024.04",4,"Stadtquartiere",129,"Schwamendingen (Kreis 12)",3,"3 Zimmer",1,"Gemeinnützig",2,"Quadratmeter",2,"brutto",16.53,16.37,16.69,13.94,13.94,14.13,15.99,15.69,16.33,18.74,18.64,19.01,3035,2010,88
2022,"2022.04",4,"Stadtquartiere",129,"Schwamendingen (Kreis 12)",4,"4 Zimmer",1,"Gemeinnützig",2,"Quadratmeter",2,"brutto",15.09,14.88,15.29,12.75,12.01,13.19,15,14.77,15.31,17.65,17.33,17.78,2104,1306,73
2024,"2024.04",4,"Stadtquartiere",129,"Schwamendingen (Kreis 12)",4,"4 Zimmer",1,"Gemeinnützig",2,"Quadratmeter",2,"brutto",16.05,15.76,16.33,14.24,13.52,14.73,15.87,15.55,16.34,17.94,17.53,18.64,2158,1254,72
2022,"2022.04",4,"Stadtquartiere",129,"Schwamendingen (Kreis 12)",9,"2 , 3  und 4 Zimmer",1,"Gemeinnützig",2,"Quadratmeter",2,"brutto",15.82,15.7,15.93,13.2,13.01,13.36,15.26,15.1,15.46,18.2,18.1,18.37,6391,4293,215
2024,"2024.04",4,"Stadtquartiere",129,"Schwamendingen (Kreis 12)",9,"2 , 3  und 4 Zimmer",1,"Gemeinnützig",2,"Quadratmeter",2,"brutto",16.71,16.58,16.84,14.35,14.19,14.56,16.44,16.21,16.59,18.97,18.8,19.16,6589,4218,209
2022,"2022.04",4,"Stadtquartiere",129,"Schwamendingen (Kreis 12)",2,"2 Zimmer",2,"Nicht gemeinnützig",2,"Quadratmeter",2,"brutto",27.05,26.04,28.06,23.45,21.45,25.45,27.2,26.51,28.64,30.61,29.1,31.76,1713,426,65
2024,"2024.04",4,"Stadtquartiere",129,"Schwamendingen (Kreis 12)",2,"2 Zimmer",2,"Nicht gemeinnützig",2,"Quadratmeter",2,"brutto",27.59,26.79,28.39,24.03,23.29,25.73,27.49,26.61,28.28,31.05,30.23,32.33,1626,387,107
2022,"2022.04",4,"Stadtquartiere",129,"Schwamendingen (Kreis 12)",3,"3 Zimmer",2,"Nicht gemeinnützig",2,"Quadratmeter",2,"brutto",22.98,22.4,23.56,20.34,19.55,21.1,23.22,22.31,24.55,25.97,25.17,26.61,2933,582,94
2024,"2024.04",4,"Stadtquartiere",129,"Schwamendingen (Kreis 12)",3,"3 Zimmer",2,"Nicht gemeinnützig",2,"Quadratmeter",2,"brutto",24.53,23.98,25.07,21.29,20.1,21.87,24.59,23.77,25.62,28.08,27.27,28.52,2752,511,132
2022,"2022.04",4,"Stadtquartiere",129,"Schwamendingen (Kreis 12)",4,"4 Zimmer",2,"Nicht gemeinnützig",2,"Quadratmeter",2,"brutto",21.63,20.98,22.28,17.4,15.83,19.07,21.22,20.22,22.42,25.17,24.38,26.14,1107,274,72
2024,"2024.04",4,"Stadtquartiere",129,"Schwamendingen (Kreis 12)",4,"4 Zimmer",2,"Nicht gemeinnützig",2,"Quadratmeter",2,"brutto",22.93,22.4,23.45,20.32,18.82,20.98,22.78,22.24,23.42,25.31,25.03,26.34,1000,260,110
2022,"2022.04",4,"Stadtquartiere",129,"Schwamendingen (Kreis 12)",9,"2 , 3  und 4 Zimmer",2,"Nicht gemeinnützig",2,"Quadratmeter",2,"brutto",23.93,23.49,24.37,20.39,19.77,20.83,24.21,23.29,24.77,27.29,26.61,27.75,5753,1282,231
2024,"2024.04",4,"Stadtquartiere",129,"Schwamendingen (Kreis 12)",9,"2 , 3  und 4 Zimmer",2,"Nicht gemeinnützig",2,"Quadratmeter",2,"brutto",25.16,24.77,25.54,21.66,21.13,21.99,25.26,24.58,25.75,28.41,28.04,29.2,5378,1158,349
2022,"2022.04",5,"Statistische Quartiere",0,"Ganze Stadt",9,"2 , 3  und 4 Zimmer",1,"Gemeinnützig",2,"Quadratmeter",1,"netto",14.54,14.48,14.61,12,11.96,12.06,13.93,13.84,13.99,16.36,16.29,16.48,48986,30991,1713
2024,"2024.04",5,"Statistische Quartiere",0,"Ganze Stadt",9,"2 , 3  und 4 Zimmer",1,"Gemeinnützig",2,"Quadratmeter",1,"netto",15.54,15.47,15.61,12.89,12.83,12.95,14.88,14.8,14.95,17.48,17.37,17.6,49465,32015,1661
2022,"2022.04",5,"Statistische Quartiere",0,"Ganze Stadt",9,"2 , 3  und 4 Zimmer",2,"Nicht gemeinnützig",2,"Quadratmeter",1,"netto",24.8,24.62,24.97,19.4,19.25,19.6,23.58,23.37,23.78,28.98,28.64,29.29,112783,19581,3523
2024,"2024.04",5,"Statistische Quartiere",0,"Ganze Stadt",9,"2 , 3  und 4 Zimmer",2,"Nicht gemeinnützig",2,"Quadratmeter",1,"netto",26.53,26.39,26.67,20.57,20.34,20.76,25.53,25.34,25.69,31.31,31.06,31.59,111769,21039,5136
2022,"2022.04",5,"Statistische Quartiere",11,"Rathaus",9,"2 , 3  und 4 Zimmer",1,"Gemeinnützig",2,"Quadratmeter",1,"netto",18.12,17.96,18.27,13.29,13.2,13.37,17.19,17.01,17.29,21.43,21.19,21.54,415,387,0
2024,"2024.04",5,"Statistische Quartiere",11,"Rathaus",9,"2 , 3  und 4 Zimmer",1,"Gemeinnützig",2,"Quadratmeter",1,"netto",19.37,19.21,19.54,14.39,14.23,14.61,18.71,18.42,18.78,23,22.86,23.1,421,375,18
2022,"2022.04",5,"Statistische Quartiere",11,"Rathaus",9,"2 , 3  und 4 Zimmer",2,"Nicht gemeinnützig",2,"Quadratmeter",1,"netto",34.5,33.07,35.93,27.93,26.01,29.76,35.78,33.26,37.24,40.01,38.45,42.53,1000,90,90
2024,"2024.04",5,"Statistische Quartiere",11,"Rathaus",9,"2 , 3  und 4 Zimmer",2,"Nicht gemeinnützig",2,"Quadratmeter",1,"netto",36.95,35.63,38.26,28.18,26.1,31.01,36.99,34.53,38.38,44.11,42.21,46.35,972,99,140
2022,"2022.04",5,"Statistische Quartiere",12,"Hochschulen",9,"2 , 3  und 4 Zimmer",1,"Gemeinnützig",2,"Quadratmeter",1,"netto",18.09,17.91,18.28,14.95,14.85,15.41,17.68,17.6,18.24,20.48,20.3,20.5,31,30,0
2024,"2024.04",5,"Statistische Quartiere",12,"Hochschulen",9,"2 , 3  und 4 Zimmer",1,"Gemeinnützig",2,"Quadratmeter",1,"netto",24.35,24.05,24.64,18.11,18.04,18.19,21.06,20.84,21.54,30.45,25.44,31.86,38,36,0
2022,"2022.04",5,"Statistische Quartiere",12,"Hochschulen",9,"2 , 3  und 4 Zimmer",2,"Nicht gemeinnützig",2,"Quadratmeter",1,"netto",27.87,26.57,29.17,20.21,19.07,21.44,28.19,26.69,29.84,36.59,32.38,37.61,126,23,50
2024,"2024.04",5,"Statistische Quartiere",12,"Hochschulen",9,"2 , 3  und 4 Zimmer",2,"Nicht gemeinnützig",2,"Quadratmeter",1,"netto",30.53,29.58,31.47,21.79,20.87,23.7,31.36,30.25,32.78,37.33,36.53,38.5,115,5,78
2022,"2022.04",5,"Statistische Quartiere",13,"Lindenhof",9,"2 , 3  und 4 Zimmer",1,"Gemeinnützig",2,"Quadratmeter",1,"netto",17.83,17.5,18.17,15.03,14.22,15.58,17.22,17.13,17.58,20.5,20,21.97,115,95,0
2024,"2024.04",5,"Statistische Quartiere",13,"Lindenhof",9,"2 , 3  und 4 Zimmer",1,"Gemeinnützig",2,"Quadratmeter",1,"netto",19.18,18.83,19.52,16.47,15.9,16.63,18.64,18.34,18.88,21.9,21.73,23.06,114,95,0
2022,"2022.04",5,"Statistische Quartiere",13,"Lindenhof",9,"2 , 3  und 4 Zimmer",2,"Nicht gemeinnützig",2,"Quadratmeter",1,"netto",36.95,35.08,38.81,30.18,26.09,32.69,36.99,35.32,38.67,45.7,41.64,47.47,429,47,73
2024,"2024.04",5,"Statistische Quartiere",13,"Lindenhof",9,"2 , 3  und 4 Zimmer",2,"Nicht gemeinnützig",2,"Quadratmeter",1,"netto",40.52,38.64,42.4,31.47,28.79,34.63,40.44,38,42.96,46.38,45.34,49.16,410,42,98
2022,"2022.04",5,"Statistische Quartiere",14,"City",9,"2 , 3  und 4 Zimmer",1,"Gemeinnützig",2,"Quadratmeter",1,"netto",14.46,14.39,14.54,10.93,10.92,11.06,14.62,14.48,14.69,16.49,16.4,16.53,78,77,0
2024,"2024.04",5,"Statistische Quartiere",14,"City",9,"2 , 3  und 4 Zimmer",1,"Gemeinnützig",2,"Quadratmeter",1,"netto",15.79,15.65,15.94,11.81,11.79,11.91,15.01,14.47,15.24,17.5,17.44,17.62,76,75,0
2022,"2022.04",5,"Statistische Quartiere",14,"City",9,"2 , 3  und 4 Zimmer",2,"Nicht gemeinnützig",2,"Quadratmeter",1,"netto",29.49,28.02,30.97,23.3,20.8,25.97,29.56,26.44,32.73,35.86,33.5,36.5,177,17,52
2024,"2024.04",5,"Statistische Quartiere",14,"City",9,"2 , 3  und 4 Zimmer",2,"Nicht gemeinnützig",2,"Quadratmeter",1,"netto",30.87,29.64,32.1,24.65,22.18,26.01,29.71,27.84,30.68,35.62,34.19,38,183,25,73
2022,"2022.04",5,"Statistische Quartiere",21,"Wollishofen",9,"2 , 3  und 4 Zimmer",1,"Gemeinnützig",2,"Quadratmeter",1,"netto",14.12,13.66,14.59,11.62,11.44,12.12,13.79,13.42,14.3,15.67,15.54,16.23,2656,1163,81
2024,"2024.04",5,"Statistische Quartiere",21,"Wollishofen",9,"2 , 3  und 4 Zimmer",1,"Gemeinnützig",2,"Quadratmeter",1,"netto",15.94,15.62,16.26,13.18,12.96,13.82,15.32,15.15,15.97,18.23,17.56,18.59,2706,1327,74
2022,"2022.04",5,"Statistische Quartiere",21,"Wollishofen",9,"2 , 3  und 4 Zimmer",2,"Nicht gemeinnützig",2,"Quadratmeter",1,"netto",25.51,24.66,26.36,20.78,19.95,22,25.2,24.36,25.95,29.21,28.23,30.67,4859,1035,144
2024,"2024.04",5,"Statistische Quartiere",21,"Wollishofen",9,"2 , 3  und 4 Zimmer",2,"Nicht gemeinnützig",2,"Quadratmeter",1,"netto",27.38,26.75,28.01,21.78,21.29,22.64,26.55,25.94,27.06,31.65,30.21,33.33,5084,1057,212
2022,"2022.04",5,"Statistische Quartiere",23,"Leimbach",9,"2 , 3  und 4 Zimmer",1,"Gemeinnützig",2,"Quadratmeter",1,"netto",17.28,16.93,17.64,13.79,13.56,14.18,16.34,16.06,16.92,20.45,20.17,20.61,1153,921,27
2024,"2024.04",5,"Statistische Quartiere",23,"Leimbach",9,"2 , 3  und 4 Zimmer",1,"Gemeinnützig",2,"Quadratmeter",1,"netto",18.08,17.98,18.18,15.41,15.07,15.54,17.82,17.63,17.92,21.04,20.98,21.07,1117,930,53
2022,"2022.04",5,"Statistische Quartiere",23,"Leimbach",9,"2 , 3  und 4 Zimmer",2,"Nicht gemeinnützig",2,"Quadratmeter",1,"netto",21.98,21.01,22.94,18,16.71,18.68,19.96,19.13,21.16,23.48,22,28.62,790,86,56
2024,"2024.04",5,"Statistische Quartiere",23,"Leimbach",9,"2 , 3  und 4 Zimmer",2,"Nicht gemeinnützig",2,"Quadratmeter",1,"netto",22.71,22.1,23.31,18.84,18.06,19.45,21.59,20.91,22.68,25.77,24.52,26.62,792,91,94
2022,"2022.04",5,"Statistische Quartiere",24,"Enge",9,"2 , 3  und 4 Zimmer",1,"Gemeinnützig",2,"Quadratmeter",1,"netto",13.69,13.36,14.01,11.52,11.11,11.67,13.27,12.34,14.21,15.22,14.84,15.94,333,87,60
2024,"2024.04",5,"Statistische Quartiere",24,"Enge",9,"2 , 3  und 4 Zimmer",1,"Gemeinnützig",2,"Quadratmeter",1,"netto",14.09,13.62,14.55,11.69,11.03,12.29,12.99,12.49,13.83,15.94,15.02,16.15,332,89,58
2022,"2022.04",5,"Statistische Quartiere",24,"Enge",9,"2 , 3  und 4 Zimmer",2,"Nicht gemeinnützig",2,"Quadratmeter",1,"netto",28.78,27.62,29.95,22.48,20.54,23.33,27.63,26.25,28.76,34.63,32.72,36.48,3218,615,113
2024,"2024.04",5,"Statistische Quartiere",24,"Enge",9,"2 , 3  und 4 Zimmer",2,"Nicht gemeinnützig",2,"Quadratmeter",1,"netto",30.35,29.33,31.38,23.82,22.59,25.28,29.4,27.7,31.27,37.08,34.74,38.49,3237,637,164
2022,"2022.04",5,"Statistische Quartiere",31,"Alt-Wiedikon",9,"2 , 3  und 4 Zimmer",1,"Gemeinnützig",2,"Quadratmeter",1,"netto",14,13.81,14.2,12.03,11.75,12.42,13.63,13.08,14.22,15.69,15.43,15.87,701,378,64
2024,"2024.04",5,"Statistische Quartiere",31,"Alt-Wiedikon",9,"2 , 3  und 4 Zimmer",1,"Gemeinnützig",2,"Quadratmeter",1,"netto",15.26,14.75,15.78,12.03,12,12.4,14.23,13.62,14.85,16.68,16.65,16.92,715,375,67
2022,"2022.04",5,"Statistische Quartiere",31,"Alt-Wiedikon",9,"2 , 3  und 4 Zimmer",2,"Nicht gemeinnützig",2,"Quadratmeter",1,"netto",24.82,24.08,25.55,20.07,19.22,21,23.95,22.81,25,28.53,27.07,30.33,6265,1041,130
2024,"2024.04",5,"Statistische Quartiere",31,"Alt-Wiedikon",9,"2 , 3  und 4 Zimmer",2,"Nicht gemeinnützig",2,"Quadratmeter",1,"netto",26.5,25.79,27.22,20.62,19.74,21.41,25.37,24.72,26.05,30.7,29.95,31.73,6308,944,204
2022,"2022.04",5,"Statistische Quartiere",33,"Friesenberg",9,"2 , 3  und 4 Zimmer",1,"Gemeinnützig",2,"Quadratmeter",1,"netto",13.77,13.67,13.87,11.95,11.94,11.99,13.23,13.14,13.27,15.37,15.26,15.62,2637,2238,68
2024,"2024.04",5,"Statistische Quartiere",33,"Friesenberg",9,"2 , 3  und 4 Zimmer",1,"Gemeinnützig",2,"Quadratmeter",1,"netto",13.89,13.84,13.95,12.04,12.03,12.1,13.31,13.31,13.32,15,14.97,15.06,2618,2339,69
2022,"2022.04",5,"Statistische Quartiere",33,"Friesenberg",9,"2 , 3  und 4 Zimmer",2,"Nicht gemeinnützig",2,"Quadratmeter",1,"netto",23.7,22.91,24.48,19.4,18.54,21.05,23.12,22.07,24.64,27.66,26.41,28.8,792,195,61
2024,"2024.04",5,"Statistische Quartiere",33,"Friesenberg",9,"2 , 3  und 4 Zimmer",2,"Nicht gemeinnützig",2,"Quadratmeter",1,"netto",25.48,24.74,26.22,20.03,19.48,21.63,24.58,23.82,25.83,30.76,29.43,31.64,842,194,98
2022,"2022.04",5,"Statistische Quartiere",34,"Sihlfeld",9,"2 , 3  und 4 Zimmer",1,"Gemeinnützig",2,"Quadratmeter",1,"netto",13.48,13.13,13.83,10.98,10.7,11.13,12.67,11.91,13.21,15.62,14.89,16.38,3030,1264,83
2024,"2024.04",5,"Statistische Quartiere",34,"Sihlfeld",9,"2 , 3  und 4 Zimmer",1,"Gemeinnützig",2,"Quadratmeter",1,"netto",14.47,13.98,14.97,11.47,11.13,11.96,14.19,13.02,14.73,17.17,16.6,17.77,2970,1261,75
2022,"2022.04",5,"Statistische Quartiere",34,"Sihlfeld",9,"2 , 3  und 4 Zimmer",2,"Nicht gemeinnützig",2,"Quadratmeter",1,"netto",25.22,24.22,26.21,20,18.91,20.89,23.32,22.23,25.05,28.97,27.92,31.48,7065,803,143
2024,"2024.04",5,"Statistische Quartiere",34,"Sihlfeld",9,"2 , 3  und 4 Zimmer",2,"Nicht gemeinnützig",2,"Quadratmeter",1,"netto",27.08,26.29,27.86,21.3,20.26,22,26.54,25,27.47,32.43,30.63,34.16,6843,838,205
2022,"2022.04",5,"Statistische Quartiere",41,"Werd",9,"2 , 3  und 4 Zimmer",1,"Gemeinnützig",2,"Quadratmeter",1,"netto",16.04,15.85,16.22,13.65,13.39,14.19,15.16,15.01,15.51,17.93,17.71,18.07,161,58,59
2024,"2024.04",5,"Statistische Quartiere",41,"Werd",9,"2 , 3  und 4 Zimmer",1,"Gemeinnützig",2,"Quadratmeter",1,"netto",18.61,16.98,20.24,14.42,13.23,15.77,17.66,16.2,18.95,21.88,18.62,24.98,154,55,31
2022,"2022.04",5,"Statistische Quartiere",41,"Werd",9,"2 , 3  und 4 Zimmer",2,"Nicht gemeinnützig",2,"Quadratmeter",1,"netto",27.36,26.42,28.3,21.83,20.98,23.14,26.61,25.85,27.67,32.99,30.94,33.92,1700,326,99
2024,"2024.04",5,"Statistische Quartiere",41,"Werd",9,"2 , 3  und 4 Zimmer",2,"Nicht gemeinnützig",2,"Quadratmeter",1,"netto",28.82,27.93,29.71,21.77,20.73,24.09,28.76,27.19,29.32,35.13,33.8,36.42,1696,353,130
2022,"2022.04",5,"Statistische Quartiere",42,"Langstrasse",9,"2 , 3  und 4 Zimmer",1,"Gemeinnützig",2,"Quadratmeter",1,"netto",17.63,16.97,18.28,12.67,12.1,13.4,15.8,15.31,16.25,19.33,19.1,21.11,846,583,38
2024,"2024.04",5,"Statistische Quartiere",42,"Langstrasse",9,"2 , 3  und 4 Zimmer",1,"Gemeinnützig",2,"Quadratmeter",1,"netto",18.65,18.09,19.2,13.52,13.42,14.19,16.14,15.88,16.69,19.67,19.63,20.48,850,601,42
2022,"2022.04",5,"Statistische Quartiere",42,"Langstrasse",9,"2 , 3  und 4 Zimmer",2,"Nicht gemeinnützig",2,"Quadratmeter",1,"netto",26.72,25.95,27.49,20.95,19.51,21.74,26.31,25.11,27.45,32.27,31.33,33.54,4174,629,132
2024,"2024.04",5,"Statistische Quartiere",42,"Langstrasse",9,"2 , 3  und 4 Zimmer",2,"Nicht gemeinnützig",2,"Quadratmeter",1,"netto",29.03,28.29,29.77,21.89,20.34,23.14,28.52,27.5,29.31,34.55,33.44,36,4180,1092,186
2022,"2022.04",5,"Statistische Quartiere",44,"Hard",9,"2 , 3  und 4 Zimmer",1,"Gemeinnützig",2,"Quadratmeter",1,"netto",14.02,13.72,14.31,11.46,11.32,11.61,12.97,12.76,13.09,14.91,14.59,15.17,2990,2207,65
2024,"2024.04",5,"Statistische Quartiere",44,"Hard",9,"2 , 3  und 4 Zimmer",1,"Gemeinnützig",2,"Quadratmeter",1,"netto",15.22,14.98,15.46,12.71,12.53,12.86,14.2,14.06,14.31,16.07,15.8,16.35,3085,2442,63
2022,"2022.04",5,"Statistische Quartiere",44,"Hard",9,"2 , 3  und 4 Zimmer",2,"Nicht gemeinnützig",2,"Quadratmeter",1,"netto",24.4,23.54,25.27,18.13,17.5,19.34,23.79,22.03,25.22,30.16,28.59,32.05,2539,367,129
2024,"2024.04",5,"Statistische Quartiere",44,"Hard",9,"2 , 3  und 4 Zimmer",2,"Nicht gemeinnützig",2,"Quadratmeter",1,"netto",26.98,26.31,27.65,21.66,21.13,22.6,26.69,26.05,28.08,32.3,30.72,33.01,2484,269,190
2022,"2022.04",5,"Statistische Quartiere",51,"Gewerbeschule",9,"2 , 3  und 4 Zimmer",1,"Gemeinnützig",2,"Quadratmeter",1,"netto",14.12,13.91,14.32,11.71,11.4,11.98,13.26,13.05,13.6,16.23,15.61,16.87,1463,975,57
2024,"2024.04",5,"Statistische Quartiere",51,"Gewerbeschule",9,"2 , 3  und 4 Zimmer",1,"Gemeinnützig",2,"Quadratmeter",1,"netto",15.38,15.13,15.62,12.8,12.7,12.93,15.02,14.79,15.51,17.05,16.95,17.47,1480,996,59
2022,"2022.04",5,"Statistische Quartiere",51,"Gewerbeschule",9,"2 , 3  und 4 Zimmer",2,"Nicht gemeinnützig",2,"Quadratmeter",1,"netto",26.34,25.2,27.49,20.36,19.73,22.6,25.42,23.77,27.98,30.47,29.16,33.26,2537,326,84
2024,"2024.04",5,"Statistische Quartiere",51,"Gewerbeschule",9,"2 , 3  und 4 Zimmer",2,"Nicht gemeinnützig",2,"Quadratmeter",1,"netto",28.01,26.95,29.07,22.32,20.94,23.31,26.32,25.23,28.1,33.27,31.63,34.83,2475,327,129
2022,"2022.04",5,"Statistische Quartiere",52,"Escher Wyss",9,"2 , 3  und 4 Zimmer",1,"Gemeinnützig",2,"Quadratmeter",1,"netto",11.55,11.52,11.57,9.34,9.28,9.43,10.78,10.73,10.82,13.25,13.12,13.26,217,213,0
2024,"2024.04",5,"Statistische Quartiere",52,"Escher Wyss",9,"2 , 3  und 4 Zimmer",1,"Gemeinnützig",2,"Quadratmeter",1,"netto",11.58,11.54,11.62,9.26,9.26,9.38,10.23,10.23,10.4,13.89,13.79,13.92,182,178,0
2022,"2022.04",5,"Statistische Quartiere",52,"Escher Wyss",9,"2 , 3  und 4 Zimmer",2,"Nicht gemeinnützig",2,"Quadratmeter",1,"netto",26.25,25.57,26.93,21.16,20.15,22.19,26.34,25.47,27.17,30.84,30.24,32.05,1687,642,105
2024,"2024.04",5,"Statistische Quartiere",52,"Escher Wyss",9,"2 , 3  und 4 Zimmer",2,"Nicht gemeinnützig",2,"Quadratmeter",1,"netto",27.86,27.34,28.38,22.25,21.39,23.75,28.52,27.92,29.24,33.05,32.3,33.7,1575,645,102
2022,"2022.04",5,"Statistische Quartiere",61,"Unterstrass",9,"2 , 3  und 4 Zimmer",1,"Gemeinnützig",2,"Quadratmeter",1,"netto",14.7,14.41,14.98,13.21,13.08,13.41,14.14,13.97,14.29,15.35,15.03,15.91,3299,1788,55
2024,"2024.04",5,"Statistische Quartiere",61,"Unterstrass",9,"2 , 3  und 4 Zimmer",1,"Gemeinnützig",2,"Quadratmeter",1,"netto",15.45,15.27,15.64,13.94,13.79,14.03,15.2,14.89,15.54,16.73,16.51,17.07,3446,2009,69
2022,"2022.04",5,"Statistische Quartiere",61,"Unterstrass",9,"2 , 3  und 4 Zimmer",2,"Nicht gemeinnützig",2,"Quadratmeter",1,"netto",25.13,24.21,26.05,19.87,19.16,21.43,25,24.12,26.34,30.52,28.68,31.57,5683,918,134
2024,"2024.04",5,"Statistische Quartiere",61,"Unterstrass",9,"2 , 3  und 4 Zimmer",2,"Nicht gemeinnützig",2,"Quadratmeter",1,"netto",27.1,26.34,27.86,21.78,20,22.85,26.99,25.66,28.38,32.02,30.53,32.94,5529,945,196
2022,"2022.04",5,"Statistische Quartiere",63,"Oberstrass",9,"2 , 3  und 4 Zimmer",1,"Gemeinnützig",2,"Quadratmeter",1,"netto",15.66,15.48,15.84,12.93,12.86,13.02,14.82,14.75,14.86,16.7,16.66,16.97,472,376,56
2024,"2024.04",5,"Statistische Quartiere",63,"Oberstrass",9,"2 , 3  und 4 Zimmer",1,"Gemeinnützig",2,"Quadratmeter",1,"netto",16.42,16.22,16.61,13.65,13.61,13.7,15.61,15.58,15.68,17.76,17.59,17.87,478,384,58
2022,"2022.04",5,"Statistische Quartiere",63,"Oberstrass",9,"2 , 3  und 4 Zimmer",2,"Nicht gemeinnützig",2,"Quadratmeter",1,"netto",26.9,25.74,28.07,21.71,20.42,22.98,26.78,25.45,28.19,32.44,30.64,33.9,2722,183,121
2024,"2024.04",5,"Statistische Quartiere",63,"Oberstrass",9,"2 , 3  und 4 Zimmer",2,"Nicht gemeinnützig",2,"Quadratmeter",1,"netto",28.96,27.94,29.98,21.82,20.26,22.87,28.73,27.59,29.5,35.65,33.28,36.33,2674,191,171
2022,"2022.04",5,"Statistische Quartiere",71,"Fluntern",9,"2 , 3  und 4 Zimmer",1,"Gemeinnützig",2,"Quadratmeter",1,"netto",15.84,15.72,15.96,14.15,14.1,14.16,15.33,15.07,15.53,16.75,16.71,16.86,174,158,12
2024,"2024.04",5,"Statistische Quartiere",71,"Fluntern",9,"2 , 3  und 4 Zimmer",1,"Gemeinnützig",2,"Quadratmeter",1,"netto",18.15,18.01,18.29,14.97,14.92,15,16.07,16.05,16.12,17.93,17.79,18.07,185,180,0
2022,"2022.04",5,"Statistische Quartiere",71,"Fluntern",9,"2 , 3  und 4 Zimmer",2,"Nicht gemeinnützig",2,"Quadratmeter",1,"netto",28.59,27.56,29.61,22.86,20.26,24.1,29.44,27.07,30.51,33.62,32.79,35.33,1908,286,108
2024,"2024.04",5,"Statistische Quartiere",71,"Fluntern",9,"2 , 3  und 4 Zimmer",2,"Nicht gemeinnützig",2,"Quadratmeter",1,"netto",30.22,29.26,31.18,22.96,22.13,24.46,28.73,27.72,29.6,35.28,33.79,36.27,1837,248,156
2022,"2022.04",5,"Statistische Quartiere",72,"Hottingen",9,"2 , 3  und 4 Zimmer",1,"Gemeinnützig",2,"Quadratmeter",1,"netto",20.38,20.18,20.58,17.06,16.79,17.21,20.93,20.71,21.15,23.48,23.31,23.72,377,272,69
2024,"2024.04",5,"Statistische Quartiere",72,"Hottingen",9,"2 , 3  und 4 Zimmer",1,"Gemeinnützig",2,"Quadratmeter",1,"netto",22.22,21.96,22.49,19.11,18.93,19.43,21.96,21.79,22.14,24.91,24.55,25.12,379,275,66
2022,"2022.04",5,"Statistische Quartiere",72,"Hottingen",9,"2 , 3  und 4 Zimmer",2,"Nicht gemeinnützig",2,"Quadratmeter",1,"netto",28.06,26.63,29.49,22.29,20.18,23.62,28.18,25.8,29.33,32.63,31.1,33.57,3005,251,120
2024,"2024.04",5,"Statistische Quartiere",72,"Hottingen",9,"2 , 3  und 4 Zimmer",2,"Nicht gemeinnützig",2,"Quadratmeter",1,"netto",30.22,29.36,31.09,24.69,23.54,26.25,29.75,28.95,31.14,35.53,33.18,36.86,2960,236,160
2022,"2022.04",5,"Statistische Quartiere",73,"Hirslanden",9,"2 , 3  und 4 Zimmer",1,"Gemeinnützig",2,"Quadratmeter",1,"netto",14.07,13.78,14.35,11.6,11.26,11.92,13.41,12.61,14.32,16.33,15.6,16.8,388,135,37
2024,"2024.04",5,"Statistische Quartiere",73,"Hirslanden",9,"2 , 3  und 4 Zimmer",1,"Gemeinnützig",2,"Quadratmeter",1,"netto",14.81,14.61,15.01,12.04,11.64,12.15,13.48,12.85,14.01,17.45,16.55,17.64,416,152,34
2022,"2022.04",5,"Statistische Quartiere",73,"Hirslanden",9,"2 , 3  und 4 Zimmer",2,"Nicht gemeinnützig",2,"Quadratmeter",1,"netto",25.03,23.95,26.11,20,17.93,21.72,25.09,24.08,26.44,29.59,27.64,32.31,2305,245,100
2024,"2024.04",5,"Statistische Quartiere",73,"Hirslanden",9,"2 , 3  und 4 Zimmer",2,"Nicht gemeinnützig",2,"Quadratmeter",1,"netto",27.63,26.72,28.55,20.95,19.99,22.95,27.8,26.7,28.78,33.79,32.44,34.98,2351,256,164
2022,"2022.04",5,"Statistische Quartiere",74,"Witikon",9,"2 , 3  und 4 Zimmer",1,"Gemeinnützig",2,"Quadratmeter",1,"netto",14.6,14.42,14.78,11.83,11.64,12.14,13.85,13.17,14.45,16.72,16.46,16.96,300,150,60
2024,"2024.04",5,"Statistische Quartiere",74,"Witikon",9,"2 , 3  und 4 Zimmer",1,"Gemeinnützig",2,"Quadratmeter",1,"netto",16.04,15.22,16.86,12,11.7,12.47,14.62,13.29,17.58,20.13,18.8,20.85,362,142,39
2022,"2022.04",5,"Statistische Quartiere",74,"Witikon",9,"2 , 3  und 4 Zimmer",2,"Nicht gemeinnützig",2,"Quadratmeter",1,"netto",21.49,20.78,22.19,17.51,16.49,18.94,21.21,20.17,22.26,23.77,22.95,25.96,3103,603,93
2024,"2024.04",5,"Statistische Quartiere",74,"Witikon",9,"2 , 3  und 4 Zimmer",2,"Nicht gemeinnützig",2,"Quadratmeter",1,"netto",23.68,23.08,24.29,18.84,18.07,19.48,22.95,22.35,23.86,27.24,26.78,28.12,3044,635,147
2022,"2022.04",5,"Statistische Quartiere",81,"Seefeld",9,"2 , 3  und 4 Zimmer",1,"Gemeinnützig",2,"Quadratmeter",1,"netto",16.88,16.73,17.02,14.62,14.53,14.78,15.37,15.34,15.4,17.85,17.52,17.96,189,179,0
2024,"2024.04",5,"Statistische Quartiere",81,"Seefeld",9,"2 , 3  und 4 Zimmer",1,"Gemeinnützig",2,"Quadratmeter",1,"netto",17.79,17.64,17.94,15.09,15.07,15.15,16.22,16.18,16.24,19.11,18.95,19.2,180,163,10
2022,"2022.04",5,"Statistische Quartiere",81,"Seefeld",9,"2 , 3  und 4 Zimmer",2,"Nicht gemeinnützig",2,"Quadratmeter",1,"netto",31.78,30.69,32.87,25.4,23.5,27,32.58,30.53,33.95,38.1,36.02,39.11,2484,418,126
2024,"2024.04",5,"Statistische Quartiere",81,"Seefeld",9,"2 , 3  und 4 Zimmer",2,"Nicht gemeinnützig",2,"Quadratmeter",1,"netto",33.86,32.87,34.86,25.87,24.7,27.99,34.47,33.15,35.28,40.08,38.74,41.87,2429,418,181
2022,"2022.04",5,"Statistische Quartiere",82,"Mühlebach",9,"2 , 3  und 4 Zimmer",1,"Gemeinnützig",2,"Quadratmeter",1,"netto",15.62,15.48,15.76,12.42,12.4,12.53,13.57,13.53,13.68,16.92,16.63,17.16,249,235,0
2024,"2024.04",5,"Statistische Quartiere",82,"Mühlebach",9,"2 , 3  und 4 Zimmer",1,"Gemeinnützig",2,"Quadratmeter",1,"netto",16.81,16.73,16.9,13.44,13.44,13.51,14.84,14.75,14.85,18.57,18.31,18.78,245,240,0
2022,"2022.04",5,"Statistische Quartiere",82,"Mühlebach",9,"2 , 3  und 4 Zimmer",2,"Nicht gemeinnützig",2,"Quadratmeter",1,"netto",30.26,29.19,31.32,23.78,22.32,25.02,30.26,28.7,31.85,36.92,34.72,38.95,2232,542,115
2024,"2024.04",5,"Statistische Quartiere",82,"Mühlebach",9,"2 , 3  und 4 Zimmer",2,"Nicht gemeinnützig",2,"Quadratmeter",1,"netto",31.77,30.87,32.67,24.06,22.88,25.26,31.83,29.95,33.26,40.26,38.6,41.29,2249,602,164
2022,"2022.04",5,"Statistische Quartiere",83,"Weinegg",9,"2 , 3  und 4 Zimmer",1,"Gemeinnützig",2,"Quadratmeter",1,"netto",14.7,14.49,14.92,12.41,11.84,12.62,14.2,14.19,14.46,15.45,15.41,15.65,157,133,0
2024,"2024.04",5,"Statistische Quartiere",83,"Weinegg",9,"2 , 3  und 4 Zimmer",1,"Gemeinnützig",2,"Quadratmeter",1,"netto",15.45,15.3,15.6,12.93,12.89,13.11,14.71,14.67,14.94,16.51,16.43,16.6,160,124,28
2022,"2022.04",5,"Statistische Quartiere",83,"Weinegg",9,"2 , 3  und 4 Zimmer",2,"Nicht gemeinnützig",2,"Quadratmeter",1,"netto",25.2,24.14,26.26,18.1,16.68,19.78,25,23.68,26.49,30.88,29.96,32.21,1663,155,96
2024,"2024.04",5,"Statistische Quartiere",83,"Weinegg",9,"2 , 3  und 4 Zimmer",2,"Nicht gemeinnützig",2,"Quadratmeter",1,"netto",28.95,28.02,29.88,22.05,21.27,23.11,27.62,26.54,29.17,35,33.68,36.14,1632,146,158
2022,"2022.04",5,"Statistische Quartiere",91,"Albisrieden",9,"2 , 3  und 4 Zimmer",1,"Gemeinnützig",2,"Quadratmeter",1,"netto",14.82,14.59,15.04,11.95,11.7,12.07,14.38,14.29,14.63,17.23,16.69,17.62,3608,2015,99
2024,"2024.04",5,"Statistische Quartiere",91,"Albisrieden",9,"2 , 3  und 4 Zimmer",1,"Gemeinnützig",2,"Quadratmeter",1,"netto",15.82,15.5,16.14,12.57,12.3,13.02,15.32,15.06,15.79,18.65,17.95,18.97,3499,2042,74
2022,"2022.04",5,"Statistische Quartiere",91,"Albisrieden",9,"2 , 3  und 4 Zimmer",2,"Nicht gemeinnützig",2,"Quadratmeter",1,"netto",23.57,22.96,24.18,18.9,17.75,20.35,22.85,22.2,23.84,27.12,26.24,27.72,5263,1040,100
2024,"2024.04",5,"Statistische Quartiere",91,"Albisrieden",9,"2 , 3  und 4 Zimmer",2,"Nicht gemeinnützig",2,"Quadratmeter",1,"netto",25.99,25.51,26.48,20.15,19.61,21.42,25.43,24.33,26,30.52,29.34,31.37,5492,1239,155
2022,"2022.04",5,"Statistische Quartiere",92,"Altstetten",9,"2 , 3  und 4 Zimmer",1,"Gemeinnützig",2,"Quadratmeter",1,"netto",14.31,14.01,14.61,12.05,11.79,12.38,13.84,13.49,14.21,16.09,15.71,16.59,4406,2406,83
2024,"2024.04",5,"Statistische Quartiere",92,"Altstetten",9,"2 , 3  und 4 Zimmer",1,"Gemeinnützig",2,"Quadratmeter",1,"netto",15.1,14.83,15.37,12.94,12.79,13.21,14.61,14.28,14.79,16.85,16.3,17.23,4336,2519,80
2022,"2022.04",5,"Statistische Quartiere",92,"Altstetten",9,"2 , 3  und 4 Zimmer",2,"Nicht gemeinnützig",2,"Quadratmeter",1,"netto",23.34,22.73,23.95,19.24,17.97,19.68,22.09,21.67,22.71,26.92,25.89,28.06,9704,1380,135
2024,"2024.04",5,"Statistische Quartiere",92,"Altstetten",9,"2 , 3  und 4 Zimmer",2,"Nicht gemeinnützig",2,"Quadratmeter",1,"netto",25.15,24.73,25.56,20.15,19.79,20.71,24.34,23.79,25.41,29.45,28.57,30.45,9919,2735,192
2022,"2022.04",5,"Statistische Quartiere",101,"Höngg",9,"2 , 3  und 4 Zimmer",1,"Gemeinnützig",2,"Quadratmeter",1,"netto",14.72,14.38,15.05,12.54,12.37,12.68,13.94,13.65,14.22,15.83,15.48,16.16,2345,1763,60
2024,"2024.04",5,"Statistische Quartiere",101,"Höngg",9,"2 , 3  und 4 Zimmer",1,"Gemeinnützig",2,"Quadratmeter",1,"netto",15.51,15.25,15.76,13.28,13.1,13.41,14.65,14.45,14.87,16.95,16.68,17.25,2320,1785,54
2022,"2022.04",5,"Statistische Quartiere",101,"Höngg",9,"2 , 3  und 4 Zimmer",2,"Nicht gemeinnützig",2,"Quadratmeter",1,"netto",23.78,22.68,24.89,19.2,18.12,19.54,22.76,21.26,24.17,27.15,26.23,28.15,5907,1275,104
2024,"2024.04",5,"Statistische Quartiere",101,"Höngg",9,"2 , 3  und 4 Zimmer",2,"Nicht gemeinnützig",2,"Quadratmeter",1,"netto",23.64,23.1,24.18,19.36,18.76,20.16,23.28,22.57,24.14,27.14,26.36,27.9,5877,1267,170
2022,"2022.04",5,"Statistische Quartiere",102,"Wipkingen",9,"2 , 3  und 4 Zimmer",1,"Gemeinnützig",2,"Quadratmeter",1,"netto",14.77,14.44,15.09,11.86,11.46,12.25,14.41,13.67,15.12,17.34,16.77,17.87,2338,1338,85
2024,"2024.04",5,"Statistische Quartiere",102,"Wipkingen",9,"2 , 3  und 4 Zimmer",1,"Gemeinnützig",2,"Quadratmeter",1,"netto",15.57,15.29,15.85,12.79,12.64,13.1,15.32,14.83,15.58,17.72,17.29,18.2,2349,1343,79
2022,"2022.04",5,"Statistische Quartiere",102,"Wipkingen",9,"2 , 3  und 4 Zimmer",2,"Nicht gemeinnützig",2,"Quadratmeter",1,"netto",24.95,23.81,26.08,19.63,18.11,20.72,24.26,23.04,25.72,28.47,27.6,30.52,4499,568,112
2024,"2024.04",5,"Statistische Quartiere",102,"Wipkingen",9,"2 , 3  und 4 Zimmer",2,"Nicht gemeinnützig",2,"Quadratmeter",1,"netto",25.9,25.04,26.76,20.77,19.65,22.52,25.04,24.01,26.28,29.97,28.68,31.59,4447,440,158
2022,"2022.04",5,"Statistische Quartiere",111,"Affoltern",9,"2 , 3  und 4 Zimmer",1,"Gemeinnützig",2,"Quadratmeter",1,"netto",15.17,14.97,15.38,13.4,13.29,13.49,14.5,14.37,14.72,16.49,16.33,16.64,3739,2391,127
2024,"2024.04",5,"Statistische Quartiere",111,"Affoltern",9,"2 , 3  und 4 Zimmer",1,"Gemeinnützig",2,"Quadratmeter",1,"netto",16.29,16.05,16.54,14.09,13.88,14.24,15.71,15.43,16.11,18.03,17.62,18.32,3835,2303,119
2022,"2022.04",5,"Statistische Quartiere",111,"Affoltern",9,"2 , 3  und 4 Zimmer",2,"Nicht gemeinnützig",2,"Quadratmeter",1,"netto",20.62,20.07,21.17,17.07,16.4,17.78,20.18,19.13,21.28,23.26,22.99,24.55,5124,1397,100
2024,"2024.04",5,"Statistische Quartiere",111,"Affoltern",9,"2 , 3  und 4 Zimmer",2,"Nicht gemeinnützig",2,"Quadratmeter",1,"netto",22.23,21.72,22.74,18.15,17.33,18.92,21.95,21.37,22.54,25.77,25.07,26.48,4985,1185,150
2022,"2022.04",5,"Statistische Quartiere",115,"Oerlikon",9,"2 , 3  und 4 Zimmer",1,"Gemeinnützig",2,"Quadratmeter",1,"netto",14.15,13.88,14.43,12.2,12.06,12.31,13.35,13.19,13.55,15.52,15.23,16.1,1341,968,68
2024,"2024.04",5,"Statistische Quartiere",115,"Oerlikon",9,"2 , 3  und 4 Zimmer",1,"Gemeinnützig",2,"Quadratmeter",1,"netto",15.8,15.46,16.13,13.54,13.42,13.62,14.62,14.46,14.91,17.59,16.94,18.32,1403,1074,48
2022,"2022.04",5,"Statistische Quartiere",115,"Oerlikon",9,"2 , 3  und 4 Zimmer",2,"Nicht gemeinnützig",2,"Quadratmeter",1,"netto",23.69,23.04,24.33,19.29,18.16,20.18,22.98,22.12,23.65,27.45,26.05,28.33,7609,1418,136
2024,"2024.04",5,"Statistische Quartiere",115,"Oerlikon",9,"2 , 3  und 4 Zimmer",2,"Nicht gemeinnützig",2,"Quadratmeter",1,"netto",25.16,24.61,25.71,20.35,19.97,21.25,24.72,23.99,25.03,29.34,28.54,30.2,7164,1454,179
2022,"2022.04",5,"Statistische Quartiere",119,"Seebach",9,"2 , 3  und 4 Zimmer",1,"Gemeinnützig",2,"Quadratmeter",1,"netto",14.34,14.13,14.56,12.05,12.02,12.31,13.61,13.43,13.9,16.36,15.77,16.72,2387,1719,80
2024,"2024.04",5,"Statistische Quartiere",119,"Seebach",9,"2 , 3  und 4 Zimmer",1,"Gemeinnützig",2,"Quadratmeter",1,"netto",15.38,15.22,15.54,12.67,12.56,12.84,14.9,14.75,15.08,17.64,17.43,17.82,2425,1911,79
2022,"2022.04",5,"Statistische Quartiere",119,"Seebach",9,"2 , 3  und 4 Zimmer",2,"Nicht gemeinnützig",2,"Quadratmeter",1,"netto",22.12,21.64,22.61,18.53,17.86,19.29,21.36,20.91,22.31,25,24.28,26.08,6461,1378,137
2024,"2024.04",5,"Statistische Quartiere",119,"Seebach",9,"2 , 3  und 4 Zimmer",2,"Nicht gemeinnützig",2,"Quadratmeter",1,"netto",23.86,23.33,24.39,18.86,18.36,19.59,23.14,22.55,23.85,27.52,26.7,28.39,6606,1279,189
2022,"2022.04",5,"Statistische Quartiere",121,"Saatlen",9,"2 , 3  und 4 Zimmer",1,"Gemeinnützig",2,"Quadratmeter",1,"netto",14.07,13.89,14.24,11.76,11.43,12.04,13.86,13.71,14.06,16.32,16.06,16.7,2351,1642,57
2024,"2024.04",5,"Statistische Quartiere",121,"Saatlen",9,"2 , 3  und 4 Zimmer",1,"Gemeinnützig",2,"Quadratmeter",1,"netto",14.75,14.52,14.98,12.71,12.19,13.07,14.63,14.3,14.94,16.94,16.52,17.55,2350,1458,57
2022,"2022.04",5,"Statistische Quartiere",121,"Saatlen",9,"2 , 3  und 4 Zimmer",2,"Nicht gemeinnützig",2,"Quadratmeter",1,"netto",22.06,21.2,22.93,18.08,15.9,20.03,22.48,21.93,23.19,24.97,23.67,26.56,517,48,57
2024,"2024.04",5,"Statistische Quartiere",121,"Saatlen",9,"2 , 3  und 4 Zimmer",2,"Nicht gemeinnützig",2,"Quadratmeter",1,"netto",22.92,22.19,23.65,19.46,17.57,19.98,23.16,22.09,24.04,25.82,25.22,26.71,480,50,81
2022,"2022.04",5,"Statistische Quartiere",122,"Schwamendingen-Mitte",9,"2 , 3  und 4 Zimmer",1,"Gemeinnützig",2,"Quadratmeter",1,"netto",13.51,13.25,13.77,10.51,10.43,10.92,12.87,12.62,13.39,15.79,15.3,16.12,1652,927,94
2024,"2024.04",5,"Statistische Quartiere",122,"Schwamendingen-Mitte",9,"2 , 3  und 4 Zimmer",1,"Gemeinnützig",2,"Quadratmeter",1,"netto",14.66,14.43,14.88,11.97,11.49,12.32,14.35,13.89,14.77,17.36,16.89,17.71,1768,932,90
2022,"2022.04",5,"Statistische Quartiere",122,"Schwamendingen-Mitte",9,"2 , 3  und 4 Zimmer",2,"Nicht gemeinnützig",2,"Quadratmeter",1,"netto",20.31,19.57,21.06,17.01,16.36,17.78,21.18,19.68,21.82,23.44,22.31,24.37,2760,346,92
2024,"2024.04",5,"Statistische Quartiere",122,"Schwamendingen-Mitte",9,"2 , 3  und 4 Zimmer",2,"Nicht gemeinnützig",2,"Quadratmeter",1,"netto",21.41,20.7,22.12,17.84,16.82,18.6,21.23,20.37,22.14,24.09,23.4,26.02,2753,306,138
2022,"2022.04",5,"Statistische Quartiere",123,"Hirzenbach",9,"2 , 3  und 4 Zimmer",1,"Gemeinnützig",2,"Quadratmeter",1,"netto",13.87,13.7,14.03,11.23,10.92,11.38,13.13,12.87,13.6,16.54,16.45,16.7,2388,1720,69
2024,"2024.04",5,"Statistische Quartiere",123,"Hirzenbach",9,"2 , 3  und 4 Zimmer",1,"Gemeinnützig",2,"Quadratmeter",1,"netto",14.88,14.75,15.01,12.31,12.14,12.5,15.3,14.9,15.54,17.19,17.14,17.26,2471,1805,68
2022,"2022.04",5,"Statistische Quartiere",123,"Hirzenbach",9,"2 , 3  und 4 Zimmer",2,"Nicht gemeinnützig",2,"Quadratmeter",1,"netto",21.37,20.81,21.92,18.28,17.43,18.92,20.76,20,21.84,24.22,23.64,25,2476,888,76
2024,"2024.04",5,"Statistische Quartiere",123,"Hirzenbach",9,"2 , 3  und 4 Zimmer",2,"Nicht gemeinnützig",2,"Quadratmeter",1,"netto",22.68,22.28,23.08,19.57,18.79,19.99,23.18,22.39,23.7,26.14,25.66,26.51,2145,789,124
2022,"2022.04",5,"Statistische Quartiere",0,"Ganze Stadt",9,"2 , 3  und 4 Zimmer",1,"Gemeinnützig",2,"Quadratmeter",2,"brutto",16.67,16.59,16.74,14.03,13.98,14.08,15.9,15.85,15.97,18.59,18.49,18.69,48986,31108,1695
2024,"2024.04",5,"Statistische Quartiere",0,"Ganze Stadt",9,"2 , 3  und 4 Zimmer",1,"Gemeinnützig",2,"Quadratmeter",2,"brutto",17.93,17.86,18,15.24,15.17,15.3,17.24,17.15,17.33,19.9,19.82,20.03,49465,32054,1664
2022,"2022.04",5,"Statistische Quartiere",0,"Ganze Stadt",9,"2 , 3  und 4 Zimmer",2,"Nicht gemeinnützig",2,"Quadratmeter",2,"brutto",27.55,27.37,27.73,21.99,21.82,22.21,26.42,26.22,26.63,31.87,31.58,32.13,112783,19644,3668
2024,"2024.04",5,"Statistische Quartiere",0,"Ganze Stadt",9,"2 , 3  und 4 Zimmer",2,"Nicht gemeinnützig",2,"Quadratmeter",2,"brutto",29.46,29.31,29.6,23.29,23.13,23.54,28.4,28.24,28.6,34.31,34.08,34.56,111769,22301,5270
2022,"2022.04",5,"Statistische Quartiere",11,"Rathaus",9,"2 , 3  und 4 Zimmer",1,"Gemeinnützig",2,"Quadratmeter",2,"brutto",19.4,19.32,19.48,14.55,14.52,14.6,18.36,18.28,18.52,22.76,22.68,22.89,415,408,0
2024,"2024.04",5,"Statistische Quartiere",11,"Rathaus",9,"2 , 3  und 4 Zimmer",1,"Gemeinnützig",2,"Quadratmeter",2,"brutto",20.96,20.85,21.07,15.98,15.95,16.09,20.04,20,20.17,24.57,24.55,24.67,421,395,20
2022,"2022.04",5,"Statistische Quartiere",11,"Rathaus",9,"2 , 3  und 4 Zimmer",2,"Nicht gemeinnützig",2,"Quadratmeter",2,"brutto",36.31,34.74,37.87,28.82,26.21,30.97,37.3,34.22,39.52,42.85,41.67,46.02,1000,95,112
2024,"2024.04",5,"Statistische Quartiere",11,"Rathaus",9,"2 , 3  und 4 Zimmer",2,"Nicht gemeinnützig",2,"Quadratmeter",2,"brutto",39.59,38.29,40.88,30.15,28.59,33.09,39.01,37.67,40.36,47.85,45.49,49.54,972,121,158
2022,"2022.04",5,"Statistische Quartiere",12,"Hochschulen",9,"2 , 3  und 4 Zimmer",1,"Gemeinnützig",2,"Quadratmeter",2,"brutto",20.26,20.26,20.26,17.4,17.4,17.4,20.86,21.19,21.19,23.1,23.06,23.06,31,31,0
2024,"2024.04",5,"Statistische Quartiere",12,"Hochschulen",9,"2 , 3  und 4 Zimmer",1,"Gemeinnützig",2,"Quadratmeter",2,"brutto",27.06,26.84,27.28,21.46,21.46,21.93,25.15,24.97,25.18,32.85,27.36,32.5,38,37,0
2022,"2022.04",5,"Statistische Quartiere",12,"Hochschulen",9,"2 , 3  und 4 Zimmer",2,"Nicht gemeinnützig",2,"Quadratmeter",2,"brutto",30.27,29.1,31.44,21.94,20.4,22.62,30.46,29.47,33.19,39.53,35.37,40.74,126,23,54
2024,"2024.04",5,"Statistische Quartiere",12,"Hochschulen",9,"2 , 3  und 4 Zimmer",2,"Nicht gemeinnützig",2,"Quadratmeter",2,"brutto",33.61,32.68,34.54,23.7,22.85,26.72,35.35,34,35.96,40.64,39.88,42.72,115,5,83
2022,"2022.04",5,"Statistische Quartiere",13,"Lindenhof",9,"2 , 3  und 4 Zimmer",1,"Gemeinnützig",2,"Quadratmeter",2,"brutto",19,18.9,19.11,15.18,14.99,15.71,18.65,18.5,18.76,22.68,22.29,22.69,115,113,0
2024,"2024.04",5,"Statistische Quartiere",13,"Lindenhof",9,"2 , 3  und 4 Zimmer",1,"Gemeinnützig",2,"Quadratmeter",2,"brutto",20.47,20.39,20.55,16.59,16.34,16.68,19.96,19.95,19.97,24.21,24.11,24.21,114,113,0
2022,"2022.04",5,"Statistische Quartiere",13,"Lindenhof",9,"2 , 3  und 4 Zimmer",2,"Nicht gemeinnützig",2,"Quadratmeter",2,"brutto",38.61,36.72,40.5,29.62,25.87,34.39,39.04,37.59,41.38,49.16,44.38,50.38,429,53,79
2024,"2024.04",5,"Statistische Quartiere",13,"Lindenhof",9,"2 , 3  und 4 Zimmer",2,"Nicht gemeinnützig",2,"Quadratmeter",2,"brutto",42.65,40.75,44.55,32.47,30.81,36.43,43.37,40.02,45.81,50,48.64,52.83,410,60,105
2022,"2022.04",5,"Statistische Quartiere",14,"City",9,"2 , 3  und 4 Zimmer",1,"Gemeinnützig",2,"Quadratmeter",2,"brutto",15.95,15.87,16.03,12.48,12.44,12.63,15.99,15.91,16.02,17.59,17.55,17.61,78,77,0
2024,"2024.04",5,"Statistische Quartiere",14,"City",9,"2 , 3  und 4 Zimmer",1,"Gemeinnützig",2,"Quadratmeter",2,"brutto",17.67,17.52,17.83,13.59,13.59,13.62,16.66,16.31,16.82,19.13,18.94,19.42,76,75,0
2022,"2022.04",5,"Statistische Quartiere",14,"City",9,"2 , 3  und 4 Zimmer",2,"Nicht gemeinnützig",2,"Quadratmeter",2,"brutto",31.99,30.5,33.48,25.36,23.22,28.24,31.4,28.95,35.65,38.3,36.67,39.07,177,17,52
2024,"2024.04",5,"Statistische Quartiere",14,"City",9,"2 , 3  und 4 Zimmer",2,"Nicht gemeinnützig",2,"Quadratmeter",2,"brutto",33.12,31.78,34.45,26.22,23.91,28.02,31.92,30.22,33.49,39.12,36.67,40.5,183,26,74
2022,"2022.04",5,"Statistische Quartiere",21,"Wollishofen",9,"2 , 3  und 4 Zimmer",1,"Gemeinnützig",2,"Quadratmeter",2,"brutto",16.25,15.75,16.75,14.11,13.67,14.29,15.87,15.17,16.44,17.64,17.23,18.4,2656,1165,77
2024,"2024.04",5,"Statistische Quartiere",21,"Wollishofen",9,"2 , 3  und 4 Zimmer",1,"Gemeinnützig",2,"Quadratmeter",2,"brutto",18.43,18.08,18.78,15.91,15.57,16.22,17.83,17.45,18.28,20.57,19.91,21.15,2706,1298,74
2022,"2022.04",5,"Statistische Quartiere",21,"Wollishofen",9,"2 , 3  und 4 Zimmer",2,"Nicht gemeinnützig",2,"Quadratmeter",2,"brutto",28.27,27.39,29.15,23.49,22.6,24.68,27.9,27.23,28.67,32.22,31.18,33.39,4859,1035,145
2024,"2024.04",5,"Statistische Quartiere",21,"Wollishofen",9,"2 , 3  und 4 Zimmer",2,"Nicht gemeinnützig",2,"Quadratmeter",2,"brutto",30.3,29.65,30.95,24.46,23.67,25.67,29.51,28.8,30.45,34.59,33.11,36.36,5084,1136,216
2022,"2022.04",5,"Statistische Quartiere",23,"Leimbach",9,"2 , 3  und 4 Zimmer",1,"Gemeinnützig",2,"Quadratmeter",2,"brutto",19.16,18.82,19.5,15.87,15.38,16.15,18.05,17.84,18.54,22.3,21.99,22.43,1153,922,27
2024,"2024.04",5,"Statistische Quartiere",23,"Leimbach",9,"2 , 3  und 4 Zimmer",1,"Gemeinnützig",2,"Quadratmeter",2,"brutto",20.27,20.14,20.39,17.19,16.91,17.48,20.06,19.77,20.25,23.23,23.09,23.44,1117,933,54
2022,"2022.04",5,"Statistische Quartiere",23,"Leimbach",9,"2 , 3  und 4 Zimmer",2,"Nicht gemeinnützig",2,"Quadratmeter",2,"brutto",25.07,24.13,26.01,20.47,20.06,21.82,22.63,21.86,23.98,27.54,24.91,31.28,790,87,59
2024,"2024.04",5,"Statistische Quartiere",23,"Leimbach",9,"2 , 3  und 4 Zimmer",2,"Nicht gemeinnützig",2,"Quadratmeter",2,"brutto",25.83,25.16,26.51,21.65,21.07,22.45,25.1,24.42,26.28,28.41,27.5,29.39,792,91,97
2022,"2022.04",5,"Statistische Quartiere",24,"Enge",9,"2 , 3  und 4 Zimmer",1,"Gemeinnützig",2,"Quadratmeter",2,"brutto",16.05,15.59,16.51,13.24,12.58,13.9,15.72,14.54,16.17,18.7,17.16,19.39,333,90,60
2024,"2024.04",5,"Statistische Quartiere",24,"Enge",9,"2 , 3  und 4 Zimmer",1,"Gemeinnützig",2,"Quadratmeter",2,"brutto",16.68,16.21,17.15,14.05,12.93,14.75,15.9,15.22,16.89,18.44,18.2,19.16,332,90,59
2022,"2022.04",5,"Statistische Quartiere",24,"Enge",9,"2 , 3  und 4 Zimmer",2,"Nicht gemeinnützig",2,"Quadratmeter",2,"brutto",31.49,30.34,32.63,24.69,22.86,25.78,30.66,28.99,31.94,37.62,35.62,39.52,3218,621,119
2024,"2024.04",5,"Statistische Quartiere",24,"Enge",9,"2 , 3  und 4 Zimmer",2,"Nicht gemeinnützig",2,"Quadratmeter",2,"brutto",33.06,32,34.11,26.58,25,28.12,32.2,30.46,34.09,39.88,37.42,41.36,3237,676,170
2022,"2022.04",5,"Statistische Quartiere",31,"Alt-Wiedikon",9,"2 , 3  und 4 Zimmer",1,"Gemeinnützig",2,"Quadratmeter",2,"brutto",16.14,15.9,16.38,14.1,13.93,14.34,15.76,15.16,16.12,17.48,17.14,18.12,701,377,66
2024,"2024.04",5,"Statistische Quartiere",31,"Alt-Wiedikon",9,"2 , 3  und 4 Zimmer",1,"Gemeinnützig",2,"Quadratmeter",2,"brutto",18.19,17.63,18.75,14.31,14.05,14.82,16.96,16.38,17.39,19.84,19.08,20.36,715,376,68
2022,"2022.04",5,"Statistische Quartiere",31,"Alt-Wiedikon",9,"2 , 3  und 4 Zimmer",2,"Nicht gemeinnützig",2,"Quadratmeter",2,"brutto",27.4,26.6,28.2,21.97,21.3,23,26.37,24.91,27.66,31.73,30.06,33.6,6265,1041,131
2024,"2024.04",5,"Statistische Quartiere",31,"Alt-Wiedikon",9,"2 , 3  und 4 Zimmer",2,"Nicht gemeinnützig",2,"Quadratmeter",2,"brutto",29.29,28.58,30.01,22.82,22.28,24.02,28.36,27.3,29.12,33.93,32.78,34.98,6308,1087,209
2022,"2022.04",5,"Statistische Quartiere",33,"Friesenberg",9,"2 , 3  und 4 Zimmer",1,"Gemeinnützig",2,"Quadratmeter",2,"brutto",15.87,15.73,16,13.7,13.63,13.75,15.6,15.55,15.66,17.8,17.61,17.86,2637,2233,48
2024,"2024.04",5,"Statistische Quartiere",33,"Friesenberg",9,"2 , 3  und 4 Zimmer",1,"Gemeinnützig",2,"Quadratmeter",2,"brutto",16.42,16.35,16.48,14.43,14.41,14.44,16.06,16.04,16.1,18.04,17.97,18.11,2618,2296,69
2022,"2022.04",5,"Statistische Quartiere",33,"Friesenberg",9,"2 , 3  und 4 Zimmer",2,"Nicht gemeinnützig",2,"Quadratmeter",2,"brutto",26.14,25.32,26.97,21.2,20.22,23.39,25.93,25.17,27.54,30.11,28.65,31.16,792,195,66
2024,"2024.04",5,"Statistische Quartiere",33,"Friesenberg",9,"2 , 3  und 4 Zimmer",2,"Nicht gemeinnützig",2,"Quadratmeter",2,"brutto",28.48,27.73,29.23,22.92,21.8,24.36,27.9,26.79,29.31,33.64,33.02,34.77,842,194,99
2022,"2022.04",5,"Statistische Quartiere",34,"Sihlfeld",9,"2 , 3  und 4 Zimmer",1,"Gemeinnützig",2,"Quadratmeter",2,"brutto",15.75,15.32,16.19,12.96,12.68,13.08,14.75,14.13,15.61,18.01,17.38,18.91,3030,1265,86
2024,"2024.04",5,"Statistische Quartiere",34,"Sihlfeld",9,"2 , 3  und 4 Zimmer",1,"Gemeinnützig",2,"Quadratmeter",2,"brutto",17.07,16.54,17.59,14.34,13.54,14.79,16.46,16.01,17.24,19.86,19.06,20.41,2970,1270,75
2022,"2022.04",5,"Statistische Quartiere",34,"Sihlfeld",9,"2 , 3  und 4 Zimmer",2,"Nicht gemeinnützig",2,"Quadratmeter",2,"brutto",27.74,26.71,28.76,22.2,21.6,23.13,26,24.67,27.67,32.5,30.54,34,7065,813,148
2024,"2024.04",5,"Statistische Quartiere",34,"Sihlfeld",9,"2 , 3  und 4 Zimmer",2,"Nicht gemeinnützig",2,"Quadratmeter",2,"brutto",29.91,29.09,30.73,23.88,22.97,24.86,28.96,28.26,30.33,36,33.97,37.59,6843,1100,208
2022,"2022.04",5,"Statistische Quartiere",41,"Werd",9,"2 , 3  und 4 Zimmer",1,"Gemeinnützig",2,"Quadratmeter",2,"brutto",18.78,18.51,19.04,16.14,15.85,16.58,17.98,17.39,18.18,20.76,20.39,21.33,161,58,59
2024,"2024.04",5,"Statistische Quartiere",41,"Werd",9,"2 , 3  und 4 Zimmer",1,"Gemeinnützig",2,"Quadratmeter",2,"brutto",21.68,20.29,23.08,16.62,15.82,19.11,21.22,19.09,23.55,24.59,22.29,26.4,154,55,31
2022,"2022.04",5,"Statistische Quartiere",41,"Werd",9,"2 , 3  und 4 Zimmer",2,"Nicht gemeinnützig",2,"Quadratmeter",2,"brutto",30.25,29.3,31.2,24.4,23.27,26.11,29.47,28.55,30.8,36.12,34.35,37.35,1700,329,101
2024,"2024.04",5,"Statistische Quartiere",41,"Werd",9,"2 , 3  und 4 Zimmer",2,"Nicht gemeinnützig",2,"Quadratmeter",2,"brutto",32.12,31.21,33.03,24.82,24.01,26.76,31.51,30.22,33.12,39.05,37.38,39.91,1696,362,134
2022,"2022.04",5,"Statistische Quartiere",42,"Langstrasse",9,"2 , 3  und 4 Zimmer",1,"Gemeinnützig",2,"Quadratmeter",2,"brutto",20.3,19.57,21.02,14.67,14.2,15.3,18.93,18.26,19.45,22.63,21.88,24.52,846,583,42
2024,"2024.04",5,"Statistische Quartiere",42,"Langstrasse",9,"2 , 3  und 4 Zimmer",1,"Gemeinnützig",2,"Quadratmeter",2,"brutto",21.94,21.38,22.51,17.19,16.97,17.45,19.58,19.08,20.04,23.62,23.36,24.59,850,601,42
2022,"2022.04",5,"Statistische Quartiere",42,"Langstrasse",9,"2 , 3  und 4 Zimmer",2,"Nicht gemeinnützig",2,"Quadratmeter",2,"brutto",29.33,28.53,30.13,22.89,21.77,23.98,28.69,27.51,30.18,35.63,33.71,37,4174,631,138
2024,"2024.04",5,"Statistische Quartiere",42,"Langstrasse",9,"2 , 3  und 4 Zimmer",2,"Nicht gemeinnützig",2,"Quadratmeter",2,"brutto",32.07,31.32,32.82,24.9,23.81,26.4,31.76,30.36,32.47,37.99,36.94,39.57,4180,1106,192
2022,"2022.04",5,"Statistische Quartiere",44,"Hard",9,"2 , 3  und 4 Zimmer",1,"Gemeinnützig",2,"Quadratmeter",2,"brutto",16.19,15.87,16.51,13.57,13.43,13.73,15.18,14.94,15.35,17.05,16.81,17.43,2990,2209,65
2024,"2024.04",5,"Statistische Quartiere",44,"Hard",9,"2 , 3  und 4 Zimmer",1,"Gemeinnützig",2,"Quadratmeter",2,"brutto",17.68,17.42,17.94,15.23,15.08,15.35,16.67,16.59,16.76,18.89,18.58,19.16,3085,2442,63
2022,"2022.04",5,"Statistische Quartiere",44,"Hard",9,"2 , 3  und 4 Zimmer",2,"Nicht gemeinnützig",2,"Quadratmeter",2,"brutto",27.42,26.46,28.38,21.07,19.89,22.04,26.73,24.52,28.39,33.41,31.72,35.4,2539,367,131
2024,"2024.04",5,"Statistische Quartiere",44,"Hard",9,"2 , 3  und 4 Zimmer",2,"Nicht gemeinnützig",2,"Quadratmeter",2,"brutto",30.12,29.42,30.81,24.56,23.67,25.64,29.99,29.2,30.74,35,33.92,36.5,2484,278,193
2022,"2022.04",5,"Statistische Quartiere",51,"Gewerbeschule",9,"2 , 3  und 4 Zimmer",1,"Gemeinnützig",2,"Quadratmeter",2,"brutto",16.31,16.08,16.55,13.68,13.34,14.1,15.66,15.41,16.09,18.41,18.11,19.07,1463,976,60
2024,"2024.04",5,"Statistische Quartiere",51,"Gewerbeschule",9,"2 , 3  und 4 Zimmer",1,"Gemeinnützig",2,"Quadratmeter",2,"brutto",18.12,17.88,18.36,15.41,15.25,15.54,17.85,17.65,18.25,20.47,20.07,20.61,1480,997,59
2022,"2022.04",5,"Statistische Quartiere",51,"Gewerbeschule",9,"2 , 3  und 4 Zimmer",2,"Nicht gemeinnützig",2,"Quadratmeter",2,"brutto",28.85,27.68,30.03,23.12,21.61,24.85,28.27,25.96,29.25,33.07,31.51,36.46,2537,326,86
2024,"2024.04",5,"Statistische Quartiere",51,"Gewerbeschule",9,"2 , 3  und 4 Zimmer",2,"Nicht gemeinnützig",2,"Quadratmeter",2,"brutto",31.24,30.07,32.4,25.17,23.53,26.53,29.51,28.06,31.17,36.43,34.68,38.59,2475,327,131
2022,"2022.04",5,"Statistische Quartiere",52,"Escher Wyss",9,"2 , 3  und 4 Zimmer",1,"Gemeinnützig",2,"Quadratmeter",2,"brutto",13.64,13.61,13.66,11.62,11.61,11.65,12.9,12.85,13,15.49,15.39,15.55,217,214,0
2024,"2024.04",5,"Statistische Quartiere",52,"Escher Wyss",9,"2 , 3  und 4 Zimmer",1,"Gemeinnützig",2,"Quadratmeter",2,"brutto",13.87,13.87,13.87,11.82,11.85,11.85,12.55,12.55,12.55,15.83,15.78,15.78,182,182,0
2022,"2022.04",5,"Statistische Quartiere",52,"Escher Wyss",9,"2 , 3  und 4 Zimmer",2,"Nicht gemeinnützig",2,"Quadratmeter",2,"brutto",28.69,28,29.38,23.2,22.73,24.43,28.8,28.1,29.79,33.33,32.96,34.91,1687,642,106
2024,"2024.04",5,"Statistische Quartiere",52,"Escher Wyss",9,"2 , 3  und 4 Zimmer",2,"Nicht gemeinnützig",2,"Quadratmeter",2,"brutto",30.57,30.02,31.11,25.25,23.78,26.4,31.57,30.75,32.19,36.06,35.22,36.9,1575,646,103
2022,"2022.04",5,"Statistische Quartiere",61,"Unterstrass",9,"2 , 3  und 4 Zimmer",1,"Gemeinnützig",2,"Quadratmeter",2,"brutto",16.58,16.27,16.88,14.79,14.63,15.1,15.87,15.66,16.24,17.2,17.17,17.7,3299,1808,55
2024,"2024.04",5,"Statistische Quartiere",61,"Unterstrass",9,"2 , 3  und 4 Zimmer",1,"Gemeinnützig",2,"Quadratmeter",2,"brutto",17.7,17.48,17.91,15.85,15.68,15.97,17.33,17.16,17.66,18.97,18.45,19.56,3446,2019,70
2022,"2022.04",5,"Statistische Quartiere",61,"Unterstrass",9,"2 , 3  und 4 Zimmer",2,"Nicht gemeinnützig",2,"Quadratmeter",2,"brutto",27.84,26.9,28.78,22.61,21.43,23.99,27.72,26.42,28.57,32.71,31.79,34.46,5683,920,140
2024,"2024.04",5,"Statistische Quartiere",61,"Unterstrass",9,"2 , 3  und 4 Zimmer",2,"Nicht gemeinnützig",2,"Quadratmeter",2,"brutto",29.7,28.93,30.48,23.67,22.51,25.29,29.94,28.3,30.87,34.85,33.82,36.03,5529,975,204
2022,"2022.04",5,"Statistische Quartiere",63,"Oberstrass",9,"2 , 3  und 4 Zimmer",1,"Gemeinnützig",2,"Quadratmeter",2,"brutto",17.44,17.22,17.65,14.43,14.36,14.47,16.39,16.35,16.45,18.48,18.27,18.64,472,376,56
2024,"2024.04",5,"Statistische Quartiere",63,"Oberstrass",9,"2 , 3  und 4 Zimmer",1,"Gemeinnützig",2,"Quadratmeter",2,"brutto",18.48,18.26,18.7,15.29,15.25,15.37,17.46,17.41,17.53,19.72,19.56,19.93,478,384,58
2022,"2022.04",5,"Statistische Quartiere",63,"Oberstrass",9,"2 , 3  und 4 Zimmer",2,"Nicht gemeinnützig",2,"Quadratmeter",2,"brutto",30.15,28.9,31.41,23.97,22.58,25.78,30.04,28.07,31.17,35.81,33.74,37.76,2722,183,122
2024,"2024.04",5,"Statistische Quartiere",63,"Oberstrass",9,"2 , 3  und 4 Zimmer",2,"Nicht gemeinnützig",2,"Quadratmeter",2,"brutto",31.91,30.85,32.97,24.08,22.18,25.75,31.87,30.85,32.62,37.78,36.21,39.4,2674,250,175
2022,"2022.04",5,"Statistische Quartiere",71,"Fluntern",9,"2 , 3  und 4 Zimmer",1,"Gemeinnützig",2,"Quadratmeter",2,"brutto",18.2,17.85,18.55,15.72,15.69,15.77,17.32,17.27,17.57,19.63,19.51,20.05,174,146,4
2024,"2024.04",5,"Statistische Quartiere",71,"Fluntern",9,"2 , 3  und 4 Zimmer",1,"Gemeinnützig",2,"Quadratmeter",2,"brutto",20.39,20,20.78,16.54,16.37,16.71,17.95,17.84,18.02,19.9,19.54,20.16,185,159,0
2022,"2022.04",5,"Statistische Quartiere",71,"Fluntern",9,"2 , 3  und 4 Zimmer",2,"Nicht gemeinnützig",2,"Quadratmeter",2,"brutto",31.58,30.35,32.81,25.79,23.13,27.3,32,30.18,33.52,36.19,35.59,38.15,1908,287,116
2024,"2024.04",5,"Statistische Quartiere",71,"Fluntern",9,"2 , 3  und 4 Zimmer",2,"Nicht gemeinnützig",2,"Quadratmeter",2,"brutto",33.29,32.32,34.25,25.91,25,27.45,32.18,31.25,33.16,38.09,36.79,39.53,1837,302,164
2022,"2022.04",5,"Statistische Quartiere",72,"Hottingen",9,"2 , 3  und 4 Zimmer",1,"Gemeinnützig",2,"Quadratmeter",2,"brutto",22.31,22.14,22.48,19.05,18.95,19.13,22.87,22.68,23.11,25.49,25.36,25.69,377,276,78
2024,"2024.04",5,"Statistische Quartiere",72,"Hottingen",9,"2 , 3  und 4 Zimmer",1,"Gemeinnützig",2,"Quadratmeter",2,"brutto",25.04,24.76,25.31,21.9,21.6,22.12,24.91,24.71,25.11,27.41,27.12,27.66,379,279,67
2022,"2022.04",5,"Statistische Quartiere",72,"Hottingen",9,"2 , 3  und 4 Zimmer",2,"Nicht gemeinnützig",2,"Quadratmeter",2,"brutto",30.58,29.13,32.03,24.27,22.7,26.19,30.68,28.38,31.85,35.29,33.87,36.62,3005,253,127
2024,"2024.04",5,"Statistische Quartiere",72,"Hottingen",9,"2 , 3  und 4 Zimmer",2,"Nicht gemeinnützig",2,"Quadratmeter",2,"brutto",33.49,32.36,34.61,27.24,25.6,28.53,32.96,31.43,33.8,38.66,36.37,39.37,2960,280,164
2022,"2022.04",5,"Statistische Quartiere",73,"Hirslanden",9,"2 , 3  und 4 Zimmer",1,"Gemeinnützig",2,"Quadratmeter",2,"brutto",16.37,16.07,16.66,13.76,13.59,14.67,15.41,14.77,16.68,19.13,17.69,19.44,388,143,37
2024,"2024.04",5,"Statistische Quartiere",73,"Hirslanden",9,"2 , 3  und 4 Zimmer",1,"Gemeinnützig",2,"Quadratmeter",2,"brutto",17.45,17.24,17.65,14.17,14.11,14.62,15.54,14.99,16.54,19.99,19.5,20.65,416,158,34
2022,"2022.04",5,"Statistische Quartiere",73,"Hirslanden",9,"2 , 3  und 4 Zimmer",2,"Nicht gemeinnützig",2,"Quadratmeter",2,"brutto",27.66,26.6,28.73,22.21,20.69,24.38,28.22,26.7,29.23,32.59,30.44,35.37,2305,245,107
2024,"2024.04",5,"Statistische Quartiere",73,"Hirslanden",9,"2 , 3  und 4 Zimmer",2,"Nicht gemeinnützig",2,"Quadratmeter",2,"brutto",30.28,29.34,31.23,23.69,22.28,25.27,30.59,29.3,31.68,36.62,35.07,37.69,2351,295,166
2022,"2022.04",5,"Statistische Quartiere",74,"Witikon",9,"2 , 3  und 4 Zimmer",1,"Gemeinnützig",2,"Quadratmeter",2,"brutto",16.59,16.39,16.78,13.53,13.28,13.85,15.4,14.82,15.95,19.2,18.66,19.57,300,152,60
2024,"2024.04",5,"Statistische Quartiere",74,"Witikon",9,"2 , 3  und 4 Zimmer",1,"Gemeinnützig",2,"Quadratmeter",2,"brutto",18.16,17.31,19.01,13.45,13.29,14.18,16.19,15.04,19.1,22.46,21.46,23.27,362,144,39
2022,"2022.04",5,"Statistische Quartiere",74,"Witikon",9,"2 , 3  und 4 Zimmer",2,"Nicht gemeinnützig",2,"Quadratmeter",2,"brutto",24.46,23.73,25.2,20.29,19.47,21.82,24,23.42,24.94,27.1,25.36,29.12,3103,603,94
2024,"2024.04",5,"Statistische Quartiere",74,"Witikon",9,"2 , 3  und 4 Zimmer",2,"Nicht gemeinnützig",2,"Quadratmeter",2,"brutto",27.1,26.44,27.77,22.24,21.69,23.18,26.56,25.96,27.08,30.33,29.61,31.62,3044,704,148
2022,"2022.04",5,"Statistische Quartiere",81,"Seefeld",9,"2 , 3  und 4 Zimmer",1,"Gemeinnützig",2,"Quadratmeter",2,"brutto",18.68,18.56,18.81,16.43,16.14,16.46,17.09,16.97,17.09,20.06,19.93,20.25,189,182,0
2024,"2024.04",5,"Statistische Quartiere",81,"Seefeld",9,"2 , 3  und 4 Zimmer",1,"Gemeinnützig",2,"Quadratmeter",2,"brutto",20.13,19.96,20.31,17.46,17.45,17.52,18.37,18.31,18.41,21.74,21.65,22.16,180,163,10
2022,"2022.04",5,"Statistische Quartiere",81,"Seefeld",9,"2 , 3  und 4 Zimmer",2,"Nicht gemeinnützig",2,"Quadratmeter",2,"brutto",34.45,33.31,35.6,27.49,25.11,29.34,35.47,33.04,36.61,40.68,38.72,41.93,2484,418,127
2024,"2024.04",5,"Statistische Quartiere",81,"Seefeld",9,"2 , 3  und 4 Zimmer",2,"Nicht gemeinnützig",2,"Quadratmeter",2,"brutto",36.88,35.84,37.92,28.5,26.79,30.48,36.98,35.98,38.33,43.25,41.56,44.85,2429,480,183
2022,"2022.04",5,"Statistische Quartiere",82,"Mühlebach",9,"2 , 3  und 4 Zimmer",1,"Gemeinnützig",2,"Quadratmeter",2,"brutto",17.4,17.31,17.49,14.2,14.19,14.24,15.91,15.9,15.98,18.29,18.13,18.37,249,244,0
2024,"2024.04",5,"Statistische Quartiere",82,"Mühlebach",9,"2 , 3  und 4 Zimmer",1,"Gemeinnützig",2,"Quadratmeter",2,"brutto",19.46,19.38,19.53,15.98,15.92,16.02,18.11,18.09,18.15,21.18,20.86,21.2,245,242,0
2022,"2022.04",5,"Statistische Quartiere",82,"Mühlebach",9,"2 , 3  und 4 Zimmer",2,"Nicht gemeinnützig",2,"Quadratmeter",2,"brutto",33.27,32.14,34.4,26.14,24.68,27.14,33.9,31.92,34.77,40,38.61,42.5,2232,542,117
2024,"2024.04",5,"Statistische Quartiere",82,"Mühlebach",9,"2 , 3  und 4 Zimmer",2,"Nicht gemeinnützig",2,"Quadratmeter",2,"brutto",34.75,33.82,35.67,26.25,25.58,27.79,35.17,32.88,36.44,43.25,41.66,44.45,2249,618,168
2022,"2022.04",5,"Statistische Quartiere",83,"Weinegg",9,"2 , 3  und 4 Zimmer",1,"Gemeinnützig",2,"Quadratmeter",2,"brutto",16.57,16.33,16.8,13.56,13.35,13.89,16.13,15.89,16.15,17.93,17.14,18.02,157,133,0
2024,"2024.04",5,"Statistische Quartiere",83,"Weinegg",9,"2 , 3  und 4 Zimmer",1,"Gemeinnützig",2,"Quadratmeter",2,"brutto",17.74,17.58,17.9,14.19,14.19,14.58,16.25,16.21,16.45,19.95,19.53,20.13,160,124,28
2022,"2022.04",5,"Statistische Quartiere",83,"Weinegg",9,"2 , 3  und 4 Zimmer",2,"Nicht gemeinnützig",2,"Quadratmeter",2,"brutto",27.79,26.65,28.93,20.63,19.09,22.57,27.65,26.63,29.74,33.5,32.22,34.3,1663,160,101
2024,"2024.04",5,"Statistische Quartiere",83,"Weinegg",9,"2 , 3  und 4 Zimmer",2,"Nicht gemeinnützig",2,"Quadratmeter",2,"brutto",32.17,31.2,33.14,24.88,23.32,26.11,31.32,29.79,33.04,38.16,36.76,40.1,1632,162,161
2022,"2022.04",5,"Statistische Quartiere",91,"Albisrieden",9,"2 , 3  und 4 Zimmer",1,"Gemeinnützig",2,"Quadratmeter",2,"brutto",16.98,16.76,17.19,13.96,13.7,14.39,16.37,16.11,16.59,19.17,18.79,19.44,3608,2030,99
2024,"2024.04",5,"Statistische Quartiere",91,"Albisrieden",9,"2 , 3  und 4 Zimmer",1,"Gemeinnützig",2,"Quadratmeter",2,"brutto",18.38,18.06,18.7,15.33,14.97,15.91,17.67,17.36,18.08,20.94,20.42,21.29,3499,2059,74
2022,"2022.04",5,"Statistische Quartiere",91,"Albisrieden",9,"2 , 3  und 4 Zimmer",2,"Nicht gemeinnützig",2,"Quadratmeter",2,"brutto",26.38,25.66,27.1,21.67,20.51,22.79,25.89,24.6,26.87,30.26,29,30.79,5263,1040,106
2024,"2024.04",5,"Statistische Quartiere",91,"Albisrieden",9,"2 , 3  und 4 Zimmer",2,"Nicht gemeinnützig",2,"Quadratmeter",2,"brutto",29.08,28.61,29.56,23.08,22.28,23.87,28.2,27.71,28.93,34.29,32.78,34.98,5492,1255,157
2022,"2022.04",5,"Statistische Quartiere",92,"Altstetten",9,"2 , 3  und 4 Zimmer",1,"Gemeinnützig",2,"Quadratmeter",2,"brutto",16.87,16.56,17.18,14.38,14.08,14.64,16.29,15.9,16.94,18.72,18.25,19.11,4406,2407,83
2024,"2024.04",5,"Statistische Quartiere",92,"Altstetten",9,"2 , 3  und 4 Zimmer",1,"Gemeinnützig",2,"Quadratmeter",2,"brutto",17.79,17.54,18.05,15.41,15.23,15.68,17.13,16.89,17.61,19.45,18.84,19.82,4336,2523,80
2022,"2022.04",5,"Statistische Quartiere",92,"Altstetten",9,"2 , 3  und 4 Zimmer",2,"Nicht gemeinnützig",2,"Quadratmeter",2,"brutto",26.23,25.61,26.85,22.02,21.19,22.85,25.02,24.41,26.22,29.48,28.57,31.29,9704,1387,139
2024,"2024.04",5,"Statistische Quartiere",92,"Altstetten",9,"2 , 3  und 4 Zimmer",2,"Nicht gemeinnützig",2,"Quadratmeter",2,"brutto",28.08,27.64,28.52,23.05,22.23,23.76,27.5,26.82,28.09,32.82,31.78,33.7,9919,2800,194
2022,"2022.04",5,"Statistische Quartiere",101,"Höngg",9,"2 , 3  und 4 Zimmer",1,"Gemeinnützig",2,"Quadratmeter",2,"brutto",16.93,16.57,17.3,14.58,14.38,14.71,15.85,15.7,16.1,18.26,17.9,18.65,2345,1764,59
2024,"2024.04",5,"Statistische Quartiere",101,"Höngg",9,"2 , 3  und 4 Zimmer",1,"Gemeinnützig",2,"Quadratmeter",2,"brutto",17.99,17.72,18.26,15.44,15.32,15.66,17.39,17.03,17.64,19.67,19.28,20.1,2320,1779,54
2022,"2022.04",5,"Statistische Quartiere",101,"Höngg",9,"2 , 3  und 4 Zimmer",2,"Nicht gemeinnützig",2,"Quadratmeter",2,"brutto",26.57,25.52,27.62,21.77,21,22.78,25.64,24.79,26.71,30.18,29.45,31.15,5907,1280,115
2024,"2024.04",5,"Statistische Quartiere",101,"Höngg",9,"2 , 3  und 4 Zimmer",2,"Nicht gemeinnützig",2,"Quadratmeter",2,"brutto",26.49,25.92,27.05,22.02,21.28,22.86,25.84,25.05,26.87,30.6,29.72,31.25,5877,1339,171
2022,"2022.04",5,"Statistische Quartiere",102,"Wipkingen",9,"2 , 3  und 4 Zimmer",1,"Gemeinnützig",2,"Quadratmeter",2,"brutto",17.26,16.93,17.59,14.44,14.03,14.85,17.11,16.36,17.59,19.69,19.04,20.24,2338,1347,86
2024,"2024.04",5,"Statistische Quartiere",102,"Wipkingen",9,"2 , 3  und 4 Zimmer",1,"Gemeinnützig",2,"Quadratmeter",2,"brutto",18.33,18.07,18.59,15.98,15.47,16.16,17.64,17.35,18.12,20.26,19.81,21.03,2349,1351,80
2022,"2022.04",5,"Statistische Quartiere",102,"Wipkingen",9,"2 , 3  und 4 Zimmer",2,"Nicht gemeinnützig",2,"Quadratmeter",2,"brutto",27.67,26.48,28.85,22.05,21.29,23.73,26.87,25.22,28.22,31.4,30.46,33.03,4499,569,113
2024,"2024.04",5,"Statistische Quartiere",102,"Wipkingen",9,"2 , 3  und 4 Zimmer",2,"Nicht gemeinnützig",2,"Quadratmeter",2,"brutto",28.76,27.86,29.67,23.88,22.33,25.1,28.03,26.99,29.17,33.15,31.43,34.54,4447,459,159
2022,"2022.04",5,"Statistische Quartiere",111,"Affoltern",9,"2 , 3  und 4 Zimmer",1,"Gemeinnützig",2,"Quadratmeter",2,"brutto",17.05,16.85,17.26,15.03,14.93,15.15,16.13,15.93,16.38,18.75,18.37,18.88,3739,2393,129
2024,"2024.04",5,"Statistische Quartiere",111,"Affoltern",9,"2 , 3  und 4 Zimmer",1,"Gemeinnützig",2,"Quadratmeter",2,"brutto",18.54,18.28,18.8,15.87,15.78,16.03,17.86,17.63,18.13,20.29,19.91,20.8,3835,2304,120
2022,"2022.04",5,"Statistische Quartiere",111,"Affoltern",9,"2 , 3  und 4 Zimmer",2,"Nicht gemeinnützig",2,"Quadratmeter",2,"brutto",23.46,22.87,24.05,19.65,18.8,20.41,23.47,22.32,24.26,26.88,25.6,27.45,5124,1397,106
2024,"2024.04",5,"Statistische Quartiere",111,"Affoltern",9,"2 , 3  und 4 Zimmer",2,"Nicht gemeinnützig",2,"Quadratmeter",2,"brutto",25.35,24.82,25.88,21,20.45,22.03,24.96,24.45,25.29,29.01,28,29.86,4985,1188,154
2022,"2022.04",5,"Statistische Quartiere",115,"Oerlikon",9,"2 , 3  und 4 Zimmer",1,"Gemeinnützig",2,"Quadratmeter",2,"brutto",16.34,16.05,16.63,14.29,14.03,14.39,15.76,15.58,15.91,17.83,17.02,18.37,1341,969,64
2024,"2024.04",5,"Statistische Quartiere",115,"Oerlikon",9,"2 , 3  und 4 Zimmer",1,"Gemeinnützig",2,"Quadratmeter",2,"brutto",17.91,17.58,18.23,15.58,15.41,15.7,16.92,16.85,17.13,19.88,19.29,20.63,1403,1065,48
2022,"2022.04",5,"Statistische Quartiere",115,"Oerlikon",9,"2 , 3  und 4 Zimmer",2,"Nicht gemeinnützig",2,"Quadratmeter",2,"brutto",26.48,25.84,27.11,22.37,21.35,23.14,25.92,25.17,26.61,29.82,29.38,31.17,7609,1425,140
2024,"2024.04",5,"Statistische Quartiere",115,"Oerlikon",9,"2 , 3  und 4 Zimmer",2,"Nicht gemeinnützig",2,"Quadratmeter",2,"brutto",27.96,27.4,28.52,23.11,22.68,23.8,27.29,26.58,28.09,32.28,31.55,33.14,7164,1493,185
2022,"2022.04",5,"Statistische Quartiere",119,"Seebach",9,"2 , 3  und 4 Zimmer",1,"Gemeinnützig",2,"Quadratmeter",2,"brutto",16.12,15.9,16.35,13.83,13.68,14,15.22,15.01,15.51,18.36,17.64,18.69,2387,1724,80
2024,"2024.04",5,"Statistische Quartiere",119,"Seebach",9,"2 , 3  und 4 Zimmer",1,"Gemeinnützig",2,"Quadratmeter",2,"brutto",17.23,17.07,17.4,14.36,14.22,14.48,16.3,16.09,16.57,19.43,19.12,19.68,2425,1923,79
2022,"2022.04",5,"Statistische Quartiere",119,"Seebach",9,"2 , 3  und 4 Zimmer",2,"Nicht gemeinnützig",2,"Quadratmeter",2,"brutto",24.78,24.26,25.31,21.3,20.21,21.98,24.21,23.67,24.92,27.97,26.96,29.06,6461,1378,140
2024,"2024.04",5,"Statistische Quartiere",119,"Seebach",9,"2 , 3  und 4 Zimmer",2,"Nicht gemeinnützig",2,"Quadratmeter",2,"brutto",26.45,25.89,27,21.69,21.09,22.2,25.83,25.35,26.65,30.23,29.25,31.25,6606,1328,196
2022,"2022.04",5,"Statistische Quartiere",121,"Saatlen",9,"2 , 3  und 4 Zimmer",1,"Gemeinnützig",2,"Quadratmeter",2,"brutto",15.84,15.67,16.01,13.64,13.4,13.76,15.6,15.4,15.67,17.95,17.52,18.42,2351,1641,52
2024,"2024.04",5,"Statistische Quartiere",121,"Saatlen",9,"2 , 3  und 4 Zimmer",1,"Gemeinnützig",2,"Quadratmeter",2,"brutto",16.58,16.31,16.85,14.37,14.13,14.78,16.07,15.72,16.49,18.65,18.15,19.27,2350,1467,51
2022,"2022.04",5,"Statistische Quartiere",121,"Saatlen",9,"2 , 3  und 4 Zimmer",2,"Nicht gemeinnützig",2,"Quadratmeter",2,"brutto",24.44,23.47,25.4,19.93,17.45,21.78,25.07,24.48,25.96,28.35,26.87,29.68,517,48,59
2024,"2024.04",5,"Statistische Quartiere",121,"Saatlen",9,"2 , 3  und 4 Zimmer",2,"Nicht gemeinnützig",2,"Quadratmeter",2,"brutto",25.64,24.85,26.43,21.71,20.67,22.92,26.04,25.52,26.77,28.33,28.14,29.56,480,50,83
2022,"2022.04",5,"Statistische Quartiere",122,"Schwamendingen-Mitte",9,"2 , 3  und 4 Zimmer",1,"Gemeinnützig",2,"Quadratmeter",2,"brutto",15.51,15.24,15.79,12.62,12.45,12.84,15,14.8,15.17,17.79,17.06,18.08,1652,931,94
2024,"2024.04",5,"Statistische Quartiere",122,"Schwamendingen-Mitte",9,"2 , 3  und 4 Zimmer",1,"Gemeinnützig",2,"Quadratmeter",2,"brutto",16.76,16.53,16.99,14.18,13.8,14.72,16.23,15.91,16.67,19.31,18.8,19.81,1768,941,90
2022,"2022.04",5,"Statistische Quartiere",122,"Schwamendingen-Mitte",9,"2 , 3  und 4 Zimmer",2,"Nicht gemeinnützig",2,"Quadratmeter",2,"brutto",23.43,22.69,24.18,19.76,19.1,20.68,23.66,23.08,24.74,26.51,25.59,27.68,2760,346,96
2024,"2024.04",5,"Statistische Quartiere",122,"Schwamendingen-Mitte",9,"2 , 3  und 4 Zimmer",2,"Nicht gemeinnützig",2,"Quadratmeter",2,"brutto",24.46,23.8,25.11,21.12,20,21.73,24.19,23.41,25.26,27.64,26.52,28.62,2753,319,140
2022,"2022.04",5,"Statistische Quartiere",123,"Hirzenbach",9,"2 , 3  und 4 Zimmer",1,"Gemeinnützig",2,"Quadratmeter",2,"brutto",16,15.82,16.18,13.05,12.94,13.25,15.15,14.83,15.62,18.65,18.37,18.89,2388,1721,69
2024,"2024.04",5,"Statistische Quartiere",123,"Hirzenbach",9,"2 , 3  und 4 Zimmer",1,"Gemeinnützig",2,"Quadratmeter",2,"brutto",16.79,16.65,16.93,14.4,14.19,14.56,16.66,16.53,16.88,18.97,18.84,19.09,2471,1810,68
2022,"2022.04",5,"Statistische Quartiere",123,"Hirzenbach",9,"2 , 3  und 4 Zimmer",2,"Nicht gemeinnützig",2,"Quadratmeter",2,"brutto",24.39,23.84,24.93,20.89,20.28,21.55,24.45,23.19,25.19,27.64,27.01,28.43,2476,888,76
2024,"2024.04",5,"Statistische Quartiere",123,"Hirzenbach",9,"2 , 3  und 4 Zimmer",2,"Nicht gemeinnützig",2,"Quadratmeter",2,"brutto",25.94,25.52,26.37,22.52,21.85,23.27,26.17,25.55,26.66,29.33,28.72,30.07,2145,789,126
