source,listing_id,title,rent_gross_chf,rent_net_chf,rent_charges_chf,rooms,living_space_m2,floor,year_built,street,zip,city,lat,lon,url,object_type,description,attributes,is_furnished,year_renovated,moving_date
flatfox,86397342,,2578,,,3.5,82,3,,Russenweg 5,8008,Zürich,47.356870842109,8.572741771281,https://flatfox.ch/de/wohnung/russenweg-5-8008-zurich/86397342/,APARTMENT,"Diese wunderschöne 3,5-Zimmer-Altbauwohnung befindet sich in einer der begehrtesten Wohnlagen Zürichs – im oberen Kreis 8. Die Wohnung erstreckt sich über eine ganze, sehr helle Etage und überzeugt durch ihren klassischen Altbaucharme, großzügige Räume und viel Tageslicht dank Fenstern auf drei Seiten.  
  
Highlights der Wohnung:  
• Ca. 82 m² Wohnfläche  
• Großes, lichtdurchflutetes Wohnzimmer mit Erker  
• Zwei separate Schlafzimmer  
• Zwei Balkone – ein großer Balkon sowie ein zusätzlicher Balkon bei der Küche  
• Geräumige Küche mit Platz für einen Esstisch  
• Helle Räume und angenehme Wohnatmosphäre  
• Klassischer Zürcher Altbaucharme  
  
Top Lage im Kreis 8  
Die Wohnung liegt in einem ruhigen und gepflegten Wohnviertel mit hervorragender Infrastruktur:  
  
• Migros und Denner nur 1 Gehminute entfernt  
• Tramhaltestelle in unmittelbarer Nähe  
• Bellevue und das Zürcher Stadtzentrum in ca. 10 Minuten erreichbar  
• Zürihorn und Zürichsee in wenigen Minuten  
• Natur- und Erholungsgebiete nur 2 Minuten entfernt  
  
Perfekt für Paare, Berufstätige oder kleine Familien, die eine stilvolle Wohnung in einer ruhigen und gleichzeitig zentralen Lage suchen.  
  
Bei Interesse senden Sie mir gerne eine Nachricht mit einigen Informationen zu Ihrer Person und der gewünschten Mietdauer. Weitere Details erhalten Sie anschließend direkt.","lift,balconygarden,washingmachine,petsallowed",True,,2026-10-01
flatfox,86397349,,3100,,240,2.5,73,4,,,8047,Zurich,47.372954742101,8.490571771281,https://flatfox.ch/de/wohnung/8047-zurich/86397349/,APARTMENT,"Available for takeover from the end of November / beginning of December, with theexact date to be agreed upon. This beautiful apartment is located in the sought-afterTriemli area, in a quiet and residential neighborhood, with a view towards Uetliberg.  
The apartment is located on the 4th floor, without an elevator, and benefits from plenty of natural light as well as lovely outdoor spaces.  
  
The apartment includes:  

*   A spacious 20 m2 bedroom, bright and with direct access to the terrace
*   Two terraces:
*   A large terrace of approximately 13.5 m2
*   A second terrace of approximately 7 m2
*   A fully equipped kitchen
*   A bathroom with a shower and an integrated electric skylight
*   Washing machine and dryer directly in the apartment
*   Underfloor heating
*   Electric blinds on both terraces, as well as electric shutters on all windows
*   Plenty of storage space
*   A basement/storage room of approximately 10 m2
*   An outdoor parking space, available for CHF 90/month
*   Possibility of an underground parking space as well, subject to availability
*   Free bicycle parking

LOCATION  
  
The apartment is ideally located in Triemli, within immediate reach of all amenities, including Coop, pharmacies, restaurants and shops.  
Public transport is also just a few minutes walk away:  

*   Tram lines 9 and 14: approximately 2 minutes on foot
*   Bus lines 80 and 33: approximately 2 minutes on foot

The location also offers easy access to nature and Uetliberg, while remainingwell connected to Zurich city center.  
Takeover: end of November / beginning of December, exact date to be agreed upon.","parkingspace,balconygarden,dishwasher,parquetflooring,tumbler,washingmachine",False,,
flatfox,86397394,,2350,,,2.5,60,,,Frohburgstrasse 325,8057,Zürich,47.403884042107,8.560131771284,https://flatfox.ch/de/wohnung/frohburgstrasse-325-8057-zurich/86397394/,APARTMENT,"Diese helle, individuell gestaltete Wohnung mit unverbaubarer, freier Aussicht in direkter Waldnähe am Zürichberg mit kurzem Fussweg zum Überlandpark und zum Universitätsareal Irchel, wird von einer privaten Person vermietet.   
  
Sie ist zentral gelegen, dennoch ruhig und bietet viel Privatsphäre. Innerhalb von 7 min sind sie am Schaffhauserplatz.   
  
Die Installation von einem Wallbox Anschluss ist möglich. Der Flughafen Zürich ist schnell erreichbar, ohne dass Fluglärm die Wohnanlage beeinträchtigt.   
  
Verfügbar ab 1.12.2026 (eventuell nach Absprache schon ab Mitte November)   
Zimmer 2,5   
Wohnfläche 60 qm   
Parkett, moderne schalldichte Fenster   
Etage 1   
letzte Renovation 2024   
Balkon mit Aussicht   
Glasfaser Breitband Anschluss   
Lift   
Velokeller   
Zürichberg Naherholungsgebiet direktschräg gegenüber   
Top ÖV Anbindung (Tram7/9, Bus 75)   
Nichtraucher, Haustiere müssen genehmigt werden   
Tiefgaragenparkplatz kann dazu gemietet werden   
Besucherparkplätze vorhanden   
  
Besichtigung und Kontakt   
Besichtigung nach Absprache   
Kontakt Sarah: 0788292429",,False,,
flatfox,86397402,,1600,,150,4.5,95,3,1800,Garten 1,8487,Zell,47.457114742103,8.835211771288,https://flatfox.ch/de/wohnung/garten-1-8487-zell/86397402/,APARTMENT,"Die Wohnung ist umgeben von Natur, ruhig und bietet viel Gemütlichkeit und eine grossartige Aussicht über das Tösstal. Sie ist Teil eines ehemaligen Bauernhauses. Die sonnige Terrasse darf mitgenutzt werden. Ein gedeckter Parkplatz ist vorhanden. Auto oder E-Bike sind empfohlen, da keine direkte ÖV Anbindung.  
  
Mitdauer ab sofort bis Oktober 2027.","view,parkingspace,balconygarden,parquetflooring,fireplace,dishwasher,tumbler,washingmachine",True,1989,
flatfox,86397431,,2090,,250,4.5,,3,,Im Chrüzacher  1,8306,Brüttisellen,47.424354742104,8.630411771288,https://flatfox.ch/de/wohnung/im-chruzacher-1-8306-bruttisellen/86397431/,APARTMENT,"Setzen Sie Ihren Traum vom hochwertigen Wohnen um!  
  
Die Liegenschaft ""Im Chrüzacher 1, 8306 Brüttisellen"" wurde mit viel Liebe zum Detail umfassend saniert. Nun stehen exklusive 4.5-Zi-Wohnungen zum Erstbezug bereit.  
  
Der hohe Ausbaustandard sorgt für ein angenehmes Wohngefühl und erstklassigen Komfort  
  
Ihre Wohnqualität auf einen Blick:  
  
*   langer Korridor mit Einbauschränke
*   helle Räume mit hochwertigen Bodenbelägen
*   moderne Küche mit zeitgemäßer Ausstattung
*   Dusche mit Einrichtung für Waschmaschine / Tumbler
*   WC mit Lavabo
*   gemütlicher Balkon zum Entspannen
Garagen-Einstellplatz kann für Fr. 120.- monatlich dazugemietet werden.  
  
Die Wohnungen eignen sich perfekt für Singles, Paare und Kleinfamilien. Der exzellente Wohnkomfort zeichnet sich durch den stilvollen Grundriss, die super Lage und die optimale Anbindung an den öffentlichen Verkehr und Einkaufsmöglichkeiten aus. Denner und Post, wie auch Schule und Kindergarten in unmittelbarer Nähe.  
 
Lassen Sie sich bei einer persönlichen Besichtigung vor Ort begeistern!","garage,balconygarden,dishwasher,tumbler,washingmachine",False,2026,
flatfox,86397461,,,2400,,4.0,,,,Bändlistrasse 54,8064,Zürich,47.396634742103,8.485061771288,https://flatfox.ch/de/wohnung/bandlistrasse-54-8064-zurich/86397461/,APARTMENT,"Möblierte und familienfreundliche Wohnung in Zürich Altstetten zur Untermiete  
Wir vermieten unsere gemütliche, helle und komplett möblierte Familienwohnung in Zürich Altstetten, Grünau, vom **10\. Januar bis Ende Februar**.  
Die Wohnung ist ideal für eine Familie mit Kindern. Sie ist vollständig eingerichtet und bietet alles, was man für einen entspannten Familienalltag braucht. Einziehen und wohlfühlen.  
Die Wohnung verfügt über ein **Familienzimmer mit grossem Familienbett**, einen hellen und gemütlichen **Wohn- und Essbereich**, ein **separates Büro** sowie ein **Garderoben- und Ankleidezimmer**.  
Das Badezimmer verfügt über **Badewanne und separate Dusche**. Zusätzlich gibt es ein **Gäste-WC**.  
Ideal für Familien mit Kindern  
Die Wohnung ist sehr kinderfreundlich eingerichtet. Es gibt einen grosszügigen **Spiel- und Kreativbereich mit Spielsachen, Büchern und verschiedenen Beschäftigungsmöglichkeiten**.  
Auch auf dem Balkon gibt es einen eigenen Kinderbereich mit **Matschküche und weiteren Spielmöglichkeiten**. In der näheren Umgebung befinden sich mehrere Spielplätze.  
Lage  
Die Wohnung befindet sich in **Zürich Altstetten, Grünau**.  
Die **Migros ist nur etwa 1 Gehminute entfernt**. Die **ÖV-Haltestelle befindet sich nur etwa 20 Meter entfernt**. Der **Bahnhof Zürich Altstetten** ist ebenfalls schnell erreichbar.  
Eckdaten  
Zeitraum: **10\. Januar bis Ende Februar**  
Miete: **CHF 2'300 pro Monat inklusive Nebenkosten**  
Komplett möbliert  
Familienzimmer mit grossem Familienbett  
Separates Büro  
Garderoben- und Ankleidezimmer  
Badezimmer mit Badewanne und separater Dusche  
Zusätzliches Gäste-WC  
Balkon mit Matschküche und Kinderspielbereich  
Sehr kinderfreundlich eingerichtet  
Migros und ÖV direkt in der Nähe  
Bahnhof Zürich Altstetten schnell erreichbar  
Wir suchen zuverlässige und sorgfältige Untermieter, die sich während dieser Zeit bei uns zuhause fühlen und sorgsam mit der Wohnung umgehen.  
**Bei Interesse freuen wir uns über eine Nachricht mit einer kurzen Vorstellung von euch.**","view,balconygarden,lift,accessiblewithwheelchair,cable,broadbandinternet,dishwasher,washingmachine,tumbler,petsallowed",True,,2027-01-10
flatfox,86397470,,1050,,,3.0,75,,,Palmenweg 2,8200,Schaffhausen,47.748299742101,8.705801771287,https://flatfox.ch/de/wohnung/palmenweg-2-8200-schaffhausen/86397470/,APARTMENT,"Wir suchen zum 1.12.26 Nachmieter für diese günstige und günstig gelegene 3.5 Zimmer Wohnung 1.OG in Thayngen. Veloraum ( Schopf), Parkplatz inkl. ( je nachdem Platz für zwei Autos), Migros nur 80 m entfernt, Bahnhof nahe etc. Gerne melden für eine Besichtigung und weitere Fragen.",,False,,
flatfox,86397471,,1200,,,3.0,,,,Untere Gasse 12,8344,Bäretswil,47.332734742103,8.855861771285,https://flatfox.ch/de/wohnung/untere-gasse-12-8344-baretswil/86397471/,APARTMENT,"2 1/2 Zimmer Wohnung in Bäretswil zu vermieten   
  
Die gemütliche, moderne Parterre-Wohnung (2019 komplett renoviert) in einem altem Flarzhaus wird frei per 1. Januar 2027 oder früher nach Vereinbarung.   
  
Moderne Küche mit Glaskeramik und Geschirrspüler, Bad mit grosser Dusche, Waschmaschine in der Wohnung. Vinyl- und Plattenboden. Sitzplatz mit Lounge vor dem Haus zum Teilen mit 1 anderen Mieter. 1-2 gedeckte Parkplätze im Carport (hintereinander) inklusive. Keller.   
  
Lage: Bäretswil Oberdorf. Eine Bushaltestelle nach Wetzikon oder Bauma befindet sich vor dem Haus, der Fussweg ins Dorf (Coop und Volg) dauert ca. 8min. Hofladen mit Bioprodukten in der Nachbarschaft.   
  
Achtung: die Zimmerdecken sind tief, daher keine Interessenten über 1.75 Körpergrösse. Geheizt wird mit Holz im Schwedenofen und mit Elektroheizung.   
  
Preis 1200.- exkl.   
(Strom, Wasser und Entsorgung kommen zusätzlich dazu.)   
  
Nähe Auskunft unter 079 324 05 42",,False,,
flatfox,86397473,,2350,,,2.5,60,,,"Frohburgstrasse 325, 857 Zürich",8008,Zürich,47.403884042107,8.560131771284,https://flatfox.ch/de/wohnung/frohburgstrasse-325-857-zurich-8008-zurich/86397473/,APARTMENT,"Diese helle, individuell gestaltete Wohnung mit unverbaubarer, freier Aussicht in direkter Waldnähe am Zürichberg mit kurzem Fussweg zum Überlandpark und zum Universitätsareal Irchel, wird von einer privaten Person vermietet.   
  
Sie ist zentral gelegen, dennoch ruhig und bietet viel Privatsphäre. Innerhalb von 7 min sind sie am Schaffhauserplatz.   
  
Die Installation von einem Wallbox Anschluss ist möglich. Der Flughafen Zürich ist schnell erreichbar, ohne dass Fluglärm die Wohnanlage beeinträchtigt.   
  
Verfügbar ab 1.12.2026 (eventuell nach Absprache schon ab Mitte November)   
Zimmer 2,5   
Wohnfläche 60 qm   
Parkett, moderne schalldichte Fenster   
Etage 1   
letzte Renovation 2024   
Balkon mit Aussicht   
Glasfaser Breitband Anschluss   
Lift   
Velokeller   
Zürichberg Naherholungsgebiet direktschräg gegenüber   
Top ÖV Anbindung (Tram7/9, Bus 75)   
Nichtraucher, Haustiere müssen genehmigt werden   
Tiefgaragenparkplatz kann hinzu gemietet werden   
Besucherparkplätze vorhanden   
  
  
NEBENKOSTEN EXKL: 200.-   
  
Besichtigung und Kontakt   
BesichtigungBesichtigung nach Absprache   
KontaktSarah",,False,,
flatfox,86397491,,,2150,150,3.0,90,1,,Dorfstrasse 8,8605,Gutenswil,47.384247042108,8.716321771287,https://flatfox.ch/de/wohnung/dorfstrasse-8-8605-gutenswil/86397491/,APARTMENT,"**Modern renoviert, stilvoll ausgestattet und bereit für Ihr neues Zuhause:** Diese wunderschöne 3-Zimmer-Wohnung im 1. Obergeschoss begeistert mit einer neuen Küche, hochwertigem Echtholzparkett, modernen Fliesen und gleich zwei Balkonen – davon einer gedeckt. Ein eigener Waschturm und der praktische Wandschrank mit Garderobe sorgen für zusätzlichen Komfort im Alltag. Ein gedeckter Parkplatz kann dazu gemietet werden (CHF 70.-).  
Zentrale Lage: Mit der Buslinie 725 erreichen Sie in kurzer Zeit den Bahnhof Uster oder Bahnhof Schwerzenbach. Die Autobahn A15 (ehem. A53) ist zirka  
3 km entfernt. Sie erreichen in ca. 30 Minuten Zürich, Winterthur oder den Flughafen Kloten.  
Für einen schnellen Einkauf befindet sich der Volg direkt in unserer Liegenschaft. Viele verschiedene Einkaufsmöglichkeiten (Migros, Coop, Volkiland, Zänti Volketswil etc.) erreichen Sie in nur wenigen Autominuten in Volketswil, Dübendorf oder Uster.  
  
Haben wir Ihr Interesse geweckt? Senden Sie uns eine Anfrage über das Kontaktformular, dann erhalten Sie automatisch einen Link für den Besichtigungstermin.","parkingspace,balconygarden,dishwasher,cable,parquetflooring,tumbler,stonefloor,washingmachine",False,2026,2026-11-01
flatfox,86397492,,1450,,,1.5,30,1,,,8055,Zürich,47.362794742106,8.493711771281,https://flatfox.ch/de/wohnung/8055-zurich/86397492/,APARTMENT,"Möblierte Wohnung zu vermieten für 2 Monate ab Anfang Oktober 2026, für Einzelperson, Nichtraucher.  
  
Der grosszügige Balkon hat einen Blick auf eine schöne Wiese. Alle Fenster zeigen zur Wiese, nicht zur Strasse.  
  
Die Lage ist ruhig. Die Tram- und Bus-Haltestellen sind in der Nähe. Zürich HB: 14 Min. Migros, Aldi, Denner sind in wenigen Minuten zu Fuss erreichbar.  
  
Die Wohnung besteht aus:  
\- Einem Hauptraum: ein grosses Bett und ein kleines Sofa, zwei Kleiderschränke. Ein paar Stühle mit Esstisch, Arbeitsecke mit Tisch. Glasfaser Internet.  
\- Einer abgetrennten Küche mit Kühlschrank und Herd. Kaffeemaschine, Wasserkocher, Töpfe, Geschirr.  
\- Einem Badezimmer mit Badewanne.  
\- Einem grossen Balkon.  
  
Einzelperson, nur Nichtraucher bitte.  
Ein Monatsmiete-Depot im Voraus.","view,parkingspace,balconygarden,lift,parquetflooring,tumbler,broadbandinternet,washingmachine",True,,
flatfox,86397512,,2640,,,4.5,108,1,,,8112,Otelfingen,47.461544742106,8.392371771288,https://flatfox.ch/de/wohnung/8112-otelfingen/86397512/,APARTMENT,"(English below)  
  
Wir suchen Nachmieter für unsere 4.5-Zimmer-Wohnung im 1. Obergeschoss in Otelfingen.  
Die Wohnung bietet:  
**•** 4.5 Zimmer,  
**•** Eigener Waschturm (Waschmaschine & Tumbler) in der Wohnung  
**•** Balkon  
**• 2** Badezimmer  
**•** Lift im Haus  
**•** Kellerabteil und Mitbenützung Trockenraum  
**•** Optional: Garagenplatz in der Tiefgarage (CHF 140.–/Mt.)  
  
Mietzins: CHF 2'640.– inkl. Nebenkosten (gemäss aktuellem Mietvertrag, Bestätigung durch die Verwaltung ausstehend)  
Verfügbar ab 1. Januar 2027, spätestens ab 1. Februar 2027.  
  
————  
We are looking for new tenants for our 4.5-room apartment on the 1st floor of the ""Park Heidenwis"" development in Otelfingen.  
**•** 4.5 rooms,  
**•** Own washer & dryer inside the apartment  
**•** Balcony  
**• 2** bathrooms  
**•** Lift in the building  
**•** Private cellar storage and shared drying room  
**•** Optional: underground garage space (CHF 140/month)  
  
Rent: CHF 2,640/month incl. utilities (per current lease, pending confirmation by the property management)  
  
Available from 1 January 2027, or 1 February 2027 at the latest.","view,balconygarden,parkingspace,lift,accessiblewithwheelchair,parquetflooring,tumbler,washingmachine,broadbandinternet,dishwasher,cable",False,,2027-01-01
flatfox,86397524,,1400,,,1.0,20,,,München,8001,Zürich,47.363404742105,8.547851771281,https://flatfox.ch/de/wohnung/munchen-8001-zurich/86397524/,SINGLE_ROOM,"WG ZIMMER IN MÜNCHEN PASING ZU VERMIETEN   
AB SOFORT   
0041782259201   
1 Person:1000eur   
2 Personen: 1500 eur",,False,,
flatfox,86397535,,2250,,,3.5,97,,,Zwickystrasse 2,8304,Wallisellen,47.405774742101,8.601861771282,https://flatfox.ch/de/wohnung/zwickystrasse-2-8304-wallisellen/86397535/,APARTMENT,"Découvrez cet agréable appartement de 3.5 pièces situé au 1er étage à Zwickystrasse 2, dans le quartier paisible. Disponible immédiatement, ce logement allie confort moderne et situation idéale.   
  
Les points forts de l'appartement :   
  
  
Surface généreuse : 97m2 de surface habitable offrant un espace de vie agréable et fonctionnel.   
  
  
  
Balcon : Profitez d'un espace extérieur privatif avec une belle vue.   
  
  
  
Accessibilité : L'appartement est entièrement accessible aux personnes en fauteuil roulant.   
  
  
  
Certification Minergie : Un logement économe en énergie pour un confort optimal et des charges réduites.   
  
  
  
Machine à laver : Incluse pour votre commodité.   
  
  
  
Animaux acceptés : Vos compagnons à quatre pattes sont les bienvenus.   
  
  
  
Fumeurs acceptés : L'appartement est ouvert aux locataires fumeurs.   
  
  
  
Adapté aux familles : Un environnement idéal pour les enfants.   
  
  
  
Luminosité : L'appartement bénéficie d'un bel ensoleillement, notamment en été, pour des intérieurs lumineux et chaleureux tout au long de l'année.   
  
Calme et tranquillité : Situé dans un environnement particulièrement silencieux, cet appartement vous garantit une atmosphère sereine, de jour comme de nuit.   
  
Situation et commodités : Tout est à portée de main depuis ce logement idéalement placé :   
  
Que vous soyez une personne à mobilité réduite, une jeune famille ou simplement à la recherche d'un appartement calme.Ce logement saura répondre à toutes vos attentes. Ne manquez pas cette opportunité et venez découvrir votre futur chez-vous !",,False,,
flatfox,86397551,,3584,,,2.5,94,2,,Glasmalergasse 5,8004,Zurich,47.374524742106,8.530001771285,https://flatfox.ch/de/wohnung/glasmalergasse-5-8004-zurich/86397551/,APARTMENT,"**Description:**  
You've found it. Luxury apartment in Zurich's best neighborhood. Perfect for young professionals looking for their next home with no head aches. 
**Location Wins**  
Stauffacher (2 min walk), Paradeplatz (7 min), HB (5 min), lake (10 min). Everything's here—restaurants, bars, shops, nightlife, nature. No car needed.  
**The Space**  
Spacious and beautifully designed with custom furnishings:
**Kitchen**  
Professional-grade, fully equipped for cooking enthusiasts. Complete with modern appliances and a wine fridge.  
**What's Included 
\- Washer and dryer in-unit  
\- Luxury bathroom: deep bathtub, walk-in shower, separate toilet
\- Spacious Cellar
\- Walk-in Closet

Important: there will be a couch and table/chairs to be purchased as part of this transition. Happy to discuss on a call. 
  
**Timeline:** from the 15th of October","accessiblewithwheelchair,balconygarden,lift,minergie,dishwasher,cable,parquetflooring,tumbler,washingmachine",False,,2026-10-15
flatfox,86397552,,,3040,240,4.5,112,4,2025,Schaffhauserstrasse 22,8302,Kloten,47.441184742108,8.576291771288,https://flatfox.ch/de/wohnung/schaffhauserstrasse-22-8302-kloten/86397552/,APARTMENT,"Im looking for a tenant to take over my lease of this beautiful modern apartment. The apartment is 4.5 room, 2 bathrooms and balcony. The highlight of the apartment is the island kitchen connected with long dining table. Even though the building is close to main street whole apartment is placed towards the forest which makes it very peaceful and cosy.  
There is no one else directly on top of this apartment so you can't hear anyone stomping.  
  
Master bedroom has attached bathroom with bathtub. The other bathroom is connected to the living room and has shower and washing machine + tumbler.  
  
Super well connected - bus stop directly in front of the building, with 5 minutes bus to airport and 8 minutes walking to Kloten Balsberg train station.  
  
The apartment has designated spacious basement room.  
The apartment has one parking spot for 150chf/month extra. Motorcycle parking spots also available.  
  
Free of charge storage place for bicycles and strollers.  
  
The apartment building has cool bonus feature which is a professionally prepared music room which can be used for instrument practice, singing or dancing and its free of charge.  
  
The house construction was finished last year and we are first tenants.  
  
Moving out only because we bought a house. This place is great, peaceful and we are leaving it behind with heavy heart.  
  
Ich spreche auch bissen Deutsch. Kontakt in Deutsch ist auch moglich.","balconygarden,lift,garage,view,accessiblewithwheelchair,dishwasher,tumbler,washingmachine,broadbandinternet,petsallowed",False,,2026-12-01
flatfox,86397556,,2820,,,3.5,100,3,,,8052,Zurich,47.423284742101,8.542281771281,https://flatfox.ch/de/wohnung/8052-zurich/86397556/,APARTMENT,"Grosszügige 3.5-Zimmer-Wohnung mit gedecktem Balkon in Zürich-Seebach  
Diese **attraktive 3.5-Zimmer-Wohnung** mit **ca. 100 m²** Wohnfläche überzeugt durch eine grosszügige Raumaufteilung, hochwertige Materialien und einen hohen Wohnkomfort. Die Wohnung befindet sich im 3. Obergeschoss und ist bequem mit dem Lift erreichbar.  
Das Herzstück bildet der **lichtdurchflutete Wohn- und Essbereich.** Dank der weitläufigen Fensterflächen gelangt besonders viel Tageslicht in die Räume und schafft eine offene, freundliche Wohnatmosphäre.  
Die **zwei Schlafzimmer mit Parkettboden** bieten vielseitige Nutzungsmöglichkeiten. **Hochwertige Steinplattenböden** **in der Küche und in den Badezimmern** verleihen der Wohnung ein modernes Erscheinungsbild.  
Für zusätzlichen Komfort sorgen **zwei Badezimmer** (inkl. **mit eigenem Waschturm)**. Ein praktischer Einbauschrank für Mäntel und Schuhe ist im Eingangsbereich eingebaut.  
**Ein modernes Zuhause für alle, die viel Platz, einen eigenen Parkplatz und hohen Alltagskomfort in gut angebundener Lage schätzen.**  
**Gute ÖV-Anbindung mit Bus 75 an der Leimgrübelstrasse resp. Birch-/Glatttalstr.**  
**Highlights:**  

*   3.5 Zimmer im 3. Obergeschoss - kernsaniert 2022/23
*   Wohnung und Parkplatz mit Bezug per Ende November
*   Bequemer Zugang mit Lift (auch in die Tiefgarage)
*   **Grosszügiger, lichtdurchfluteter Wohn- und Essbereich**
*   Rund **4.4 m² grosser, gedeckter Balkon**
*   Küche mit modernen V-ZUG Geräten (Induktionsherd, Geschirrspüler, Backofen) und **Granitabdeckung**
*   Zwei flexibel nutzbare **Schlafzimmer** und Wohnbereich mit **Parkettboden**
*   Hochwertige Steinplattenböden in Küche und Badezimmern
*   **Zwei Badezimmer** mit Dusche und Waschturm
*   Praktischer **Einbauschrank** im Eingangsbereich
*   Grosszügiges Kellerabteil
*   **Tiefgaragen-Einstellplatz** für CHF 180.-/Monat

Wohnung und Parkplatz mit Bezug per Ende November. Depot/Kaution (CHF) 3 Monatsmieten.  
\===  
  
**Light-filled 3.5-room apartment with balcony and underground parking space**  
**Spacious 3.5-room apartment with covered balcony in Zürich-Seebach**  
This attractive 3.5-room apartment with approx. 100 m² of living space impresses with a generous layout, high-quality materials, and a high level of living comfort. The apartment is located on the 3rd floor and is conveniently accessible by elevator.  
The centerpiece is the light-filled living and dining area. Thanks to the expansive window surfaces, plenty of daylight enters the rooms, creating an open, friendly living atmosphere.  
The two bedrooms with parquet flooring offer versatile usage options. High-quality stone tile flooring in the kitchen and bathrooms gives the apartment a modern look.  
Two bathrooms with (incl. own washer/dryer) provide additional comfort. A practical built-in closet for coats and shoes is installed in the entrance area.  
A modern home for anyone who values plenty of space, own parking and high everyday comfort in a well-connected location.  
Good public transport connections via bus 75 at Leimgrübelstrasse or Birch-/Glatttalstrasse.  
**Highlights:**  

*   3.5 rooms on the 3rd floor – core renovated 2022/23
*   Apartment and parking space available from end of November
*   Convenient elevator access (including to the underground garage)
*   Spacious, light-filled living and dining area
*   Approx. 4.4 m² covered balcony
*   Kitchen with modern V-ZUG appliances (induction stove, dishwasher, oven) and granite countertop
*   Two flexibly usable bedrooms and living area with parquet flooring
*   High-quality stone tile flooring in kitchen and bathrooms
*   Two bathrooms with shower and washer/dryer tower
*   Practical built-in closet in the entrance area
*   Spacious cellar compartment
*   Underground parking space for CHF 180/month

Apartment and parking space available from the end of November. Security deposit (CHF): 3 months' rent.","parkingspace,balconygarden,garage,lift,dishwasher,cable,parquetflooring,tumbler,broadbandinternet,stonefloor,washingmachine",False,,
flatfox,86397558,,,1700,,2.5,50,3,,,8052,Zürich,47.423324742104,8.542251771287,https://flatfox.ch/de/wohnung/8052-zurich/86397558/,APARTMENT,"Ich suche einen Nachmieter für meine Wohnung. Die Wohnung hat ein Wohnzimmer, Schlafzimmer, Küche, Bad, Gang und einen großen Balkon. Es gibt auch ein Kellerabteil.  
  
Ich war sehr zufrieden hier.  
Die Lage ist ruhig, und sehr gut angebunden.  
  
\_\_\_\_\_\_\_\_\_\_\_\_\_\_\_\_\_\_\_\_\_\_\_  
I’m looking for a new tenant to take over my apartment. The apartment has a living room, bedroom, kitchen, bathroom, hallway, and a large balcony. There is also a private basement storage unit.  
  
I’ve been very happy living here. The area is quiet and very well connected by public transport.","balconygarden,parquetflooring",False,,2026-11-02
flatfox,86396855,,1872,,,3.5,69,3,,Falmenstrasse 4,8610,Uster,47.352444742101,8.718061771289,https://flatfox.ch/de/wohnung/falmenstrasse-4-8610-uster/86396855/,APARTMENT,"Sehr schöne, warme Wohnung in ruhiger Lage, nur 2 Gehminuten vom Uster Bahnhof entfernt.  
  
Ich suche jemanden, der die Wohnung so bald wie möglich übernimmt. Sollte ich jemanden finden, der ernsthaft interessiert ist, werde ich das Inserat entfernen.  
  
Besichtigungstermine können gerne via Kontaktformular vereinbart werden.","parkingspace,lift,balconygarden,parquetflooring,petsallowed",False,,
flatfox,86396861,,,2500,,2.5,,1,,,8002,Zurich,47.360114742101,8.529321771287,https://flatfox.ch/de/wohnung/8002-zurich/86396861/,APARTMENT,"(English below) Wir suchen Untermietende für sechs Monate (November 2026–April 2027): Grosse, helle und stilvoll möblierte 2.5-Zimmer-Wohnung mit 1 Schlafzimmer, offener voll ausgestatteter Küche/Wohnzimmer, Balkon, 2 Badezimmern, Reduit mit Waschturm. Auf Wunsch kann ein Home Office Arbeitsplatz zur Verfügung gestellt werden. Im Herzen von Zürich gelegen – nur 10 Gehminuten von Google, Paradeplatz, Bahnhofstrasse und dem Zürichsee entfernt. Sihlcity, Rieterpark, ein grosses Naherholungsgebiet (ideal zum Joggen und Velofahren) sowie der Uetliberg befinden sich ebenfalls in unmittelbarer Nähe. Hervorragende Anbindung an Tram, Bus und Bahn (Bahnhof Enge). Ruhige und sichere Wohngegend.  
  
We are looking for tenants for a six-month sublet (November 2026–April 2027): Spacious, bright and stylishly furnished 2.5-room apartment with one bedroom, an open-plan fully equipped kitchen and living area, balcony, two bathrooms, and a utility room with washer and dryer. A home office workspace can be provided upon request. Located in the heart of Zurich, just a 10-minute walk from Google, Paradeplatz, Bahnhofstrasse and Lake Zurich. Sihlcity, Rieterpark, a large recreational area (ideal for running and cycling), and Uetliberg are also nearby. Excellent public transport connections via tram, bus and train (Zurich Enge station). Quiet and safe residential neighbourhood.","balconygarden,dishwasher,washingmachine,broadbandinternet,tumbler",True,2020,2026-10-31
flatfox,86396943,,2500,2280,220,3.5,93,2,2017,Aeussere Bahnhofstrasse 2,8854,Siebnen,47.176003942102,8.901621771287,https://flatfox.ch/de/wohnung/aeussere-bahnhofstrasse-2-8854-siebnen/86396943/,APARTMENT,"**Moderne 3.5-Zimmer-Wohnung mit traumhafter Aussicht in Siebnen**   
  
Willkommen in Ihrer neuen 3.5-Zimmer-Wohnung in Siebnen. Diese moderne Wohnung, gebaut im Jahr 2017, bietet Ihnen ein komfortables und gut erreichbares Zuhause mit herrlichen Ausblicken in die Umgebung. Sie vereint modernes Wohnen mit praktischen Annehmlichkeiten und ist mit einem barrierefreien Zugang ausgestattet.   
  
**Das Innere**   
  
Die Wohnung befindet sich im zweiten Stock eines dreistöckigen Gebäudes und bietet eine durchdachte Raumaufteilung auf 93 m² Wohnfläche. Beim Betreten der Wohnung werden Sie von einem hellen und luftigen offenen Wohn- und Essbereich empfangen, der grosszügig Platz für entspannte Abende und gesellige Anlässe bietet. Grosse Fenster sorgen für natürliches Licht und ein angenehmes Ambiente. Zwei geräumige Schlafzimmer bieten genügend Rückzugsmöglichkeiten für Paare oder kleine Familien. Die Küche ist mit modernen Geräten ausgestattet und bietet ausreichend Stauraum, ideal für Hobbyköche oder für den schnellen Snack zwischendurch. Zwei elegant gestaltete Badezimmer mit modernem Design runden das komfortable Innenleben dieser Wohnung ab, wobei eines der Badezimmer mit einer Dusche und das andere mit einer Badewanne ausgestattet ist.   
  
**Freiflächen & Ausblick **   
  
Ein herausragendes Merkmal dieser Wohnung ist die Loggia mit einer Fläche von 9.5 m², der eine ideale Fläche für gemütliche Stunden im Freien bietet. Hier können Sie die Ruhe und gemütliche Abende und schöne Momente mit Familie und Freunde geniessen.   
  
**Lage**   
  
Die Wohnung befindet sich in einer zentrale Lage. Siebnen profitiert von einem gut ausgebauten Verkehrsnetz, das sowohl Anbindungen an die Schweiz sowie ins umliegende Ausland ermöglicht. Die Nähe zu öffentlichen Verkehrsmitteln sowie zum Autobahnnetz macht diese Lage besonders attraktiv. Mit der Nähe zu Geschäften und Dienstleistungen sind alle wichtigen Einrichtungen jederzeit erreichbar und bieten somit eine hohe Wohnqualität.   
  
**Hauptmerkmale**   
  


  * 3.5 Zimmer mit effizienter Nutzung der Bereiche 
  * 93 m² Wohnfläche für Sie und Ihre Liebsten 
  * Zwei elegante Badezimmer mit modernen Armaturen 
  * Grosszügige Loggia mit 9.5 m² Fläche 
  * Moderner Bau aus dem Jahr 2017 
  * Rollstuhlgerechter Zugang für maximalen Komfort 
  * Ausblick auf wunderschöne Landschaften 
  * Kontrollierte Wohnraumlüftung 
  * Parkplatz in der Tiefgarage können für CHF 130.-- gemietet werden. 

  
  
Zögern Sie nicht, Kontakt aufzunehmen, um Ihren Besichtigungstermin zu vereinbaren und sich Ihr neues Zuhause in Siebnen zu sichern.","garage,parkingspace,lift,balconygarden,view,accessiblewithwheelchair,minergie",False,,
flatfox,86396944,,2580,2390,190,2.5,70,3,2017,Aeussere Bahnhofstrasse 2,8854,Siebnen,47.176003942102,8.901621771287,https://flatfox.ch/de/wohnung/aeussere-bahnhofstrasse-2-8854-siebnen/86396944/,ATTIC_FLAT,"**Moderne Attikawohnung mit malerischem Ausblick**   
  
Diese moderne Attikawohnung befindet sich in Siebnen und bietet zeitgemässen Komfort in einer idyllischen Umgebung. Mit einer optimalen Raumnutzung von 2.5 Zimmern und beeindruckenden Ausblicken auf die Umgebung ist dieses Objekt ideal für Singles oder Paare, die eine ruhige Wohnatmosphäre suchen.   
  
**Der Innenraum**   
  
Auf einer Wohnfläche von 70 m² verteilt sich ein durchdachtes Raumkonzept. Die Wohnung liegt im obersten Stockwerk eines dreistöckigen Gebäudes, das 2017 gebaut wurde. Die offene Raumgestaltung schafft eine luftige und grosszügige Atmosphäre. Der Wohn- und Essbereich geht nahtlos in die moderne Küche über, die mit hochwertigen Geräten und Arbeitsflächen ausgestattet ist. Die helle und freundliche Gestaltung ermöglicht viel Tageslicht.   
  
Das Schlafzimmer bietet genügend Platz für ein grosses Bett und Stauraum für persönliche Gegenstände. Das Badezimmer ist mit einer Dusche, Waschbecken und Toilette ausgestattet, die ebenfalls in modernem Design gehalten ist. Praktisch ist auch die zusätzliche separate Toilette, die besonders bei Gästen von Vorteil ist.   
  
**Aussenbereich und Aussicht**   
  
Die Aussicht von dieser Attikawohnung ist bemerkenswert und bietet einen freien Blick über die Landschaft von Schübelbach. Diese Perspektive lädt zum Verweilen und Entspannen ein. Die grosszügige Terrasse erweitert den Wohnraum ins Freie und bietet viel Platz zum Entspannen und Geniessen. An warmen Tagen wird sie zum idealen Ort, um sonnige Stunden, gemütliche Abende und schöne Momente mit Familie und Freunden zu verbringen.   
  
**Lage**   
  
Die Lage dieser Wohnung ist ausgesprochen verkehrsgünstig Siebnen bietet eine ausgewogene Mischung aus ländlicher Idylle und guter Infrastruktur. Von hier aus sind Anbindungen an den öffentlichen Nahverkehr problemlos möglich, und die nächsten grösseren Städte sind schnell erreichbar. Für Pendler ist auch ein schneller Zugang zu den Hauptverkehrsstrassen gegeben.   
  
In der Nähe der Wohnung befinden sich zahlreiche Einkaufsmöglichkeiten sowie gastronomische Einrichtungen, die für einen hohen Lebensstandard sorgen. Die Wohnung ist ideal für Einzelpersonen oder Paare, die ein modernes und komfortables Zuhause suchen.   
  
**Hauptmerkmale**   
  


  * Moderne 2.5 Zimmerwohnung 
  * 70 m² Wohnfläche 
  * 1 Schlafzimmer 
  * 1 Badezimmer mit Dusche 
  * Zusätzliche Gäste WC 
  * 2 Innengaragenplätze 
  * Rollstuhlgerecht 
  * Ausblick auf die Landschaft 
  * Kontrollierte Wohnraumlüftung 
  * Waschmaschine und Tumbler in der Wohnung 

  
  
Erleben Sie modernes Wohnen in einer zentrale Lagen von Siebnen. Kontaktieren Sie uns noch heute, um einen Besichtigungstermin zu vereinbaren.","garage,parkingspace,lift,view,accessiblewithwheelchair,minergie",False,,
flatfox,86397055,,3323,3023,300,4.5,146,1,,Auf Anfrage,8910,Affoltern am Albis,47.279144742102,8.459541771288,https://flatfox.ch/de/wohnung/auf-anfrage-8910-affoltern-am-albis/86397055/,APARTMENT,"Diese grosszügige 4.5-Zimmer-Etagenwohnung in Affoltern am Albis bietet 146 m² Wohnfläche und eine helle, sonnige Südausrichtung. Der 20 m² grosse Balkon mit Alpenblick lädt zum Durchatmen und Geniessen ein. Ideal für Paare, Familien oder Menschen mit Platzbedarf: barrierefrei, mit viel Stauraum und eigenem Waschturm in der Wohnung. Spielplatz in der Siedlung, Veloraum und Tiefgaragenparkplatz für 130 pro Monat runden das Angebot ab.   
  
Dieses BETTERHOMES-Angebot zeichnet sich durch folgende Vorteile aus:   
\- grosser Balkon (20 m²) mit Alpenblick   
  
\- sehr sonnig (Südausrichtung)   
  
\- grosszügige Raumaufteilung (146 m²)   
  
\- Spielplatz in der Siedlung   
  
\- viel Stauraum   
  
\- Waschturm in der Wohnung   
  
\- Veloraum   
  
\- Allgemeiner Waschraum und Wäschehängeplatz   
  
\- Kellerabteil mit Fenster   
  
\- Parkplatz mit abschliessbarem Stauraum   
  
\- und, und, und ...   
  
  
Interessiert? Kontaktieren Sie uns für eine unverbindliche Besichtigung!   
  
Nichts Passendes gefunden? Über 2'000 weitere Angebote unter: www.betterhomes.ch - der Immobilienfairmittler®   
  
Selber eine Immobilie zu vermarkten?   
Profitieren Sie von unserem Know-how: https://www.betterhomes.ch/de/profitieren   
  
Sie möchten eine Immobilie schätzen lassen?   
Erfahren Sie jetzt ihren Wert über unsere Gratis-Schätzung, sofort und unverbindlich!   
https://www.betterhomes.ch/de/knowledge/estimation   
  
  
Mehr Details   
Lage: familienfreundlich und ruhig   
Zustand: neuwertig, 2021 teilrenoviert   
  
Bäder / Nasszellen: 2 (1x Dusche / WC / Lavabo, 1x WC / Badewanne / Doppel-Lavabo)   
Heizsystem: Gas / Bodenheizung   
Öffentliche Verkehrsmittel: Bus, 350 m / Zug, 1.3 km   
Schulen: Primarschule, 600 m   
Geschäfte: Lidl, 950 m / Denner, 1.1 km","balconygarden,lift,accessiblewithwheelchair",False,2021,
flatfox,86397064,,4000,,100,3.5,115,0,1990,,8004,Zürich,47.380684742101,8.517301771281,https://flatfox.ch/de/wohnung/8004-zurich/86397064/,APARTMENT,,"parkingspace,tumbler,dishwasher,washingmachine",True,2015,2027-01-04
flatfox,86397195,,,2450,150,3.5,,1,,"Hargartenstrasse, 10",8185,Winkel,47.478254742108,8.562821771281,https://flatfox.ch/de/wohnung/hargartenstrasse-10-8185-winkel/86397195/,APARTMENT,,"view,balconygarden,parkingspace,garage,dishwasher,washingmachine,tumbler,broadbandinternet,parquetflooring",False,2026,
flatfox,86397231,,,1574,270,2.0,56,1,,,8038,Zürich,47.340364742108,8.529471771286,https://flatfox.ch/de/wohnung/8038-zurich/86397231/,APARTMENT,"Charming and Quiet 56 sqm Apartment with Uetliberg Views - Zurich Wollishofen  
​Key Details:  

*   ​Available: 1 December 2026 (flexible move-in possible late November)
*   ​Net Rent: CHF 1574
*   ​Utilities (Nebenkosten): CHF 270
*   ​Gross Rent: CHF 1844
*   ​Living Space: 56 sqm
*   ​Floor: 1st floor
*   ​Location: David-Hess-Weg, 8038 Zurich

​The Apartment:  
Bright, peaceful 1st-floor apartment in a green setting, ideally laid out for a single professional:  

*   ​Unobstructed view towards the Uetliberg
*   ​Spacious entrance hall with generous built-in wardrobes
*   ​Shared laundry facilities in the building
*   ​Highly quiet, residential street just a short walk to Lake Zurich

​Location and Commute:  

*   ​Public Transit: 7-minute walk to Tram 7 (approx. 20 min to Bahnhof Enge, 30 min to Zurich HB)
*   ​Shopping: Migros, Coop, and Aldi reachable within a 10-15 minute walk, VOI Migros 4-minute walk.

​Furniture Takeover:  
As I am relocating out of Switzerland, priority will be given to applicants interested in taking over most of the furniture. The entire set is offered at a substantial discount for a seamless move-in.  
​Viewing Appointments:  
Appointments for viewings can be arranged via the contact form.
​Please get in touch via private message with:  

1.  ​A brief introduction about yourself (profession, lifestyle)
2.  ​Confirmation that you have standard Swiss rental documents ready (Betreibungsauszug / debt register excerpt, recent payslips, copy of ID or permit)
3.  ​Whether you are open to taking over the furniture","view,dishwasher",False,2017,2026-12-01
flatfox,86397254,,3700,,,3.5,79,1,,,8003,Zürich,47.372209742104,8.516271771281,https://flatfox.ch/de/wohnung/8003-zurich/86397254/,APARTMENT,"Ab 1 Januar 2027 oder nach Vereinbarung suchen wir einen Untermieter 3.5-Zimmer-Wohnung an der Weststrasse 196 in Zürich für eine befristete Zeit von 6 Monaten Jahr (Mindestmietdauer 3 Monate, maximale Dauer 6 Monate)


Objektbeschreibung:  
  
*   3.5 Zimmer, gut geschnittener Grundriss
*   Zwei Balkone
*   Waschmaschine/ Tumbler in der Wohnung
* Koch- und Reinigungsuntensilien, sowie Bett- und Frotteewäsche vorhanden
*   Zentrale Lage im beliebten Stadtteil, nahe der Tramstation Lochergut
*   Einkaufsmöglichkeiten, Restaurants und ÖV in unmittelbarer Nähe","balconygarden,lift,stonefloor,dishwasher,tumbler,washingmachine",True,2017,
flatfox,86397256,,2300,,,1.0,67,2,,Alte Landstrasse 18,8800,Thalwil,47.282394042101,8.573411771288,https://flatfox.ch/de/wohnung/alte-landstrasse-18-8800-thalwil/86397256/,FURNISHED_FLAT,"The rental duration is limited till the end of March 2027! This cozy furnished private apartment is perfect for newcomers seeking a peaceful retreat. With a spacious living room, fully-equipped kitchen, and a big balcony boasting a beautiful view of Lake Zurich, it?s a great spot to relax. Plus, you'll appreciate the convenience of having a dishwasher, washing machine, and dryer. It's a nice blend of comfort and practicality. You can reach the main train station in Zurich in between 30 minutes.","balconygarden,broadbandinternet,washingmachine,tumbler,dishwasher",True,,
flatfox,86397260,,2100,,,2.5,55,2,,Gotthardstrasse 36,8800,Thalwil,47.296697042101,8.563061771287,https://flatfox.ch/de/wohnung/gotthardstrasse-36-8800-thalwil/86397260/,APARTMENT,"Beautiful sunny flat in Thalwil to sublet partially furnished, February to July 2027 (alternatively starting December 2026). 

Perfect spot for a couple and/or professional commuters to Zürich (9 min direct trains to HB), Zug, Luzern, and Chur. 

My rent is 2100/month with all Nebenkosten and I am asking for the same for sublet. 

Large chance you could take over the lease afterwards. 

Quiet and kind neighbors. 
Lake view from both inside and on the large private balcony. Peaceful spot outside the city but super quick to get there. 

1 min walk to:
-Thalwil train station
-Coop supermarket 
-Post office and banks
-Restaurants and cafes

5 min walk to the lake! 

Partially furnished with king size bed and Tempurpedic mattress, clothes dresser, small clothes wardrobe, kitchen table and chairs, some kitchen items, office desk, office chair, porch lounge, and misc. (not everything in pictures will be there as I put a lot in storage). 

One small covered parking space is available for 35 CHF/month there if your call is small. 


Important notes:
1. I currently don't have wifi. I've been using my phone Hotspot at 20/month unlimited for home office with video meetings, and it's been working fine. It would be possible to get wifi if really needed though. 
2. The flat is next to the train station. I am quite sensitive to noise and the noise of the trains truly don't bother me, but it might to some. This station does not have trains speeding through, and of course they stop running during the night. The building also is solid concrete, so there's zero vibrations from the trains. The new windows keep out the majority of the sound.","view,balconygarden,lift,dishwasher,parquetflooring",True,,2027-02-01
flatfox,86397265,,2000,,,1.5,43,13,,Vulkanstrasse 110C,8048,Zürich,47.393744742104,8.483961771282,https://flatfox.ch/de/wohnung/vulkanstrasse-110c-8048-zurich/86397265/,APARTMENT,"\--- _FOR ENGLISH SCROLL DOWN_ ---  
  
Ich untervermiete meine möblierte 1.5-Zimmer-Wohnung im Vulcano-Wohnturm (Vulkanstrasse 110C) für zwei Monate. Asiatisch eingerichtet, hell, mit Eckfenstern und Blick über Zürich. Ideal für Singles oder Paare.  
  
**Zeitraum**: 10.12.2026 bis 11.02.2027 (_+/- 1 Woche flexibel, verhandelbar_)  
**Miete**: CHF 2000.- pro Monat, alles inklusive (CHF 1925.- Wohnungsmiete inkl. Nebenkosten und Strom, CHF 75.- Pauschale für Möbel und Internet). Den aktuellen Mietvertrag zeige ich gerne beim Kennenlernen.  
**Fläche**: 43.4 m2 plus Loggia 4.1 m2, 13. Obergeschoss  
  
**Die Wohnung**  
\- offener Wohn-, Ess- und Schlafbereich, Ausrichtung Nord und West  
\- Küche mit Backofen, Mikrowelle, Kaffeemaschine inkl. Kapseln, Wassersprudler, komplettes Geschirr  
\- Esstisch für vier Personen, Eckcouch  
\- Smart-TV mit Streaming-Apps (Netflix mit eigenem Login, YouTube, Emby), kein Live-Fernsehen!  
\- Samsung Freestyle 2 Beamer mit Streaming Apps, kein Live-Fernsehen!  
\- Doppelbett 160 cm mit Bettwäsche  
\- Arbeitsplatz mit Monitoren und USB-C-Dockingstation: Laptop anschliessen und loslegen  
\- Dusche/WC, eigene Waschmaschine  
\- Loggia mit Lounge-Ecke  
\- Parkett in allen Räumen  
  
**Die Lage**  
\- wenige Gehminuten zum Bahnhof Altstetten, in rund 5 Minuten am HB  
\- Coop direkt im Wohnturm  
\- SwissLife Arena nebenan  
\- Autobahn in wenigen Minuten erreichbar Hausregeln  
\- Rauchen nur auf der Loggia  
\- keine Haustiere  
\- Besuch willkommen, Nachtruhe ab 22:00 Uhr  
  
Die Wohnung liegt mir am Herzen. Deshalb möchte ich dich vorher kennenlernen, online oder vor Ort. Schreib mir kurz, wer du bist und was dich nach Zürich bringt.  
  
**Furnished studio on the 13th floor with city views - Sublet Dec to Feb | Zurich-Altstetten**  
  
I'm subletting my furnished 1.5-room apartment in the Vulcano tower (Vulkanstrasse 110C) for two months. Asian-inspired interior, bright, with corner windows and views over Zurich. Ideal for singles or couples.  
  
**Period**: 10 December 2026 to 11 February 2027 (+/- 1 week flexible, can be discussed)  
**Rent**: CHF 2000.- per month, all inclusive (CHF 1925.- apartment rent incl. utilities and electricity, CHF 75.- flat fee for furniture and internet). I'm happy to show you the current rental contract when we meet.  
**Size**: 43.4 m2 plus loggia 4.1 m2, 13th floor  
  
**The apartment**  
\- open-plan living, dining and sleeping area, facing north and west  
\- kitchen with oven, microwave, coffee machine incl. capsules, sparkling water maker, fully equipped with dishes and cookware  
\- dining table for four, corner sofa  
\- smart TV with streaming apps (Netflix with your own login, YouTube, Emby), no live TV!  
\- Samsung Freestyle 2 projector with streaming apps, no live TV!  
\- 160 cm double bed with bed linen  
\- workspace with monitors and USB-C docking station: plug in your laptop and start working  
\- shower/WC, private washing machine  
\- loggia with lounge corner  
\- parquet flooring throughout  
  
**Location**  
\- a few minutes' walk to Zurich Altstetten station, about 5 minutes to Zurich main station  
\- Coop supermarket in the same tower  
\- Swiss Life Arena right next door  
\- motorway access within minutes  
  
**House rules**  
\- smoking on the loggia only  
\- no pets  
\- guests welcome, quiet hours from 10 pm  
  
This apartment means a lot to me, so I'd like to meet you first, online or in person. Send me a short message about who you are and what brings you to Zurich.","view,balconygarden,lift,accessiblewithwheelchair,dishwasher,tumbler,washingmachine,parquetflooring,broadbandinternet",True,,2026-12-10
flatfox,86397273,,,2690,90,3.0,70,0,,Regensdorferstrasse 61,8049,Zürich,47.405593942107,8.492111771289,https://flatfox.ch/de/wohnung/regensdorferstrasse-61-8049-zurich/86397273/,APARTMENT,"Available immediately, duration 9 months (extendable).  
  
This apartment is located in a calm, quiet area of Zurich while still being close to the center and well connected. Bus station 50m from the house: direct 15-minute bus connection to the main station, ETH and UZH. The surroundings offer a beautiful river for swimming and scenic forest walks with stunning views over the city.  
The apartment includes two bedrooms and a comfortable living room.","view,balconygarden,washingmachine,tumbler,dishwasher",True,,
flatfox,86397312,,3946,,395,5.5,132,4,,Seestrasse 274,8810,Horgen,47.255024742108,8.610971771289,https://flatfox.ch/de/wohnung/seestrasse-274-8810-horgen/86397312/,APARTMENT,"Für unsere grosszügige **5.5-Zimmer-Wohnung an der Seestrasse 274 in Horgen** suche ich einen **Nachmieter per 16. Dezember 2026**.  
  
Die Wohnung bietet **132 m² Wohnfläche**, eine moderne Ausstattung und eine **fantastische Aussicht auf den Zürichsee**. Sie befindet sich in der beliebten Überbauung **Promenade Horgen**, nur wenige Gehminuten vom Zürichsee entfernt.  
  
**Die Wohnung bietet:**  

*   Offene Küche / Essbereich mit **seeseitigem Balkon, Morgensonne und viel Stauraum**
*   Grosszügiges Wohnzimmer mit **zweitem Balkon auf der Bergseite und Abendsonne**
*   **4 Schlafzimmer**
*   **2 Badezimmer,** 1 mit Badewanne und 1 mit Dusche
*   Eigener Waschturm mit **Waschmaschine und Tumbler**
*   Dunkler Eichenparkett in allen Räumen
*   Blau-graue Mosaikplatten in den Nasszellen
*   Grosse Fenster mit viel natürlichem Licht
*   Kontrollierte Wohnungslüftung
*   Individuell regulierbare **Fussbodenheizung in jedem Raum**
*   Separates Kellerabteil
*   Gemeinschaftlicher Veloraum
*   Sehr sichere und vollständig rollstuhlgängige Überbauung
*   Balkone mit Fläche von **13.5 m²**
*   Lift
*   Minergie-Standard
*   Haustiere erlaubt
*   Parkplätze in der Garage im Haus können zusätzlich gemietet werden

  
**Lage:**  

*   Öffentlicher Nahverkehr: ca. **100 m**
*   Bahnhof / Fernverkehr: ca. **800 m**
*   Einkaufsmöglichkeiten: ca. **50 m**
*   Kindergarten: ca. **100 m**
*   Primarschule: ca. **300 m**
*   Oberstufe: ca. **1 km**
*   Autobahnanschluss: ca. **2.6 km**
*   Zürichsee und Seebad Käpfnach in ca. **3 Gehminuten** erreichbar

  
**Miete:**  
Nettomiete: **CHF 3’551**  
Nebenkosten: **CHF 395**  
Gesamtmiete: **CHF 3’946 / Monat**  
Parkplatz: **CHF 165 / Monat**, falls gewünscht.  
  
**Übernahme per 16.12.2026.**  
  
Bei Interesse oder für einen Besichtigungstermin gerne melde.","view,balconygarden,garage,minergie,lift,accessiblewithwheelchair,dishwasher,parquetflooring,tumbler,washingmachine,petsallowed",False,,2026-12-16
flatfox,86397314,,3200,,,4.5,130,4,,"Marktgasse, 8",8400,Winterthur,47.499995842101,8.730411771289,https://flatfox.ch/de/wohnung/marktgasse-8-8400-winterthur/86397314/,APARTMENT,"Für unsere wunderschöne Maisonnette-Wohnung in der Winterthurer Altstadt suchen wir **per 1.12.26** Nachmieter\*innen. Die Wohnung ist rund **130 m2 gross und hat 4 ½ Zimmer**. Dazu kommt eine **30 m2 grosse Dachterrasse** mit viel Privatsphäre. Die Wohnung teilt sich auf 2 Etagen auf und liegt im Dachgeschoss ohne Lift. Die Haltung von Katzen ist erlaubt, Hunde leider nicht.  
  
**Zur Wohnung gehören:**  
\- 2 Schlafzimmer  
\- Offene Küche mit Induktionsherd, Backofen, Mikrowelle, Geschirrspüler & Kühlschrank mit Gefrierfach  
\- Grosser, heller Wohn- / Essbereich mit Cheminée  
\- Grosszügige Galerie mit Platz für Büro, Sport, etc.  
\- Private 30 m2 grosse Dachterrasse (optional bereits mit einer Katzenklappe und einem Katzennetz versehen)  
\- Weitere Dachterrasse zur gemeinschaftlichen Nutzung  
\- 2 Badezimmer mit Badewanne & Dusche sowie Waschmaschine & Tumbler  
\- 1 grosser Abstellraum in der Wohnung  
\- 1 Kellerabteil im UG  
\- Veloraum im UG  
  
**Deine Vorteile:**  
\- Pauschale Nebenkosten  
\- Private, unkomplizierte und sehr hilfsbereite Vermietung  
\- Mitten in der Winterthurer Altstadt: Bushaltestelle, Läden, etc. direkt vor der Nase  
\- Die Wohnung ist bereits katzensicher eingerichtet. Falls du also mit einem Vierbeiner einziehst, ist alles schon dafür bereit  
\- Kein Lift: bleib fit durch regelmässiges Treppensteigen ;)  
  
Besichtigungstermine vereinbaren wir gerne auf Anfrage. Wir freuen uns darauf, von dir / euch zu hören!  
Linda & Pascal","balconygarden,fireplace,dishwasher,parquetflooring,tumbler,washingmachine,broadbandinternet,petsallowed",False,,2026-12-01
flatfox,86397321,,2390,,200,3.0,70,2,,Langstrasse 193,8005,Zürich,47.382314042101,8.529391771282,https://flatfox.ch/de/wohnung/langstrasse-193-8005-zurich/86397321/,APARTMENT,"Hallo! Ich bin einen Monat weg und suche jemanden, der in dieser Zeit meine Wohnung geniesst.  
Es ist eine möblierte 3-Zimmer-Wohnung an der Langstrasse, direkt beim Limmatplatz. Es gibt ein Esszimmer, ein gemütliches Wohnzimmer, ein Schlafzimmer, ein Bad und eine Küche mit Balkon. Der Balkon und die Küche sind meine Lieblingsplätze zum Frühstücken. In der Küche findest du alles, was du zum Kochen brauchst. Waschmaschine und Tumbler sind in der gemeinsamen Waschküche im Keller.  
  
Die Lage ist sehr praktisch. Zum Hauptbahnhof läuft man in etwa 10 Minuten, und der Bus hält direkt vor dem Haus. Rund um den Limmatplatz und die Langstrasse gibt es viele Cafés, Bars, kleine Läden und Restaurants, und die Limmat ist auch ganz in der Nähe.  
  
Die Wohnung ist vom 3. November bis 4. Dezember 2026 verfügbar. Wenn du Interesse hast, schreib mir ein paar Zeilen über dich und was dich nach Zürich bringt. Ich freue mich auf deine Nachricht!  
Steffi  
  
**Furnished 3-room apartment near Limmatplatz, 3 Nov to 4 Dec**  
Hi! I'll be away for a month and I'm looking for someone to enjoy my apartment while I'm gone.  
  
It's a furnished 3-room flat on Langstrasse, right by Limmatplatz. There's a dining room, a comfortable living room, a bedroom, a bathroom and a kitchen with a balcony. The kitchen and the balcony are my favourite spots for breakfast. The kitchen has everything you need to cook. Washing machine and dryer are shared and in the basement.  
  
The location is really practical. The walk to the main station takes about 10 minutes, and the bus stops right in front of the house. Around Limmatplatz and Langstrasse you'll find lots of cafés, bars, small shops and restaurants, and the river is close by too.  
  
The apartment is available from 3 November to 4 December 2026. If you're interested, send me a few lines about yourself and what brings you to Zurich.  
I look forward to hearing from you!  
Steffi","balconygarden,dishwasher,parquetflooring,tumbler,washingmachine",True,,2026-11-03
flatfox,86396210,,2300,,,3.5,90,1,,Alte Landstrasse 154,8708,Männedorf,47.256569742107,8.688811771283,https://flatfox.ch/de/wohnung/alte-landstrasse-154-8708-mannedorf/86396210/,APARTMENT,"Wir suchen per 1. November 2026 einen Nachmieter / eine Nachmieterin für unsere wunderschöne, helle 3.5-Zimmerwohnung in 8708 Männedorf.


Die Wohnung befindet sich in einer ruhigen Lage in einer 30er-Zone mit wenig Verkehr und bietet gleichzeitig eine perfekte Nähe zum Zürichsee. In nur ca. 1 Minute zu Fuss ist man bereits am See.


Die Wohnung verfügt über:


* Sehr helle und grosszügige Räume
* Cheminée
* Bodenheizung
* 2 Badezimmer
* Eigenen Waschraum mit Waschmaschine und Tumbler
* Geschirrspüler
* Grosses, eigenes Kellerabteil
* Haustiere erlaubt
* Parkplatz oder Garagenplatz kann zusätzlich gemietet werden


Auch die Einkaufsmöglichkeiten sind super praktisch: Coop, Migros, Aldi, Denner, Fressnapf und weitere Geschäfte befinden sich in unmittelbarer Nähe.


Wir haben uns in der Wohnung sehr wohlgefühlt und würden uns freuen, wenn wir jemanden finden, der ebenfalls Freude an dieser schönen Wohnung und der tollen Lage hat.


Besichtigungen:
Bei Interesse bitte das entsprechende Formular ausfüllen. Wir melden uns anschliessend für einen Besichtigungstermin.","balconygarden,parkingspace,garage,fireplace,stonefloor,parquetflooring,dishwasher,tumbler,washingmachine,cable,petsallowed",False,,2026-11-01
flatfox,86396253,,3630,,200,3.5,78,1,2018,Staffelstrasse 13,8045,Zürich,47.360614042101,8.520601771281,https://flatfox.ch/de/wohnung/staffelstrasse-13-8045-zurich/86396253/,APARTMENT,"**Deutsch (English see below)**  
  
Diese Wohnung verbindet einen **aussergewöhnlich grosszügigen Wohn- und Essbereich** mit einer Lage, die Stadtleben und Erholung überzeugend zusammenbringt. Teil des von Werknetz Architektur realisierten Wohnprojekts Edensieben, bietet sie einen klar gegliederten, hochwertigen Rahmen **unmittelbar bei Sihlcity und nahe der Sihl**.  
  
Der offene Wohn-/Essbereich mit moderner Küche bildet den Mittelpunkt des Zuhauses und öffnet sich zur **gedeckten Loggia mit Holzbelag** - ein geschützter Aussenraum für entspannte Mahlzeiten und ruhige Stunden. Grosse Fensterflächen, dunkler Parkettboden und die zeitgemässe Küche mit **Geschirrspüler und Steamer** prägen das gepflegte Wohnambiente. Zwei gut proportionierte Zimmer bieten Flexibilität für Schlafen, Arbeiten oder Gäste.  
Besonders komfortabel ist das stilvolle Bad mit **Badewanne, separater Dusche und Doppellavabo**. Das Reduit mit **eigener Waschmaschine und Tumbler** schafft zusätzlichen Stauraum und erleichtert den Alltag. Lift, Kellerabteil und **Minergie-Standard** ergänzen das durchdachte Angebot.  
Sihlcity mit Einkaufsmöglichkeiten, Gastronomie und Kino liegt in unmittelbarer Nähe. Die Haltestelle Sihlcity Nord mit Tram- und Busverbindungen sowie die S4 ab Saalsporthalle sorgen für eine **ausgezeichnete Anbindung**; der Sihlweg führt zudem schnell ins Grüne.  
  
Hinweis: Es handelt sich um eine Nachmietersuche. Der bestehende Mietvertrag wird zu unveränderten Konditionen übernommen; über die definitive Vergabe entscheidet die Vermieterschaft.  
  
  
**English**  
  
This apartment combines an **exceptionally generous living and dining area** with a location that brings together urban convenience and easy access to nature. Part of the Edensieben residential project by Werknetz Architektur, it offers a well-designed, high-quality home **moments from Sihlcity and close to the River Sihl**.  
  
The open-plan living and dining area with its contemporary kitchen forms the heart of the home and extends to a **covered, timber-decked loggia** - a sheltered outdoor setting for relaxed meals and downtime. Large windows, dark parquet flooring and a modern kitchen with **dishwasher and steam oven** create a refined, welcoming atmosphere. Two well-proportioned rooms provide flexibility for bedrooms, working from home or guests.  
  
The stylish bathroom is a particular highlight, featuring **both a bathtub and separate shower as well as a double washbasin**. A practical utility room with **private washing machine and tumble dryer** adds valuable storage and everyday convenience. Lift access, a private cellar compartment and the **Minergie standard** complete this thoughtfully planned offering.  
Sihlcity, with its shopping, dining and cinema options, is close by. Tram and bus services from Sihlcity Nord, together with the S4 from Saalsporthalle, offer **excellent connections**, while the riverside path along the Sihl provides a quick route into green surroundings.  
  
Note: This is a replacement tenant search. The existing lease will be taken over on unchanged terms; the final decision on the tenancy rests with the landlord.","balconygarden,lift,minergie,cable,broadbandinternet,washingmachine,tumbler,dishwasher",False,,2026-12-01
flatfox,86396304,,2120,,230,3.5,62,0,,"Hohlstrasse 349, zurich",8004,zurich,47.384503942105,8.509551771285,https://flatfox.ch/de/wohnung/hohlstrasse-349-zurich-8004-zurich/86396304/,APARTMENT,"Hallo, Nachmieter ist gesucht und wir freuen uns auf Besichtigungen!  
Die wohnung ist 1 minute weg vom haltestelle und 15 mit Bus vom Zurich HB.  
Appointments for viewings can be arranged via the contact form.",dishwasher,False,,
flatfox,86396331,,1500,,,2.0,65,,,,8253,Diessenhofen,47.683814742107,8.728901771281,https://flatfox.ch/de/wohnung/8253-diessenhofen/86396331/,APARTMENT,"möblierte Wohnung zu vermieten.   
  
Sonnigen Süd-Ausrichtung   
  
Ruhiges und gepflegtes Haus.   
  
Inkl. Waschmaschine und Trockner",,False,,
flatfox,86396515,,,3490,200,3.5,82,,,Waffenplatzstrasse 10,8002,Zürich,47.361185842103,8.526341771283,https://flatfox.ch/de/wohnung/waffenplatzstrasse-10-8002-zurich/86396515/,APARTMENT,"Willkommen an der **Waffenplatzstrasse** im begehrten, zentralen **Quartier Enge (Kreis 2), nähe Waffenplatz**! Diese modern ausgebaute und grosszügige 3-Zimmer-Wohnung mit ca. 82 m² Wohnfläche ist **ab sofort verfügbar** und überzeugt durch ihren hellen, einladenden Charakter sowie ihre ausgezeichnete Lage.  
  
_Die Wohnung bietet:_  
  

*   **Helle Wohnräume:** Geräumige Zimmer mit neuen Parkettböden, Wänden mit Abrieb in weiss und grossen Fenstern, die viel natürliches Licht hereinlassen. Die Wohnung verfügt über drei geräumige Wohn-, Schlaf- und Arbeitsräume (mit jeweils mindestens 17 m2). Zwei der drei Wohnräume verfügen über eine Verbindungstüre, sind aber auch direkt vom Korridor her zugänglich.
*   **Balkon:** Der Balkon befindet sich auf der ruhigen Rückseite des Hauses – ideal zum Entspannen (Westseite mit Abendsonne, vor allem im Sommer).
*   **Moderne Küche:** Zeitgemäss ausgestattet mit geräumigen weissen Schränken, schwarzer Arbeitsplatte aus Granit, grossem Kühlschrank und Tiefkühler (2 Türen), Glaskeramikherd, hochliegendem Backofen, Geschirrspüler, eingebauter Mikrowelle sowie Keramikplatten (am Boden und teilweise an Wänden).
*   **Bäder/Nasszellen:** Badezimmer mit Badewanne, Lavabo und WC. Das Badezimmer verfügt über ein Fenster.
*   \*\*Zusätzliche Toilette: asszellen:\*\*N Zusätzlich zum Badezimmer verfügt die Wohnung noch über eine zweite Toilette mit Lavabo
*   **Holzdecke:** Ein besonderes architektonisches Detail, das der Wohnung einen individuellen Charakter verleiht.
*   **Eigener Waschturm** mit Waschmaschine und Tumbler im Badezimmer der Wohnung.
*   **Lift:** Die Wohnung ist bequem und hindernisfrei mit dem Lift erreichbar.
*   Geräumiges **Kellerabteil** im Untergeschoss.
*   Die Heizung und Warmwasseraufbereitung im Gebäude erfolgt mit einer Wärmepumpe mit Geothermie und ist entsprechend umweltfreundlich.

**Lage & Umgebung:**  
Die Wohnung liegt an der Waffenplatzstrasse in einer Tempo-30-Zone. Entsprechend ist sie trotz zentraler Lage angenehm ruhig.  
Die Tram- und Bushaltestelle Waffenplatzstrasse befindet sich gleich um die Ecke, zudem ist der Bahnhof Enge nur ca. 500 m entfernt; dies gewährleistet eine hervorragende Anbindung an den öffentlichen Verkehr.  
Das Einkaufszentrum Sihlcity mit zahlreichen Einkaufsmöglichkeiten ist nur ca. 500 m entfernt und in wenigen Minuten zu Fuss bequem erreichbar.  
Auch der Zürichsee und das Stadtzentrum sind rasch erreichbar.  
  
**Weiteres:**  
Es ist kein Parkplatz oder Garagenplatz für Auto verfügbar.  
Diese **sofort verfügbare Wohnung** ist ideal für Personen, die das urbane Leben in einem der attraktivsten Quartiere Zürichs geniessen möchten.  
Kontaktieren Sie uns bei Interesse für eine unverbindliche Besichtigung!","balconygarden,lift,dishwasher,cable,parquetflooring,tumbler,washingmachine,stonefloor,broadbandinternet",False,,
flatfox,86396573,,2200,,,3.5,96,,,Sonnenrainstr. 7a,8134,Adliswil,47.311417042101,8.523491771283,https://flatfox.ch/de/wohnung/sonnenrainstr-7a-8134-adliswil/86396573/,APARTMENT,"Entdecken Sie diese schöne 3,5-Zimmer-Wohnung im 1. Stock, gelegen im Herzen von Adliswil (Sonnenrainstr. 7a). Hell, ruhig und barrierefrei diese Minergie-zertifizierte Wohnung bietet ein aussergewöhnliches Wohnumfeld, das modernen Komfort mit Umweltfreundlichkeit verbindet.   
  
Die Highlights der Wohnung:   
  
  
  
  
  
  
  
Grosszügige Wohnfläche: 96 m², konzipiert für Ihren Komfort, mit viel Tageslicht und reichlich Sonneneinstrahlung im Sommer.   
  
  
  
Balkon mit schöner Aussicht: Geniessen Sie einen angenehmen Aussenbereich mit freiem Blick.   
  
  
  
Barrierefreiheit: Die Wohnung ist vollständig rollstuhlgängig.   
  
  
  
Waschmaschine: Für Ihren täglichen Komfort bereits vorhanden.   
  
  
  
Minergie-Zertifizierung: Garantiert eine hervorragende Energieeffizienz und ein gesundes Wohnklima.   
  
  
  
Haustiere erlaubt: Ihre vierbeinigen Begleiter sind herzlich willkommen.   
  
  
  
Raucher willkommen & kinderfreundlich: Für ein entspanntes Wohnen.   
  
  
  
  
Die Wohnung ist sofort bezugsfrei und bietet eine seltene Gelegenheit, in einer ruhigen, grünen Umgebung in Adliswil zu wohnen.",,False,,
flatfox,86396647,,2428,,235,3.0,67,1,,,8048,zürich,47.386074742108,8.479331771285,https://flatfox.ch/de/wohnung/8048-zurich/86396647/,APARTMENT,"Ich vermitte für mindestens 6 Monaten mit Option auf Verlängerung, meine 3 zimmer Wohnung mit Balkon im Zürich Altstetten. 

Die Wohnung liegt im Altstetten, hat eine tram Haltestelle (Linie 2) direkt vom Haus, 7 min von Bahnhof Altstetten und 3 Minuten von Lindenplaz entfernt.  
  
Die Wohnung würde im 2021 komplett renoviert und als Neubau gemietet mit moderne Küche.
Die 3 zimmer Wohnung mit Balkon hat 67m², ist sehr hell, liegt im 1 Stock und hat viele Einkaufsmöglichkeiten in der Nähe. ( Coop, Migros, Denner.. )

Das Haus ist möbliert aber nach Absprache können die Schlafzimmer Möbeln raus

Kaution sind 2 Monaten 

Für Strom, Internet uns Serafe sind 135chf extra.","balconygarden,tumbler,washingmachine,dishwasher,parquetflooring",True,2021,2026-11-01
flatfox,86396666,,3880,,,3.5,90,4,2010,Wildbachstrasse 77,8008,Zürich,47.354185842103,8.559401771281,https://flatfox.ch/de/wohnung/wildbachstrasse-77-8008-zurich/86396666/,APARTMENT,"📌 Die deutsche Version finden Sie weiter unten.

Our beautiful apartment in 8008 Zurich, just two streets from the lake, will be available from 1 December 2026.
Located on the 4th floor, the apartment is exceptionally bright and spacious, with high ceilings and floor-to-ceiling windows bringing plenty of natural light into every room.

The apartment features:

A large and welcoming living area with an open-plan kitchen
Two bedrooms
Two bathrooms
Integrated air conditioning, providing a comfortable indoor temperature throughout the summer. Even during this summer's warmest period, the apartment remained at a maximum of around 25°C
A large balcony, perfect for enjoying the surrounding greenery
A separate storage/laundry room with a washing machine and dryer
A private cellar in the basement
The apartment is fully equipped, extremely comfortable and beautifully maintained, with a warm and cosy atmosphere. The neighbourhood is very green and peaceful, while still being exceptionally well connected.
The Coop supermarket is just 2 minutes away, and the tram stop and train station are approximately 2 and 5 minutes away, respectively.

📍 8008 Zurich – close to the lake

Viewings this Sunday
Viewings will take place this Sunday 27 at 12:00 and 18:00.
Please ring the bell marked “Libert Ishchuk”, 4th floor.

We look forward to meeting you!

——

Wunderschöne, helle Wohnung in 8008 Zürich – ab 1. Dezember 2026
Unsere wunderschöne Wohnung im 8008 Zürich, nur zwei Strassen vom See entfernt, wird per 1. Dezember 2026 frei.
Die Wohnung befindet sich im 4. Obergeschoss und zeichnet sich durch ihre grosszügige Raumhöhe sowie die bodentiefen Fenster aus, die für sehr viel Tageslicht in sämtlichen Räumen sorgen.

Die Wohnung verfügt über:

Einen grosszügigen und einladenden Wohnbereich mit offener Küche
Zwei Schlafzimmer
Zwei Badezimmer
Eine integrierte Klimaanlage, die auch an warmen Sommertagen für ein angenehmes Raumklima sorgt. Selbst während der heissesten Phase dieses Sommers lag die Raumtemperatur bei maximal ca. 25 °C
Einen grosszügigen Balkon mit Blick ins Grüne
Einen separaten Abstellraum mit Waschmaschine und Tumbler
Ein eigenes Kellerabteil im Untergeschoss
Die Wohnung ist sehr gut ausgestattet, äusserst komfortabel und gepflegt und bietet eine angenehme, warme Wohnatmosphäre. Die grosszügigen Fenster, die hohen Decken und der schöne Balkon verleihen der Wohnung ein besonders helles und offenes Wohngefühl.
Die Lage ist ausgesprochen attraktiv: Der See ist nur wenige Gehminuten entfernt, und die Umgebung ist geprägt von viel Grün und einer angenehmen Wohnatmosphäre. Der Coop befindet sich ca. 2 Gehminuten entfernt, die nächste Tramhaltestelle ca. 2 Minuten und der Bahnhof ca. 5 Minuten.

📍 8008 Zürich – in unmittelbarer Nähe zum See

Besichtigungen
Besichtigungen finden diesen Sonntag 27. um 12:00 Uhr und um 18:00 Uhr statt.
Bitte bei „Libert Ishchuk“, 4. Stock, klingeln.

Wir freuen uns auf Ihre Kontaktaufnahme und darauf, Ihnen die Wohnung persönlich zu zeigen.","view,balconygarden,minergie,lift,accessiblewithwheelchair,parquetflooring,dishwasher,tumbler,washingmachine,cable,broadbandinternet",False,,2026-12-01
flatfox,86396695,,2630,2470,160,2.5,,,,Affolternstrasse 115,8050,Zürich,47.410396942101,8.535531771283,https://flatfox.ch/de/wohnung/affolternstrasse-115-8050-zurich/86396695/,APARTMENT,"**Erstvermietung nach umfassender Sanierung - Ihr neues Zuhause erwartet Sie!**

An der Affolternstrasse 115, nur 10 Gehminuten vom Bahnhof Zürich-Oerlikon entfernt, erwartet Sie ein unverzichtbares Wohnangebot, das urbanes Flair mit modernen Ausbaustandards und offen konzipierten Grundrissen vereint, den Alltag erleichtert und verschönert. 

Erleben Sie die ideale Symbiose aus lebendigem Stadtleben und privatem Rückzugsort in Ihren eigenen vier Wänden - zeitlos und trendüberdauernd. 

Unsere 2.5-Zimmerwohnungen bieten ein perfekt geeignetes Zuhause für Singles, Paare, junge Berufstätige und Studierende, die sowohl modernes als auch funktionales Wohnen suchen oder sich einfach ihre ersten eigenen vier Wände wünschen. 

Mietzins ab CHF 2`390 bis CHF 2`630 

Worauf warten Sie? Kontaktieren Sie uns noch heute und lassen Sie sich von unserem Vermarktungsdossier begeistern. Entdecken Sie Einblicke in die besonderen Highlights der Affolternstrasse, den Sanierungsumfang, die praktische Lage, in die Grundrisse und vieles mehr. 

  


**Bitte beachten Sie, dass jegliche Bilder ohne Gewähr sind und vom Original abweichen können.**","garage,parkingspace,lift,balconygarden,petsallowed",False,2026,
flatfox,86396707,,3606,,,3.5,91,2,,Streulistrasse 6,8032,Zürich,47.366574742104,8.560561771285,https://flatfox.ch/de/wohnung/streulistrasse-6-8032-zurich/86396707/,APARTMENT,"*   Ab **sofort** steht diese gepflegte und rund 91 m² grosse 3.5-Zimmer-Wohnung im beliebten und ruhigen Englischviertelquartier zur Vermietung. Die Wohnung überzeugt mit einem durchdachten Grundriss und einer angenehmen Wohnatmosphäre. Das Badezimmer sowie das separate WC bieten zusätzlichen Komfort im Alltag. Die vor rund 1,5 Jahren renovierte Küche ist modern ausgestattet und lädt zum Kochen ein. Mehrere praktische Einbauschränke sorgen für zusätzlichen Stauraum. Ein besonderes Highlight sind die **zwei Balkone**, auf denen Sie die ruhige Umgebung geniessen können. Ergänzt wird das Angebot durch ein eigenes Kellerabteil sowie einen Gemeinschaftswaschraum. Die Wohnung befindet sich in einem äusserst ruhigen Quartier mit hoher Wohnqualität. Trotz der entspannten Lage sind Einkaufsmöglichkeiten, öffentliche Verkehrsmittel und weitere Einrichtungen des täglichen Bedarfs gut erreichbar. Auf einen Blick:
*   Ca. 91 m² Wohnfläche
*   3.5 Zimmer
*   Separates Badezimmer und WC
*   Moderne Küche, vor ca. 1,5 Jahren renoviert
*   Zwei Balkone
*   Praktische Einbauschränke
*   Eigenes Kellerabteil
*   Gemeinschaftswaschraum
*   Ruhige und attraktive Lage im Englischviertelquartier
*   Mietzins: CHF 3'600.– pro Monat
*   Nur Katzen können auf Anfrage bei der Verwaltung genehmigt werden","view,balconygarden,dishwasher,cable,parquetflooring,petsallowed",False,2024,
flatfox,86396724,,3070,,310,3.5,92,23,2026,Hardstrasse 10,8105,Regensdorf,47.438866942106,8.471921771281,https://flatfox.ch/de/wohnung/hardstrasse-10-8105-regensdorf/86396724/,APARTMENT,"**MIETEN OHNE KAUTION - Zwhatt ist Stadt, ist Land, ist Leben**  
  
Im neuen Stadtquartier Zwhatt in Regensdorf-Watt entsteht ein Ort voller Leben und Möglichkeiten. Direkt am Bahnhof und nur 17 Minuten vom Zürcher Hauptbahnhof entfernt wächst hier ein Quartier, das modernes Wohnen mit urbanem Lebensgefühl verbindet.  
  
Mehr als 600 Mietwohnungen fügen sich in einen lebendigen Aussenraum mit Quartierplatz, grosser Wiese, Sauna sowie vielseitigen Angeboten für Gastronomie und Kleingewerbe ein.  
  
Wer eine beeindruckende Aussicht über das Furttal geniessen möchte, wird im Wohnturm fündig. Im zweiten Hochhaus von Zwhatt entstehen 165 Wohnungen für Menschen in unterschiedlichen Lebensphasen und mit verschiedenen Bedürfnissen. Hier findet jeder das passende Zuhause – modern, urban und mitten im Geschehen. Ein besonderes Highlight für die Mieterinnen und Mieter ist die Sky Lounge im 24. Obergeschoss mit Aussenküche und atemberaubender Aussicht.  
  
Bilder sind Musterbilder.  
 
  
Für Ihre Wohnqualität:  
\- Eichenparkettboden in Wohn-/Schlafbereich  
\- Fussbodenheizung und Naturalcooling in der gesamten Wohnung  
\- Moderne, offene und helle Küche mit Induktionskochfeld und Geschirrspüler  
\- Integrierter Waschturm in Küchenmöbel  
\- Badezimmer mit Badewanne/WC  
\- Separate Dusche/WC  
\- Reduit in der Wohnung für zusätzlichen Stauraum  
\- Strombezug aus eigener PV-Anlage auf dem Areal  
\- Loggia mit Aussicht  
  
Für mehr Informationen besuchen Sie die ZWHATT Webseite.

**Bei diesem Mietobjekt müssen Sie nicht wie üblich drei Monatsmieten als Kaution auf ein Sperrkonto einzahlen. So bleiben Sie liquid, da nicht eine grössere Geldsumme für die Dauer Ihres Mietverhältnisses blockiert ist. Und das Beste: Das Angebot ""Mieten ohne Kaution"" ist für Sie gratis.","view,balconygarden,garage,lift,dishwasher,washingmachine,cable,petsallowed",False,,2026-10-16
flatfox,86396788,,1300,,,3.0,65,,,Glanzenbergstrasse 26,8953,Dietikon,47.397744742107,8.424941771283,https://flatfox.ch/de/wohnung/glanzenbergstrasse-26-8953-dietikon/86396788/,APARTMENT,"3-Zimmer-Wohnung in einer Genossenschaft. Mit Balkon, 80 Quadratmeter. Mit dem Zug sind es 15 Minuten vom Hauptbahnhof Zürich, und die Züge fahren alle 15 Minuten. Coop pronto 150m, Coop 800 m, Migros/Denner 1km entfernt.   
  
Ab 1. November verfügbar; da wir ausserordentlich kündigen, benötigen wir einen Nachmieter.   
  
Besichtigung nur mit aktuellem Betreibungsregister",,False,,
flatfox,86396789,,860,,,1.0,,,,,8863,Buttikon SZ,47.174304742101,8.953051771282,https://flatfox.ch/de/wohnung/8863-buttikon-sz/86396789/,APARTMENT,"Ich suche für mein schönes, helles Studio im 3. Obergeschoss einen passenden Nachmieter zum 1.12.2026   
  
Das Studio verfügt über einen gedeckten Balkon (Loggia) mit wunderschöner Aussicht ins Grüne und auf die Berge ein schöner Platz zum Sitzen und Entspannen.   
  
Das bietet das Studio:   
  
* ca. 23,8 m² Wohnfläche   
* ca. 5,3 m² gedeckter Balkon / Loggia   
* helles und gemütliches Studio   
* modernes Badezimmer mit Dusche/WC   
* eigener Kellerraum   
* Waschmaschine und Wäschetrockner im Keller   
* separater Fahrradraum   
* Aussenparkplatz für CHF 70./Monat dazumietbar   
* Bushaltestelle ca. 5 Minuten zu Fuss entfernt   
* Einkaufsmöglichkeiten in der näheren Umgebung   
* ruhige Lage mit wunderschöner Aussicht   
  
Mietkosten   
  
Miete: CHF 860./Monat   
Aussenparkplatz optional: CHF 70./Monat   
  
Margaritenstrasse 3, 8863 Buttikon SZ   
  
Besichtigung nach Vereinbarung.   
  
Bei Interesse freue ich mich über eine Nachricht.",,False,,
flatfox,86396824,,1005,,,1.5,30,3,,Hobelwerkweg 41 a,8404,Winterthur,47.510113942107,8.763101771286,https://flatfox.ch/de/wohnung/hobelwerkweg-41-a-8404-winterthur/86396824/,APARTMENT,"Ich ziehe leider aus meiner gemütlichen 1-Personen-MicroCoLiving-Wohnung im Hobelwerk in Oberwinterthur aus und suche eine/n Nachmieter:in.

Das MicroCoLiving richtet sich an Menschen, die gerne ihren eigenen privaten Rückzugsort haben, gleichzeitig aber Gemeinschaft und Begegnung schätzen. Insgesamt gibt es 24 kleine Wohnungen für ein bis zwei Personen. Über drei Stockwerke verteilt befinden sich grosszügige Gemeinschaftsräume mit grossen Küchen, Wohn- und Arbeitsbereichen – Raum zum Kochen, Essen, Arbeiten, Austauschen und Zusammensein.

Die Wohnung:
- 30 m² im 3. Stock.
- Geräumiges Badezimmer mit Dusche.
- Kleine offene Küche ohne Backofen.
- Grosse Gemeinschaftsküchen zum gemeinsamen Kochen und natürlich auch zum Backen 😊 sowie grosse Wohnräume die von der Gemeinschaft belebt werden.
- 1 gemeinsamer Balkon pro Stockwerk.
- Waschküche für das ganze Wohnhaus mit mehreren Waschmaschinen, Tumblern und Trocknungsräumen.
- Lift. 

Zum MicroCoLiving gehört ein Verein, in dem alle Bewohner:innen Mitglied sind. Einmal im Monat treffen wir uns, um uns auszutauschen und gemeinsam Ideen für ein gutes Miteinander zu entwickeln. Darüber hinaus gibt es immer wieder gemeinsame Aktivitäten wie Kochen und Essen, Ausflüge, Spieleabende und vieles mehr.

Wenn du also gerne Gemeinschaft hast, dich auch selbst einbringen möchtest und Lust auf ein generationenübergreifendes Zusammenleben hast, könnte das hier genau der richtige Ort für dich sein.

Das MicroCoLiving ist Teil der genossenschaftlichen Siedlung Hobelwerk der Genossenschaft mehr als wohnen. Für den Eintritt in die Genossenschaft muss ein entsprechender Genossenschafts-Anteilschein erworben werden.

Du kannst  das ganze Hobelwerkareal nutzen mit z. B. Gemeinschaftsgarten, Fitnessraum, Dachterrasse, Sauna etc.

Einzug: Per 01.12.2026

Wenn dich das Konzept anspricht, freue ich mich über eine Nachricht und erzähle dir gerne mehr. 😊","balconygarden,minergie,lift,accessiblewithwheelchair,parquetflooring,tumbler,washingmachine,broadbandinternet,partofcooperative",False,,2026-12-01
flatfox,86395896,,,2750,200,2.5,66,3,2026,Gschwaderstrasse 25,8610,Uster,47.357025842109,8.710641771284,https://flatfox.ch/de/wohnung/gschwaderstrasse-25-8610-uster/86395896/,APARTMENT,"An der Gschwaderstrasse 25 in Uster vermieten wir per 01. Nov. 2026 o. nach Vereinbarung eine exklusive 2.5-Zimmer-Neubau Attikawohnung, welche modernes Design, hochwertige Materialien und eine aussergewöhnliche Terrasse zu einem einzigartigen Wohnerlebnis verbindet.  
  
Bereits beim Betreten der Wohnung wird klar, dass hier besonderer Wert auf Qualität gelegt wurde. Grosszügige Fensterfronten lassen viel Tageslicht in die Räume und schaffen eine helle, freundliche Wohnatmosphäre.  
  
Das Herzstück der Wohnung bildet der offen gestaltete Wohn- und Essbereich mit direktem Zugang zur rund 45 m² grossen Attikaterrasse. Ob entspanntes Frühstück an der Morgensonne, gemütliche Sommerabende mit Freunden oder ein Glas Wein nach Feierabend, hier geniessen Sie Ihren privaten Rückzugsort über den Dächern von Uster.  
  
Die Küche erfüllt höchste Ansprüche. Ausgestattet mit Backofen, Steamer, Wärmeschublade sowie einem integrierten Weinkühler wird Kochen zum Genuss.  
  
**Highlights**  
\- Exklusive Neubau Attikawohnung mit 67 m² Wohnfläche  
\- 45 m² private Sonnenterrasse  
\- Neubau, Erstbezug  
\- hochwertiger Innenausbau (Eichenparkettboden, Deckeneinbauspots, Garderoben- und Putzschrank, elektrische Rafflamellenstoren & Sonnensegel usw.)  
\- eigene Waschmaschine und Tumbler in der Wohnung  
\- Minergie-Standard mit KWL & Free Cooling  
\- Last- und Lademanagement für E-Mobility  
\- E-Bike-Ladestation  
\- Bahnhof und Zentrum von Uster in ca. 8 Gehminuten  
\- div. Einkaufsmöglichkeiten in unmittelbarer Nähe  
  
Der hochwertige Innenausbau überzeugt mit naturbehandeltem Eichenparkett im Landhausdielen-Look, einer eleganten, begehbaren Dusche, massgefertigten Einbauschränken sowie zahlreichen durchdachten Details, welche den Alltag komfortabler machen.  
  
Die Lage verbindet urbanes Leben mit kurzen Wegen. Einkaufs-möglichkeiten befinden sich praktisch vor der Haustüre und der Bahnhof Uster ist in rund acht Gehminuten erreichbar. Zürich ist somit bequem in kurzer Zeit erreichbar.  
  
Einen Einstellplatz in der Tiefgarage kann für CHF 150.- monatlich dazu gemietet werden.  
  
Haben wir Ihr Interesse geweckt? Vereinbaren Sie noch heute einen persönlichen Besichtigungstermin und überzeugen Sie sich selbst vor Ort, denn keine noch so schönen Bilder können einen persönlichen Eindruck ersetzen.  
  
Plüer & Partner Immobilien AG – Immer persönlich.","view,parkingspace,accessiblewithwheelchair,balconygarden,minergie,lift,garage,cable,dishwasher,parquetflooring,tumbler,washingmachine",False,,2026-11-01
flatfox,86395902,,,1790,180,4.0,83,2,,Feldlistrasse 60,8645,Jona,47.226264742103,8.844301771284,https://flatfox.ch/de/wohnung/feldlistrasse-60-8645-jona/86395902/,APARTMENT,"Ihr neues Zuhause an der Feldlistrasse 60 in Jona bietet Ihnen alles, was das Herz begehrt:  
  
Das Naherholungsgebiet rund um den Zürichsee direkt vor der Wohnungstür, Ruhe und Entspannung in den eigenen vier Wänden sowie das urbane und moderne Leben in und um Rapperswil/Jona.  
  
Wir vermieten per 16.11.2026 diese grosszügige 4-Zimmerwohnung an der Feldlistrasse 60 in 8645 Jona. Die Wohnung verfügt über folgende Annehmlichkeiten:  
  

*   Parkett in Wohn-/Schlafzimmer
*   Schwarze Plattenböden in den Nasszellen und in der Küche
*   voll ausgestattete Küche mit Glaskeramikkochfeld, Backofen, Geschirrspüler, Kühlschrank mit Gefrierfach
*   Nasszelle mit Bad/WC und Gäste-WC
*   grosszügiger Balkon
*   Separates Keller- und Estrichabteil

Eine Garagenbox kann zusätzlich für CHF 120.00 dazu gemietet werden.  
  
Haben wir Ihr Interesse geweckt? Dann zögern Sie nicht lange und kontaktieren Sie uns direkt im Inserat, um die Besichtigungsinformationen zu erhalten. Wir freuen uns auf Ihre digitale Bewerbung nach der Besichtigung.  
  
Hinweis: Es handelt sich um Musterbilder, die den Ausbaustandard zeigen. Zudem ist der Grundriss, welcher dem Inserat beiliegt, spiegelverkehrt.","garage,view,balconygarden,parquetflooring,dishwasher,cable",False,,2026-11-16
flatfox,86395911,,2970,2970,,1.5,42,1,2025,Seebahnstrasse 141,8003,Zürich,47.373797042101,8.519121771283,https://flatfox.ch/de/wohnung/seebahnstrasse-141-8003-zurich/86395911/,APARTMENT,"Willkommen in dieser brandneuen, stilvollen 1-Zimmer-Wohnung im 1. Obergeschoss eines modernen Neubaus an der Seebahnstrasse 141 in Zürich-Wiedikon (8003). Die Wohnung ist ab sofort verfügbar und überzeugt durch ihre hochwertige Ausstattung, das Minergie-Zertifikat sowie die ausgezeichnete Lage in einem lebendigen Stadtquartier. 

**Die Wohnung bietet folgende Highlights:**

  * **Neubau mit Minergie-Zertifikat:** Modernster Energiestandard für nachhaltiges und komfortables Wohnen. 

  * **Balkon mit schöner Aussicht:** Geniessen Sie Ihren eigenen Aussenbereich in ruhiger Lage. 

  * **Vollständig ausgestattet:** Geschirrspüler, Waschmaschine und Kabel-TV inklusive. 

  * **Lift im Gebäude:** Bequemer Zugang zu allen Etagen. 

  * **Rollstuhlgängig:** Barrierefreier Zugang für unterschiedliche Bedürfnisse. 

  * **Haustiere erlaubt:** Ihre Vierbeiner sind herzlich willkommen. 

  * **Ruhige Lage:** Trotz der zentralen Stadtlage geniessen Sie tagsüber und nachts eine angenehme Ruhe. 

  * **Zusätzliche Kosten:** CHF 250.– werden separat und exklusiv zum Mietzins verrechnet. 




**Sonneneinstrahlung:** Die Wohnung profitiert im Sommer von viel Sonnenlicht und ist auch im Winter gut belichtet. 

**Lage und Anbindung:** Die Wohnung befindet sich im beliebten Quartier Wiedikon und ist hervorragend an den öffentlichen Verkehr angebunden. Die Tramhaltestelle **Lochergut** sowie die Bus- und Tramhaltestelle **Kalkbreite/Bahnhof Wiedikon** sind jeweils nur vier Gehminuten entfernt. Den Bahnhof **Zürich Wiedikon** erreichen Sie in rund sieben Minuten zu Fuss. Der Bahnhof **Zürich Selnau** liegt etwa 15 Gehminuten entfernt. 

Für den täglichen Bedarf steht ein **Coop-Supermarkt** in nur vier Minuten Gehdistanz zur Verfügung. Die **Sihlfeld Apotheke Drogerie** sowie die **Schule Zurlinden** befinden sich ebenfalls in unmittelbarer Nähe. 

Diese moderne Wohnung verbindet urbanes Stadtleben mit angenehmem Wohnkomfort und eignet sich hervorragend für Singles oder Paare, die das Beste aus Zürich geniessen möchten. Sichern Sie sich jetzt Ihre neue Traumwohnung!","lift,minergie,dishwasher,accessiblewithwheelchair,view,petsallowed,washingmachine,balconygarden",False,,2027-01-01
flatfox,86395933,,1499,,,1.5,25,,,Heimstrasse 41,8953,Dietikon,47.412594742107,8.402151771286,https://flatfox.ch/de/wohnung/heimstrasse-41-8953-dietikon/86395933/,APARTMENT,"Wohnen wie im Hotel – unkompliziert, komfortabel und mit Rundum-Service.  
  
Das Hotel Conti ist ein 4-Sterne-Hotel und bietet komfortable Studios mit eigener, voll ausgestatteter Kochnische und eigenem Badezimmer zur monatlichen Miete. Ideal für Geschäftsreisende, Projektmitarbeitende, Wochenaufenthalter oder Personen, die für einige Wochen oder Monate eine vollständig ausgestattete Unterkunft mit Hotelservice suchen.  
  
Im Monatspreis ist bereits alles Wesentliche enthalten: sämtliche Nebenkosten, WLAN, Bettwäsche sowie eine wöchentliche Reinigung des Studios.  
  
Sie müssen sich um nichts kümmern, wir übernehmen das für Sie.  
In unserer Lobby stehen unseren Gästen kostenlos Kaffee und weitere Getränke à discrétion sowie Früchte und Schokolade zur Verfügung.  
  
Unser Team ist täglich bis 22:00 Uhr vor Ort und unterstützt Sie jederzeit gerne bei Fragen oder Anliegen. Alle Studios sind Nichtraucher, Rauchen ist auf der bedeckten und möblierten Terrasse erlaubt.  
  
Auch Ihre Post können Sie direkt an das Hotel Conti senden lassen. Wir nehmen Ihre Sendungen für Sie entgegen und Sie können diese bequem an der Rezeption abholen.  
  
Für längere Aufenthalte steht unseren Gästen zudem eine Waschküche mit Waschmaschine und Trockner zur Verfügung.  
  
Auf Wunsch steht Ihnen zusätzlich unser Frühstücksbuffet für CHF 15.– pro Person zur Verfügung. Sie entscheiden flexibel, wann Sie bei uns frühstücken möchten.  
  
Darüber hinaus profitieren Sie vom kompletten Hotelservice. Benötigen Sie beispielsweise einen Bademantel, Hausschuhe, Zahnbürste oder weitere Dinge des täglichen Bedarfs, hilft Ihnen unser Team gerne weiter.  
  
Jedes Studio verfügt über ein eigenes Badezimmer, eine voll ausgestattete Kochnische, einen 32-Zoll-Flachbildfernseher mit den gängigen TV-Sendern sowie kostenlosen Internetzugang.  
  
Bei uns wohnen Sie flexibel und komfortabel und geniessen gleichzeitig die Dienstleistungen eines 4-Sterne-Hotels – zu einem sehr attraktiven Monatspreis.  
  
Wichtige Hinweise:  
Eine Wohnsitzanmeldung bzw. Anmeldung bei der Gemeinde ist nicht möglich. Haustiere sind nicht gestattet. Die Zimmer sind ausschliesslich zu Wohnzwecken bestimmt.  
  
Parkplatz 150.- pro Monat","view,parkingspace,lift,cable,broadbandinternet,washingmachine",True,,
flatfox,86395941,,2900,2900,0,4.0,95,,,Weststrasse 74,8003,Zürich,47.371244742108,8.521711771287,https://flatfox.ch/de/wohnung/weststrasse-74-8003-zurich/86395941/,APARTMENT,"Willkommen in meiner Wohnung im Herzen von Zürich, direkt beim abahnof Wiedikon im Kreis 3. Diese zentrale Lage ist ideal für alle, die das Stadtleben lieben, aber auch die Ruhe schätzen. Die 4-Zimmer-Wohnung bietet 95 m² Wohnfläche und verfügt über einen Balkon oder Terrasse, eine Einbauküche und ein Gäste-WC. Dank Fußbodenheizung und Badewanne lässt es sich hier besonders gemütlich leben. Außerdem gibt es einen Keller und einen Aufzug zur Verfügung.   
  
Aktuell bin ich auf der Suche nach einer anderen Wohnung zusammen mit meiner Partnerin in den Kreisen 3, 4, 5 oder 10 ab mindestens 3.5 Zimmern.","lift,balconygarden",False,,
flatfox,86395958,,1650,1500,150,3.5,66,2,2025,Schwalbenstrasse 1a,8374,Oberwangen TG,47.434434742101,8.971151771281,https://flatfox.ch/de/wohnung/schwalbenstrasse-1a-8374-oberwangen-tg/86395958/,APARTMENT,"Willkommen in dieser neuwertigen 3.5-Zimmer-Wohnung in Oberwangen – ein Ort, der darauf wartet, von Ihnen bewohnt zu werden! 

**Highlights der Wohnung:**

\- Offener Wohnbereich: Lichtdurchfluteten Wohn- und Essbereich, der mit einer modernen Küche ausgestattet ist und zum geselligen Beisammensein einlädt. 

\- Hochwertige Ausstattung: Die Einbauküche mit Geschirrspüler und die eigene Waschmaschine bieten Ihnen höchsten Komfort und erleichtern den Alltag. 

\- Aufzug: Bequemer Zugang zu allen Etagen sorgt für zusätzlichen Komfort in Ihrem neuen Zuhause. 

\- Einstellplatz: Ein sicherer Stellplatz für Ihr Fahrzeug kann dazu gemietet werden, damit Sie stets stressfrei parken können. 

\- Ruhige Lage: Die Wohnung befindet sich in einer ruhigen Umgebung, die Ihnen eine angenehme und entspannte Wohnatmosphäre bietet. 

Große Fenster durchfluten die Räume mit natürlichem Licht und schaffen eine einladende Atmosphäre. Der Flur mit integrierten Schränken bietet Ihnen praktischen Stauraum und sorgt für Ordnung. 

Diese Wohnung ist ideal für Paare, die modernes Wohnen in einer ruhigen Umgebung schätzen und sich ein gemütliches Zuhause wünschen. 

Nutzen Sie die Chance, in dieser attraktiven Neubauwohnung Ihr neues Zuhause zu finden. 

Bitte beachten Sie, dass die Wohnung über keinen Balkon verfügt.","lift,dishwasher,view,parkingspace,washingmachine,garage",False,,
flatfox,86396011,,1990,1900,90,1.5,25,,,Elisabethenstrasse 6,8004,Zürich,47.372780842106,8.523131771287,https://flatfox.ch/de/wohnung/elisabethenstrasse-6-8004-zurich/86396011/,STUDIO,"Ab sofort modern wohnen im Herzen von Zürich.   
  
Mitten im beliebten In-Quartier von Zürich ruhig, zentral und stilvoll vermieten wir bezugsbereite, vollständig möblierte 2-Zimmer-Apartments.   
Erleben Sie urbanes Wohnen mit höchstem Komfort und einem Hauch von Luxus perfekt für anspruchsvolle Stadtliebhaber.   
  
\+ Alle Nebenkosten inklusive: Strom, Wasser, Heizung und WLAN   
\+ Komplett ausgestattete Küche inklusive Geschirrspüler   
\+ Vollmöbliert moderne, gemütliche Einrichtung mit Stil   
\+ Fussbodenheizung   
\+ Waschmaschine mit integriertem Trockner in der Wohnung   
\+ Grosszügige Dachterrasse zur gemeinschaftlichen Nutzung   
  
Besichtigungen:   
Montags, 15:00 bis 18:00 Uhr   
Donnerstags, 09:00 bis 12:00 Uhr   
Freitags, 15:00 bis 18:00 Uhr   
  
Diese Single-Apartments sind komplett saniert und bieten alles, was Sie für ein komfortables Wohnerlebnis mitten in Zürich benötigen.   
Lassen Sie sich von diesem einzigartigen Objekt begeistern und vereinbaren Sie einen unverbindlichen Besichtigungstermin wir freuen uns auf Ihre Kontaktaufnahme!   
Hinweis: Die inserierten Fotos dienen als Referenz und können leicht vom tatsächlichen Mietobjekt abweichen.","lift,garage",False,,
flatfox,86396038,,3310,3100,210,3.5,98,1,2013,Im Russer 21,8708,Männedorf,47.262894742105,8.688641771284,https://flatfox.ch/de/wohnung/im-russer-21-8708-mannedorf/86396038/,APARTMENT,"In der schönen Seegemeinde Männedorf vermieten wir diese traumhafte Wohnung im 1. Obergeschoss. Folgende Highlights erwarten Sie: 

  * helles Wohn-/Esszimmer (29 m²) 
  * offene Küche mit Miele-High-End-Geräten 
  * grosses Schlafzimmer (17 m²) mit En-Suite-Badezimmer (7 m²) 
  * 2\. Badezimmer mit Wanne und WC-Anlage (5 m²) 
  * Büro-/Kinderzimmer (13 m²) 
  * Entrée (14 m²) mit praktischen Wandschränken 
  * Reduit (2.3 m²) 



Die Schlafzimmer sind mit Parkettböden, die restlichen Räumlichkeiten mit dunklen Keramikplatten ausgestattet. Das Wohn-/Esszimmer und die Schlafzimmer verfügen über raumhohe Fenster. 

Im Untergeschoss steht Ihnen eine eigene Waschküche mit Waschmaschine und Tumbler (20 m²) inklusive Keller zur Verfügung. 

Einstellplätze in der Tiefgarage können zu je CHF 150.00 pro Monat dazu gemietet werden. 

Interessiert? Dann freuen wir uns auf Ihre Kontaktaufnahme.","lift,accessiblewithwheelchair,view,washingmachine,garage,balconygarden",False,,2026-11-01
flatfox,86396069,,,1400,200,4.5,,3,,Bahnhofstrasse 26,8580,Amriswil,47.548544742104,9.302821771289,https://flatfox.ch/de/wohnung/bahnhofstrasse-26-8580-amriswil/86396069/,DUPLEX,"**hr neues Zuhause mit viel Raum und Charme**  
In dieser ruhig gelegenen und gepflegten Wohnüberbauung erwartet Sie eine grosszügige Wohnung mit besonderem Wohnkomfort. Die durchdachte Raumaufteilung, die grossen Fenster und das zweistöckige Wohnzimmer schaffen ein helles und einladendes Ambiente, in dem Sie sich schnell zuhause fühlen werden.  
  
**Das erwartet Sie:**  

*   Zentrale und dennoch ruhige Lage
*   Helle Räume mit grosszügigen Fenster
*   Grosszügiges, zweistöckiges Wohnzimmer
*   Gemütliches Cheminee für behagliche Stunden
*   Lift für einen komfortablen Zugang zu Ihrer Wohnung
*   Praktische Raumaufteilung

**Alles bequem erreichbar**  
Auch die Lage überzeugt: Den Bahnhof erreichen Sie in nur ca. 3 Gehminuten. Das Schwimmbad liegt rund 13 Gehminuten entfernt und ein Fitnesscenter erreichen Sie in etwa 8 Minuten zu Fuss. Einkaufsmöglichkeiten, Restaurants und weitere Angebote des täglichen Bedarfs befinden sich ebenfalls in unmittelbarer Nähe.  
Ob als Paar, für eine kleine Familie oder als Wohngemeinschaft, diese Wohnung bietet vielseitige Möglichkeiten und viel Raum, um Ihre persönlichen Wohnideen zu verwirklichen.","view,garage,accessiblewithwheelchair,balconygarden,lift,fireplace,dishwasher,petsallowed",False,,2026-12-01
flatfox,86396074,,3128,,220,2.5,75,-3,2021,"Münchhaldenstrasse, 8008 Zürich",8008,Zürich,47.354954742107,8.558691771287,https://flatfox.ch/de/wohnung/munchhaldenstrasse-8008-zurich-8008-zurich/86396074/,APARTMENT,"We are looking for a tenant from **15 November 2026** for our spacious 2.5-room apartment in the popular Zürcher Seefeld, just a few minutes' walk from the lake.  
  
**Key Facts**  

*   **Address:** Münchhaldenstrasse 24, 8008 Zürich
*   **Living Area:** 75 m²
*   **Floor:** 3rd floor, with elevator
*   **Available from:** 15 November 2026
*   **Gross Rent:** CHF 3,127.90 per month (net rent CHF 2,907.90 + ancillary costs CHF 220.–)
*   **Unfurnished:** Individual furniture can be taken over by agreement

**Features**  

*   Open kitchen with spacious living/dining area
*   Parquet floor
*   Balcony (approx. 5.5 m²), facing the inner courtyard or neighboring building
*   Bathroom with own washing machine and own dryer
*   Basement compartment
*   Internet connection available
*   V-ZUG appliances: refrigerator, freezer, dishwasher, washing machine, and dryer
*   Electrolux oven and stove
*   Bicycle parking spaces behind the building
*   No parking space and no garage

**Location**  
**Shopping and Gastronomy**  

*   3 minutes' walk to Coop on Wildbachstrasse
*   8 minutes' walk to the larger Coop on Höschgasse
*   2 minutes' walk to an excellent butcher's shop

**Public Transport**  

*   3 minutes' walk to Fröhlichstrasse stop
*   Tram lines 11 and 15
*   Bus lines 33, 912, and 916
*   Less than 20 minutes to Zürich HB
*   Less than 30 minutes to BRA Campus

**Leisure**  

*   Just 5 minutes' walk to Tiefenbrunnen beach
*   The Lake Zürich and the lake promenade are in the immediate vicinity","balconygarden,lift,parquetflooring,dishwasher,broadbandinternet",False,,2026-11-15
flatfox,86396090,,1261,,0,2.0,65,2,,,8005,Zürich,47.389344742102,8.513131771282,https://flatfox.ch/de/wohnung/8005-zurich/86396090/,APARTMENT,Befristet bis am 31.12.2026,"balconygarden,parquetflooring,tumbler,washingmachine,cable",False,,2026-10-16
flatfox,86396097,,3600,,0,3.5,108,4,,"Hohlstrasse, 212",8004,Zürich,47.382204042101,8.516841771285,https://flatfox.ch/de/wohnung/hohlstrasse-212-8004-zurich/86396097/,APARTMENT,"I'll be subletting my newly renovated bright 108 sqm apartment for approx. 1 year from march 27 onwards.  
  
Facts:  
Dishwasher  
Washingmachine/Dryer  
Modern Kitchen  
Big balcony  
View  
High ceilings  
Wooden floor  
  
Kaution:  
6000.-","view,balconygarden,lift,parquetflooring,dishwasher,washingmachine,tumbler,cable,broadbandinternet",True,2020,2027-03-01
flatfox,86396109,,,3050,210,2.5,72,2,2026,Siewerdtstrasse 20,8050,Zürich,47.412029742101,8.548901771289,https://flatfox.ch/de/wohnung/siewerdtstrasse-20-8050-zurich/86396109/,APARTMENT,"An attraktiver und hervorragend erschlossener Lage in Zürich-Oerlikon erwartet Sie diese moderne **2.5-Zimmer-Neubauwohnung im 2. Obergeschoss**. Auf rund **70 m² Nettowohnfläche** verbindet sie einen grosszügigen, offenen Wohnbereich mit einem durchdachten Grundriss, zeitgemässem Ausbau und einem **10 m² grossen Balkon**.  
  
Das Herzstück der Wohnung bildet der rund **38.5 m² grosse Wohn-, Ess- und Küchenbereich**. Die offene Küche fügt sich harmonisch in den Raum ein, während die grossen Fensterflächen für viel Tageslicht und ein angenehmes Wohngefühl sorgen. Ein hochwertiger **Holzparkettboden im Fischgrätmuster** verleiht den Wohnräumen zusätzlich eine warme und elegante Atmosphäre. Der Grundriss bietet genügend Platz, um Wohn- und Essbereich klar voneinander zu gliedern.  
  
Das separate Schlafzimmer mit rund **14.5 m²** bietet einen ruhigen Rückzugsort und ausreichend Platz für ein Doppelbett und Stauraum.  
  
Das moderne Bad mit Dusche/WC ist zurückhaltend und hochwertig gestaltet. Besonders praktisch: **Waschmaschine und Tumbler befinden sich als eigener Waschturm direkt in der Wohnung**.  
  
Der **10 m² grosse Balkon** erweitert den Wohnraum nach draussen und bietet Platz für einen Esstisch, Pflanzen oder eine gemütliche Sitzecke. Zur Wohnung gehört zudem ein **eigenes Kellerabteil von rund 5 m²**.  
  
Die Wohnung wird **unmöbliert** vermietet.  
  
**Urban wohnen – ausgezeichnet angebunden**  
  
Der Bahnhof Zürich Oerlikon ist in kurzer Gehdistanz erreichbar und bietet zahlreiche direkte Zugverbindungen. Zürich HB und der Flughafen Zürich sind von Oerlikon aus in wenigen Minuten erreichbar. Auch Tram- und Busverbindungen befinden sich in unmittelbarer Umgebung.  
  
Für den Alltag bietet das Quartier ein breites Angebot an Einkaufsmöglichkeiten, Restaurants, Cafés und Dienstleistungen. Gleichzeitig befinden sich mit dem **MFO-Park und dem Opfikerpark** attraktive Grün- und Erholungsräume in der Umgebung. Hallenstadion, Messe Zürich, offene Rennbahn Oerlikon und das lebendige Zentrum von Oerlikon liegen ebenfalls nahe.  
  
**Highlights auf einen Blick**  
  

*   Erstbezug / Neubau
*   2.5 Zimmer im 2. Obergeschoss
*   ca. 70 m² Nettowohnfläche
*   grosszügiger Wohn-/Ess-/Küchenbereich
*   offene, moderne Küche
*   separates Schlafzimmer mit ca. 14.5 m²
*   modernes Bad mit Dusche/WC
*   eigener Waschturm mit Waschmaschine und Tumbler
*   10 m² Balkon
*   Lift im Gebäude
*   sehr gute ÖV-Anbindung
*   Bahnhof Oerlikon in kurzer Gehdistanz
*   Zürich HB und Flughafen schnell erreichbar
*   Einkauf, Gastronomie und Freizeitangebote in der Umgebung

**Bezug ab 1. Februar 2027; nach Vereinbarung allenfalls bereits ab Mitte Januar 2027 möglich.**  
  
Die Wohnung befindet sich derzeit noch in Fertigstellung. Besichtigungsmöglichkeiten werden zu einem späteren Zeitpunkt kommuniziert.  
  
**Bei Interesse freuen wir uns über eine kurze Kontaktaufnahme mit Angaben zu Ihrer Person bzw. Ihrem Haushalt, Ihrer beruflichen Situation und dem gewünschten Bezugstermin. Vollständige Bewerbungsunterlagen werden erst in einem zweiten Schritt bei ausgewählten Interessentinnen und Interessenten angefordert.**  
  
**Hinweis zu den Bildern:** Innenraumdarstellungen wurden KI-gestützt auf Basis des Grundrisses und des aktuellen Ausbaustands erstellt. Sie zeigen mögliche Einrichtungsvorschläge. Möblierung und Dekoration sind nicht Bestandteil des Mietobjekts.","accessiblewithwheelchair,balconygarden,minergie,lift,dishwasher,cable,parquetflooring,tumbler,broadbandinternet,washingmachine",False,,2027-02-01
flatfox,86396120,,,1300,280,4.0,,2,,Bahnhofstrasse 34a,8580,Amriswil,47.548987042107,9.303721771286,https://flatfox.ch/de/wohnung/bahnhofstrasse-34a-8580-amriswil/86396120/,APARTMENT,"**Ihr neues Zuhause mit viel Platz und Wohlfühlcharakter**  
Freuen Sie sich auf eine attraktive und grosszügige Wohnung in einem gepflegten, ruhig gelegenen Mehrfamilienhaus. Die hellen Räume, der praktische Grundriss und der sonnige Balkon schaffen ein Zuhause, in dem Sie sich rundum wohlfühlen können.  
  
**Das erwartet Sie:**  

*   Zentrale und dennoch ruhige Lage
*   Helle Räume mit grosszügigen Fensterflächen
*   Geräumige, moderne Küche
*   Badezimmer mit Dusche
*   Sonniger Balkon mit schöner Aussicht
*   Lift mit direktem Zugang zum Stockwerk
*   Praktischer und gut durchdachter Grundriss

Auch die Lage lässt keine Wünsche offen: Den Bahnhof erreichen Sie in nur 3 Gehminuten, das Fitnesscenter in ca. 8 Minuten und das Schwimmbad in rund 13 Minuten. Einkaufsmöglichkeiten und verschiedene Restaurants befinden sich ebenfalls ganz in der Nähe.  
  
**Kommen Sie vorbei und entdecken Sie Ihr neues Zuhause. Wir freuen uns auf Ihre Kontaktaufnahme!**","view,parkingspace,lift,balconygarden,dishwasher,cable,petsallowed",False,,
flatfox,86396122,,1630,1370,260,3.5,66,2,,Alte Hedingerstrasse 23c,8910,Affoltern am Albis,47.284720842109,8.453811771289,https://flatfox.ch/de/wohnung/alte-hedingerstrasse-23c-8910-affoltern-am-albis/86396122/,APARTMENT,"Per sofort oder nach Vereinbarung vermieten wir eine geräumige 3.5-Zimmer-Wohnung in Affoltern am Albis. Die Wohnung bietet eine ideale Kombination aus Komfort und Lage.   


  


Die Wohnung bietet folgende Ausstattung: 

  


  * Küche mit funktionaler Ausstattung 
  * Neu verlegter Laminatboden 
  * Geräumiges Wohnzimmer mit viel Tageslicht 
  * Badezimmer mit Badewanne 
  * separates Kellerabteil 
  * Terrasse für entspannte Stunden im Freien 
  * Ruhige und dennoch gut angebundene Lage 
  * Gute Anbindung an öffentliche Verkehrsmittel sowie Einkaufsmöglichkeiten 



  


Die Wohnung befindet sich in einer ruhigen Wohngegend, ideal für Familien oder Berufstätige, die eine entspannte Atmosphäre suchen. Kontaktieren Sie uns für einen Besichtigungstermin.","view,balconygarden",False,,2026-10-01
flatfox,86396136,,1130,980,150,2.0,39,0,1994,Schulergasse 4,8406,Winterthur,47.491116942106,8.704891771286,https://flatfox.ch/de/wohnung/schulergasse-4-8406-winterthur/86396136/,APARTMENT,"Sie sind auf der Suche nach einem hellen, gemütlichen Zuhause? Dann sind Sie hier genau richtig! Nachstehendes und vieles mehr kann Ihnen diese Wohnung bieten:   
  
\- Ganze Wohnung Parkett   
\- Nasszellen Plattenbelag   
\- Küche mit Glaskeramik   
\- Gemütlicher Sitzplatz   
\- Einkauf in nächster Nähe (Zentrum Töss)   
\- Bushaltestelle in wenigen Gehminuten erreichbar   
\- Autobahnanschluss nach Zürich und St. Gallen   
  
\- Die Bilder zeigen den Standard der Liegenschaft und entsprechen nicht immer der angebotenen Wohnung   
  
Wir freuen uns auf Ihre Kontaktaufnahme!","cable,balconygarden,petsallowed,garage,lift",False,,2026-11-01
flatfox,86396141,,2010,1790,220,4.5,112,0,,Oberdorfstrasse 14,8887,Mels,47.046098642101,9.418171771281,https://flatfox.ch/de/wohnung/oberdorfstrasse-14-8887-mels/86396141/,APARTMENT,"Diese grosszügige 4.5-Zimmer-Wohnung mit einer Wohnfläche von 112 m² bietet ein exklusives Wohnambiente. Der lichtdurchflutete Wohnbereich schafft eine einladende Atmosphäre. Der Sitzplatz erweitert den Wohnraum ins Freie.   
  
Die Wohnung verfügt über eine Nasszelle mit Badewanne und Dusche sowie einem separaten WC-Bereich.   
  
Eingebettet im Dorfzentrum liegt die Wohnung an zentraler Lage in der Nähe von Einkaufsläden, öffentlichen Verkehrsmitteln und administrativen Einrichtungen (alle in fussläufiger Distanz).   
  
Ein Kellerabteil ist Bestandteil des Angebots und gewährleistet zusätzlichen Stauraum.   
  
Optional kann ein Tiefgaragenparkplatz für CHF 150 pro Monat angemietet werden.","lift,garage,balconygarden",False,,
flatfox,86396150,,,1631,200,2.5,,0,,,8049,Zürich-Höngg,47.404494742105,8.497011771286,https://flatfox.ch/de/wohnung/8049-zurich-hongg/86396150/,APARTMENT,"Per **01\. November 2026 oder nach Vereinbarung** wird diese schöne 2.5-Zimmer-Wohnung an der **Gsteigstrasse in 8049 Zürich-Höngg** frei. Gesucht wird ein **Nachmieter**.  
  
Die Wohnung liegt in einem ruhigen Wohnquartier und eignet sich ideal für eine Einzelperson oder ein Paar. Sie verbindet stadtnahes Wohnen mit der entspannten Atmosphäre von Höngg.  
  
**Die Wohnung verfügt über:**  
\-Balkon  
\-Kellerabteil  
\-Lift  
\-Waschmaschine und Trockner zur gemeinschaftlichen Nutzung  
  
Ein Tiefgaragenparkplatz kann bei Bedarf für zusätzlich CHF 160.- pro Monat gemietet werden.  
  
Die Installation eines Geschirrspülers ist mit vorgängiger schriftlicher Zustimmung des Vermieters möglich.  
Die Haltung von Haustieren bedarf der vorgängigen schriftlichen Zustimmung des Vermieters.  
  
**Möbel zur Übernahme**  
Einige Möbelstücke stehen zum Verkauf und können bei Interesse nach Absprache übernommen werden.  
  
**Lage und Umgebung**  
In der Umgebung, insbesondere rund um den Meierhofplatz, gibt es Einkaufsmöglichkeiten für den täglichen Bedarf – darunter Coop, Migros und Denner – sowie eine Postfiliale, Restaurants und Cafés.  
  
Höngg ist gut an den öffentlichen Verkehr angebunden. Die Zürcher Innenstadt, der Hauptbahnhof, Altstetten, Oerlikon, das Waidspital und die ETH Hönggerberg sind gut erreichbar.  
  
Zahlreiche Grün- und Naherholungsgebiete rund um Höngg laden zu Spaziergängen und Aktivitäten im Freien ein.  
  
**Interesse?**  
Wenn Sie sich für die Wohnung interessieren, freue ich mich über eine kurze Nachricht mit einigen Angaben zu Ihnen und den weiteren einziehenden Personen.  
  
Besichtigungen sind nach Vereinbarung möglich.  
  
Ich freue mich auf Ihre Kontaktaufnahme.","balconygarden,lift,garage,parquetflooring,stonefloor,washingmachine,tumbler,petsallowed",False,,
flatfox,86396155,,,808,40,1.0,39,4,,,8404,Winterthur,47.523374742106,8.753231771281,https://flatfox.ch/de/wohnung/8404-winterthur/86396155/,APARTMENT,"Wohnung in Winterthur-Wallrüti ab 1. November zu vergeben 🏡

Hallo zusammen 😊
ich werde meine Wohnung per 1. November aufgeben und möchte sie gerne an eine Nachmieterin/einen Nachmieter weitergeben. 

📍 Lage: Direkt beim Bahnhof Winterthur-Wallrüti, die Bushaltestelle sowie der Bahnhof sind in ca. 1–2 Minuten zu Fuss erreichbar. Gute Verbindungen ins Zentrum und nach Zürich. Die Umgebung ist ruhig und angenehm.

💰 Miete: CHF 808.– monatlich plus Nebenkosten ca. 40.-

Ich würde gerne auch die Möbel für kleine zusätzliche Kosten verkaufen, da ich sie nicht mitnehmen werde.

Besichtigungen sind möglich.

Bei Interesse oder für weitere Infos gerne PM😊","view,petsallowed",False,,2026-11-01
flatfox,86396156,,1380,,42,4.5,,5,,Josefstrasse 174,8005,Zürich,47.385623942107,8.525951771283,https://flatfox.ch/de/wohnung/josefstrasse-174-8005-zurich/86396156/,APARTMENT,"**Zu uns**  
Giulio und Nicole (Paar) :) Beide Anfang 30, easy going, international, Maitre de Cabin und Betreuer, Freue uns euch persönlich in der Wohnung kennenzulernen.  
  
Es handelt sich um 1 Schlafzimmer. Dies wird ohne Bett zur Verfügung stehen.  
  
**So bewerbt ihr euch**  
Wir möchten euch gerne ein bisschen kennenlernen! Schreibt uns bitte über den Flatfox-Chat und erzählt uns kurz etwas über euch:  
  

*   Wie alt seid ihr?
*   Was macht ihr beruflich bzw. was studiert ihr?
*   Was macht ihr gerne in eurer Freizeit?

**Wichtig:** Beginnt eure Nachricht bitte mit **«Giucy Giu»**. So wissen wir, dass ihr das Inserat bis zum Schluss gelesen habt. Nachrichten ohne dieses Stichwort können wir leider nicht berücksichtigen.  
Wir freuen uns auf eure Nachrichten!","lift,parquetflooring,dishwasher,cable,tumbler,washingmachine",True,,2026-11-01
flatfox,86396161,,3198,,,3.0,85,5,,Martastrasse 137,8003,Zürich,47.375030842106,8.513311771281,https://flatfox.ch/de/wohnung/martastrasse-137-8003-zurich/86396161/,APARTMENT,"3-Zimmerwohnung an Martastrasse 137, 8003 Zürich, 85m2
* Verfügbar ab: 1. Dezember 2026
* Mietdauer: unbefristet
* Miete: CHF 3’198.–/Monat inkl. Nebenkosten
* Parkplatz: optional für CHF 185.–/Monat, direkt im Innenhof
* Wohnung: moderne Attikawohnung auf zwei Etagen, vor wenigen Jahren umfassend saniert
* Highlight: private Dachterrasse
* Küche: moderne, vollständig ausgestattete Küche
* 2 Badezimmer: oben beim Schlafzimmer mit Dusche; unten mit Badewanne
* Waschen: eigene kombi Waschmaschine in der Wohnung
* Einige passende Möbel können übernommen werden
* Besichtigungstermine folgen bei Interesse","balconygarden,view,lift,tumbler,washingmachine,dishwasher,petsallowed",False,,2026-12-01
flatfox,86396182,,2090,,,1.5,25,2,,"Gertrudstrasse, 48",8003,Zurich,47.373277042107,8.514531771284,https://flatfox.ch/de/wohnung/gertrudstrasse-48-8003-zurich/86396182/,APARTMENT,"Hello!

I’m renting my apartment in wiedikon from Oct 5th

Modern and renovated: underfloor heating, induction stove, washing machine with dryer function, spacious shower, new windows, balcony

Furnished except for a bed. Included: closet, table, kitchen tools, working desk with monitor

Sublet now, with possibility to take over as main tenant later

Please reach out including a brief description of yourself, and current job/studies","balconygarden,dishwasher,washingmachine",False,,2026-10-05
flatfox,86396190,,,1475,65,2.5,,3,,,8053,Zürich,47.360030842108,8.596251771285,https://flatfox.ch/de/wohnung/8053-zurich/86396190/,APARTMENT,"I am subletting my fully furnished 2.5-room flat in Zürich-Witikon, available from 15 October, for 5 to 6 months (until mid-April at the latest). The flat is on the 3rd floor of a quiet residential building with a lift, surrounded by green space.  
It offers:  
\- a bright living and dining room with parquet flooring and large windows  
\- a quiet bedroom with a high-quality premium double bed and bedside tables  
\- a large covered balcony, a dining table, overlooking the trees with a view of the Alps  
\- a shared laundry room  
Witikon is a calm, family-friendly neighbourhood close to the forest, with shops nearby.  
The Kienastenwies stop is just around the corner: bus 31 runs every 10 minutes and takes you to Zürich HB in about 20 minutes. Please introduce yourself briefly when you get in touch.","view,balconygarden,lift,parquetflooring,washingmachine,tumbler,broadbandinternet",True,,
flatfox,86395174,,1990,1900,90,1.5,25,,,Elisabethenstrasse 6,8004,Zürich,47.372780842106,8.523131771287,https://flatfox.ch/de/wohnung/elisabethenstrasse-6-8004-zurich/86395174/,FURNISHED_FLAT,"Ab sofort modern wohnen im Herzen von Zürich.   
  
Mitten im beliebten In-Quartier von Zürich ruhig, zentral und stilvoll vermieten wir bezugsbereite, vollständig möblierte 2-Zimmer-Apartments.   
Erleben Sie urbanes Wohnen mit höchstem Komfort und einem Hauch von Luxus perfekt für anspruchsvolle Stadtliebhaber.   
  
\+ Alle Nebenkosten inklusive: Strom, Wasser, Heizung und WLAN   
\+ Komplett ausgestattete Küche inklusive Geschirrspüler   
\+ Vollmöbliert moderne, gemütliche Einrichtung mit Stil   
\+ Fussbodenheizung   
\+ Waschmaschine mit integriertem Trockner in der Wohnung   
\+ Grosszügige Dachterrasse zur gemeinschaftlichen Nutzung   
  
Besichtigungen:   
Montags, 15:00 bis 17:00 Uhr   
Donnerstags, 09:00 bis 12:00 Uhr   
Freitags, 15:00 bis 17:00 Uhr   
  
Diese Single-Apartments sind komplett saniert und bieten alles, was Sie für ein komfortables Wohnerlebnis mitten in Zürich benötigen.   
Lassen Sie sich von diesem einzigartigen Objekt begeistern und vereinbaren Sie einen unverbindlichen Besichtigungstermin wir freuen uns auf Ihre Kontaktaufnahme!   
Hinweis: Die inserierten Fotos dienen als Referenz und können leicht vom tatsächlichen Mietobjekt abweichen.","lift,garage",True,,
flatfox,86395176,,1990,1900,90,1.5,25,,,Elisabethenstrasse 6,8004,Zürich,47.372780842106,8.523131771287,https://flatfox.ch/de/wohnung/elisabethenstrasse-6-8004-zurich/86395176/,APARTMENT,"Ab sofort modern wohnen im Herzen von Zürich.   
  
Mitten im beliebten In-Quartier von Zürich ruhig, zentral und stilvoll vermieten wir bezugsbereite, vollständig möblierte 2-Zimmer-Apartments.   
Erleben Sie urbanes Wohnen mit höchstem Komfort und einem Hauch von Luxus perfekt für anspruchsvolle Stadtliebhaber.   
  
\+ Alle Nebenkosten inklusive: Strom, Wasser, Heizung und WLAN   
\+ Komplett ausgestattete Küche inklusive Geschirrspüler   
\+ Vollmöbliert moderne, gemütliche Einrichtung mit Stil   
\+ Fussbodenheizung   
\+ Waschmaschine mit integriertem Trockner in der Wohnung   
\+ Grosszügige Dachterrasse zur gemeinschaftlichen Nutzung   
  
Besichtigungen:   
Montags, 15:00 bis 17:00 Uhr   
Donnerstags, 09:00 bis 11:00 Uhr   
Freitags, 15:00 bis 17:00 Uhr   
  
Diese Single-Apartments sind komplett saniert und bieten alles, was Sie für ein komfortables Wohnerlebnis mitten in Zürich benötigen.   
Lassen Sie sich von diesem einzigartigen Objekt begeistern und vereinbaren Sie einen unverbindlichen Besichtigungstermin wir freuen uns auf Ihre Kontaktaufnahme!   
Hinweis: Die inserierten Fotos dienen als Referenz und können leicht vom tatsächlichen Mietobjekt abweichen.","lift,garage",False,,
flatfox,86395188,,1050,930,120,2.0,,1,,Friedhofstrasse 2,8583,Sulgen,47.540324742107,9.186221771288,https://flatfox.ch/de/wohnung/friedhofstrasse-2-8583-sulgen/86395188/,APARTMENT,"Ab dem 15.12.2026 oder nach Vereinbarung vermieten wir diese gut gepflegte 2 Zimmerwohnung in Sulgen. 

**Zum Objekt:**

  * Praktische Küche mit Glaskeramik, viel Schrankplatz und eine Sitzecke. 

  * WC/Bad in schönen und hellen Farben. 

  * Grosszügiges, lichtdurchflutetes Wohn und Schlafzimmer mit Laminatboden. 

  * Grosser Balkon um die schöne Tagen an der frischen Luft zu geniessen. 




Haben Sie ein Auto? Auf Wunsch kann einen Parkplatz dazu gemietet werden. 

**Zur Lage:**

In nur max. 10 Gehminuten befinden Sie sich bei den Supermärkten Migros, Coop & Denner, Coiffeur, Ärztezentren und am Bahnhof Sulgen. 

Lassen Sie sich selbst überzeugen und melden Sie sich noch heute beim Herr Budzhak per Email unter budzhak96200@gmail.com um einen Besichtigungstermin zu vereinbaren!","view,parkingspace,balconygarden",False,,2026-12-15
flatfox,86395275,,2400,2400,0,3.5,90,,,,8037,Zürich,47.395284742101,8.521621771284,https://flatfox.ch/de/wohnung/8037-zurich/86395275/,APARTMENT,"Diese charmante 3,5-Zimmer-Wohnung im lebendigen Zürich, Kreis 10, bietet auf 90 m² viel Platz und eine tolle Mischung aus Stadt und Natur.   
  
Die Wohnung ist sehr hell und hat einen schönen Blick ins Grüne und trotzdem ist man mittendrin: In nur 5 Minuten ist man an der Limmat und ebenfalls in ca. 5 Minuten im Wald sowie 5 Minuten zum Röschibachplatz.   
  
Die Wohnung verfügt über eine eigene Waschmaschine und eine Spülmaschine. Der monatliche Mietpreis beträgt CHF 2’400.–.   
  
Ich suche im Tausch eine Wohnung mit mindestens 2,5 Zimmern und maximal CHF 2’250.– Miete. Ein Balkon, eine Terrasse oder ein Garten ist für mich ein Muss.   
  
Falls du etwas Passendes hast, lass uns gerne austauschen und mehr erfahren! 😊",,False,,
flatfox,86395288,,800,,,,18,,,Albisriederstrasse 54,8003,Zürich,47.377794742109,8.505851771283,https://flatfox.ch/de/wohnung/albisriederstrasse-54-8003-zurich/86395288/,FURNISHED_FLAT,"✅1-Bedroom Fully Furnished Apartment for Rent   
  
✅✨ Size:40 m², with a bedroom measuring 19 m² 1st Floor | Renovated in 2023 Looking for a comfortable and modern home near comfortable home in the heart of city Centre fully furnished 1-bedroom apartment offers a bright, functional layout with modern finishes and plenty of natural light. Perfect for professionals, couples, students, or a small family looking for a cozy home and convenient home in most vibrant neighborhoods.   
  
🏠 Property Features:   
  
✅🛏️ Private Bathroom & toilet   
  
✅ 🛋️ Bright living room with open-plan kitchen   
  
✅ Bright & Well-Maintained Interior   
  
✅ 🌿Private Balcony with peaceful garden views   
  
✅❄️ Air conditioning & Security door   
  
✅⚡ Energy Class B   
  
✅ 🛋️ Fully furnished   
  
✅💡 Electricity, water & common charges included.   
  
✅💶 Rent: CHF 800/monthly ALL INCLUSIVE (bills included) & Security Deposit: CHF 1,500 (refundable)   
  
✅📍 Locations.... Albisriederstrasse 54, 8003 Zürich, Switzerland   
✅📍 Excellent Central Location with Easy Access Just a few minutes' walk to Public Transport, Shops, Cafés & City Amenities   
  
✅📩 Send a message for more information DM now to book.please send me a direct message via my email   
( hienos6566@gmail.com )   
Kindly include a screenshot of this post with your email address.   
  
Thank you for your interest. I look forward to your response.","balconygarden,washingmachine,parkingspace",True,,2026-10-01
flatfox,86395332,,2700,,0,3.5,100,2,2010,,8302,Kloten,47.452659742102,8.578601771286,https://flatfox.ch/de/wohnung/8302-kloten/86395332/,APARTMENT,Mit Tiefgaragenstellplatz,"view,balconygarden,minergie,parkingspace,garage,lift,accessiblewithwheelchair,stonefloor,dishwasher,tumbler,washingmachine",False,2025,
flatfox,86395445,,1990,,180,2.0,54,2,,Sihlhallenstrasse 11,8004,Zürich,47.379694742103,8.526681771287,https://flatfox.ch/de/wohnung/sihlhallenstrasse-11-8004-zurich/86395445/,APARTMENT,"Per 16.10.2026 oder nach Vereinbarung vermieten wir diese zentrale 2-Zimmer-Wohnung an der Sihlhallenstrasse 11, 8004 Zürich.  
Die Wohnung überzeugt durch ihre zentrale Lage und eignet sich ideal für Singles, Paare oder Pendler, welche das urbane Stadtleben schätzen.  
  
**Die Wohnung bietet Ihnen:**  
  

*   Parkettboden im Wohn- und Schlafzimmer
*   Küche mit Steinplatten
*   Badezimmer mit Badewanne
*   Praktischer Einbauschrank im Korridor
*   Kellerabteil im 2. UG inklusive
*   Zentrale Wohnlage mit hervorragender Anbindung an den öffentlichen Verkehr
*   Einkaufsmöglichkeiten, Restaurants und Freizeitangebote in unmittelbarer Nähe

Profitieren Sie von den Vorzügen des Stadtlebens und wohnen Sie mitten im lebendigen Kreis 4.  
  
**Hinweis:** Die im Inserat verwendeten Fotos können vom tatsächlichen Mietobjekt abweichen und dienen lediglich der Veranschaulichung.  
  
**Kontakt**:  
Senden Sie uns Ihre Besichtigungsanfrage bequem online! Füllen Sie dazu einfach das Kontaktformular auf dieser Webseite.  
Wir freuen uns auf Ihre Anfrage!","garage,lift,dishwasher",False,,
flatfox,86395448,,,630,120,1.0,,4,,Bahnhofstrasse 34a,8580,Amriswil,47.548987042107,9.303721771286,https://flatfox.ch/de/wohnung/bahnhofstrasse-34a-8580-amriswil/86395448/,APARTMENT,"In einem ruhig gelegenen Wohnblock erwartet Sie eine gemütliche 1-Zimmer-Wohnung mit hellem Wohn-/Schlafbereich und Dusche. **Die Wohnung verfügt jedoch über keine Küche.**  
  
**Ihre Vorteile:**  

*   Zentrale Lage
*   Bahnhof in nur 3 Gehminuten erreichbar
*   Schwimmbad und Fitnesscenter in der Nähe
*   Einkaufsmöglichkeiten und Restaurants bequem erreichbar
*   Grosse Fenster
*   Lift

**Wir freuen uns auf Ihre Kontaktanfrage!**","view,parkingspace,accessiblewithwheelchair,petsallowed",False,,
flatfox,86395468,,2280,,,3.5,88,1,,,8246,Langwiesen,47.681814742101,8.657501771282,https://flatfox.ch/de/wohnung/8246-langwiesen/86395468/,FURNISHED_FLAT,"MIETDAUER ab 1. Oktober 2026 bis 30. April 2027 (mind. 1 Monat)   
  
schöne vollausgestattete (möbilierte) 2-Zimmer Wohnung (zentrale Lage), 88m², im 1. Stock, mit Lift, 1 Balkon, 1 Terrasse, Garten (zur Mitbenützung), Gartensitzplatz (zur Mitbenützung), Wintergarten, 1 eigener Parkplatz, Autobahneinfahrt in der Nähe. Inkl. Heizung, Strom, Wasser, Internet, TV (inkl. Anschluss und Abo), ...   
  
Weitere Infos, Fragen und Besichtigen: ums.ch/angebots-detail/69584/   
  
English: ums.ch/offer-detail/69584/   
Français: ums.ch/offre-detail/69584/","lift,accessiblewithwheelchair,petsallowed,balconygarden,parkingspace,cable",True,,2026-10-01
flatfox,86395487,,3540,3300,240,3.0,79,5,1924,Nebelbachstrasse 7,8008,Zürich,47.353054742106,8.558261771289,https://flatfox.ch/de/wohnung/nebelbachstrasse-7-8008-zurich/86395487/,APARTMENT,"Per sofort vermieten wir diese schöne 3.0-Zimmerwohnung in Zürich.   
  
Diese stilvolle Dachwohnung mit Galerie verbindet grosszügiges Wohnen mit modernem Komfort und einem besonderen Loft-Ambiente. Die Wohnung wurde umfassend renoviert und präsentiert sich in einem modernen und hochwertigen Zustand.   
  
Die Renovation umfasst unter anderem eine neue Küche, ein neues Badezimmer, einen neuen Bodenbelag sowie frisch gestrichene Räume. Die Dachfenster wurden zudem mit einer neuen automatischen Beschattung ausgestattet, die für angenehmen Sonnenschutz und zusätzlichen Wohnkomfort sorgt.   
  
Die Wohnung bietet Ihnen folgende Annehmlichkeiten:   
  
\- Alle Wohnräume mit Parkettboden   
\- Küche und Nasszellen mit pflegeleichtem Plattenboden   
\- Küche mit Induktionsherd, Backofen und viel Stauraum für Ihre Küchenutensilien   
\- Waschküche und Trockenraum zur Mitbenutzung. Auf dem Stockwerk steht zudem ein Waschturm mit Waschmaschine und Tumbler zur gemeinschaftlichen Nutzung mit der zweiten Dachwohnung zur Verfügung.   
\- Eigenes Kellerabteil   
\- Lift vorhanden (nicht Barrierefrei da Liftzugang auf den Zwischengeschossen)   
  
Nach Verfügbarkeit kann ein Parkplatz für CHF 200.00 pro Monat dazu gemietet werden.   
  
Die öffentlichen Verkehrsmittel sind hervorragend erreichbar: Die Tramlinien 11 und 15 befinden sich nur ca. 1 Gehminute entfernt. Den Bahnhof Zürich Stadelhofen erreichen Sie in rund 10 Minuten, der Bahnhof Tiefenbrunnen ist ca. 5 Minuten entfernt.   
  
Für Erholung und Freizeit ist der Zürichsee in nur ca. 5 Gehminuten erreichbar.   
  
Haben wir Ihr Interesse geweckt? Für einen Besichtigungstermin kontaktieren Sie uns bitte schriftlich über das Kontaktformular. Wir freuen uns auf Ihre Anfrage.",lift,False,2010,
flatfox,86395505,,949,682,267,1.0,25,1,,Badenerstrasse 46,8952,Schlieren,47.396849742101,8.439881771282,https://flatfox.ch/de/wohnung/badenerstrasse-46-8952-schlieren/86395505/,APARTMENT,"**Charmante 1-Zimmerwohnung in zentraler Lage von Schlieren befristet bis 28.02.2027**

Diese helle und gut geschnittene 1-Zimmerwohnung bietet Ihnen ein komfortables Zuhause an zentraler Lage in Schlieren. Ideal geeignet für Singles, Wochenaufenthalter oder als temporäre Wohnlösung. 

In den **Nachbarliegenschaften** haben wir noch weitere **befristete Wohnungen** im gleichen Ausbaustandard anzubieten: 

\- 2.5-Zimmer Wohnung an der Badenerstrasse 46, Schlieren (nach Vereinbarung ab Mitte Oktober 2026) 

\- 1.0-Zimmer Wohnung an der Badenerstrasse 50, Schlieren (nach Vereinbarung ab Mitte Oktober 2026) 

Gerne dürfen Sie die 1-Zimmer Wohnung als Beispielwohnung besichtigen und sich dann auf eine der anderen freien Wohnungen bewerben. 

**Das erwartet Sie:**

\- Lichtdurchfluteter Schlafbereich mit großen Fenstern 

\- Südlich ausgerichteter Balkon für sonnige Stunden 

\- Funktionale Küche mit allen wichtigen Geräten 

\- Badezimmer mit Badewanne und WC 

\- Hervorragende Anbindung an den öffentlichen Verkehr (S-Bahn, Bus) 

\- Einkaufsmöglichkeiten, Restaurants und Freizeitangebote direkt in der Nähe 

_Bei den Fotos handelt es sich um Beispielfotos. Die Wohnung kann im Erscheinungsbild leicht davon abweichen._

**Besonderheiten:**   
Die Wohnung wird befristet bis zum **28\. Februar 2027** vermietet. 

Schlieren kombiniert urbanes Lebensgefühl mit Naherholung die Nähe zu Zürich und die ausgezeichnete Infrastruktur machen diesen Standort besonders attraktiv. 

**Haben wir Ihr Interesse geweckt?**   
Gerne stehen wir Ihnen für weitere Informationen oder eine Besichtigung zur Verfügung. Wir freuen uns auf Ihre Kontaktaufnahme per Telefon unter +41 44 575 71 40 oder via Mail an lisa.zwicky@hbre.ch.",,False,,2026-12-01
flatfox,86395514,,1650,,,1.0,20,,,Weinbergstrasse 48,8006,Zürich,47.380879742109,8.544211771285,https://flatfox.ch/de/wohnung/weinbergstrasse-48-8006-zurich/86395514/,APARTMENT,"Petit havre de paix de 20 m² en plein centre de Zurich : calme, verdoyant et pourtant ultra-central. Ce T1 confortable et entièrement meublé est idéal comme pied-à-terre tout compris. Vous y trouverez un canapé convertible, un lit spacieux avec télévision et rangements, ainsi quune salle de bain. Au sous-sol : lave-linge, sèche-linge, local de séchage et local à vélos.",,False,,
flatfox,86395590,,,1940,105,2.0,65,4,,Zentralstrasse 129,8003,Zürich,47.374800842105,8.515531771287,https://flatfox.ch/de/wohnung/zentralstrasse-129-8003-zurich/86395590/,APARTMENT,"Per 1. Oktober 2026 oder nach Vereinbarung vermeiten wir - **BEFRISTET BIS AM 31.03.2027** - eine moderne und schöne 2-Zimmer-Wohnung, welche optimal in den Nähe vom Idaplatz gelegen ist.  
  
Diese Wohnung überzeugt durch ihren modernen Ausbaustandard und die hochwertigen Materialien, die ein angenehmes Wohnambiente schaffen.  
  
Highlights der Wohnung:  
  

*   Schlafzimmer und Wohnzimmer: Elegante Parkettböden für eine warme und behagliche Atmosphäre
*   Badezimmer: modern mit hochwertigen und pflegeleichten Plattenböden
*   Ausbaustandard: Moderner und gehobener Standard mit durchdachtem Raumkonzept

Lage:  
  

*   bestens angeschlossen und schöne Wohngegend
*   Einkaufsmöglichkeiten und Restaruants sind in der Nähe.
*   optimal gelegen zwischen Idaplatz und Lochergut","view,balconygarden,lift,dishwasher,parquetflooring",False,,2026-10-01
flatfox,86395600,,2260,,,2.5,75,5,,Hegibachstrasse 78,8032,zürich,47.363823942106,8.565581771284,https://flatfox.ch/de/wohnung/hegibachstrasse-78-8032-zurich/86395600/,APARTMENT,"**Deutsch**  
Helle und ruhige 2.5-Zimmerwohnung, 75 m2, Zuerich 8032  
Ich vermiete meine grosszuegige und sehr ruhige 2.5-Zimmerwohnung im 5. Stock in Zuerich 8032. Die Wohnung bietet ca. 75 m2 Wohnflaeche und eignet sich ideal fuer eine Einzelperson oder ein Paar, das eine gemuetliche Wohnung in ruhiger Lage mit guter Anbindung sucht.  
Die Wohnung verfuegt ueber ein separates Schlafzimmer, einen grosszuegigen Wohnbereich sowie ein Cheminée, das besonders im Winter fuer eine sehr angenehme und gemuetliche Atmosphaere sorgt.  
Zusaetzlich besteht Zugang zu einer Dachterrasse, die von den Bewohnern des Hauses genutzt werden kann. Zur Wohnung gehoert ausserdem ein sehr grosser Estrich-/Dachbodenraum, der viel zusaetzlichen Stauraum bietet.  
Einkaufsmoeglichkeiten und oeffentliche Verkehrsmittel befinden sich in unmittelbarer Naehe, waehrend die Wohnung selbst angenehm ruhig gelegen ist.  
Moebel:  
Bevorzugt wird eine Person, die einen Teil oder idealerweise die vorhandenen Moebel uebernehmen moechte. Dies ist jedoch keine Voraussetzung - die Wohnung kann grundsaetzlich auch unmoebliert uebernommen werden.  
Einzug / Vertragsuebernahme:  
Die Wohnung kann idealerweise ab 01.10.2026 bezogen werden. Da dies relativ kurzfristig ist, ist ein Einzug nach Absprache auch etwas spaeter moeglich.  
Der Hauptmietvertrag soll per 15.10.2026 auf die neue Mieterin bzw. den neuen Mieter uebertragen werden, vorbehaltlich der Zustimmung der Verwaltung. Fuer die Zeit zwischen Einzug und Vertragsuebernahme kann bei Bedarf eine entsprechende Zwischen- oder Untermietloesung vereinbart werden.  
Gesucht wird daher jemand, der die ueblichen Voraussetzungen der Verwaltung erfuellt und die Wohnung laengerfristig uebernehmen moechte.  
Bei Interesse freue ich mich ueber eine kurze Nachricht mit ein paar Informationen zu dir/euch, dem gewuenschten Einzugsdatum und eurer aktuellen beruflichen Situation.  
  
  
  
**English**  
Bright and quiet 2.5-room apartment, 75 m2, Zurich 8032  
I am renting out my spacious and very quiet 2.5-room apartment on the 5th floor in Zurich 8032. The apartment offers approximately 75 m2 of living space and is ideal for one person or a couple looking for a cosy home in a peaceful area with good connections.  
The apartment has a separate bedroom, a spacious living area and a fireplace, which makes it particularly cosy during the colder months.  
There is also access to a rooftop terrace shared by the residents of the building. In addition, the apartment comes with a very large attic/storage space, providing plenty of extra storage.  
Shopping facilities and public transport are located nearby, while the apartment itself is in a very calm and quiet location.  
Furniture:  
Preference will be given to someone interested in taking over some or ideally all of the existing furniture. However, this is not mandatory - the apartment can also be rented unfurnished.  
Move-in / contract takeover:  
The apartment is ideally available from 01 October 2026, although a slightly later move-in date can also be arranged.  
The main rental contract is intended to be transferred to the new tenant as of 15 October 2026, subject to approval by the property management. If necessary, a short temporary sublet can be arranged for the period between move-in and the official contract takeover.  
I am therefore looking for someone who meets the usual requirements of the property management and is interested in taking over the apartment on a longer-term basis.  
If interested, please send me a short message introducing yourself, your preferred move-in date and your current professional situation.","fireplace,parquetflooring,dishwasher,tumbler,washingmachine,cable,raisedgroundfloor",False,,2026-10-15
flatfox,86395659,,,2380,,3.5,,5,,Badenerstrasse 339,8003,Zurich,47.377856942101,8.510901771283,https://flatfox.ch/de/wohnung/badenerstrasse-339-8003-zurich/86395659/,APARTMENT,"2-bedroom apartment in Wiedikon – available for takeover from end of November

I’m looking for a new tenant to take over my bright and well-located 2-bedroom apartment in Zürich-Wiedikon, available from end of November.

📍 Prime location at Albisriederplatz – with numerous tram and bus connections right on your doorstep, making it easy to reach Zürich HB, Hardbrücke and all other parts of the city. The area also offers plenty of shops, cafés, restaurants and everyday amenities within walking distance.

The apartment is ideal for anyone looking for a well-connected, central location while still enjoying the neighbourhood feel of Wiedikon.

Available: end of November
Rooms: 2 bedrooms
Location: Albisriederplatz, Zürich-Wiedikon",dishwasher,False,,2026-11-26
flatfox,86395660,,2650,2330,320,3.5,110,3,0,Dorfstrasse 68,8630,Rüti ZH,47.259125842108,8.856031771281,https://flatfox.ch/de/wohnung/dorfstrasse-68-8630-ruti-zh/86395660/,DUPLEX,"Im Neubau Dorfstrasse 68 vermieten wir eine moderne 3.5 Zimmerwohnung.   
  
Die Wohnung bietet viel Raum. ein grosszügiges Zimmer, Wohnbereich, Loggia, Küche, Bad und ein Reduit.   
  
Die Wohnung bietet Ihnen den folgenden Ausbaustandard:   
  
\- Eichenparkett geölt in Wohnräumen   
\- Plattenboden in Bad und Küche - offene Küche hochwertigen Küchengeräte der Marke V-Zug   
\- mit Steinabdeckung, Induktionskochfeld, CombairSteamer und Geschirrspüler   
\- Badezimmer mit Dusche, Fenster und eigenem Waschturm   
\- Holz-Metall-Fenster, 3-fach Isolierverglasung   
\- gemütliche Loggia   
\- Wandschrank   
\- Glasfaser vorhanden   
\- Kellerabteil vorhanden   
  
Das Haus verfügt über einen Lift.   
  
Wichtig:   
  
Ein Einstellplatz kann in der Tiefgarage für CHF 150. pro Monat dazugemietet werden.   
  
Diverse Einkaufsmöglichkeiten sowie der Bahnhof sind in 1-2 Gehminuten erreichbar.   
  
Bei allfälligen Fragen stehen wir Ihnen gerne zur Verfügung.   
  
Wir freuen uns auf Ihre Kontaktaufnahme.","lift,garage",False,,2026-10-01
flatfox,86395699,,,2025,240,1.5,38,3,,Wiesenstrasse 5,8008,Zürich,47.362224742101,8.551261771281,https://flatfox.ch/de/wohnung/wiesenstrasse-5-8008-zurich/86395699/,FURNISHED_FLAT,"Im exklusiven Zürcher Seefeld, nahe See, Bellevue und Opernhaus, vermieten wir an ruhiger Lage eine stilvolle, komplett möblierte 1.5-Zimmerwohnung mit höchstem Komfort. Diverse Einkaufsmöglichkeiten, Restaurants, Apotheken und öffentliche Verkehrsmittel befinden sich in unmittelbarer Nähe.  
Die Wohnung bietet:  
  

*   Gemütliches Wohnzimmer mit Holzimitat-Fussboden
*   Bettgrösse wählbar von 140 bis 180 x 200 cm
*   Smart-App-gesteuertes LED-Lichtschienensystem für ein angenehmes Ambiente
*   Moderne, geschlossene Küche mit kombinierter Mikrowelle/Backofen, Glaskeramik, Geschirrspüler, Nespresso-Kaffeemaschine und Steinabdeckung
*   Modernes Badezimmer mit Dusche/Badewanne, Spiegelschrank, Haartrockner, WC und Lavabo
*   Smart-TV mit WLAN-Anschluss und zahlreichen Kanälen in verschiedenen Sprachen
*   Bettwäsche, Badetücher und komplettes Kücheninventar vorhanden
*   Unbegrenztes WLAN-Internet gegen eine moderate Gebühr
*   Mitbenutzung der Waschküche
*   Reinigung auf Anfrage möglich

**Mindestmietdauer: 6 Monate.**  
Für kürzere Mietdauern kontaktieren Sie uns bitte.  
  
Belegung: maximal 1 Person.  
  
Besuchen Sie unseren virtuellen Rundgang:  
https://pixroom.ch/vr/wiesenstrzuerich\\\\\\\_whg01.html  
  
**Einrichtungen: Abweichungen vorbehalten**  
  
**Charming Furnished Apartment in Seefeld – Quiet Location und Separate Kitchen**  
  
In the exclusive Zurich Seefeld district, close to the lake, Bellevue, and the Opera House, we offer a stylish, fully furnished 1.5-room apartment in a quiet residential area. Shops, restaurants, pharmacies, and public transport are just a short walk away.  
  
The flat provides a cosy furnished living room with bed, size selectable from 140cm to 180cm x 200cm, armchair with stool, ample cupboards, work/ side table, reading lamp and parquet laminated flooring. Smart App controlled LED rail system lightning for pleasant ambience.  
  
Lucid modern fully equipped kitchen with dishwasher, microwave/oven, glass-ceramic stove, Nespresso machine, kettle & tea maker and fridge.  
  
Modern bathroom, bed linen, towels and free of charge smart WIFI satellite television with numerous broadcasting stations covering multiple languages. On request unlimited WIFI at a moderate monthly fee.  
  
Common laundry facility available. Minimum stay 6 month. Shorter stays please contact us. Cleaning service can be offered upon request.  
  
Occupancy: maximum 1 person.  
  
Visit our virtual tour: https://pixroom.ch/vr/wiesenstrzuerich\\\\\\\_whg01.html  
\*\* \*\* Furnishings: Subject to changes \*\*","lift,dishwasher",True,,
flatfox,86395771,,1860,1610,250,4.0,86,3,1970,Sunnebüelstr. 27,8604,Volketswil,47.392794742101,8.681311771287,https://flatfox.ch/de/wohnung/sunnebuelstr-27-8604-volketswil/86395771/,APARTMENT,"Wir vermieten per 1. Dezember 2026 eine 4-Zimmerwohnung im Sunnebüel in Volketswil.   
  
Die Wohnung überzeugt mit folgenden Eigenschaften:   
  
\- Ganze Wohnung mit Parkettboden ausgestattet   
\- Badezimmer mit Badewanne, Doppellavabo und Fenster   
\- Separates WC   
\- Reduit in der Wohnung für mehr Platz   
\- Grosser verglaster Balkon mit Blick ins Grüne   
\- Eigenes Kellerabteil 

  


(Die Bilder zeigen eine andere Wohnung mit dem selben Ausbaustandard).    


  


Die Überbauung befindet sich in einer familienfreundlichen und gepflegten Grünanlage mit grosser Spielwiese und Spielplatz.  Durch das dichte Busnetz sind diverse Einkaufsmöglichkeiten wie das Volkiland oder das Zentrum von Volketswil problemlos erreichbar. Mit dem öffentlichen Verkehr gelangt man innert 30 Minuten in die Stadt Zürich. Daneben verfügt Volketswil über zwei Autobahnanschlüsse. 

  
Einen Einstellplatz können Sie gerne auf Wunsch à CHF 130/mtl. Dazu mieten.   
  
Wir freuen uns auf Ihre Kontaktaufnahme!",,False,,2026-12-01
flatfox,86394839,,,2890,200,3.5,94,2,2025,Schmittenackerstrasse 10,8304,Wallisellen,47.418984742102,8.595211771287,https://flatfox.ch/de/wohnung/schmittenackerstrasse-10-8304-wallisellen/86394839/,APARTMENT,"Schöne Wohnung mit Balkon, eigener Waschmaschine und Trockner zu vermieten","view,parkingspace,garage,dishwasher,cable,broadbandinternet,tumbler,stonefloor,washingmachine,parquetflooring",False,,
flatfox,86394912,,,1510,170,2.5,,2,,Schellerstrasse 21,8620,Wetzikon,47.321340842105,8.786291771283,https://flatfox.ch/de/wohnung/schellerstrasse-21-8620-wetzikon/86394912/,APARTMENT,"Per 01.11.2026 vermieten wir diese schöne, helle, moderne 2.5-Zimmerwohnung im 2. OG.  
  
Die Wohnung verfügt über folgende Eigenschaften:  
  
\- Grosse, offene Küche mit Glaskeramik, Granitabdeckung, Geschirrspüler, grosser Kühlschrank mit sep. Gefrierfach (3 Schubladen)  
\- Helles, grosses Badezimmer mit grauen Bodenplatten, Doppellavabo und grossem Fenster  
\- Eigener Waschturm (Waschmaschine + Tumbler) in der Wohnung  
\- Ganze Wohnung ist mit Parkett ausgestattet  
\- Die Wohnung verfügt über sehr grosse Fenster und einen sehr grossen Balkon (18m2) der zum Verweilen einlädt  
  
Zur Wohnung gehört ein Kellerabteil und nach Bedarf können ein oder mehrere Einstellplätze für CHF 130.00/Monat gemietet werden.  
  
  
Es lohnt sich, diese Wohnung zu besichtigen!  
  
Die Fotos stammen von einer vergleichbaren Nachbarswohnung und können vom angebotenen Mietobjekt leicht abweichen",,False,,2026-11-01
flatfox,86394926,,1990,,,2.0,40,,,Langstrasse 225,8005,Zürich,47.383584042104,8.530481771289,https://flatfox.ch/de/wohnung/langstrasse-225-8005-zurich/86394926/,APARTMENT,"Sofort verfügbar: Modernes Wohnen in bester Lage   
Wir vermieten eine frisch renovierte und voll ausgestattete Zweizimmerwohnung.   
  
Ausgezeichnete öffentliche Verkehrsanbindungen, Supermärkte und Restaurants direkt vor der Tür",,False,,
flatfox,86394933,,1530,,,1.0,22,,,Baurstrasse 29,8008,Zürich,47.355929742109,8.554481771289,https://flatfox.ch/de/wohnung/baurstrasse-29-8008-zurich/86394933/,APARTMENT,"Ab sofort steht eine 22 Quadratmeter große Wohneinheit in zentraler Lage von Seefeld zur Anmietung bereit, die auf kleinem Raum sämtliche Annehmlichkeiten einer großen Wohnung bietet. Das Erdgeschoss-Apartment verfügt neben einer Einbauküche inklusive Waschmaschine über ein hochwertig ausgestattetes   
  
Nur wenige Schritte entfernt finden Sie eine lebendige Auswahl an Boutiquen, diversen Restaurants und reichhaltigen kulturellen Erlebnissen, alles vor der Kulisse malerischer Parks und des ruhigen Seeufers. Egal, ob Sie die belebten Strassen erkunden oder die friedliche Atmosphäre Ihres Zuhauses geniessen, diese erstklassige Lage sorgt dafür, dass alles, was Sie brauchen, leicht zu erreichen ist.",,False,,
flatfox,86394935,,1300,,,1.0,,,,Hohenklingenstrasse 38,8049,Zürich,47.402274742102,8.491881771281,https://flatfox.ch/de/wohnung/hohenklingenstrasse-38-8049-zurich/86394935/,SINGLE_ROOM,"Roommate gesucht ab 1. November oder 1. Dezember   
  
Ich suche eine Person, die mit mir in einer wunderschönen, ruhigen 3.5-Zimmerwohnung mit grossem Garten wohnen möchte. Die Wohnung verfügt über eine moderne Küche mit Geschirrspüler, ein Bad und separte Toilette, einen grossen Keller und Estrich sowie einen Balkon mit Bergblick.   
  
Dein Zimmer ist unmöbliert mit Einbauschrank (evt. option auf Schreibtisch und Bett). Das Highlight ist der grosse Garten mit einer Wiese, zwei Apfelbäumen und der Möglichkeit, Gemüse anzubauen perfekt zum Sommerabende und/oder kleine Feste.   
  
Die Lage ist sehr ruhig, mit dem Fahrrad oder ÖV bist du in 10-15 Minuten im Zentrum. Coop, Migros und Denner sind in der Nähe. Die Werdinsel und Bademöglichkeiten erreichst du in ca. 5 Minuten zu Fuss.   
  
Über mich und das Zusammenleben:   
Ich bin Simon, 32 Jahre alt, spiele Handball in Schwami und werde nächstes Jahr an der QUEST PH mein Studium beginnen.   
  
Ich bin unkompliziert, gerne unterwegs, in der Natur oder auch mal in einer Bar anzutreffen. Ich koche sehr gerne und freue mich über gemeinsame Abende oder Unternehmungen. Gleichzeitig ist mir wichtig, dass jeder seinen Freiraum hat und sich zuhause wohlfühlt.   
  
Wenn du Lust auf ein schönes Zuhause mit Garten und ein entspanntes Zusammenleben hast, freue ich mich, von dir zu hören!",,False,,
flatfox,86394939,,1200,,,2.0,,,,Obere Heslibachstrasse,8700,Küsnacht ZH,47.313004742103,8.588901771281,https://flatfox.ch/de/wohnung/obere-heslibachstrasse-8700-kusnacht-zh/86394939/,APARTMENT,"Sei gegrüsst, Per Sofort (Samstag/Sonntag)   
  
Herzige 2.5 Zimmerwohnung Dachstock mit schöner Aussicht, wie auch ruhig gelegen befristet für 2 Monate bis kurz vor ende November. Noch unklar wenn Wohnungsübergabe ist ende November..   
könnte cirka 27. bis 30. November sein.   
WEGEN RENOVATION.   
  
bevorzugt leer aber kann allenfalls für einen unkosten beitrag möbliert vermietet werden.   
  
Ohne geschirrspülmaschine   
Ohne Waschmaschine,   
Ausser wird bevorzugt dann aber 50.- Fr pro monat extra. (selber auch gemietet)   
  
Plus Caution 600.-   
  
zu fuss 10min Erlenbach Bahnhof, Migros&Coop.;   
15min Küsnacht Bahnhof und co.   
  
lg Dani   
  
English bellow   
  
from this weekend (Saturday/Sunday)   
  
Charming 2.5-room attic apartment with a lovely view and a quiet location; available for a fixed term of 2 months, ending shortly before the end of November. The exact date for handing over the apartment at the end of November is not yet certain.   
It could be around November 27th to 30th.   
DUE TO RENOVATION.   
  
Preferably unfurnished, though it could potentially be rented furnished at no extra cost.   
  
No dishwasher.   
No washing machine;   
However, a washing machine is an option (I rent it myself) for an extra CHF 50 per month.   
  
plus deposit 600.-   
  
kind regards   
  
Dani",,False,,
flatfox,86394947,,2817,,,4.0,105,,,Im Fronberg,8172,Niederglatt ZH,47.487465842104,8.499181771283,https://flatfox.ch/de/wohnung/im-fronberg-8172-niederglatt-zh/86394947/,APARTMENT,"Modernes Wohnglück in Niederglatt ZH - 4.5-Zimmer-Wohnung mit grosser Terrasse   
Suchen Sie ein lichtdurchflutetes Zuhause mit durchdachtem Grundriss, stilvoller Ausstattung und hohem Komfort? Diese attraktive 4.5-Zimmer-Wohnung im 1. Obergeschoss (West-Ausrichtung) überzeugt durch grosszügige Räume, moderne Technik und eine erstklassige Aufteilung und ist per Ende Oktober 2026 verfügbar.   
  
Das Herzstück bildet der ca. 34.3 m² grosse, offene Wohn- und Essbereich mit direktem Zugang zur riesigen, sonnigen Terrasse. Ob gemütliche Abende oder Entspannung im Freien hier geniessen Sie höchste Lebensqualität.   
  
Highlights der Wohnung   
  
Grosszügiger Wohn-/Essbereich: Ca. 34.3 m² lichtdurchfluteter Raum für individuelles Einrichten.   
Moderne Küche: Ca. 8.1 m² gross, offen gestaltet und perfekt in den Wohnbereich integriert.   
Riesige Terrasse: Ca. 21.0 m² Aussenfläche für entspannte Stunden im Freien.   
Hochwertige Ausstattung: Edler Parkettboden in allen Wohn- und Schlafräumen sorgt für ein warmes, wohnliches Ambiente.   
Drei helle Schlafzimmer:   
Zimmer 1: ca. 18.6 m²   
Zimmer 2: ca. 12.5 m²   
Zimmer 3: ca. 14.5 m²   
Zwei moderne Nasszellen:   
Bad/WC (ca. 4.9 m²) mit Badewanne und eigenem Waschturm (Waschmaschine & Wäschetrockner).   
Du/WC (ca. 4.5 m²) mit Dusche, WC und Doppelwaschbecken.   
Barrierefreier Zugang: Ein Lift führt Sie bequem direkt vor die Wohnungstür.   
Eckdaten & Mietpreis   
  
Adresse / Lage: Niederglatt (1. Obergeschoss, Ausrichtung West)   
Zimmer: 4.5   
Nettowohnfläche: ca. 104.3 m² (zzgl. 21 m² Terrasse)   
Verfügbarkeit: per sofort   
Mietpreis: CHF 2'817.00 / Monat (inkl. Nebenkosten & Parkplatz)   
Haben wir Ihr Interesse geweckt? Vereinbaren Sie noch heute einen Besichtigungstermin unter der Nummer +41 79 543 33 82 und überzeugen Sie sich vor Ort.",,False,,
flatfox,86395025,,2185,,,2.0,60,,,Brandschenkestrasse 166,8002,Zürich,47.363557042101,8.526201771284,https://flatfox.ch/de/wohnung/brandschenkestrasse-166-8002-zurich/86395025/,APARTMENT,"Die Wohnung verfügt über zwei einladende, voll möblierte Zimmer.   
Zur Wohnung gehört außerdem ein Balkon, auf dem Sie wunderbar vom Alltag entspannen können. Eine Einbauküche steht Ihnen ebenfalls zur Verfügung.   
  
Im Zentrum von Zürich (Kreis 2), sehr ruhige Lage. Sackgasse ohne Verkehr. Ein Veloweg führt entlang der Sihl autofrei zur Börse und zum Hauptbahnhof und ist auch ein beliebter Weg für Jogger und Spaziergänger ins Naherholungsgebiet Allmend (10 Minuten).   
  
6 Gehminuten vom Bahnhof Enge.   
3 Gehminuten bis Haltestelle Waffenplatzstrasse: Tram 5, 13, 17, Bus 72.   
7 Gehminuten zur Sihl-City mit Einkaufszentrum, Restaurants, Kinos, Sportanlagen.",,False,,
flatfox,86395054,,1620,1420,200,3.0,59,1,1962,Feldweg 12,8623,Wetzikon ZH,47.332204742101,8.807311771286,https://flatfox.ch/de/wohnung/feldweg-12-8623-wetzikon-zh/86395054/,APARTMENT,"Wir vermieten diese 3 Zimmer Wohnung in ruhiger Wohnlage. Sie zeichnet sich durch folgende Merkmale aus:   
  
\- schöne Überbauung an zentraler Lage   
\- ruhige Wohnlage   
\- einfache Wohnungsgrundrisse   
\- grosses Wohnzimmer mit Parkett   
\- grosszügiger Balkon   
\- Schlafzimmer und Kinderzimmer mit Laminat   
\- Wandschränke im Korridor   
\- geschlossene Küche   
\- helles Badezimmer/WC mit weissen Plättli   
\- in wenigen Gehminuten im Zentrum   
\- Bushaltestelle in der Nähe   
  
\+ Einstellplätze kann dazugemietet werden (CHF 120.00/Monat)   
  
*Fotos entsprechen einer anderen Wohnung mit gleichem Grundriss*   
Besichtigung ist obligatorisch.   
  
Haben wir Ihr Interesse geweckt? Melden Sie sich zu einem Besichtigungstermin an. Wir freuen uns auf Ihre Bewerbung.","cable,petsallowed,parkingspace,garage,balconygarden",False,,2027-01-01
flatfox,86395066,,6230,5650,580,4.5,106,1,2020,Seestr. 48,8802,Kilchberg ZH,47.330914742101,8.545371771288,https://flatfox.ch/de/wohnung/seestr-48-8802-kilchberg-zh/86395066/,APARTMENT,"An privilegierter Lage, mit unverbaubarem Blick auf das weite Blau des Zürichsees, vermieten wir dieses Wohnerlebnis der Extraklasse!   
  
Überzeugen Sie sich durch einen hochwertigen Ausbaustandard, offenem Grundriss und architektonischen Highlights.   
  
\- Wohnbereich und Zimmer mit Eichen-Parkett   
\- Nasszellen mit Feinsteinzeug-Platten   
\- Poggenpohl-Küche mit Induktionsochfeld und integrierter Flachschirmhaube, Backofen, Steamer, Geschirrspüler und Silentstone-Arbeitsfläche   
\- Grosses Schlafzimmer mit Ensuite-Bad   
\- Zusätzliches Bad mit Badewanne, Lavabo, Toilette und Waschturm   
\- Grosse Terrasse   
\- Minergie zertifizert   
\- Kellerabteil   
  
\- Einstellplätze können für CHF 250.00 / monatlich dazu gemietet werden   
  
**Bilder sind nicht objektspezifisch, der Ausbaustandard ist aber identisch**   
  
Haben wir Ihr Interesse geweckt? Wir freuen uns auf Ihre unverbindliche Kontaktaufnahme.","petsallowed,balconygarden,garage",False,,2026-10-01
flatfox,86395115,,,2050,180,3.0,60,2,1800,Kanalweg 2,8714,Feldbach,47.239094742102,8.786701771283,https://flatfox.ch/de/wohnung/kanalweg-2-8714-feldbach/86395115/,APARTMENT,"*   Sonnige & ruhige, möblierte 3 Zimmer Wohnung mit rund 60 m2 in über 200-jährigem Haus, teilweise mit Seesicht
*   Ideal für Expats, Wochenaufenthalter oder Leute, die direkt einziehen wollen ohne sich um Möbel & Hausrat zu kümmern
*   Komplett möbliert mit voll ausgestatteter Küche inkl. Nespressomaschine
*   Per 2019 neue Küche und neues Parkett im Wohnraum, 2024 neue Fenster
*   Südseitiger Balkon mit Blick auf den Garten und gegen den See
*   5 Minuten zu Fuss bis Bahnhof Feldbach, von dort mit dem Zug:
*   30 Minuten bis Zürich
*   10 Minuten bis Männedorf
*   6 Minuten bis Rapperswil
*   8 Minuten zu Fuss bis zum See und zur Seebadi Feldbach
*   Nur 3 Parteien im Haus, unkomplizierte Nutzung der Waschküche
*   2 Schlafzimmer mit je einem Einzelbett und Pult, wovon eines über grosse Einbauschränke verfügt
*   Parkplatz kann auf Wunsch für CHF 75 pro Monat dazu gemietet werden
*   Die Wohnung ist derzeit vermietet und kann ab 1.11.2026 oder nach Vereinbarung bezogen werden, befristet bis Ende Oktober 2027, unter Umständen auch länger.
*   Eine Mietdauer von weniger als 1 Jahr ist Verhandlungssache.","view,balconygarden,parkingspace,parquetflooring,dishwasher,cable",True,2019,2026-11-01
flatfox,86393351,,,2500,320,4.5,137,1,1986,Haselrainstrasse 4,8610,Uster,47.360208642101,8.711761771284,https://flatfox.ch/de/wohnung/haselrainstrasse-4-8610-uster/86393351/,APARTMENT,"Willkommen in Ihrem neuen Zuhause im charmanten Uster! Diese hochwertige 4.5-Zimmer-Maisonette-Dach-Wohnung im 1. und 2. Obergeschoss eines Mehrfamilienhauses mit 7 Eigentumswohnungen überzeugt mit zeitgemässem Design, nachhaltiger Bauweise und einer zentralen Lage nahe dem Stadtzentrum und dem Greifensee.  
Jede Wohnung hat eine eigene Gasheizung für das Warmwasser und die Bodenheizung.  
  
**Die Wohnung bietet:**  
  

*   **Grosszügige Wohnfläche:** 117 m2 auf zwei Etagen, mit einer Galerie 20 m2 unter dem Dach - ideal für Paare, Familien oder alle, die Wert auf Raum und Komfort legen
*   **Balkon Süd und Balkon Nord:** Geniessen Sie die sonnigen Tage auf Ihrem eigenen Aussenbereich mit schöner Aussicht auf den umliegenden Grünbereich
*   **Moderne Küche:** Hochwertige Geräte (Miele), 2 Backofen (1 mit Steamer, 1 mit Mikrowelle), Glaskeramik mit Induktion, Geschirrspüler, Kühlschrank mit Gefrierfach und 0-Schubladen
*   Badezimmer: Hochwertig ausgestattet mit zwei Waschbecken, Dusche, Dusch-WC und **Dampfdusche**
*   Waschmaschine/Tumbler: Praktischer Komfort in der eigenen Waschküche im Untergeschoss
*   **Einstellplatz à CHF 130.00 pro Monat:** Ausreichend Platz für Ihr Fahrzeug, ein Wandschrank, und separatem gemeinsamen Einstellkeller. Installation für Elektroauto vorbereitet
*   Spielplatz und kleine Spielwiese: Angrenzend an die Liegenschaft

Haben wir Ihr Interesse geweckt? Gerne zeigen wir Ihnen das Objekt.","view,parkingspace,balconygarden,garage,fireplace,dishwasher,cable,parquetflooring,tumbler,washingmachine",False,2026,
flatfox,86393363,,1799,,,1.0,,3,,,8004,Zürich,47.380700842108,8.517341771281,https://flatfox.ch/de/wohnung/8004-zurich/86393363/,APARTMENT,,"petsallowed,balconygarden,lift",True,,
flatfox,86393455,,2385,2225,160,4.5,,1,,Tösstalstrasse 71,8488,Turbenthal,47.440473942101,8.843841771281,https://flatfox.ch/de/wohnung/tosstalstrasse-71-8488-turbenthal/86393455/,APARTMENT,,,False,2026,
flatfox,86394096,,5130,4750,380,4.5,109,1,2018,Humrigenstrasse 66,8704,Herrliberg,47.284104742109,8.620101771281,https://flatfox.ch/de/wohnung/humrigenstrasse-66-8704-herrliberg/86394096/,APARTMENT,"Willkommen in dieser modernen und gepflegten 4.5-Zimmer-Wohnung an der Humrigenstrasse 66 in Herrliberg. Das im Jahr 2018 erbaute Gebäude überzeugt durch zeitgemässe Architektur, hohe Wohnqualität und eine Minergie-Zertifizierung – für nachhaltiges und energieeffizientes Wohnen. 

Mit einer Wohnfläche von **109 m²** im 1. Obergeschoss bietet diese Wohnung grosszügigen Raum für anspruchsvolles Wohnen. Der offene Wohn- und Essbereich mit Kochinsel und Holzboden lädt zum Verweilen ein. Grosse Fenster fluten den Raum mit Tageslicht und gewähren einen herrlichen Blick auf den Balkon mit Aussenbestuhlung. 

_Die Wohnung bietet unter anderem:_

  * **Offene Küche und Wohnbereich:** Helle, moderne Einrichtung mit Kochinsel und Holzboden, grossem Esstisch und gemütlichem Sitzbereich. 

  * **3 Schlafzimmer und 2 Badezimmer** (eins en suite) 

  * **Balkon:** Mit schöner Aussicht und Sitzgelegenheiten im Freien. **Unverbaubarer Blick auf den Rossbach‑Wald** . 

  * **Sehr grosse Gartenanlage** (2’136 m²) zur gemeinschaftlichen Nutzung 

  * **Lift:** Bequemer Zugang zu allen Etagen. 

  * **Parkplatz:** Inklusive Abstellmöglichkeit für Ihr Fahrzeug. Aussenparkplatz: **CHF 120 / Monat** (separat) 

  * **Privater Wash-und Abstellraum** (mit Waschmaschine und Tumbler; Raum 11.5m² **)**

  * **Minergie-Zertifizierung:** Höchste Standards in Energieeffizienz und Wohnkomfort. Die Minergie‑Bauweise ermöglicht im Sommer eine natürliche Luftzirkulation, die die Wohnung angenehm kühl hält – auch bei aussergewöhnlicher Hitze. In der kalten Jahreszeit sorgt das System für konstant warme, komfortable Wohnverhältnisse. 

  * **Süd-West-Ausrichtung** , sehr ruhig und Sonne vom Morgen bis zum Sonnenuntergang. 

  * **2026:** Gemeindesteuerfuss **73 %** (Rang 3 von 160 Gemeinden) 




Die Lage ist **ruhig** und sonnig – ideal für alle, die Erholung und Natur schätzen. Der Zürichsee liegt in unmittelbarer Nähe (1.1km), und die Fähre ab **Herrliberg (See)** ist in nur 12 Gehminuten erreichbar. 

_Infrastruktur in der Umgebung:_

  * **Bushaltestelle direkt vor dem Haus:** Bus no. 972 

  * **Herrliberg Schulhaus:** Nur 2 Gehminuten entfernt. 

  * **Drogerie Herrliberg:** In 5 Gehminuten erreichbar. 

  * **Coop Supermarkt:** Bequem in 7 Gehminuten zu Fuss. 

  * **Schulhaus Breiti A und B:** Ideal für Familien – nur 4 Gehminuten entfernt. 

  * **Bahnhof Herrliberg-Feldmeilen:** In 12 Gehminuten erreichbar. 




Diese exklusive Wohnung steht ab dem **1\. April 2027** zur Verfügung. Eine seltene Gelegenheit, in einer der attraktivsten Gemeinden am Zürichsee zu wohnen – modern, ruhig und bestens erschlossen. 

_Haustiere (Hunde und Katzen) sind nicht gestattet. Wir bevorzugen eine rauchfreie Nutzung der Wohnung._","parkingspace,lift,balconygarden,view,washingmachine,minergie,dishwasher",False,,2027-04-01
flatfox,86394126,,2030,1890,140,2.5,68,3,2018,Sulzerallee 81,8404,Winterthur,47.502840842101,8.765501771282,https://flatfox.ch/de/wohnung/sulzerallee-81-8404-winterthur/86394126/,APARTMENT,"Willkommen bei sue&til;   
  
Tauchen Sie ein, denn hier erwartet Sie eine spritzige, inspirierende und innovative Wohnoase, welche auch Ihr Herz höher schlagen lässt!   
  
Wir sind die Siedlung im modernen Winterthurer Quartier Neuhegi mit Parks und allem, was es für ein aktives Leben braucht. sue&til; legt grossen Wert darauf, Ihnen zahlreiche Highlights und Annehmlichkeiten zu bieten. Sie können sicher sein, dass sue&til; Ihnen nicht nur alle Ihre Wünsche an Ihr neues Zuhause erfüllt, sondern viel mehr bietet.   
  
Für Ihren Wohnkomfort verfügt die Wohnung über folgenden Ausbau   
  
\- Offen gestalteter Grundriss für die grosszügige Atmosphäre   
\- Hochwertige Eichenparkettböden für den edlen Touch in den Wohnräumen   
\- Hochwertiges Bad/WC mit Feinsteinzeugplatten als persönliche Wellnessoase   
\- Offene Küche mit Natursteinabdeckung, Glaskeramikherd und Geschirrspüler, welche Ihre Lust zum Kochen weckt   
\- Komfort-Wohnungslüftung mit individueller Steuerung für ein behagliches Wohngefühl   
\- Waschmaschine und Tumbler in der Wohnung zur Erleichterung Ihren Alltags   
\- Kellerabteil als zusätzlichen Stauraum   
  
**Die Bilder stammen von einer Typähnlich Wohnung.**   
  
Im Neuhegi leben Sie in einem eigenständigen, vielseitigen Arbeits- und Lebensraum, welcher Ihnen eine erstklassige Lebensqualität schenkt. sue&til; ist über sämtliche Verkehrsmittel hervorragend mit der Altstadt und dem Hauptbahnhof von Winterthur und den grösseren Städten der Schweiz verbunden. Ob mit Ihrem Auto oder den ÖV, verschiedenste Möglichkeiten können ausgewählt werden, ganz individuell nach Ihren persönlichen Bedürfnissen. sue&til; passt für Singles, Paare und Familien - und sogar für Sie und Ihre Freunde, die zusammen eine Wohngemeinschaft gründen wollen. Wir freuen uns auf Sie - Ihr sue&til.;",,False,2018,2026-11-01
flatfox,86394131,,,1980,115,1.5,39,,,Carl-Spitteler-Strasse 59-63,8053,Zürich,47.356614742105,8.592271771285,https://flatfox.ch/de/wohnung/carl-spitteler-strasse-59-63-8053-zurich/86394131/,APARTMENT,"Im **CARLA – Zuhause am Sonnenhang** in Zürich-Witikon erwartet Sie **stilvolles Wohnen in ruhiger, grüner Lage** mit modernem Komfort und durchdachten Grundrissen – ideal für Singles, Paare und Familien, die Wert auf ein wohnliches Zuhause mit persönlicher Note legen.   
  
**Highlights:**   
  

* 21 attraktive Mietwohnungen von **1½- bis 4½-Zimmer-Wohnungen** mit hellem, funktionalem Grundriss 
* **Erneuerte und erweiterte Mehrfamilienhäuser** an der Carl-Spitteler-Strasse 59/61/63 – Bezug **ab sofort**
* **Balkon oder Terrasse** bei jeder Wohnung – viele mit Sonne bis in den Abend hinein 
* **Warme Materialien & hochwertige Ausstattung ** in Küche und Bad, Eichenparkett und grossformatige Platten 
* Ruhige Lage am Hang mit **Weitsicht, Natur** und unmittelbarer Nähe zu Wäldern 
* **Schulen, Einkauf (Coop/Migros/Aldi), Freizeit & ÖV im Quartier ** – Zentrum Witikon in wenigen Minuten erreichbar 
  
Bewerben Sie sich direkt auf der Webseite https://www.carla-witikon.ch/.   
Intercity Immobilien AG   
+41 58 705 00 50   
zuerich@intercity.ch   
  
Wir freuen uns auf Ihre Kontaktaufnahme!   
Ihr Intercity Immobilien Team   
  
*Die gezeigten Abbildungen sind als Mustervisualisierungen zu verstehen und können auch andere Wohnungen der Liegenschaft darstellen.",balconygarden,False,,
flatfox,86394133,,2430,2180,250,4.5,122,3,,Badstubenstrasse 9,8880,Walenstadt,47.123824742101,9.313371771285,https://flatfox.ch/de/wohnung/badstubenstrasse-9-8880-walenstadt/86394133/,APARTMENT,"An zentraler Lage mitten in Walenstadt steht diese 4 1/2-Zimmer-Wohnung zur Vermietung. Die Wohnung erstreckt sich über zwei Geschosse mit gesamthaft zwei sonnenverwöhnten Balkonen/Terrassen in Süd + West Ausrichtung. Das grosszügige Kellerabteil sowie ein gut erreichbarer Tiefgaragenplatz runden das Angebot ab.   
  
Wohnkonzept   
  
Erdgeschoss   
Haupteingang-Garderobe 9.0 m2   
Küche 12.0 m2   
Wohnen-Essen 37.0 m2   
WC-Lavabo 3.0 m2   
Korridor/Treppe 5.0m2   
  
Obergeschoss   
Gangbereich 5.0 m2   
Zimmer 16.0 m2   
Zimmer 12.0 m2   
Zimmer 11.0 m2   
Bad 6.0 m2   
Korridor/Treppe 6.0m2   
  
Ein Tiefgaragenplatz kann für CHF 120.00 / Mt. dazu gemietet werden.",,False,,
flatfox,86394134,,,3500,245,4.5,85,0,,Carl-Spitteler-Strasse 59-63,8053,Zürich,47.356614742105,8.592271771285,https://flatfox.ch/de/wohnung/carl-spitteler-strasse-59-63-8053-zurich/86394134/,APARTMENT,"Im **CARLA – Zuhause am Sonnenhang** in Zürich-Witikon erwartet Sie **stilvolles Wohnen in ruhiger, grüner Lage** mit modernem Komfort und durchdachten Grundrissen – ideal für Singles, Paare und Familien, die Wert auf ein wohnliches Zuhause mit persönlicher Note legen.   
  
**Highlights:**   
  

* 21 attraktive Mietwohnungen von **1½- bis 4½-Zimmer-Wohnungen** mit hellem, funktionalem Grundriss 
* **Erneuerte und erweiterte Mehrfamilienhäuser** an der Carl-Spitteler-Strasse 59/61/63 – Bezug **ab sofort**
* **Balkon oder Terrasse** bei jeder Wohnung – viele mit Sonne bis in den Abend hinein 
* **Warme Materialien & hochwertige Ausstattung ** in Küche und Bad, Eichenparkett und grossformatige Platten 
* Ruhige Lage am Hang mit **Weitsicht, Natur** und unmittelbarer Nähe zu Wäldern 
* **Schulen, Einkauf (Coop/Migros/Aldi), Freizeit & ÖV im Quartier ** – Zentrum Witikon in wenigen Minuten erreichbar 
  
Bewerben Sie sich direkt auf der Webseite https://www.carla-witikon.ch/.   
Intercity Immobilien AG   
+41 58 705 00 50   
zuerich@intercity.ch   
  
Wir freuen uns auf Ihre Kontaktaufnahme!   
Ihr Intercity Immobilien Team   
  
*Die gezeigten Abbildungen sind als Mustervisualisierungen zu verstehen und können auch andere Wohnungen der Liegenschaft darstellen.",balconygarden,False,,
flatfox,86394160,,2250,2000,250,4.5,135,4,1960,Gartenstrasse 18,8583,Sulgen,47.541686942108,9.187081771281,https://flatfox.ch/de/wohnung/gartenstrasse-18-8583-sulgen/86394160/,ROOF_FLAT,"**Helle, attraktive Attikawohnung mit Cheminée an ruhiger Lage zu vermieten.**

Die Wohnung zeichnet sich durch folgende Besonderheiten aus: 

  * Lift bis in die Wohnung 

  * Grosszügige Terrasse mit schöner Aussicht 

  * Geräumiges Wohnzimmer mit Cheminée 

  * Grosses Elternschlafzimmer mit integrierter Ankleide 

  * Zwei weitere Schlafzimmer 

  * Bad mit Badewanne, WC und Doppellavabo 

  * Bad mit Dusche und WC 

  * Waschmaschine und Tumbler in der Wohnung 

  * Nebenkostenpauschale 

  * Garagenbox à CHF 125.00 / Monat 

  * Aussen-Abstellplatz à CHF 50.00 / Monat 




Die nächsten Einkaufsmöglichkeiten (Migros, Coop, Bäckerei) liegen in einer Entfernung von 400 - 500 Metern, die Distanz zum SBB-Bahnhof Sulgen, zu den nächsten Banken sowie zur Post beträgt zwischen 500 und 750 Metern.","lift,dishwasher,fireplace,washingmachine,garage,balconygarden",False,2018,2027-02-01
flatfox,86394173,,,3900,300,4.5,102,18,2024,Sonnentalstrasse 17,8600,Dübendorf,47.396984042101,8.601281771289,https://flatfox.ch/de/wohnung/sonnentalstrasse-17-8600-dubendorf/86394173/,APARTMENT,"Diese helle und durchdachte 4.5-Zimmer-Wohnung mit rund 102 m² Wohnfläche liegt im 18. Obergeschoss des Towers C im renommierten Projekt THREE POINT in Dübendorf-Stettbach. Dank der Süd-/Ostausrichtung ist die Wohnung vom Morgen bis in den Nachmittag lichtdurchflutet. Der effiziente Grundriss und die hochwertige Materialisierung schaffen ein urbanes und zugleich behagliches Wohngefühl, nur wenige Minuten von Zürich entfernt.  
Das Herzstück ist der offene Wohn-/Ess-/Kochbereich mit 36.5 m², von dem aus Sie direkt auf den grosszügigen Balkon mit 23 m² gelangen. Die moderne Küche mit Kücheninsel, Granitabdeckung und Electrolux-Geräten sowie der edle Eichenparkett im Schiffbodenmuster verleihen der Wohnung eine stilvolle und warme Atmosphäre.  
Drei gut proportionierte Zimmer mit 16.6 m², 11.2 m² und 10.7 m² bieten viel Flexibilität als Schlafzimmer, Kinderzimmer oder Homeoffice. Alle Zimmer sowie das Entrée sind mit Einbauschränken ausgestattet.  
  
**Highlights der Wohnung**  

*   Obergeschoss mit Süd-/Ostausrichtung und viel Sonne
*   Ca. 102 m² Wohnfläche mit hellem, effizientem Grundriss
*   Offener Wohn-/Ess-/Kochbereich (36.5 m²) mit direktem Balkonzugang
*   Balkon mit 23 m² und Weitsicht
*   Einbauschränke im Entrée und in allen Zimmern
*   Badezimmer mit Badewanne (7.8 m²) sowie separate Dusche/WC
*   Eigener Waschturm (Waschmaschine/Tumbler) in der Wohnung
*   KNX-Smart-Home-System und Video-Gegensprechanlage
*   Energieeffiziente Bauweise nach Minergie-Standard mit kontrollierter Lüftung
*   Kellerabteil inklusive, Lift in alle Geschosse
*   Parkplatz in der Tiefgarage optional verfügbar

**Lage**  
Der Bahnhof Stettbach liegt nur wenige Gehminuten entfernt und bietet optimale Verbindungen nach Zürich HB, Oerlikon und zum Flughafen. Das Hochbord-Quartier entwickelt sich dynamisch und bietet Einkaufsmöglichkeiten, Gastronomie, Freizeitangebote und Naherholung direkt vor der Haustür.  
Diese Wohnung vereint Sonne, Aussicht und eine hochwertige Ausstattung zu einem attraktiven Gesamtpaket. Sie eignet sich ideal für Paare, Familien oder alle, die modernes Wohnen mit Stil schätzen.","view,parkingspace,lift,garage,balconygarden,minergie,accessiblewithwheelchair,washingmachine,tumbler,dishwasher,cable,parquetflooring",False,,2026-12-01
flatfox,86394270,,2415,2200,215,2.0,50,3,,Hohenbühlstrasse 4,8032,Zürich,47.366489742102,8.552821771281,https://flatfox.ch/de/wohnung/hohenbuhlstrasse-4-8032-zurich/86394270/,APARTMENT,"Wir vermieten per **1\. Oktober 2026** oder nach Vereinbarung an ruhiger Lage eine grosszügige 2-Zimmerwohnung an der Hohenbühlstrasse 4, 8032 Zürich.   
  
Die Wohnung befindet sich im 3. Obergeschoss (Laubengang) und zeichnet sich durch die folgenden Eigenschaften aus:   
  
\- 1x Nasszelle mit Badewanne   
\- Küche mit Geschirrspüler   
\- Original Einbauschrank aus den 60ern in der Küche   
\- ein grosser Balkon mit Blick ins Grüne   
\- Reduit neben dem Badezimmer   
\- grosszügiger Einbauschrank im Schlafzimmer   
\- Wohnzimmer mit Parkettboden   
\- Kellerabteil ist inbegriffen   
\- Veloraum   
\- Waschmaschine und Trockenraum zur Mitbenützung   
\- zu Fuss sind es ca. 5-7 Min. zum Bahnhof Stadelhofen   
\- zahlreiche Einkaufsmöglichkeiten sowie Restaurants befinden sich in Gehdistanz   
  
Die Liegenschaft befindet sich in unmittelbarer Nähe des Kreuzplatzes.   
  
**Für eine Besichtigung melden Sie sich gerne direkt via Kontaktformular!**",,False,,2026-10-01
flatfox,86394271,,,3233,300,3.5,70,0,,Scheideggstrasse 81,8038,Zurich,47.352275842109,8.529751771288,https://flatfox.ch/de/wohnung/scheideggstrasse-81-8038-zurich/86394271/,APARTMENT,"Bright and welcoming apartment featuring a spacious bedroom, a separate study/home office, and a large living area with plenty of natural light.  
The highlight of the property is the beautiful terrace with breathtaking lake views, perfect for relaxing, dining outdoors, or enjoying the sunset.  
Additional features:  

*   Spacious bedroom
*   Bright living room
*   Separate study/home office
*   Private laundry room with drying station
*   Large terrace with lake view
*   Optional parking space available for CHF 250/month

A wonderful home combining comfort, space, and a unique outdoor living experience.","view,balconygarden,garage,lift,dishwasher,parquetflooring,washingmachine,petsallowed",False,,2026-10-31
flatfox,86394341,,2380,,180,3.5,75,2,,Hinterbüelstrasse 21,8307,Effretikon,47.429384742108,8.687951771285,https://flatfox.ch/de/wohnung/hinterbuelstrasse-21-8307-effretikon/86394341/,APARTMENT,"In Effretikon, an der Hinterbüelstrasse 21, vermieten wir diese exklusive 3.5 Zimmer Wohnung mit moderner Infrastruktur.  
  
Das Objekt selber liegt in einem ruhigen und gepflegten Wohnquartier. Öffentliche Verkehrsmittel, Einkaufsmöglichkeiten und Schulen sind in unmittelbarer Gehdistanz. Dank S-Bahnhof und Autobahnanschluss ist man in Kürze in Zürich, Winterthur oder am Flughafen.  
  
Die Wohnung überzeugt durch:  
  

*   heller, hochwertiger Plattenboden in der ganzen Wohnung
*   Moderne offene Küche mit Induktionsherd und Geschirrspüler
*   Badezimmer mit Dusche
*   Terrasse
*   Eigener Waschturm mit Waschmaschine und Tumbler im Kellerabteil

Einstellplätze können auf Wunsch für CHF 140.- dazu gemietet werden.  
  
In der Liegenschaft sind nur Hauskatzen als Haustiere erlaubt.  
  
Eine Besichtigung lohnt sich auf jeden Fall. Wir freuen uns auf Ihre Kontaktanfrage.  
  
Die Bilder zeigen den Ausbaustandart und können vom Mietobjekt abweichen.","view,garage,dishwasher,washingmachine,tumbler",False,,2027-01-31
flatfox,86394356,,,1590,185,2.5,60,2,2018,Gemeindestrasse 12,8967,Widen,47.367714742105,8.358921771281,https://flatfox.ch/de/wohnung/gemeindestrasse-12-8967-widen/86394356/,APARTMENT,"An der Gemeindestrasse 12 in 8967 Widen vermieten wir eine moderne und gepflegte 2.5-Zimmer-Wohnung in angenehmer Wohnlage.  
  
Die Wohnung überzeugt durch einen modernen und durchdachten Grundriss. Der grosszügige Wohn- und Essbereich bietet ein angenehmes Wohngefühl und direkten Zugang zur schönen Loggia, welche zum Verweilen und Entspannen einlädt.  
  
**Die Wohnung bietet unter anderem:**  

*   Moderne, offene Küche mit Kochinsel
*   Heller Wohn- und Essbereich
*   Pflegeleichter und moderner Plattenboden
*   Schöne Loggia mit zusätzlichem Wohnkomfort
*   Zeitgemässer Ausbaustandard
*   Ruhige und grüne Wohnlage

Die Gemeindestrasse 12 befindet sich in einem ruhigen Wohnquartier in Widen. Einkaufsmöglichkeiten, Restaurants und weitere Angebote des täglichen Bedarfs sind gut erreichbar.  
Dank der guten Verkehrsanbindung sind sowohl Zürich als auch die Westumfahrung bequem erreichbar. Gleichzeitig befinden sich verschiedene Naherholungsgebiete in der Umgebung und bieten zahlreiche Möglichkeiten für Spaziergänge, Sport und Freizeit.  
  
**Haben wir Ihr Interesse geweckt?**  
  
Gerne vereinbaren wir mit Ihnen einen persönlichen Besichtigungstermin und freuen uns auf Ihre Kontaktaufnahme.","view,balconygarden,lift,parquetflooring,washingmachine,tumbler,dishwasher,cable,stonefloor",False,,
flatfox,86394442,,,3600,650,5.0,110,1,1970,wiesliacher 17,8053,Witikon,47.353290842109,8.599931771289,https://flatfox.ch/de/wohnung/wiesliacher-17-8053-witikon/86394442/,APARTMENT,"5 Zimmer Wohnung in Zuerich Witikon - 98 m2 plus Balkon  
  

*   Helle, grosszuegige 5 Zimmer Wohnung im 1. Obergeschoss an der Wiesliacher 17 in Zuerich Witikon. Die Wohnung ist ab sofort verfuegbar und eignet sich ideal fuer Familien, WG oder alle, die gerne etwas mehr Platz haben.

Alles Wichtige ist schnell erreichbar. Die Bushaltestelle Kienastenwies liegt nur rund 4 Gehminuten entfernt. Migros, Schule Looren und Apotheke sind in etwa 10 Minuten zu Fuss erreichbar.  
Ruhig wohnen, viel Gruen geniessen und trotzdem schnell in der Stadt sein.  
Interesse?","view,balconygarden,fireplace,dishwasher,cable,parquetflooring",False,2025,
flatfox,86393059,,1190,1090,100,1.5,,0,,Adlibogenstrasse 20a/b,8155,Niederhasli,47.479854742101,8.495231771289,https://flatfox.ch/de/wohnung/adlibogenstrasse-20ab-8155-niederhasli/86393059/,APARTMENT,"**Ab 01.04 2027 vermieten wir diese modernen 1.5-Zimmerwohnungen an der Adlibogenstrasse 20a + 20b in 8155 Niederhasli.**

Die Wohnungen überzeugen mit einem durchdachten Grundriss, einer modernen Ausstattung und grosszügigen Balkonen. Die attraktive Lage verbindet naturnahes Wohnen mit kurzen Wegen zu Einkaufsmöglichkeiten und öffentlichen Verkehrsmitteln. 

**Die Wohnungen bieten Ihnen unter anderem folgende Vorzüge:**

  * ca. 26.8 m2 Wohnfläche 
  * Balkon von ca. 8.4 m2 
  * heller Wohn-/Schlafbereich mit offener Küche 
  * moderne Küche mit Induktionskochfeld und hochwertigen Electrolux-Geräten 
  * Eichenparkett im Wohnbereich 
  * bodenebene Dusche 
  * eigener Waschturm mit Waschmaschine und Tumbler 
  * Fussbodenheizung mit Einzelraumregulierung 
  * elektrische Lamellenstoren 
  * Glasfaseranschluss 
  * eigenes Kellerabteil   
  




Beigefügt finden Sie den Grundriss des Regelschosses, welcher für das Erdgeschoss bis zum 3. Obergeschoss gilt. 

Zusätzlich besteht die Möglichkeit einen Einstellplatz in der Tiefgarage für monatlich CHF 150.00 anzumieten. 

**   
**

** Haben wir Ihr Interesse geweckt?  **

Gerne stellen wir Ihnen weitere Informationen sowie die entsprechenden Grundrisse zur Verfügung und freuen uns auf Ihre Kontaktaufnahme. 

  


_ Bei den vorhandenen Fotos handelt es sich um Visualisierungen, welche vom ausgeschriebenen Objekt abweichen können.   
_","lift,accessiblewithwheelchair,view,petsallowed,parkingspace,garage,balconygarden",False,,2027-04-01
flatfox,86393061,,2120,1870,250,3.5,,0,,Adlibogenstrasse 20a/b,8155,Niederhasli,47.479854742101,8.495231771289,https://flatfox.ch/de/wohnung/adlibogenstrasse-20ab-8155-niederhasli/86393061/,APARTMENT,"** Ab 01.04.2027 vermieten wir moderne 3.5-Zimmerwohnungen an der Adlibogenstrasse 20a + 20b in 8155 Niederhasli - wahlweise als klassische Etagenwohnung oder als besondere Maisonettewohnung auf zwei Wohnebenen.  **

Die Wohnungen überzeugen mit durchdachten Grundrissen, grosszügigen Wohnbereichen und einer modernen Ausstattung. Je nach Wohnungstyp erwarten Sie ein komfortables Wohnen auf einer Ebene mit Balkon oder ein besonderes Wohnkonzept über zwei Ebenen. 

** Die Wohnungen bieten Ihnen unter anderem folgende Vorzüge:  **

  * moderne 3.5-Zimmerwohnungen mit unterschiedlichen Grundrissen 
  * klassische Etagenwohnungen mit ca. 71.7 m2 Wohnfläche 
  * Balkon von rund 9 m2 bei den klassischen Etagenwohnungen 
  * ausgewählte Maisonettewohnungen auf zwei Wohnebenen 
  * grosszügiger bzw. offener Wohn-/Essbereich mit moderner Küche 
  * zwei separate Zimmer 
  * hochwertiges Küchendesign mit Electrolux-Geräten 
  * Induktionskochfeld und Kombi-Steamer 
  * Eichenparkett in den Wohn- und Schlafbereichen 
  * moderner Badezimmerausbau mit bodenebener Dusche 
  * eigener Waschturm 
  * Fussbodenheizung mit Einzelraumregulierung 
  * eigenes Kellerabteil   
  




Beigefügt finden Sie die Grundrisse des Regelschosses, welcher für das Erdgeschoss bis zum 3. Obergeschoss respektive 4. Obergeschoss gilt. 

** **

Zusätzlich besteht die Möglichkeit einen Einstellplatz in der Tiefgarage für monatlich CHF 150.00 anzumieten. 

  


** Haben wir Ihr Interesse geweckt?  **

Gerne stellen wir Ihnen weitere Informationen sowie die entsprechenden Grundrisse zur Verfügung und freuen uns auf Ihre Kontaktaufnahme. 

  


_ Bei den vorhandenen Fotos handelt es sich um Visualisierungen, welche vom ausgeschriebenen Objekt abweichen können.  _","lift,accessiblewithwheelchair,view,petsallowed,parkingspace,garage,balconygarden",False,,2027-04-01
flatfox,86393063,,1720,1540,180,2.5,,0,,Adlibogenstrasse 20a/b,8155,Niederhasli,47.479854742101,8.495231771289,https://flatfox.ch/de/wohnung/adlibogenstrasse-20ab-8155-niederhasli/86393063/,APARTMENT,"** Ab 01.04.2027 vermieten wir moderne 2.5-Zimmerwohnungen an der Adlibogenstrasse 20a + 20b in 8155 Niederhasli - wahlweise als klassische Etagenwohnung oder als besondere Maisonettewohnung auf zwei Wohnebenen.   
**

Die Wohnungen überzeugen mit durchdachten Grundrissen, moderner Ausstattung und einem hohen Wohnkomfort. Je nach Wohnungstyp erwarten Sie grosszügige Wohn- und Essbereiche mit Balkon oder ein besonderes Wohnkonzept über zwei Ebenen. 

** Die Wohnungen bieten Ihnen unter anderem folgende Vorzüge:  **

  * moderne 2.5-Zimmerwohnungen mit unterschiedlichen Grundrissen 
  * klassische Etagenwohnungen mit ca. 56.5 - 56.9 m2 Wohnfläche 
  * Balkon von ca. 8.5 m2 bei den klassischen Etagenwohnungen 
  * ausgewählte Maisonettewohnungen auf zwei Wohnebenen 
  * grosszügiger bzw. offener Wohn-/Essbereich mit moderner Küche 
  * hochwertiges Küchendesign mit Electrolux-Geräten 
  * Induktionskochfeld und Kombi-Steamer 
  * Eichenparkett in den Wohn- und Schlafbereichen 
  * moderner Badezimmerausbau mit bodenebener Dusche 
  * eigener Waschturm mit Waschmaschine und Tumbler 
  * Fussbodenheizung mit Einzelraumregulierung 
  * elektrische Lamellenstoren 
  * eigenes Kellerabteil   
  




Beigefügt finden Sie die Grundrisse des Regelschosses, welcher für das Erdgeschoss bis zum 3. Obergeschoss respektive 4. Obergeschoss gilt. 

  


Zusätzlich besteht die Möglichkeit einen Einstellplatz in der Tiefgarage für monatlich CHF 150.00 anzumieten.   


  


** Haben wir Ihr Interesse geweckt?  **

Gerne stellen wir Ihnen weitere Informationen sowie die entsprechenden Grundrisse zur Verfügung und freuen uns auf Ihre Kontaktaufnahme. 

  


_ Bei den vorhandenen Fotos handelt es sich um Visualisierungen, welche vom ausgeschriebenen Objekt abweichen können.  _","lift,accessiblewithwheelchair,view,petsallowed,parkingspace,garage,balconygarden",False,,2027-04-01
flatfox,86393107,,2690,2460,230,3.5,100,,,Auf Anfrage,8872,Weesen,47.136169742103,9.103111771285,https://flatfox.ch/de/wohnung/auf-anfrage-8872-weesen/86393107/,ROOF_FLAT,"Dieses lichtdurchflutete 3.5-Zimmer-Dachgeschoss in Weesen bietet auf 100 m² viel Raum zum Ankommen. Hohe Decken und eine grosszügige Fläche schaffen ein besonders angenehmes Wohngefühl. Ideal für Paare, kleine Familien oder Menschen im Homeoffice, die Ruhe und Platz schätzen. Waschmaschine und Tumbler sind vorhanden. Die Wohnung liegt ruhig und wird vor Einzug neu gestrichen.   
  
Dieses BETTERHOMES-Angebot zeichnet sich durch folgende Vorteile aus:   
\- grosse Fläche   
  
\- lichtdurchflutet   
  
\- hohe Decken   
  
\- viel Platz   
  
\- Waschmaschine und Tumbler   
  
\- ruhige Lage   
  
\- wird neu gestrichen   
  
\- und, und, und ...   
  
  
Interessiert? Kontaktieren Sie uns für eine unverbindliche Besichtigung!   
  
Nichts Passendes gefunden? Über 2'000 weitere Angebote unter: www.betterhomes.ch - der Immobilienfairmittler®   
  
Selber eine Immobilie zu vermarkten?   
Profitieren Sie von unserem Know-how: https://www.betterhomes.ch/de/profitieren   
  
Sie möchten eine Immobilie schätzen lassen?   
Erfahren Sie jetzt ihren Wert über unsere Gratis-Schätzung, sofort und unverbindlich!   
https://www.betterhomes.ch/de/knowledge/estimation   
  
  
Mehr Details   
Lage: zentral   
Zustand: gut   
  
Bäder / Nasszellen: 2 (1x Badewanne / WC / Dusche / Lavabo, 1x WC / Lavabo)   
Heizsystem: Bodenheizung   
Öffentliche Verkehrsmittel: Bus, 500 m   
Schulen: Primarschule, 350 m   
Geschäfte: diverse Geschäfte / Bar / Restaurant, in unmittelbarer Nähe","balconygarden,lift",False,,
flatfox,86393136,,2650,2400,250,3.5,95,3,,Auf Anfrage,8114,Dänikon ZH,47.443104742102,8.408211771287,https://flatfox.ch/de/wohnung/auf-anfrage-8114-danikon-zh/86393136/,DUPLEX,"Diese mit Liebe renovierte Dachwohnung befindet sich in einem ehemaligen Bauernhaus. Der offene Wohn- und Essbereich mit hochwertigen Electrolux-Geräten bietet direkten Zugang zum Balkon. Zwei Schlafzimmer sowie ein grosszügiges Dachgeschoss bieten vielseitig nutzbaren Raum - ideal als Homeoffice, Gästezimmer oder persönlicher Rückzugsort. Dank der kontrollierten Lüftung herrscht das ganze Jahr über ein angenehmes Raumklima. Das Highlight ist die grosszügige private Dachterrasse mit herrlichem Blick über das Furttal - perfekt für entspannte Stunden im Freien. Die Bushaltestelle liegt nur ca. 20 m entfernt und bietet eine schnelle Verbindung Richtung Zürich oder Baden - naturnah und gleichzeitig bestens vernetzt sein.   
  
Dieses BETTERHOMES-Angebot zeichnet sich durch folgende Vorteile aus:   
\- Balkon sowie private Dachterrasse   
  
\- Glasfaser vorhanden   
  
\- moderne offen Küche mit Kombisteamer   
  
\- Minergie & PV-Anlage   
  
\- aussen Parkplatz für CHF 60.- verfügbar   
  
\- eigene Waschmaschine & Tumbler   
  
\- privater Kellerabteil   
  
\- PV Anlage   
  
\- keine Haustiere erlaubt   
  
\- und, und, und ...   
  
  
Interessiert? Kontaktieren Sie uns für eine unverbindliche Besichtigung!   
  
Nichts Passendes gefunden? Über 2'000 weitere Angebote unter: www.betterhomes.ch - der Immobilienfairmittler®   
  
Selber eine Immobilie zu vermarkten?   
Profitieren Sie von unserem Know-how: https://www.betterhomes.ch/de/profitieren   
  
Sie möchten eine Immobilie schätzen lassen?   
Erfahren Sie jetzt ihren Wert über unsere Gratis-Schätzung, sofort und unverbindlich!   
https://www.betterhomes.ch/de/knowledge/estimation   
  
  
Mehr Details   
Lage: dörflich gelegen   
Zustand: sehr gut   
  
Bäder / Nasszellen: 1 (1x Lvabo / WC / Dusche)   
Öffentliche Verkehrsmittel: Bus, 20 m   
Schulen: Kindergarten & Primarschule, 800 m   
Geschäfte: Einkaufmöglichkeiten, 200 m","balconygarden,lift",False,2024,
flatfox,86393153,,2600,2400,200,4.5,146,3,,Auf Anfrage,8545,Rickenbach Sulz,47.542653942109,8.787561771282,https://flatfox.ch/de/wohnung/auf-anfrage-8545-rickenbach-sulz/86393153/,ATTIC_FLAT,"Diese 4.5-Zimmer-Attikawohnung begeistert mit 146 m² Wohnfläche, lichtdurchfluteten Räumen und herrlichem Weitblick. Das Cheminée im Wohnzimmer schafft eine gemütliche Atmosphäre, während die grosszügige elektrische Sonnenmarkise angenehmen Schatten auf der Terrasse spendet. Die charmante Galerie eignet sich ideal als Büro oder zusätzlicher Stauraum. Ein besonderes Highlight ist das Elternschlafzimmer mit eigener Terrasse. Lift, Minergie-Standard sowie Grill- und Gartensitzplatz zur Mitbenützung runden das attraktive Wohnangebot ab. Ideal für Paare mit Anspruch an Grosszügigkeit, Ruhe und besonderen Wohnkomfort.   
  
Dieses BETTERHOMES-Angebot zeichnet sich durch folgende Vorteile aus:   
\- herrlicher Weitblick   
  
\- Cheminée im Wohnzimmer   
  
\- elektrische Sonnenmarkise, seitlich schliessbar   
  
\- attraktive Galerie - ideal als Büro oder zusätzlicher Stauraum   
  
\- lichtdurchflutete und grosszügige Raumaufteilung   
  
\- Elternschlafzimmer mit eigener Terrasse   
  
\- Lift vorhanden   
  
\- Grill und Gartensitzplatz zur Mitbenützung   
  
\- Minergie-zertifizierte Bauweise   
  
\- und, und, und ...   
  
  
Interessiert? Kontaktieren Sie uns für eine unverbindliche Besichtigung!   
  
Nichts Passendes gefunden? Über 2'000 weitere Angebote unter: www.betterhomes.ch - der Immobilienfairmittler®   
  
Selber eine Immobilie zu vermarkten?   
Profitieren Sie von unserem Know-how: https://www.betterhomes.ch/de/profitieren   
  
Sie möchten eine Immobilie schätzen lassen?   
Erfahren Sie jetzt ihren Wert über unsere Gratis-Schätzung, sofort und unverbindlich!   
https://www.betterhomes.ch/de/knowledge/estimation   
  
  
Mehr Details   
Lage: ruhiges Wohnquartier   
Zustand: sehr gepflegt und renoviert   
  
Bäder / Nasszellen: 2 (1x Dusche / WC / Lavabo, 1x Badewanne / WC / Lavabo)   
Heizsystem: Luft/Wasser Wärmepumpe   
Öffentliche Verkehrsmittel: Bahnhof, 120 m   
Schulen: Primarschule, 650 m   
Geschäfte: Volg, 600 m / Coop, 2.5 Km","balconygarden,parkingspace,lift,accessiblewithwheelchair",False,2026,
flatfox,86393196,,2658,,240,3.5,90,7,,Dialogplatz 10,8400,Winterthur,47.496124742109,8.715421771289,https://flatfox.ch/de/wohnung/dialogplatz-10-8400-winterthur/86393196/,APARTMENT,"Wir vermieten per 04. Januar 2027 oder 16. Januar 2027 diese tolle Wohnung im BIGBOY im 7. OG (von insgesamt 15 Geschossen).  
Das Wohnhochhaus BIGBOY vereint alle Wünsche und bietet Ihnen mehr als nur schönes und gesundes Wohnen. Der BIGBOY überzeugt innen und aussen durch eine gekonnte Architektur und überragt das ganze Quartier.  
Der neue Stadtteil, das erste zertifizierte 2000-Watt-Areal in Winterthur, ist heute ein urbaner nachhaltiger Lebensraum mit zukunftsweisenden Visionen. Gebaut für Menschen, die das Stadtleben schätzen und sich der Zukunftsverantwortung bewusst sind.  
**Die Wohnung liegt im 7. Obergeschoss und bietet folgende Highlights:**  
\- Gut möblierbare Grundrissaufteilung  
\- Lichtdurchfluteter offener Wohn- und Essbereich  
\- Offene Küche mit Küchengeräten der Firma Elektrolux  
\- Zwei Moderne Badezimmer mit bodenebener Dusche und Badewanne inkl. Waschturm  
\- Grosszügige Schlafzimmer mit viel Tageslicht  
\- Gemütliche Loggia à 7.7 m2 mit Weitsicht  
\- Parkettbelag in allen Wohn-, Ess- und Schlafbereichen  
\- Ein eigenes Kellerabteil im Untergeschoss gehört zur Wohnung.  
\- Geteilte Dachterrasse mit Tisch und Bänken im 16. Obergeschoss mit 360 Grad Blick über Winterthur  
Bitte beachten Sie, dass die Bilder Ihnen den Ausbaustandard aufzeigen sollen. Wir machen Sie darauf aufmerksam, dass die Bilder vom Grundriss der Wohnung abweichen können.  
Haben wir Ihr Interesse geweckt und Sie möchten sich diese schöne Wohnung anschauen? Dann zögern Sie nicht und setzen sich mit uns in Verbindung. Wir freuen uns auf Ihre Anfrage via dem Kontaktformular der Plattform.","view,balconygarden,lift,accessiblewithwheelchair,washingmachine,dishwasher,parquetflooring,tumbler,broadbandinternet",False,,2027-01-04
flatfox,86393216,,1950,,,1.0,,,,Winterthurerstrasse 155,8057,Zürich,47.395234742102,8.544751771289,https://flatfox.ch/de/wohnung/winterthurerstrasse-155-8057-zurich/86393216/,APARTMENT,"Guten Tag allerseits,

wir vermieten in sehr zentraler Lage eine gemütlich eingerichtete 1-Zimmer-Wohnung mit folgenden Annehmlichkeiten:

	•	Zentrale Lage mit hervorragenden Anbindungen zur Innenstadt sowie zum Flughafen Zürich

	•	Eigene Küche und Bad mit Badewanne

	•	Möbliert mit allem, was man braucht, um gleich einzuziehen und zu leben

	•	Eigenes Kellerabteil

	•	Gemeinsame Waschküche

	•	Außenparkplatz kann nach Bedarf dazu gemietet werden
    
     •  Kleiner Balkon 

Mindestmietdauer: 1 Jahr
Kaution/Depot: 3 Monatsmieten

Wir freuen uns, Ihnen dieses Bijou persönlich bei einer Besichtigung vorstellen zu können.

Michele Pagliarulo","balconygarden,parkingspace,dishwasher,tumbler,washingmachine,cable,broadbandinternet,petsallowed",True,,2026-11-01
flatfox,86393232,,5500,5500,,5.5,202,0,2015,Schützenwisstrasse 13,8124,Maur,47.338874742101,8.667311771287,https://flatfox.ch/de/wohnung/schutzenwisstrasse-13-8124-maur/86393232/,APARTMENT,"Familienfreundliches Zuhause mit viel Platz, Nähe zum Greifensee und kurzen Wegen nach Zürich 

In Maur, nur wenige Schritte vom Erholungsgebiet rund um den Greifensee entfernt, wartet diese familienfreundliche 5.5-Zimmer-Wohnung zur Miete auf Sie. Das 2015 erstellte Mehrfamilienhaus mit Lift liegt in einer sicheren, ruhigen Wohngegend. Kindergarten und Primarschule erreichen Sie in nur 5 Gehminuten – ideal für den Alltag mit Kindern. 

Mit ca. 202 m² Nettowohnfläche fühlt sich dieses Zuhause wie ein Haus an: Die Räume verteilen sich über zwei Etagen und bieten viel Platz für Familienleben, Rückzug und Homeoffice. Im Wohn-/Essbereich schaffen raumhohe Fensterfronten ein offenes Raumgefühl; grosse Schiebetüren führen direkt auf die gedeckte Terrasse von ca. 35 m² – perfekt für lange Sommerabende, Spielzeit an der frischen Luft oder ein gemütliches Sonntagsfrühstück. Ergänzend steht ein Balkon von ca. 20 m² zur Verfügung. 

Die offene Küche mit Insel ist der kommunikative Mittelpunkt: hochwertige Geräte, grosszügige Arbeitsflächen aus Stein und viel Stauraum machen Kochen und Geniessen zum Vergnügen. Zwei Badezimmer sorgen für entspannte Morgenroutinen. 

Komfort bieten die Bodenheizung und die effiziente Erdsonden-Wärmepumpe. Der Lift bringt Sie bequem von der Tiefgarage bis auf Wohnungsebene. Zur Wohnung gehören zwei Plätze in der Tiefgarage sowie ein besonders grosser Kellerraum von ca. 25 m² – ideal für Velos, Sportgeräte und Vorräte. 

Die Anbindung überzeugt: Mit dem ÖV gelangen Sie direkt nach Stettbach, Zollikon und Zürich (Klusplatz), und auch der Flughafen Zürich ist mit dem ÖV bequem erreichbar. Am Wochenende locken See, Badeplätze und Uferwege direkt vor der Haustür. 

Nettomiete: CHF 5'500 pro Monat. Bezug ab 15.10.2026. 

Möchten Sie in Maur grosszügig und familiengerecht wohnen? Vereinbaren Sie eine Besichtigung – wir freuen uns auf Ihre Kontaktaufnahme.","balconygarden,garage,lift",False,,2026-10-15
flatfox,86393320,,1990,1810,180,1.5,55,3,,Fabrikgasse 4,8810,Horgen,47.258444742108,8.589011771282,https://flatfox.ch/de/wohnung/fabrikgasse-4-8810-horgen/86393320/,LOFT,"Direkt beim Bahnhof Horgen Oberdorf vermieten wir per 01.10.2026 eine moderne 1.5 Zimmerwohnung die folgende Vorzüge bietet:   
  
\- Langriemen Eichenparkett in der ganzen Wohnung   
\- Moderne Küche mit Induktionsherd und Geschirrspüler   
\- Kontrollierbare Wohnungslüftung und Bodenheizung   
\- In 3 Minuten zu Fuss am Bahnhof Horgen Oberdorf   
\- In 20 Minuten mit dem Auto oder Zug in Zürich   
\- Diverse naheliegende Einkaufsmöglichkeiten verfügbar   
  
Hinweis:   
Die abgebildeten Fotos sind Visualisierungen und dienen zur Veranschaulichung. Es handelt sich nicht um die exakten Bilder dieser Wohnung. Änderungen in der Ausführung sind vorbehalten.   
  
Haben wir Ihr Interesse geweckt? Bitte füllen Sie das Kontaktformular auf dieser Webseite aus.",,False,,2026-10-01
flatfox,86392753,,,1240,250,1.5,33,3,1976,Morgenweg 14,8404,Winterthur,47.515494742106,8.754701771287,https://flatfox.ch/de/wohnung/morgenweg-14-8404-winterthur/86392753/,APARTMENT,"Diese 1.5-Zimmer-Wohnung liegt im 3. Obergeschoss der Überbauung ""Geissäcker"" in Oberwinterthur - an einer Sackgasse, ohne Strassenlärm, mit unverbaubarer Aussicht auf Wiese und Wald. Das Naherholungsgebiet beginnt direkt vor dem Haus.  
  
Die Wohnung wurde vollständig saniert und ist in einwandfreiem Zustand. Der Ausbaustandard liegt deutlich über dem, was man in dieser Grösse üblicherweise findet:  

*   Massivholzboden (Eiche) in allen Räumen
*   Forster Stahlküche mit V-Zug-Geräten, Induktionskochfeld, Geschirrspüler und Natursteinabdeckung
*   Eigener Waschturm von V-Zug in der Wohnung (Waschmaschine und Tumbler)
*   Bad mit ebenerdiger Regendusche, Feinsteinzeug, Natursteinwaschtisch und Chromstahl-Armaturen
*   Einbauschränke im Entree
*   Grosser, gedeckter Balkon mit Storen
*   Lift bis ins Geschoss, eigenes Kellerabteil, Veloabstellplätze

**Wellnessbereich zur Mitbenützung**  
Im Untergeschoss steht den Bewohnern eine Wellnessoase mit eigenem Hallenbad, Sauna, Fitnessraum und Aufenthaltsraum mit Küche zur Verfügung - jederzeit nutzbar und «inhouse» mit dem Lift erreichbar.  
  
**Lage und Verkehr**  
Bushaltestelle in 250 m mit Anschluss ans Stadtnetz, Einkaufsmöglichkeiten in Oberwinterthur in 750 m. Der Bahnhof Winterthur ist in rund 15 Minuten, der Bahnhof Oberwinterthur in 3 Minuten erreichbar. Autobahnanschluss A1 in rund 3 Minuten.  
  
Verfügbar ab 1. Januar 2027 oder nach Absprache.","view,balconygarden,lift,dishwasher,cable,washingmachine,parquetflooring,tumbler",False,2013,2027-01-01
flatfox,86392788,,2440,,250,2.5,67,2,2026,,8598,Bottighofen,47.635615842108,9.209581771289,https://flatfox.ch/de/wohnung/8598-bottighofen/86392788/,APARTMENT,"Mietpreis kalt: CHF 2’190 (NK CHF 250)  
Mietpreis: CHF 2’440 / Monat, inkl. Nebenkosten, Strom und Tiefgaragenstellplatz  
Zusätzlich: Aufzug, Indoor-/Outdoor-Velo Raum  
  
———  
  
  
Wohnen auf Zeit am Bodensee: Die im Juli 2026 fertiggestellte 2.5-Zimmer-Neubauwohnung in Bottighofen bei Kreuzlingen bietet auf 66.5 m² ein modernes, helles Zuhause mit hochwertiger Ausstattung – ideal für eine Einzelperson oder ein Paar, das für 6–12 Monate eine Wohnung im Raum Kreuzlingen, Konstanz und Bodensee sucht.  
  
Die Lage verbindet See, Natur und Stadtnähe: Der Bodensee ist in nur ca. 8 Gehminuten erreichbar, die Konstanzer Innenstadt in rund 15 Minuten mit dem Fahrrad. Kreuzlingen sowie die umliegenden Bodenseegemeinden Ermatingen, Bernrain, Salenstein, Münsterlingeb, Altnau, etc. sind ebenfalls schnell erreichbar.  
  
Ein weiterer Pluspunkt ist der attraktive Steuerstandort: Bottighofen zählt zu den steuergünstigen Gemeinden der Region – je nach persönlicher Steuersituation kann die Steuerbelastung bis zu ca. 17% niedriger als beispielsweise in Kreuzlingen ausfallen.  
  
Die Wohnung verfügt über einen großzügigen, offenen Wohn- und Essbereich sowie eine ca. 13 m² große verglaste Loggia, die den Wohnraum wunderbar erweitert. Elektrische Storen und Rollläden sowie eine kontrollierte Wohnraumlüftung runden die hochwertige Ausstattung ab. Die Wohnfläche beträgt 66.5 m².  
  
Die moderne Küche ist hochwertig ausgestattet mit BORA-Induktionskochfeld inkl. integriertem Abzug, Geschirrspüler, Steamer, Backofen sowie Kühl- und Gefrierschrank.  
  
Das grosszügige Badezimmer verfügt über Doppelwaschbecken, Badewanne, separate Dusche, Waschmaschine und Trockner. Zusätzlich steht ein separates Gäste-WC zur Verfügung.  
  
Die Wohnung kann nach Wunsch und Vereinbarung unmöbliert oder teilmöbliert gemietet werden. Bei Teilmöblierung bleiben Bett, Garderobe sowie Highboards mit zusätzlichem Stauraum im Schlafzimmer vorhanden. Der großzügige Wohn- und Essbereich wird unmöbliert übergeben und kann individuell eingerichtet werden.  
  
Mietdauer: flexibel, ca. 6–12 Monate nach Vereinbarung  
Mietpreis: CHF 2’440 / Monat all-inclusive  
inkl. Nebenkosten, Strom und Tiefgaragenstellplatz  
  
Zusätzlich stehen Aufzug sowie Indoor- und Outdoor-Fahrradabstellmöglichkeiten zur Verfügung, sehr Velo freundlich.  
  
Ideal für Berufstätige, Expats, Grenzgänger oder Projektmitarbeitende, die eine hochwertige, befristete Wohnung bzw. Zwischenmiete in Bottighofen bei Kreuzlingen und Konstanz suchen und die Kombination aus Bodenseenähe, modernem Wohnkomfort und attraktivem Steuerstandort schätzen.","balconygarden,garage,parkingspace,lift,parquetflooring,dishwasher,tumbler,washingmachine",True,,
flatfox,86392817,,4350,3900,450,4.5,108,0,,,8702,Zollikon,47.341205842107,8.584441771288,https://flatfox.ch/de/wohnung/8702-zollikon/86392817/,APARTMENT,"Traumhaftes Wohnen in Zollikon: Frisch renovierte 4.5-Zimmer-Wohnung mit grossem Gartensitzplatz 

In einem der begehrtesten Wohnquartiere der steuergünstigen Goldküsten-Gemeinde 8702 Zollikon präsentiert sich diese charmante 4.5-Zimmer-Wohnung als echtes Schmuckstück für Familien, Paare oder anspruchsvolle Geniesser. Die Immobilie vereint zeitgemässen Wohnkomfort, grüne Erholungsräume und eine herausragende Infrastruktur. Dank der umfassenden, frischen Renovierung präsentiert sich die Wohnung in einem makellosen Zustand und ist ohne jeglichen Renovationsbedarf sofort bezugsbereit. 

**Sonniges Outdoor-Highlight und familienfreundliche Umgebung**   
Ein aussergewöhnlicher Vorzug dieser Erdgeschosswohnung ist der grosszügig bemessene Gartensitzplatz. Dieser erweist sich als grüne Wohlfühloase im Alltag: Ob für das gemeinsame Frühstück an der frischen Luft, entspannte Sonnenstunden, gesellige Abende mit Freunden oder als geschützter Spielbereich für Kinder, hier geniessen Sie wertvolle Privatsphäre. Die Nachbarschaft ist ausgesprochen ruhig und familienfreundlich geprägt. Gleichzeitig profitieren Sie von einer zentralen Lage, von der aus Schulen, Kindergärten, Einkaufsmöglichkeiten und Anbindungen an den öffentlichen Verkehr bequem und schnell erreichbar sind. 

**Durchdachtes Raumkonzept mit moderner Ausstattung  
** Das Innere der Wohnung überzeugt durch grosse Räume, hochwertige Materialien und eine angenehme Wohnatmosphäre. Die 4.5 gut geschnittenen Zimmer bieten flexible Nutzungsmöglichkeiten für Schlafbereich, Kinderzimmer, Ankleide oder ein ruhiges Homeoffice. Ein besonderer Luxus im Sanitärbereich ist der eigene Waschturm mit Waschmaschine und Wäschetrockner, der direkt im modernen Badezimmer integriert ist. Dies garantiert Ihnen maximale zeitliche Unabhängigkeit und kurze Wege bei der Haushaltspflege, völlig losgelöst von gemeinsamen Waschplänen im Haus. 

**Perfekte Nebenräume und zukunftssichere Parkierung  
** Das Angebot wird durch durchdachte Nebenräume und erstklassige Parkmöglichkeiten ideal abgerundet: 

Stauraum: zwei eigene (davon eines trocken) Kellerabteile im Untergeschoss bietet reichlich Platz für Koffer, Sportgeräte und den persönlichen Fundus. Auch für die Gartengeräte gibt es genügend Stauraum im Garten. 

Parkieren: Für Ihr Fahrzeug kann optional ein komfortabler Garagenparkplatz dazugemietet werden 

E-Mobility: Der Parkplatz bietet die optimale Voraussetzung für die unkomplizierte Installation einer eigenen E-Mobility-Ladestation, sodass Sie auch in puncto Elektromobilität bestens für die Zukunft gerüstet sind. 

**Highlights:**

  * grosser Gartensitzplatz 
  * familienfreundlich 
  * ruhige und doch zentrale Lage 
  * eigener Waschturm im Badezimmer 
  * 2 private Kellerabteile (einer davon trocken) 
  * Stauraum auf Sitzplatz für Gartenutensilien 
  * frisch renoviert 
  * optionaler Garagenparkplatz (E-Mobility Installation möglich) 



Überzeugen Sie sich selbst von dieser tollen Gartenwohnung und vereinbaren Sie noch heute einen Besichtigungstermin!","lift,parkingspace,washingmachine,garage",False,2026,
flatfox,86392818,,3430,,,4.5,93,1,,Engstringerstrasse 52,8952,Schlieren,47.407884742106,8.447861771284,https://flatfox.ch/de/wohnung/engstringerstrasse-52-8952-schlieren/86392818/,APARTMENT,"Moderne 4.5-Zimmer-Neubauwohnung mit grossem Balkon

Per nach Vereinbarung (im Januar, Februar oder März) vermieten wir diese moderne 4.5-Zimmer-Neubauwohnung.

Wohnungsdetails

Wohnen & Kochen: Offener, hell gestalteter Wohnbereich mit integrierter Küche und Kochinsel. Die Küche ist mit einem grossen Kühlschrank und Tiefkühler mit viel Stauraum ausgestattet.

Balkon: Grosser, 44 m² grosser Balkon. Ein weiteres Zimmer hat ebenfalls einen direkten Balkonzugang.

Ausstattung: Durchgehender Holzboden sowie elektrische Storen und Sonnenstoren.

Zimmer & Stauraum: Drei helle Zimmer, ein praktischer Einbauschrank im Eingangsbereich sowie ein grosser Kellerraum.

Badezimmer & Waschen

Zwei Nasszellen: Ein Badezimmer mit Regendusche und ein Badezimmer mit Badewanne.

Waschen: Waschmaschine und Tumbler befinden sich direkt in der Wohnung.

Lage und Umgebung

ÖV-Anbindung: Die Bushaltestelle Unterengstringen, Langwisen ist in wenigen Gehminuten erreichbar.

Naherholung: Die Limmat lädt im Sommer zum Schwimmen ein und ist ebenfalls nur wenige Gehminuten entfernt.

Parkieren

Bei Bedarf können ein Tiefgaragenplatz oder ein Aussenparkplatz dazugemietet werden.

Haben wir Ihr Interesse geweckt? Wir freuen uns auf Ihre Kontaktaufnahme für einen Besichtigungstermin.","balconygarden,parkingspace,garage,lift,accessiblewithwheelchair,dishwasher,tumbler,washingmachine,cable,broadbandinternet,parquetflooring,petsallowed",False,,
flatfox,86392824,,3580,3580,,3.5,188,2,2014,,8956,Killwangen,47.428184742107,8.343081771282,https://flatfox.ch/de/wohnung/8956-killwangen/86392824/,ATTIC_FLAT,"Lichtdurchflutetes Wohnen mit grosser Terrasse und traumhafter Fernsicht 

An herrlich ruhiger Lage in 8956 Killwangen erwartet Sie diese exklusive 3.5-Zimmer-Wohnung, die höchsten Wohnkomfort im Eigentumsstandard bietet. Dank der durchdachten Architektur begeistert die Immobilie von der ersten Sekunde an mit besonders hohen und hellen Räumen, die ein unvergleichlich luftiges und grosszügiges Wohngefühl vermitteln. 

Das Herzstück der Wohnung bildet der offene, lichtdurchflutete Wohn- und Essbereich. Hier sorgt ein stilvolles Cheminée an kühleren Tagen für eine behagliche Wohlfühlatmosphäre. Die direkt angrenzende, offene und sehr grosszügige Küche lässt keine Wünsche offen: Ausgestattet mit modernsten Geräten wird das Zubereiten von kulinarischen Köstlichkeiten hier zum reinen Vergnügen. Ein weiteres absolutes Highlight ist die direkt zugängliche, grossflächige Terrasse mit optimaler Süd-/Ost-Ausrichtung. Geniessen Sie hier bereits beim morgendlichen Kaffee die ersten Sonnenstrahlen und den unverbaubaren, weiten Blick in die Ferne - eine private Oase der Entspannung. 

Der sehr grosszügig gestaltete Eingangsbereich bietet weit mehr als nur Platz für eine Garderobe. Durch die aussergewöhnliche Grundfläche lässt sich dieser Bereich optimal für ein kleines Dienstleistungsgewerbe (z. B. Nagelstudio, Kosmetik oder Fusspflege) oder Home-Office nutzen. 

Auch in puncto Funktionalität überzeugt das Objekt auf ganzer Linie: Massgeschneiderte, zahlreiche Einbauschränke im Eingangsbereich und in den Zimmern bieten aussergewöhnlich viel Stauraum und sorgen für eine stets aufgeräumte Ästhetik. Ein separates, praktisches Reduit ist direkt mit einem eigenen Waschturm (Waschmaschine und Tumbler) ausgestattet und bietet maximalen Komfort im Alltag. 

Das Angebot wird durch einen optionalen Garagenparkplatz abgerundet, der bereits zukunftssicher mit einem modernen E-Mobility-Anschluss für Ihr Elektrofahrzeug vorbereitet ist. Mit dem Lift hat man direkten Zugang zur Wohnung. Auch Ihre geliebten Vierbeiner müssen nicht verzichten: Haustiere sind in dieser Liegenschaft auf Absprache herzlich willkommen. 

Ob für Paare, Singles mit hohem Platzbedarf oder anspruchsvolle Geniesser - diese Wohnung vereint modernes Design, erstklassige Ausstattung und eine ruhige, aber dennoch bestens angebundene Lage zu einem perfekten neuen Zuhause. 

**Highlights:**

  * Ruhige Top-Lage in Killwangen 
  * Bahnhof nur 650m entfernt (ca. 10 Gehminuten) 
  * Hochwertiger Ausbau im Eigentumsstandard 
  * Grosse Terrasse mit traumhafter Fernsicht (Süd-/Ost-Ausrichtung) 
  * Hohe, lichtdurchflutete Räume für ein exzellentes Raumgefühl 
  * grosser, offener Bereich, welcher z.B. als Büro genutzt werden kann 
  * Direkter Lift von der Garage in die Wohnung; komplett rollstuhlgängig 
  * Grosszügiges Entrée: ideal geeignet für kleines Nagelstudio, Home-Office o.ä. 
  * Gemütliches Cheminée im Wohnbereich 
  * Moderne, offene und grosszügige Küche mit erstklassigen Geräten 
  * Viel cleverer Stauraum durch zahlreiche Einbauschränke 
  * Praktisches Reduit mit eigenem Waschturm 
  * Optionaler Garagenplatz mit E-Mobility-Infrastruktur 
  * Dusch-WC's in beiden Nasszellen 
  * Haustierhaltung nach Absprache erlaubt 



**Hinweis** : befristeter 4-Jahres-Vertrag (Möglichkeit auf Verlängerung) 

Kontaktieren Sie uns für weitere Informationen oder einen Besichtigungstermin. Wir freuen uns darauf, Ihnen diese exklusive Wohnung persönlich vorzustellen.","lift,fireplace,accessiblewithwheelchair,petsallowed,washingmachine,garage,balconygarden",False,,
flatfox,86392827,,2750,2500,250,3.5,95,,,,8032,Zürich,47.367119742107,8.567871771283,https://flatfox.ch/de/wohnung/8032-zurich/86392827/,APARTMENT,"Wir möchten unsere gemütliche und helle (am Morgen Sonne in der Küche, ab Nachmittag im Wohn- und Schlafzimmer) 3.5-Raumwohnung gegen eine grössere Wohnung tauschen. Die Wohnung befindet sich Nähe Haltestelle Wetlistrasse Tramanschluss (4) und Einkaufsmöglichkeiten quasi vor dem Haus. Wunderschöne und grosse Dachterrasse mit Blick auf den Uetliberg zur Mitbenutzung.   
Die Küche ist grosszügig und hat einen Gasherd.   
Die Grösse ist geschätzt da nicht im Mietvertrag vermerkt.",balconygarden,False,,
flatfox,86392830,,2990,2750,240,2.5,104,3,,,8955,Oetwil an der Limmat,47.429054742109,8.398051771281,https://flatfox.ch/de/wohnung/8955-oetwil-an-der-limmat/86392830/,APARTMENT,"Exklusives Penthouse mit zwei Loggien - Leben zwischen Natur und Stadt 

Mitten im idyllischen Limmattal und eingebettet in den historischen Dorfkern von Oetwil an der Limmat erwartet Sie ein einzigartiges Penthouse. Das sorgfältig renovierte Altbaugebäude verbindet den Charme vergangener Zeiten mit modernem Komfort und schafft ein besonderes Wohngefühl. Die Wohnung besticht durch helles, offenes Wohnen, eine durchdachte Raumaufteilung und hochwertige Materialien - perfekt für Paare oder Singles, die Wert auf ein stilvolles Zuhause legen. 

**Penthouse-Flair mit Privatsphäre**

Zwei Loggien erweitern den Wohnbereich nach draussen und bieten sowohl Sonnenstunden als auch Blick ins Grüne. Die flexibel nutzbare Raumstruktur erlaubt die Gestaltung als 2½- oder 3½-Zimmer-Wohnung, individuell an Ihre Bedürfnisse angepasst. 

**Hochwertiges Wohnen mit Stil**

Die Wohnung überzeugt durch hohe Decken, Lehmgussböden und Eichenholztreppen, die eine warme, elegante Atmosphäre schaffen. Die offene Küche mit Metallfronten, Lärchenholz und V-ZUG-Geräten verbindet zeitgemässes Design mit Funktionalität.   
Das Schlafzimmer ist mit Cocoa-Linoleum und hochwertigen Eichenholzsockeln ausgestattet - gemütlich und stilvoll. Die moderne Nasszelle mit begehbarer Dusche rundet das gehobene Wohnkonzept ab. 

**Gemeinschaft & Aussenbereiche **

Das Grundstück von über 1'500 m² bietet eine grüne Oase mitten im Dorf. Obstbäume, Pergola, Grillstelle und ein parkähnlicher Garten laden zum Entspannen, Geniessen oder für gesellige Stunden ein.   
Ein Gemeinschaftsraum mit Werkzeugen, Gartengeräten, Leiter und Reinigungsutensilien steht allen Bewohner:innen zur Verfügung. Zusätzlich erleichtert ein Share-Schrank den Alltag.   
Für nachhaltige Mobilität sorgen ein E-Bike und ein E-Auto mit Ladestation, betrieben durch Solarstrom vom Hausdach. 

**Lage & Infrastruktur **

Oetwil an der Limmat bietet eine perfekte Kombination aus Ruhe, Natur und Nähe zur Stadt. Bushaltestellen befinden sich direkt vor der Haustür, der Bahnhof Dietikon mit direktem S-Bahn-Anschluss ist in ca. 12 Minuten erreichbar.   
Einkaufsmöglichkeiten sind nur wenige Gehminuten entfernt: Volg und Hofladen Schmittenhof mit regionalen Produkten. Der Dorfplatz mit Pizzeria ?Zum Freihof? lädt zum Verweilen ein.   
Die Umgebung bietet zahlreiche Freizeitmöglichkeiten - Spaziergänge durchs Limmattal, Wanderungen im Wald oder auf gut ausgebauten Wegen beginnen direkt vor der Haustüre. 

**Highlights**

? 2½-Zimmer (Möglichkeit für 3½-Zimmer) -Penthouse im modernisierten Altbau   
? Zwei Loggien mit Ausblick ins Grüne   
? Hohe Decken, Lehmgussböden und Eichenholztreppen   
? Offene Küche mit Metallfronten, Lärchenholz und V-ZUG-Geräten   
? Schlafzimmer mit Cocoa-Linoleum und Eichenholzsockeln   
? Kühlsystem für im Sommer (ca. 2-3 Grad), sehr gut isoliertes Dach   
? Reduit mit Waschmaschine   
? Über 1'500 m² gemeinschaftlicher Garten mit Obstbäumen, Pergola und Grillstelle   
? Gemeinschaftsraum und Share-Schrank für praktische Nutzung   
? E-Bike und E-Auto mit Solarstrom vom Hausdach   
? Ruhige Lage im historischen Dorfkern mit Nähe zu ÖV, Einkaufsmöglichkeiten und Natur 

Hinweis: kein Lift 

Licht, Raum und Aussicht in perfekter Harmonie - dieses Penthouse steht für exklusives Wohnen mit Weitblick. Sichern Sie sich jetzt Ihren Besichtigungstermin und erleben Sie dieses aussergewöhnliche Zuhause.","petsallowed,parkingspace,washingmachine,garage,balconygarden",False,2025,
flatfox,86392832,,2199,,150,2.5,65,1,2022,Sandstrasse 1,8180,Bülach,47.526106942109,8.534361771283,https://flatfox.ch/de/wohnung/sandstrasse-1-8180-bulach/86392832/,APARTMENT,"**Available from 1 November 2026**  
Welcome to a home that combines modern living, everyday convenience and an exceptional location.  
  
This attractive 2.5-room apartment is situated in the highly sought-after Glasi Quartier, one of the most modern and vibrant residential developments in the Zurich region. Living here means enjoying the convenience of being directly next to Bülach railway station while having supermarkets, cafés, restaurants, childcare facilities, schools and everyday services right on your doorstep.  
Whether you are a professional commuting to Zurich, a couple looking for a comfortable home, or a small family seeking a well-connected neighbourhood, this apartment offers the perfect balance of urban convenience and quality of life.  
  
Highlights  
✓ Prime location directly next to Bülach railway station with excellent connections to Zurich, Winterthur and Zurich Airport  
✓ Situated in the modern Glasi Quartier with supermarkets, cafés, restaurants, services and leisure facilities just steps away  
✓ Family-friendly environment with childcare facilities, kindergarten and schools within walking distance  
✓ Bright and spacious living and dining area  
✓ Modern kitchen with ample storage space  
✓ Comfortable bedroom with generous proportions  
✓ Private balcony for relaxing outdoor moments  
✓ Elevator access  
✓ High-quality construction and contemporary architecture  
✓ An ideal combination of urban living, convenience and comfort  
  
Location  
Bülach is one of the most desirable residential towns in the greater Zurich area, offering excellent infrastructure and a high quality of life.  
The apartment's location directly next to the railway station makes commuting exceptionally easy:  
• Zurich Airport: approximately 18 minutes  
• Zurich Main Station (HB): approximately 20 minutes  
• Winterthur: approximately 15 minutes  
  
Glasi Quartier was designed as a modern neighborhood where daily life is effortless. Shops, restaurants, cafés, services and recreational areas are all within walking distance, creating a vibrant community atmosphere while maintaining a comfortable residential feel.  
  
The Apartment  
The apartment offers approximately 65 m² of thoughtfully designed living space, combining modern architecture with a bright and welcoming atmosphere. Large windows provide plenty of natural light, while the practical layout makes the home ideal for both everyday living and working from home.  
  
**Moderne 2.5-Zimmer-Wohnung im Glasi Quartier Bülach – Ihr neues Zuhause vor den Toren Zürichs**  
  
**Verfügbar ab 1. November 2026**  
Willkommen in einer Wohnung, die modernes Wohnen, höchste Alltagstauglichkeit und eine erstklassige Lage vereint.  
  
Diese attraktive 2.5-Zimmer-Wohnung befindet sich im beliebten Glasi Quartier – einem der modernsten und lebendigsten Wohnquartiere der Region Zürich. Hier wohnen Sie direkt am Bahnhof Bülach und profitieren gleichzeitig von einer hervorragenden Infrastruktur mit Einkaufsmöglichkeiten, Cafés, Restaurants, Kita, Kindergarten und Schulen praktisch vor der Haustür.  
Ob Berufstätige, Paare oder kleine Familien – diese Wohnung bietet die ideale Kombination aus urbanem Komfort, kurzen Wegen und hoher Lebensqualität.  
  
Highlights  
✓ Direkt am Bahnhof Bülach mit schnellen Verbindungen nach Zürich, Winterthur und zum Flughafen Zürich  
✓ Wohnen im modernen Glasi Quartier mit Supermarkt, Cafés, Restaurants, Dienstleistungen und Freizeitangeboten direkt vor Ort  
✓ Kita, Kindergarten und Schulen bequem zu Fuss erreichbar  
✓ Heller und grosszügiger Wohn- und Essbereich  
✓ Moderne Küche mit viel Stauraum  
✓ Komfortables Schlafzimmer  
✓ Balkon zum Entspannen  
✓ Lift im Gebäude  
✓ Hochwertige Bauweise und moderne Architektur  
✓ Perfekte Kombination aus urbanem Leben und hoher Wohnqualität  
  
Lage  
Bülach gehört zu den gefragtesten Wohnorten im Zürcher Unterland. Die unmittelbare Nähe zum Bahnhof macht Pendeln besonders einfach:  
• Zürich Flughafen: ca. 18 Minuten  
• Zürich Hauptbahnhof: ca. 20 Minuten  
• Winterthur: ca. 15 Minuten  
  
Die Wohnung befindet sich in einem Quartier, das bewusst für kurze Wege und eine hohe Lebensqualität entwickelt wurde. Alles für den täglichen Bedarf ist bequem zu Fuss erreichbar.","accessiblewithwheelchair,lift,minergie,dishwasher,tumbler,parquetflooring,washingmachine,broadbandinternet,ramp",False,,2026-11-01
flatfox,86392833,,2350,,,2.5,48,4,,,8037,Zürich,47.395194742103,8.521631771285,https://flatfox.ch/de/wohnung/8037-zurich/86392833/,APARTMENT,"Ich vermiete meine Wohnung an Top-Lage möbeliert unter. Für 12 Monate oder nach Absprache, danach kann der Vertrag übernommen werden (falls die Verwaltung zustimmt). Die Küche ist vollständig ausgestattet (Teller, besteck, Gläser, Pfannen etc.). Sofa, TV (mit PS4), Tisch, Stühle und Bett.  
  
Die Wohnung ist hell und offen geschnitten, mit Dachschrägen und Gauben-Fenstern. Von mehreren Fenstern aus siehst du über die Dächer, auf den Fluss, den Üetliberg und bei gutem Wetter bis zu den Alpen.  
  
Leider hat die Wohnung keinen Balkon, dafür ist man direkt an der Limmat und am GZ Wipkingen.  
  
Das Schlafzimmer ist ruhig, gegen die Limmat gelegen und gross genug für Bett plus Arbeitsplatz. Das Bad ist modern und hell, mit Badewanne/Dusche, Spiegelschrank und Handtuchradiator.  
  
Die Küche ist modern ausgestattet, mit Glaskeramikherd, grossen Kühlschrank inkl. Tiefkühler mit 3 Schubladen und einem grossen Geschirrspüler.  
  
Falls gewünscht kann auch ein Tiefgaragenplatz dazugemietet werden. Ca. 100m entfernt für 180.- CHF  
  
Nach Absprache können auch eigene Möbel mitgebracht werden.  
  
Internet ist inklusive","view,garage,dishwasher,cable,parquetflooring,broadbandinternet",True,2017,
flatfox,86392845,,1350,,,2.0,65,,,Hauptstr.,8552,Felben-Wellhausen,47.578097042106,8.939971771289,https://flatfox.ch/de/wohnung/hauptstr-8552-felben-wellhausen/86392845/,APARTMENT,"Neu renovierte 2 Zimmerwohnung   
-eigene WM/Tumbler, Dusche/WC, Glasfaserkabelverbindung, überdachter Balkon, 5 Gehminuten bis Bahnhof u.Einkaufsmöglichkeiten, Postautohaltestelle direkt vor Haus.",,False,,
flatfox,86392850,,2000,,,4.5,134,,,Bahnhofstrasse 21,8890,Flums,47.093444742105,9.345611771281,https://flatfox.ch/de/wohnung/bahnhofstrasse-21-8890-flums/86392850/,APARTMENT,"zentrale Lage, Nähe Schule und Einkauf, ruhige sonnige Lage, 2 Bäder, Kellerraum, NK + 250.-, TG 130.- (optional 2. TG Platz) nach Vereinbarung kurzfristig frei.",,False,,
flatfox,86392898,,2817,,,4.5,105,1,2012,,8172,Niederglatt ZH,47.493154742104,8.499321771283,https://flatfox.ch/de/wohnung/8172-niederglatt-zh/86392898/,APARTMENT,"Suchen Sie ein lichtdurchflutetes Zuhause mit durchdachtem Grundriss, stilvoller Ausstattung und hohem Komfort? Diese attraktive **4.5-Zimmer-Wohnung im 1. Obergeschoss** (West-Ausrichtung) überzeugt durch grosszügige Räume, moderne Technik und eine erstklassige Aufteilung und ist per Ende Oktober 2026 verfügbar.  
  
Das Herzstück bildet der ca. 34.3 m² grosse, offene Wohn- und Essbereich mit direktem Zugang zur riesigen, sonnigen Terrasse. Ob gemütliche Abende oder Entspannung im Freien – hier geniessen Sie höchste Lebensqualität.  
  
**Highlights der Wohnung**  
  

*   **Grosszügiger Wohn-/Essbereich**: Ca. 34.3 m² lichtdurchfluteter Raum für individuelles Einrichten.
*   **Moderne Küche**: Ca. 8.1 m² gross, offen gestaltet und perfekt in den Wohnbereich integriert.
*   **Riesige Terrasse**: Ca. 21.0 m² Aussenfläche für entspannte Stunden im Freien.
*   **Hochwertige Ausstattung**: Edler Parkettboden in allen Wohn- und Schlafräumen sorgt für ein warmes, wohnliches Ambiente.
*   **Drei helle Schlafzimmer**:
*   Zimmer 1: ca. 18.6 m²
*   Zimmer 2: ca. 12.5 m²
*   Zimmer 3: ca. 14.5 m²
*   **Zwei moderne Nasszellen**:
*   **Bad/WC** (ca. 4.9 m²) mit Badewanne und **eigenem Waschturm** (Waschmaschine & Wäschetrockner).
*   **Du/WC** (ca. 4.5 m²) mit Dusche, WC und Doppelwaschbecken.
*   **Barrierefreier Zugang**: Ein Lift führt Sie bequem direkt vor die Wohnungstür.

**Eckdaten & Mietpreis**  
  

*   **Adresse / Lage**: Niederglatt (1. Obergeschoss, Ausrichtung West)
*   **Zimmer**: 4.5
*   **Nettowohnfläche**: ca. 104.3 m² (zzgl. 21 m² Terrasse)
*   **Verfügbarkeit**: 01.11.2026 (früherer Einzug nach Vereinbarung möglich)
*   **Mietpreis**: **CHF 2'817.00 / Monat** (inkl. Nebenkosten & Parkplatz)

Besichtigungstermine können gerne via Kontaktformular vereinbart werden.","parkingspace,accessiblewithwheelchair,balconygarden,garage,lift,dishwasher,cable,parquetflooring,tumbler,washingmachine",False,,
flatfox,86392900,,857,,57,1.0,30,0,,,8304,Wallisellen,47.416654742103,8.598201771287,https://flatfox.ch/de/wohnung/8304-wallisellen/86392900/,APARTMENT,"Ich suche eine/n Nachmieter/in für mein schönes und gemütliches 30 m² Flat in Zürich.

Die Wohnung eignet sich ideal für eine Einzelperson und bietet eine praktische Raumaufteilung sowie alles, was man für ein komfortables Leben in Zürich benötigt.

Mietkonditionen:

* Wohnfläche: ca. 30 m²
* Nettomiete: CHF 800.– pro Monat
* Nebenkosten: CHF 57.– pro Monat
* Gesamtmiete: CHF 857.– pro Monat
* Bezugstermin: November 2026

Möbelübernahme bevorzugt

Da ich die Wohnung komplett eingerichtet hinterlasse, bevorzuge ich eine/n Nachmieter/in, der/die die vorhandenen Möbel übernimmt.

Die Möbel befinden sich in einem guten Zustand und können nach Absprache komplett oder teilweise übernommen werden. Der Preis für die Möbel ist separat und verhandelbar.

Bei Interesse kann ich gerne eine detaillierte Liste der Möbel sowie Fotos und den jeweiligen Übernahmepreis schicken.

Besichtigung: Nach Vereinbarung.

Bei Interesse freue ich mich über eine kurze Nachricht mit ein paar Informationen zu dir und deinem gewünschten Einzugstermin.",dishwasher,False,,
flatfox,86392901,,,1600,170,2.5,63,1,,,8400,Winterthur,47.485683942101,8.729291771283,https://flatfox.ch/de/wohnung/8400-winterthur/86392901/,APARTMENT,"Ich suche eine Nachmieterin oder einen Nachmieter für meine 2.5-Zimmer-Wohnung im 1. Stock, gleich an der Metzggasse in Winterthur.  
  
Die Wohnung liegt mitten im Herzen der Altstadt. Märkte, Veranstaltungen und gemütliche Treffpunkte befinden sich direkt vor der Haustür. Für einen guten Wein oder ein feines Essen müssen Sie nur die Treppe hinuntergehen.  
Die gut erhaltenen historischen Decken und Wände im Wohn- und Esszimmer verleihen den Räumen einen besonderen Charakter.  
Die Wohnung ist gut ausgestattet und verfügt über einen eigenen Waschturm, einen Geschirrspüler sowie ein Glasfaseranschluss. Der Balkon liegt im Innenhof und ist über das Treppenhaus erreichbar.  
Der Bahnhof Winterthur ist nur wenige Gehminuten entfernt.  
  
Bei Interesse freue ich mich über die Kontaktaufnahme. Die genaue Adresse und den Besichtigungstermin gebe ich anschliessend bekannt, sobald ich von der Verwaltung den QR-Code erhalte.","balconygarden,parquetflooring,washingmachine,tumbler,dishwasher,broadbandinternet",False,,2026-11-01
flatfox,86392905,,,1501,100,1.0,23,1,1999,,8006,Zürich,47.388629742108,8.543991771283,https://flatfox.ch/de/wohnung/8006-zurich/86392905/,APARTMENT,"**1-room apartment near city center :**  
Hey !  
I'm looking for a new tenant to take over my 1-room apartment (23m2) in Ottikerstrasse **from 01.11.2026.** There will be a possibility to move-in 1 or 2 weeks earlier potentially.  
  
Key Features :  
  

*   📍The location is very central, 15 minutes walk from Zurich HB train station. Lots of shops are close-by, including Migros Rigiplatz at 5 minutes walk.
*   😌 The neighborhood is very calm and quiet.
*   🧼 Washing machines and a dryers are available in the building and shared with the whole building.

The big shelf in the main room is part of the flat and will remain, otherwise the apartment comes unfurnished. I might be giving some of the furnitures for free but this is still to be confirmed.  
  
Please send me a message with a brief description of yourself !",,False,,2026-11-01
flatfox,86392909,,1840,,,1.5,34,3,2021,Schaffhauserstrasse 453,8052,Zürich-Seebach,47.418104742105,8.546241771281,https://flatfox.ch/de/wohnung/schaffhauserstrasse-453-8052-zurich-seebach/86392909/,APARTMENT,"Wohnung an der Schaffhauserstrasse 453, 8052 Zürich-Seebach

Die Wohnung liegt nur 3 Minuten vom Bahnhof Seebach und etwa 5 Minuten vom Bahnhof Oerlikon entfernt. In der Nähe gibt es ein Fitnessstudio, Migros, Coop, zahlreiche Restaurants, einen Coiffeur eine Apotheke und vieles mehr.

Übernahme ab sofort möglich. Bei Interesse freue ich mich über eine Nachricht.",,False,2021,
flatfox,86392980,,2929,,,3.0,68,2,,Hopfenstrasse 12,8045,Zurich,47.365284742107,8.520631771282,https://flatfox.ch/de/wohnung/hopfenstrasse-12-8045-zurich/86392980/,APARTMENT,"Wir suchen eine Nachmieterin oder einen Nachmieter für unsere helle 3-Zimmer-Wohnung im 2. Obergeschoss, direkt am Manesseplatz in Wiedikon (Kreis 3).  
  
**Die Wohnung**  

*   3 Zimmer, ca. 68 m²
*   2 OG
*   Balkon
*   Ruhiges Schlafzimmer zum Innenhof
*   Fischgrat-Parkett
*   Renoviertes Badezimmer
*   Kellerabteil

**Die Lage**  

*   Zentral, Bus direkt vor der Haustür
*   Wenige Gehminuten zur Schmiede Wiedikon
*   Supermärkte, Läden und Cafés in unmittelbarer Nähe
*   Schnell in der Stadt und am See

**Bezug:** ab 5. Oktober 2026 oder nach Vereinbarung. Kurzfristiger Bezug möglich.  
  
**Bewerbung:** Die Wohnung wird über die Verwaltung neu vermietet (Nachmieter-Übernahme). Bitte bringen Sie zur Besichtigung ein vollständiges Dossier mit: Anmeldeformular, aktueller Betreibungsregisterauszug, Lohnausweis bzw. letzte Lohnabrechnungen und eine Ausweiskopie.  
  
Für eine Besichtigung melden Sie sich gerne! :)  
\_\_\_\_\_\_\_\_\_\_\_\_\_\_\_\_\_\_\_\_\_\_\_\_\_\_\_\_\_\_\_\_\_\_\_\_\_\_\_\_\_\_\_\_\_  
  
— English version below —  
We're looking for a replacement tenant (Nachmieter) for our bright 3-room apartment on the 2nd floor, right on Manesseplatz in Wiedikon (Kreis 3).  
  
**The apartment**  

*   3 rooms, approx. 68 m²
*   2nd floor
*   Balcony
*   Quiet bedroom facing the courtyard
*   Herringbone parquet floors
*   Renovated bathroom
*   Basement storage

**The location**  

*   Central, bus stop right at the door
*   A few minutes' walk from Schmiede Wiedikon
*   Supermarkets, shops and cafés just around the corner
*   Quick access to the city centre and the lake

**Available:** from 5 October 2026 or by arrangement. Quick move-in possible.  
  
**How to apply:** The lease is taken over through the property management. Please bring a complete application to the viewing: application form, recent debt collection register extract (Betreibungsauszug), proof of income (last payslips) and a copy of your ID.  
  
For a viewing, get in touch! :)","balconygarden,parquetflooring,petsallowed",False,,
flatfox,86392992,,3850,3850,200,2.5,65,2,,Erlenweg 4,8702,Zollikon,47.344396942106,8.574831771288,https://flatfox.ch/de/wohnung/erlenweg-4-8702-zollikon/86392992/,APARTMENT,"**Exklusiv möbliert in Zollikon - 70 m2 Terrasse und Cheminée**  
2.5 Zimmer, 65 m2 Wohnfläche, 70 m2 Terrasse  
Stilvoll wohnen und direkt einziehen: Diese hochwertig ausgestattete und vollständig möblierte 2.5-Zimmer-Wohnung am Erlenweg 4 in Zollikon überzeugt mit elegantem Interior und einer aussergewöhnlich grosszügigen privaten Terrasse von rund 70 m2.  
  
Der dunkle Fischgrät-Holzboden, das Cheminée, die grossen Fensterfronten und die hochwertigen Wand- und Deckenprofile verleihen der Wohnung einen besonderen Charakter. Die sorgfältig ausgewählte Möblierung ist im Mietpreis bereits enthalten.  
  
**Highlights**:  
65 m2 Wohnfläche  
70 m2 private Terrasse  
Vollständig und hochwertig möbliert  
Cheminée  
Fischgrät-Holzboden  
Grosszügige Fensterfronten  
Ruhige und attraktive Lage in Zollikon  
CHF 3’850 + Nebenkosten und Möblierung  
Parkplatz optional verfügbar  
Bezug nach Vereinbarung  
  
Ideal für Einzelpersonen oder Paare, Expats oder Business Professionals, die ein hochwertiges und bezugsfertiges Zuhause in unmittelbarer Nähe zu Zürich suchen.  
  
**Einziehen, ankommen und wohlfühlen.**","view,parkingspace,lift,fireplace,parquetflooring,dishwasher,washingmachine,tumbler,balconygarden",True,2026,
flatfox,86393015,,1500,,,1.0,23,,,,8910,Affoltern am Albis,47.279183942102,8.459501771285,https://flatfox.ch/de/wohnung/8910-affoltern-am-albis/86393015/,SINGLE_ROOM,"Traducción para ti   
  
Habitación en Affoltern am Albis CHF 1.500 con plaza de aparcamiento incluida   
  
Disponible a partir del 1 de octubre.   
  
Habitación bonita, luminosa y espaciosa en el segundo piso de una casa ubicada en Affoltern am Albis.   
  
* Habitación de aproximadamente 24 m²   
* Lavamanos privado dentro de la habitación   
* Cocina compartida   
* Baño compartido   
* Plaza de aparcamiento incluida   
* Posibilidad de registrarse oficialmente en el cantón de Zúrich   
* CHF 1.500 al mes, incluidos gastos adicionales y aparcamiento   
  
Ubicación:   
  
* Migros y Lidl unos 5 minutos   
* Estación principal de Affoltern am Albis unos 10 minutos caminando / 2 minutos en coche   
* Parada de autobús unos 3 minutos caminando   
* Centro deportivo y piscina pública unos 5 minutos caminando   
* Zona tranquila y céntrica   
* Bonitas vistas y mucha luz natural   
  
Ideal para una persona que trabaje y busque una vivienda tranquila con buena conexión de transporte y posibilidad de registro en Zúrich.   
  
Interesados pueden escribirme por privado para más información o para concertar una visita.",,False,,
flatfox,86393034,,2000,,,2.0,55,3,,,8032,Zürich,47.367096942108,8.567961771286,https://flatfox.ch/de/wohnung/8032-zurich/86393034/,APARTMENT,"Unsere helle, luftige Wohnung in See- und Waldnähe freut sich auf eine verlässliche Einzelperson oder ein Pärchen, die einen ersten Hafen in Zürich suchen oder nur temporär in der Stadt sind, während wir unser Australien Abenteuer machen.  
Die Wohnung befindet sich am Hegibachplatz mit Blick ins Grüne und ist super ruhig, trotzdem ist man mit dem ÖV in 10 Minuten am Stadelhofen oder Zürisee und 16 Minuten am HB. Ganz nah sind auch das Spazier- und Jogggebiet um Elefantenbachweg und Pfadiweg.  
Die Wohnung ist voll möbliert und bietet alles was das Herz begehrt, Waschmaschinen sind im Keller mit anderen HausbewohnerInnen zu teilen.  
Velos sind ggf. auszuleihen falls gewünscht.  
Wir freuen uns auf eure Nachrichten, ein Plus wäre wenn ihr 1x wöchentlich die Pflänzchen giessen könntet.  
Keine Haustiere, Rauchen nur auf dem Balkon.  
  
Hi everyone.  
Our bright, airy apartment is looking for a reliable individual or couple to call it home while we embark on our Australia adventure. Whether you are looking for a first base in Zurich or just staying in the city temporarily, this place is perfect. Situated at Hegibachplatz, the apartment offers a view of the greenery and is quiet, yet public transport gets you to Stadelhofen or Lake Zurich in 10 minutes and the Main Station (HB) in 16 minutes. The walking and jogging trails around Elefantenbachweg and Pfadiweg are also right nearby. The apartment comes fully furnished with everything you could need, laundry facilities in the basement are shared with other residents. Bicycles are available to borrow if desired. We look forward to hearing from you, it would be a bonus if you could water the plants once a week. No pets, smoking is permitted only on the balcony.","balconygarden,lift,broadbandinternet",True,,2026-10-19
flatfox,86392326,,2500,,,4.5,80,1,,Tödistrasse 126,8800,Thalwil,47.296254742109,8.560001771285,https://flatfox.ch/de/wohnung/todistrasse-126-8800-thalwil/86392326/,APARTMENT,"Wir vermieten unsere 4,5-Zimmer-Wohnung in zentraler Lage in Thalwil befristet vom 1. Oktober bis 30. November 2026, mit der Möglichkeit einer Verlängerung maximal bis zum 31. Januar 2027.

Die Wohnung wird unmöbliert vermietet.

Die Lage ist sehr zentral und bietet eine hervorragende Infrastruktur:
	•	Zürichsee in wenigen Minuten erreichbar
	•	Bahnhof und öffentliche Verkehrsmittel in unmittelbarer Nähe
	•	Supermärkte und Einkaufsmöglichkeiten nur wenige Minuten entfernt
	•	Restaurants und weitere Einrichtungen ebenfalls bequem zu Fuss erreichbar

Ideal für Einzelpersonen, Paare oder eine kleine Familie, die für einen begrenzten Zeitraum eine Wohnung in Thalwil suchen.

Bei Interesse gerne melden für weitere Informationen oder einen Besichtigungstermin.",,False,,
flatfox,86392376,,1680,,,4.0,142,,,Götighofen,8583,Götighofen,47.535463942106,9.215651771287,https://flatfox.ch/de/wohnung/gotighofen-8583-gotighofen/86392376/,APARTMENT,"Aussergewöhnliche 3.5-Dachwohnung mit Balkon, Gartenanteil & Pergola   
  
Diese grosszügige 142 m² grosse Dachwohnung verbindet viel Raum, besonderen Charme und ein angenehmes Wohnambiente. Sie befindet sich im Dachgeschoss eines gepflegten, grosszügigen 2-Familien-Landhauses und bietet durch die teilweise bis zu 4 Meter hohe Raumdecke ein einzigartiges und luftiges Raumgefühl.   
  
Ein besonderes Highlight ist der private Gartenanteil mit Pergola, der zusätzlichen Freiraum bietet und sich ideal zum Verweilen und Entspannen eignet. Der Balkon ergänzt den attraktiven Aussenbereich.   
  
Für gemütliche Abende sorgt eine Warmluft-Cheminée, die an kühleren Tagen eine behagliche Atmosphäre schafft.   
  
Weitere Vorzüge   
  
Grosszügige Wohnfläche von 142 m²   
Teilweise bis zu 4 m Raumhöhe   
Balkon   
Eigener Gartenanteil mit Pergola   
Warmluft-Cheminée   
Eigene Waschmaschine und Trockner   
Bad und WC separat   
Parkplätze vorhanden   
Ruhige und angenehme Wohnlage   
Wohnen im charmanten Ambiente eines Landhauses   
Die Wohnung wird nach Vereinbarung an ruhige und zuverlässige Mieter vermietet.   
  
Eine Wohnung mit besonderem Charakter, die man am besten bei einer persönlichen Besichtigung erlebt. Die aussergewöhnliche Raumwirkung, die grosszügige Fläche und der private Aussenbereich lassen sich durch Bilder und Worte nur unvollständig vermitteln.   
Miete 1680.00   
Nebenkosten 280.00 inklusive Strom   
  
Wir freuen uns auf ernsthaft interessierte Mietinteressenten.",,False,,
flatfox,86392385,,1480,,,1.5,43,,,Allmeindstrasse 40,8716,Schmerikon,47.222749742108,8.952701771284,https://flatfox.ch/de/wohnung/allmeindstrasse-40-8716-schmerikon/86392385/,APARTMENT,"Willkommen in Ihrem persönlichen Rückzugsort. Dank der durchdachten Gestaltung und hochwertige modernen Einrichtung geniessen Sie hier vollen Wohnkomfort und eine unvergleichliche ungestörte Atmosphäre. Fernab von Hektik und neugierigen Blicken.   
  
Ihre Vorteile auf einen Blick   
  
Flexible Übernahme:   
Vollständig und geschmackvoll möbliert einziehen oder leere Räume nach eigenen Vorstellungen gestalten.   
  
Ungestörte Privatsphäre:   
Dank der geschützten Lage geniessen Sie absolute Ruhe und Intimität. Der grosse Keller ist auch gleich um die Ecke.   
  
Stilvolles Ambiente:   
Warmes Echtholz, helle Wandfarben und massgeschneiderte Beleuchtungselemente schaffen eine gemütliche, elegante Wohnlandschaft.   
  
Perfektes Raumklima:   
Angenehm kühl im Sommer und hervorragend isoliert für die kälteren Monate.   
  
Moderne Ausstattung:   
Vollausgestattete Küche mit Steamer und Wok Kochfeld, modernes Duschbad mit Waschmaschine und clever genutzter Stauraum.   
  
Aussen bereich:   
Das 4 Parteien Haus befindet sich direkt am Wunderschönen Waldrand, gleich in der nähe vom gewässer.   
Zu der Wohnung gehört ein Sitzplatz mit einem grossen Holztisch und 4 Stühlen.   
ein gemeinsamer Veloraum ist auch vorhanden.   
Ein Aussenparkplatz kann für 120.- dazu gemietet werden.   
  
Ideal für Singles, Pendler oder Geniesser, die eine stilvolle Wohlfühloase mit dem gewissen Etwas suchen. Vereinbaren Sie noch heute Ihren Besichtigungstermin und lassen Sie sich vom einzigartigen Charme überzeugen!",,False,,
flatfox,86392420,,,1200,,2.5,45,2,,,8700,Küsnacht,47.318383942102,8.592681771287,https://flatfox.ch/de/wohnung/8700-kusnacht/86392420/,APARTMENT,"Sei gegrüsst, Per Sofort (Samstag/Sonntag)  
  
Herzige 2.5 Zimmerwohnung Dachstock mit schöner Aussicht, wie auch ruhig gelegen befristet für 2 Monate bis kurz vor ende November. Noch unklar wenn Wohnungsübergabe ist ende November..  
könnte cirka 27. bis 30. November sein.  
WEGEN RENOVATION.  
  
bevorzugt leer aber kann allenfalls für einen unkosten beitrag möbliert vermietet werden.  
  
Ohne geschirrspülmaschine  
Ohne Waschmaschine,  
Ausser wird bevorzugt dann aber 50.- Fr pro monat extra. (selber auch gemietet)  
  
Plus Caution 600.-  
  
zu fuss 10min Erlenbach Bahnhof, Migros&Coop.  
15min Küsnacht Bahnhof und co.  
  
lg Dani  
  
English bellow  
  
from this weekend (Saturday/Sunday)  
  
Charming 2.5-room attic apartment with a lovely view and a quiet location; available for a fixed term of 2 months, ending shortly before the end of November. The exact date for handing over the apartment at the end of November is not yet certain.  
It could be around November 27th to 30th.  
DUE TO RENOVATION.  
  
Preferably unfurnished, though it could potentially be rented furnished at no extra cost.  
  
No dishwasher.  
No washing machine;  
However, a washing machine is an option (I rent it myself) for an extra CHF 50 per month.  
  
plus deposit 600.-  
  
kind regards  
  
Dani",view,False,,
flatfox,86392506,,2178,,,3.5,77,3,,Reinhold-Frei-Strasse 67,8049,Zürich,47.410554742103,8.483591771285,https://flatfox.ch/de/wohnung/reinhold-frei-strasse-67-8049-zurich/86392506/,APARTMENT,"Wir ziehen um und suchen per Mitte Oktober einen neuen Nachmieter. Die Wohnung ist im Winter immer schön warm (wenn man selber heizt, bis 26 Grad) & bietet eine traumhafte Aussicht über ganz Zürich. Sie verfügt über 2 Balkone und ist in einem hervorragenden Zustand.  
  
Es kann auch ein Garagenplatz bei der Verwaltung mitgemietet werden.  
  
In der Waschküche kann man fast immer waschen, die Leute in der Wohnung sind sehr relaxt.","view,parkingspace,garage,balconygarden,lift,dishwasher,cable,broadbandinternet,tumbler,parquetflooring,washingmachine,petsallowed",False,,2026-10-16
