StichtagDatJahr,StichtagDatMonat,RaumeinheitSort,RaumeinheitLang,GliederungSort,GliederungLang,ZimmerSort,ZimmerLang,GemeinnuetzigSort,GemeinnuetzigLang,EinheitSort,EinheitLang,PreisartSort,PreisartLang,mean,meanl,meanu,qu25,qu25l,qu25u,qu50,qu50l,qu50u,qu75,qu75l,qu75u,Domain,Sample1,Sample2
2022,2022.04,1,Ganze Stadt,0,Ganze Stadt,2,2 Zimmer,1,Gemeinnützig,1,Wohnung,1,netto,925.0,917.0,933.0,706.0,700.0,716.0,868.0,862.0,880.0,1065.0,1057.0,1083.0,11106,7152,504
2024,2024.04,1,Ganze Stadt,0,Ganze Stadt,2,2 Zimmer,1,Gemeinnützig,1,Wohnung,1,netto,987.0,978.0,996.0,766.0,759.0,776.0,932.0,925.0,943.0,1139.0,1132.0,1156.0,11437,7430,461
2022,2022.04,1,Ganze Stadt,0,Ganze Stadt,3,3 Zimmer,1,Gemeinnützig,1,Wohnung,1,netto,1027.0,1018.0,1035.0,773.0,766.0,782.0,964.0,953.0,974.0,1198.0,1186.0,1211.0,22955,14593,605
2024,2024.04,1,Ganze Stadt,0,Ganze Stadt,3,3 Zimmer,1,Gemeinnützig,1,Wohnung,1,netto,1095.0,1089.0,1102.0,841.0,832.0,850.0,1022.0,1014.0,1035.0,1280.0,1269.0,1288.0,23071,15107,620
2022,2022.04,1,Ganze Stadt,0,Ganze Stadt,4,4 Zimmer,1,Gemeinnützig,1,Wohnung,1,netto,1342.0,1334.0,1350.0,1043.0,1030.0,1057.0,1295.0,1286.0,1312.0,1578.0,1565.0,1599.0,14925,9246,604
2024,2024.04,1,Ganze Stadt,0,Ganze Stadt,4,4 Zimmer,1,Gemeinnützig,1,Wohnung,1,netto,1441.0,1431.0,1452.0,1133.0,1120.0,1147.0,1403.0,1390.0,1418.0,1696.0,1682.0,1715.0,14957,9478,580
2022,2022.04,1,Ganze Stadt,0,Ganze Stadt,2,2 Zimmer,2,Nicht gemeinnützig,1,Wohnung,1,netto,1579.0,1560.0,1598.0,1225.0,1210.0,1245.0,1466.0,1450.0,1500.0,1858.0,1820.0,1900.0,35586,6336,1210
2024,2024.04,1,Ganze Stadt,0,Ganze Stadt,2,2 Zimmer,2,Nicht gemeinnützig,1,Wohnung,1,netto,1692.0,1678.0,1706.0,1300.0,1281.0,1325.0,1578.0,1559.0,1600.0,1992.0,1966.0,2022.0,35728,7237,1786
2022,2022.04,1,Ganze Stadt,0,Ganze Stadt,3,3 Zimmer,2,Nicht gemeinnützig,1,Wohnung,1,netto,1856.0,1833.0,1878.0,1392.0,1369.0,1410.0,1713.0,1691.0,1741.0,2206.0,2169.0,2245.0,51225,8700,1260
2024,2024.04,1,Ganze Stadt,0,Ganze Stadt,3,3 Zimmer,2,Nicht gemeinnützig,1,Wohnung,1,netto,2006.0,1989.0,2024.0,1492.0,1467.0,1516.0,1875.0,1850.0,1900.0,2400.0,2363.0,2437.0,50539,9132,1836
2022,2022.04,1,Ganze Stadt,0,Ganze Stadt,4,4 Zimmer,2,Nicht gemeinnützig,1,Wohnung,1,netto,2321.0,2291.0,2352.0,1714.0,1669.0,1754.0,2171.0,2128.0,2200.0,2750.0,2700.0,2820.0,25972,4545,1053
2024,2024.04,1,Ganze Stadt,0,Ganze Stadt,4,4 Zimmer,2,Nicht gemeinnützig,1,Wohnung,1,netto,2450.0,2424.0,2476.0,1798.0,1759.0,1837.0,2300.0,2272.0,2350.0,2948.0,2898.0,3010.0,25502,4670,1514
2022,2022.04,1,Ganze Stadt,1,Neubau bis 2 Jahre,2,2 Zimmer,1,Gemeinnützig,1,Wohnung,1,netto,1211.0,1172.0,1251.0,1045.0,954.0,1098.0,1146.0,1122.0,1185.0,1313.0,1250.0,1355.0,420,280,24
2024,2024.04,1,Ganze Stadt,1,Neubau bis 2 Jahre,2,2 Zimmer,1,Gemeinnützig,1,Wohnung,1,netto,1232.0,1189.0,1275.0,1090.0,1061.0,1110.0,1160.0,1120.0,1203.0,1316.0,1204.0,1475.0,372,159,13
2022,2022.04,1,Ganze Stadt,1,Neubau bis 2 Jahre,3,3 Zimmer,1,Gemeinnützig,1,Wohnung,1,netto,1387.0,1323.0,1451.0,1182.0,1171.0,1292.0,1305.0,1285.0,1439.0,1537.0,1464.0,1575.0,607,360,13
2024,2024.04,1,Ganze Stadt,1,Neubau bis 2 Jahre,3,3 Zimmer,1,Gemeinnützig,1,Wohnung,1,netto,1505.0,1467.0,1542.0,1350.0,1327.0,1372.0,1455.0,1410.0,1500.0,1650.0,1500.0,1707.0,446,234,15
2022,2022.04,1,Ganze Stadt,1,Neubau bis 2 Jahre,4,4 Zimmer,1,Gemeinnützig,1,Wohnung,1,netto,1635.0,1572.0,1698.0,1372.0,1275.0,1460.0,1530.0,1490.0,1628.0,1768.0,1729.0,1806.0,532,304,12
2024,2024.04,1,Ganze Stadt,1,Neubau bis 2 Jahre,4,4 Zimmer,1,Gemeinnützig,1,Wohnung,1,netto,1777.0,1739.0,1814.0,1504.0,1494.0,1606.0,1744.0,1720.0,1797.0,1960.0,1855.0,1980.0,372,234,4
2022,2022.04,1,Ganze Stadt,1,Neubau bis 2 Jahre,2,2 Zimmer,2,Nicht gemeinnützig,1,Wohnung,1,netto,2095.0,2004.0,2186.0,1869.0,1750.0,1988.0,2060.0,1950.0,2180.0,2312.0,2179.0,2490.0,1078,208,36
2024,2024.04,1,Ganze Stadt,1,Neubau bis 2 Jahre,2,2 Zimmer,2,Nicht gemeinnützig,1,Wohnung,1,netto,2377.0,2272.0,2483.0,2100.0,2008.0,2202.0,2302.0,2202.0,2490.0,2693.0,2549.0,2849.0,1123,193,39
2022,2022.04,1,Ganze Stadt,1,Neubau bis 2 Jahre,3,3 Zimmer,2,Nicht gemeinnützig,1,Wohnung,1,netto,2823.0,2626.0,3021.0,2534.0,2132.0,2685.0,2799.0,2634.0,3017.0,3130.0,2960.0,3287.0,1055,133,26
2024,2024.04,1,Ganze Stadt,1,Neubau bis 2 Jahre,3,3 Zimmer,2,Nicht gemeinnützig,1,Wohnung,1,netto,2854.0,2725.0,2984.0,2609.0,2469.0,2677.0,2755.0,2686.0,2950.0,3091.0,2908.0,3289.0,1248,259,44
2022,2022.04,1,Ganze Stadt,1,Neubau bis 2 Jahre,4,4 Zimmer,2,Nicht gemeinnützig,1,Wohnung,1,netto,3383.0,3252.0,3514.0,3071.0,2829.0,3314.0,3354.0,3165.0,3510.0,3543.0,3506.0,3629.0,617,144,21
2024,2024.04,1,Ganze Stadt,1,Neubau bis 2 Jahre,4,4 Zimmer,2,Nicht gemeinnützig,1,Wohnung,1,netto,3523.0,3342.0,3704.0,3318.0,2813.0,3481.0,3481.0,3402.0,3579.0,3861.0,3500.0,4510.0,508,61,26
2022,2022.04,1,Ganze Stadt,2,Neubezug bis 2 Jahre,2,2 Zimmer,1,Gemeinnützig,1,Wohnung,1,netto,930.0,913.0,947.0,695.0,679.0,715.0,859.0,837.0,894.0,1083.0,1051.0,1121.0,1924,1174,103
2024,2024.04,1,Ganze Stadt,2,Neubezug bis 2 Jahre,2,2 Zimmer,1,Gemeinnützig,1,Wohnung,1,netto,980.0,960.0,999.0,728.0,714.0,751.0,891.0,874.0,925.0,1137.0,1108.0,1172.0,1976,1258,82
2022,2022.04,1,Ganze Stadt,2,Neubezug bis 2 Jahre,3,3 Zimmer,1,Gemeinnützig,1,Wohnung,1,netto,1018.0,989.0,1048.0,742.0,723.0,763.0,918.0,893.0,945.0,1187.0,1150.0,1218.0,3520,2205,74
2024,2024.04,1,Ganze Stadt,2,Neubezug bis 2 Jahre,3,3 Zimmer,1,Gemeinnützig,1,Wohnung,1,netto,1076.0,1057.0,1094.0,779.0,762.0,812.0,970.0,946.0,996.0,1308.0,1251.0,1351.0,3779,2504,95
2022,2022.04,1,Ganze Stadt,2,Neubezug bis 2 Jahre,4,4 Zimmer,1,Gemeinnützig,1,Wohnung,1,netto,1333.0,1311.0,1355.0,995.0,927.0,1025.0,1236.0,1217.0,1270.0,1592.0,1544.0,1644.0,1567,937,49
2024,2024.04,1,Ganze Stadt,2,Neubezug bis 2 Jahre,4,4 Zimmer,1,Gemeinnützig,1,Wohnung,1,netto,1433.0,1399.0,1468.0,1081.0,1050.0,1123.0,1357.0,1300.0,1402.0,1731.0,1625.0,1826.0,1665,1014,66
2022,2022.04,1,Ganze Stadt,2,Neubezug bis 2 Jahre,2,2 Zimmer,2,Nicht gemeinnützig,1,Wohnung,1,netto,1729.0,1696.0,1762.0,1400.0,1382.0,1430.0,1600.0,1560.0,1690.0,2050.0,1974.0,2116.0,11258,1892,370
2024,2024.04,1,Ganze Stadt,2,Neubezug bis 2 Jahre,2,2 Zimmer,2,Nicht gemeinnützig,1,Wohnung,1,netto,1824.0,1796.0,1851.0,1428.0,1395.0,1459.0,1732.0,1684.0,1769.0,2112.0,2052.0,2187.0,10824,2203,560
2022,2022.04,1,Ganze Stadt,2,Neubezug bis 2 Jahre,3,3 Zimmer,2,Nicht gemeinnützig,1,Wohnung,1,netto,2037.0,1989.0,2086.0,1572.0,1518.0,1610.0,1943.0,1870.0,2000.0,2360.0,2300.0,2450.0,13397,2104,347
2024,2024.04,1,Ganze Stadt,2,Neubezug bis 2 Jahre,3,3 Zimmer,2,Nicht gemeinnützig,1,Wohnung,1,netto,2205.0,2168.0,2242.0,1716.0,1650.0,1757.0,2090.0,2028.0,2123.0,2550.0,2460.0,2620.0,12682,2242,471
2022,2022.04,1,Ganze Stadt,2,Neubezug bis 2 Jahre,4,4 Zimmer,2,Nicht gemeinnützig,1,Wohnung,1,netto,2570.0,2499.0,2640.0,1920.0,1870.0,1980.0,2421.0,2317.0,2590.0,3070.0,2950.0,3189.0,5418,908,239
2024,2024.04,1,Ganze Stadt,2,Neubezug bis 2 Jahre,4,4 Zimmer,2,Nicht gemeinnützig,1,Wohnung,1,netto,2706.0,2641.0,2772.0,2024.0,1979.0,2117.0,2560.0,2500.0,2690.0,3213.0,3084.0,3350.0,5142,898,348
2022,2022.04,1,Ganze Stadt,3,Bestand Mietverträge 3-10 Jahre,2,2 Zimmer,1,Gemeinnützig,1,Wohnung,1,netto,962.0,948.0,977.0,737.0,724.0,750.0,903.0,885.0,913.0,1125.0,1111.0,1155.0,4894,3127,218
2024,2024.04,1,Ganze Stadt,3,Bestand Mietverträge 3-10 Jahre,2,2 Zimmer,1,Gemeinnützig,1,Wohnung,1,netto,1030.0,1015.0,1045.0,801.0,785.0,816.0,974.0,961.0,991.0,1192.0,1165.0,1221.0,5113,3320,217
2022,2022.04,1,Ganze Stadt,3,Bestand Mietverträge 3-10 Jahre,3,3 Zimmer,1,Gemeinnützig,1,Wohnung,1,netto,1079.0,1066.0,1093.0,790.0,781.0,808.0,998.0,990.0,1024.0,1288.0,1262.0,1311.0,9305,5902,269
2024,2024.04,1,Ganze Stadt,3,Bestand Mietverträge 3-10 Jahre,3,3 Zimmer,1,Gemeinnützig,1,Wohnung,1,netto,1148.0,1138.0,1159.0,867.0,853.0,886.0,1081.0,1062.0,1105.0,1338.0,1313.0,1380.0,9363,6111,261
2022,2022.04,1,Ganze Stadt,3,Bestand Mietverträge 3-10 Jahre,4,4 Zimmer,1,Gemeinnützig,1,Wohnung,1,netto,1427.0,1412.0,1442.0,1087.0,1067.0,1116.0,1425.0,1400.0,1449.0,1711.0,1693.0,1733.0,6042,3709,243
2024,2024.04,1,Ganze Stadt,3,Bestand Mietverträge 3-10 Jahre,4,4 Zimmer,1,Gemeinnützig,1,Wohnung,1,netto,1515.0,1500.0,1530.0,1196.0,1177.0,1220.0,1488.0,1470.0,1509.0,1775.0,1751.0,1803.0,5895,3653,228
2022,2022.04,1,Ganze Stadt,3,Bestand Mietverträge 3-10 Jahre,2,2 Zimmer,2,Nicht gemeinnützig,1,Wohnung,1,netto,1600.0,1572.0,1628.0,1261.0,1230.0,1300.0,1500.0,1466.0,1544.0,1819.0,1770.0,1884.0,15161,2775,535
2024,2024.04,1,Ganze Stadt,3,Bestand Mietverträge 3-10 Jahre,2,2 Zimmer,2,Nicht gemeinnützig,1,Wohnung,1,netto,1746.0,1726.0,1767.0,1370.0,1351.0,1400.0,1630.0,1600.0,1675.0,2032.0,1990.0,2090.0,16066,3290,812
2022,2022.04,1,Ganze Stadt,3,Bestand Mietverträge 3-10 Jahre,3,3 Zimmer,2,Nicht gemeinnützig,1,Wohnung,1,netto,1963.0,1929.0,1997.0,1500.0,1469.0,1546.0,1800.0,1761.0,1850.0,2292.0,2240.0,2360.0,22161,3828,515
2024,2024.04,1,Ganze Stadt,3,Bestand Mietverträge 3-10 Jahre,3,3 Zimmer,2,Nicht gemeinnützig,1,Wohnung,1,netto,2122.0,2095.0,2149.0,1620.0,1585.0,1655.0,1972.0,1940.0,2026.0,2490.0,2442.0,2528.0,22671,4061,817
2022,2022.04,1,Ganze Stadt,3,Bestand Mietverträge 3-10 Jahre,4,4 Zimmer,2,Nicht gemeinnützig,1,Wohnung,1,netto,2480.0,2429.0,2531.0,1900.0,1850.0,1950.0,2310.0,2271.0,2373.0,2870.0,2750.0,2942.0,10940,1893,432
2024,2024.04,1,Ganze Stadt,3,Bestand Mietverträge 3-10 Jahre,4,4 Zimmer,2,Nicht gemeinnützig,1,Wohnung,1,netto,2646.0,2607.0,2686.0,2068.0,2003.0,2112.0,2517.0,2453.0,2579.0,3123.0,3051.0,3200.0,11081,2088,653
2022,2022.04,1,Ganze Stadt,4,Bestand Mietverträge 11-20 Jahre,2,2 Zimmer,1,Gemeinnützig,1,Wohnung,1,netto,864.0,850.0,877.0,681.0,674.0,696.0,828.0,807.0,848.0,985.0,959.0,1018.0,2294,1550,107
2024,2024.04,1,Ganze Stadt,4,Bestand Mietverträge 11-20 Jahre,2,2 Zimmer,1,Gemeinnützig,1,Wohnung,1,netto,942.0,921.0,963.0,757.0,737.0,776.0,910.0,890.0,925.0,1086.0,1058.0,1108.0,2381,1626,89
2022,2022.04,1,Ganze Stadt,4,Bestand Mietverträge 11-20 Jahre,3,3 Zimmer,1,Gemeinnützig,1,Wohnung,1,netto,1001.0,986.0,1016.0,765.0,747.0,785.0,942.0,916.0,971.0,1172.0,1148.0,1200.0,4946,3236,152
2024,2024.04,1,Ganze Stadt,4,Bestand Mietverträge 11-20 Jahre,3,3 Zimmer,1,Gemeinnützig,1,Wohnung,1,netto,1084.0,1072.0,1097.0,856.0,845.0,880.0,1027.0,1013.0,1057.0,1282.0,1267.0,1303.0,5073,3394,132
2022,2022.04,1,Ganze Stadt,4,Bestand Mietverträge 11-20 Jahre,4,4 Zimmer,1,Gemeinnützig,1,Wohnung,1,netto,1321.0,1306.0,1335.0,1073.0,1045.0,1105.0,1302.0,1285.0,1323.0,1529.0,1511.0,1551.0,3935,2596,145
2024,2024.04,1,Ganze Stadt,4,Bestand Mietverträge 11-20 Jahre,4,4 Zimmer,1,Gemeinnützig,1,Wohnung,1,netto,1446.0,1426.0,1466.0,1164.0,1137.0,1191.0,1427.0,1402.0,1448.0,1662.0,1635.0,1693.0,4218,2837,154
2022,2022.04,1,Ganze Stadt,4,Bestand Mietverträge 11-20 Jahre,2,2 Zimmer,2,Nicht gemeinnützig,1,Wohnung,1,netto,1318.0,1250.0,1387.0,1096.0,1050.0,1149.0,1221.0,1195.0,1268.0,1418.0,1348.0,1511.0,4488,793,142
2024,2024.04,1,Ganze Stadt,4,Bestand Mietverträge 11-20 Jahre,2,2 Zimmer,2,Nicht gemeinnützig,1,Wohnung,1,netto,1372.0,1340.0,1403.0,1130.0,1088.0,1186.0,1325.0,1279.0,1369.0,1543.0,1484.0,1600.0,4342,887,207
2022,2022.04,1,Ganze Stadt,4,Bestand Mietverträge 11-20 Jahre,3,3 Zimmer,2,Nicht gemeinnützig,1,Wohnung,1,netto,1571.0,1528.0,1614.0,1270.0,1236.0,1328.0,1463.0,1418.0,1525.0,1781.0,1729.0,1840.0,7756,1401,194
2024,2024.04,1,Ganze Stadt,4,Bestand Mietverträge 11-20 Jahre,3,3 Zimmer,2,Nicht gemeinnützig,1,Wohnung,1,netto,1715.0,1673.0,1757.0,1340.0,1315.0,1415.0,1601.0,1562.0,1652.0,1960.0,1883.0,2005.0,7525,1396,266
2022,2022.04,1,Ganze Stadt,4,Bestand Mietverträge 11-20 Jahre,4,4 Zimmer,2,Nicht gemeinnützig,1,Wohnung,1,netto,2068.0,2010.0,2126.0,1610.0,1556.0,1693.0,1961.0,1884.0,2044.0,2280.0,2205.0,2470.0,4670,894,182
2024,2024.04,1,Ganze Stadt,4,Bestand Mietverträge 11-20 Jahre,4,4 Zimmer,2,Nicht gemeinnützig,1,Wohnung,1,netto,2162.0,2112.0,2212.0,1660.0,1614.0,1698.0,2049.0,1956.0,2161.0,2527.0,2435.0,2572.0,4719,943,249
2022,2022.04,1,Ganze Stadt,5,Bestand Mietverträge über 20 Jahre,2,2 Zimmer,1,Gemeinnützig,1,Wohnung,1,netto,816.0,799.0,833.0,652.0,638.0,677.0,786.0,779.0,806.0,935.0,915.0,969.0,1574,1021,52
2024,2024.04,1,Ganze Stadt,5,Bestand Mietverträge über 20 Jahre,2,2 Zimmer,1,Gemeinnützig,1,Wohnung,1,netto,869.0,848.0,890.0,717.0,709.0,732.0,846.0,825.0,869.0,984.0,950.0,1030.0,1595,1067,60
2022,2022.04,1,Ganze Stadt,5,Bestand Mietverträge über 20 Jahre,3,3 Zimmer,1,Gemeinnützig,1,Wohnung,1,netto,906.0,892.0,919.0,745.0,733.0,760.0,893.0,884.0,910.0,1027.0,1010.0,1051.0,4577,2890,97
2024,2024.04,1,Ganze Stadt,5,Bestand Mietverträge über 20 Jahre,3,3 Zimmer,1,Gemeinnützig,1,Wohnung,1,netto,970.0,956.0,985.0,812.0,798.0,819.0,955.0,941.0,976.0,1104.0,1070.0,1124.0,4410,2864,117
2022,2022.04,1,Ganze Stadt,5,Bestand Mietverträge über 20 Jahre,4,4 Zimmer,1,Gemeinnützig,1,Wohnung,1,netto,1141.0,1124.0,1158.0,919.0,893.0,960.0,1120.0,1100.0,1136.0,1295.0,1267.0,1336.0,2849,1700,155
2024,2024.04,1,Ganze Stadt,5,Bestand Mietverträge über 20 Jahre,4,4 Zimmer,1,Gemeinnützig,1,Wohnung,1,netto,1240.0,1214.0,1266.0,998.0,977.0,1042.0,1205.0,1186.0,1221.0,1419.0,1398.0,1450.0,2807,1740,128
2022,2022.04,1,Ganze Stadt,5,Bestand Mietverträge über 20 Jahre,2,2 Zimmer,2,Nicht gemeinnützig,1,Wohnung,1,netto,1194.0,1134.0,1254.0,915.0,851.0,962.0,1117.0,1065.0,1150.0,1256.0,1230.0,1316.0,3601,668,127
2024,2024.04,1,Ganze Stadt,5,Bestand Mietverträge über 20 Jahre,2,2 Zimmer,2,Nicht gemeinnützig,1,Wohnung,1,netto,1194.0,1143.0,1244.0,962.0,927.0,995.0,1187.0,1094.0,1222.0,1374.0,1323.0,1435.0,3373,664,168
2022,2022.04,1,Ganze Stadt,5,Bestand Mietverträge über 20 Jahre,3,3 Zimmer,2,Nicht gemeinnützig,1,Wohnung,1,netto,1326.0,1266.0,1386.0,1046.0,996.0,1072.0,1259.0,1150.0,1325.0,1500.0,1450.0,1610.0,6856,1234,178
2024,2024.04,1,Ganze Stadt,5,Bestand Mietverträge über 20 Jahre,3,3 Zimmer,2,Nicht gemeinnützig,1,Wohnung,1,netto,1383.0,1341.0,1424.0,1123.0,1076.0,1185.0,1343.0,1280.0,1400.0,1590.0,1541.0,1668.0,6413,1174,238
2022,2022.04,1,Ganze Stadt,5,Bestand Mietverträge über 20 Jahre,4,4 Zimmer,2,Nicht gemeinnützig,1,Wohnung,1,netto,1731.0,1668.0,1793.0,1272.0,1235.0,1378.0,1591.0,1537.0,1657.0,1988.0,1880.0,2149.0,4327,706,179
2024,2024.04,1,Ganze Stadt,5,Bestand Mietverträge über 20 Jahre,4,4 Zimmer,2,Nicht gemeinnützig,1,Wohnung,1,netto,1788.0,1731.0,1845.0,1382.0,1315.0,1436.0,1672.0,1621.0,1715.0,2083.0,1971.0,2142.0,4052,680,238
2022,2022.04,1,Ganze Stadt,0,Ganze Stadt,2,2 Zimmer,1,Gemeinnützig,2,Quadratmeter,1,netto,16.14,16.0,16.27,13.07,12.97,13.2,15.34,15.15,15.56,18.11,17.87,18.39,11106,7152,504
2024,2024.04,1,Ganze Stadt,0,Ganze Stadt,2,2 Zimmer,1,Gemeinnützig,2,Quadratmeter,1,netto,17.22,17.07,17.37,14.04,13.87,14.2,16.54,16.32,16.7,19.58,19.39,19.71,11437,7430,461
2022,2022.04,1,Ganze Stadt,0,Ganze Stadt,3,3 Zimmer,1,Gemeinnützig,2,Quadratmeter,1,netto,14.14,14.04,14.25,11.69,11.6,11.79,13.48,13.38,13.59,15.97,15.81,16.11,22955,14593,605
2024,2024.04,1,Ganze Stadt,0,Ganze Stadt,3,3 Zimmer,1,Gemeinnützig,2,Quadratmeter,1,netto,15.07,14.98,15.15,12.58,12.47,12.68,14.53,14.44,14.62,16.94,16.82,17.07,23071,15107,620
2022,2022.04,1,Ganze Stadt,0,Ganze Stadt,4,4 Zimmer,1,Gemeinnützig,2,Quadratmeter,1,netto,13.98,13.89,14.07,11.83,11.74,11.96,13.72,13.63,13.82,15.67,15.53,15.79,14925,9246,604
2024,2024.04,1,Ganze Stadt,0,Ganze Stadt,4,4 Zimmer,1,Gemeinnützig,2,Quadratmeter,1,netto,14.99,14.88,15.09,12.69,12.58,12.81,14.52,14.45,14.62,16.83,16.67,17.0,14957,9478,580
2022,2022.04,1,Ganze Stadt,0,Ganze Stadt,9,"2 , 3  und 4 Zimmer",1,Gemeinnützig,2,Quadratmeter,1,netto,14.54,14.48,14.61,12.0,11.96,12.06,13.93,13.84,13.99,16.36,16.29,16.48,48986,30991,1713
2024,2024.04,1,Ganze Stadt,0,Ganze Stadt,9,"2 , 3  und 4 Zimmer",1,Gemeinnützig,2,Quadratmeter,1,netto,15.54,15.47,15.61,12.89,12.83,12.95,14.88,14.8,14.95,17.48,17.37,17.6,49465,32015,1661
2022,2022.04,1,Ganze Stadt,0,Ganze Stadt,2,2 Zimmer,2,Nicht gemeinnützig,2,Quadratmeter,1,netto,27.59,27.28,27.91,21.82,21.48,22.22,26.39,26.09,26.7,32.06,31.51,32.77,35586,6336,1210
2024,2024.04,1,Ganze Stadt,0,Ganze Stadt,2,2 Zimmer,2,Nicht gemeinnützig,2,Quadratmeter,1,netto,29.48,29.25,29.72,23.07,22.82,23.38,28.45,28.13,28.75,34.42,33.88,34.85,35728,7237,1786
2022,2022.04,1,Ganze Stadt,0,Ganze Stadt,3,3 Zimmer,2,Nicht gemeinnützig,2,Quadratmeter,1,netto,23.94,23.66,24.22,19.11,18.67,19.36,22.89,22.57,23.17,27.8,27.45,28.25,51225,8700,1260
2024,2024.04,1,Ganze Stadt,0,Ganze Stadt,3,3 Zimmer,2,Nicht gemeinnützig,2,Quadratmeter,1,netto,25.79,25.56,26.02,20.21,20.0,20.61,25.0,24.76,25.36,30.0,29.69,30.49,50539,9132,1836
2022,2022.04,1,Ganze Stadt,0,Ganze Stadt,4,4 Zimmer,2,Nicht gemeinnützig,2,Quadratmeter,1,netto,22.66,22.37,22.95,17.79,17.46,18.05,21.46,21.1,21.92,26.61,26.09,27.25,25972,4545,1053
2024,2024.04,1,Ganze Stadt,0,Ganze Stadt,4,4 Zimmer,2,Nicht gemeinnützig,2,Quadratmeter,1,netto,23.87,23.62,24.12,18.71,18.45,19.03,22.78,22.57,23.11,28.19,27.85,28.62,25502,4670,1514
2022,2022.04,1,Ganze Stadt,0,Ganze Stadt,9,"2 , 3  und 4 Zimmer",2,Nicht gemeinnützig,2,Quadratmeter,1,netto,24.8,24.62,24.97,19.4,19.25,19.6,23.58,23.37,23.78,28.98,28.64,29.29,112783,19581,3523
2024,2024.04,1,Ganze Stadt,0,Ganze Stadt,9,"2 , 3  und 4 Zimmer",2,Nicht gemeinnützig,2,Quadratmeter,1,netto,26.53,26.39,26.67,20.57,20.34,20.76,25.53,25.34,25.69,31.31,31.06,31.59,111769,21039,5136
2022,2022.04,1,Ganze Stadt,1,Neubau bis 2 Jahre,2,2 Zimmer,1,Gemeinnützig,2,Quadratmeter,1,netto,19.4,18.73,20.07,16.89,14.9,17.43,18.78,18.45,19.6,21.29,20.38,22.0,420,280,24
2024,2024.04,1,Ganze Stadt,1,Neubau bis 2 Jahre,2,2 Zimmer,1,Gemeinnützig,2,Quadratmeter,1,netto,20.53,19.85,21.21,18.66,17.93,18.72,19.64,19.5,21.64,21.86,21.5,23.76,372,159,13
2022,2022.04,1,Ganze Stadt,1,Neubau bis 2 Jahre,3,3 Zimmer,1,Gemeinnützig,2,Quadratmeter,1,netto,16.41,15.64,17.18,13.59,13.18,15.8,16.09,15.79,16.48,17.17,16.89,17.88,607,360,13
2024,2024.04,1,Ganze Stadt,1,Neubau bis 2 Jahre,3,3 Zimmer,1,Gemeinnützig,2,Quadratmeter,1,netto,19.07,18.59,19.54,17.32,17.09,17.86,18.78,18.66,19.81,20.14,19.9,21.49,446,234,15
2022,2022.04,1,Ganze Stadt,1,Neubau bis 2 Jahre,4,4 Zimmer,1,Gemeinnützig,2,Quadratmeter,1,netto,15.8,15.14,16.45,13.07,12.6,13.69,15.35,14.99,15.67,16.76,16.37,17.34,532,304,12
2024,2024.04,1,Ganze Stadt,1,Neubau bis 2 Jahre,4,4 Zimmer,1,Gemeinnützig,2,Quadratmeter,1,netto,18.07,17.61,18.54,15.69,15.08,16.7,17.7,17.26,18.66,19.93,19.69,21.46,372,234,4
2022,2022.04,1,Ganze Stadt,1,Neubau bis 2 Jahre,9,"2 , 3  und 4 Zimmer",1,Gemeinnützig,2,Quadratmeter,1,netto,17.01,16.59,17.42,13.74,13.18,14.6,16.32,16.08,16.57,18.73,18.19,19.6,1559,944,49
2024,2024.04,1,Ganze Stadt,1,Neubau bis 2 Jahre,9,"2 , 3  und 4 Zimmer",1,Gemeinnützig,2,Quadratmeter,1,netto,19.21,18.82,19.61,17.28,16.97,17.64,18.77,18.66,19.57,21.35,19.94,21.83,1190,627,32
2022,2022.04,1,Ganze Stadt,1,Neubau bis 2 Jahre,2,2 Zimmer,2,Nicht gemeinnützig,2,Quadratmeter,1,netto,33.83,32.58,35.08,30.55,29.0,32.74,34.33,32.7,35.86,37.37,35.34,39.44,1078,208,36
2024,2024.04,1,Ganze Stadt,1,Neubau bis 2 Jahre,2,2 Zimmer,2,Nicht gemeinnützig,2,Quadratmeter,1,netto,38.28,36.47,40.08,34.16,32.04,36.69,37.97,37.13,38.93,43.46,40.06,45.2,1123,193,39
2022,2022.04,1,Ganze Stadt,1,Neubau bis 2 Jahre,3,3 Zimmer,2,Nicht gemeinnützig,2,Quadratmeter,1,netto,31.9,29.9,33.9,27.8,26.06,30.08,30.62,28.61,33.78,36.04,30.74,36.36,1055,133,26
2024,2024.04,1,Ganze Stadt,1,Neubau bis 2 Jahre,3,3 Zimmer,2,Nicht gemeinnützig,2,Quadratmeter,1,netto,34.16,32.58,35.75,31.42,29.95,33.13,34.74,32.85,36.85,37.74,36.72,38.68,1248,259,44
2022,2022.04,1,Ganze Stadt,1,Neubau bis 2 Jahre,4,4 Zimmer,2,Nicht gemeinnützig,2,Quadratmeter,1,netto,30.36,29.11,31.6,27.43,26.79,28.37,29.83,28.25,31.26,33.07,30.51,35.61,617,144,21
2024,2024.04,1,Ganze Stadt,1,Neubau bis 2 Jahre,4,4 Zimmer,2,Nicht gemeinnützig,2,Quadratmeter,1,netto,31.28,29.59,32.97,29.15,27.11,30.3,30.74,29.83,32.6,34.7,31.94,36.66,508,61,26
2022,2022.04,1,Ganze Stadt,1,Neubau bis 2 Jahre,9,"2 , 3  und 4 Zimmer",2,Nicht gemeinnützig,2,Quadratmeter,1,netto,32.32,31.37,33.26,28.14,27.29,29.09,31.28,30.55,33.09,35.87,35.18,37.08,2750,485,83
2024,2024.04,1,Ganze Stadt,1,Neubau bis 2 Jahre,9,"2 , 3  und 4 Zimmer",2,Nicht gemeinnützig,2,Quadratmeter,1,netto,35.26,34.21,36.32,31.26,30.02,32.08,34.93,34.26,37.02,38.8,37.76,40.35,2879,513,109
2022,2022.04,1,Ganze Stadt,2,Neubezug bis 2 Jahre,2,2 Zimmer,1,Gemeinnützig,2,Quadratmeter,1,netto,16.51,16.23,16.79,13.0,12.78,13.35,15.7,15.21,16.05,18.39,18.14,19.18,1924,1174,103
2024,2024.04,1,Ganze Stadt,2,Neubezug bis 2 Jahre,2,2 Zimmer,1,Gemeinnützig,2,Quadratmeter,1,netto,17.42,17.06,17.77,13.7,13.33,14.14,16.17,15.85,16.65,19.58,18.62,20.11,1976,1258,82
2022,2022.04,1,Ganze Stadt,2,Neubezug bis 2 Jahre,3,3 Zimmer,1,Gemeinnützig,2,Quadratmeter,1,netto,14.41,14.02,14.8,11.37,11.19,11.77,13.51,13.22,13.84,16.54,16.0,17.06,3520,2205,74
2024,2024.04,1,Ganze Stadt,2,Neubezug bis 2 Jahre,3,3 Zimmer,1,Gemeinnützig,2,Quadratmeter,1,netto,15.12,14.87,15.38,12.03,11.8,12.28,14.34,13.98,14.59,17.21,16.89,17.73,3779,2504,95
2022,2022.04,1,Ganze Stadt,2,Neubezug bis 2 Jahre,4,4 Zimmer,1,Gemeinnützig,2,Quadratmeter,1,netto,14.09,13.84,14.34,11.76,11.57,12.09,13.83,13.49,14.2,15.58,15.36,15.92,1567,937,49
2024,2024.04,1,Ganze Stadt,2,Neubezug bis 2 Jahre,4,4 Zimmer,1,Gemeinnützig,2,Quadratmeter,1,netto,15.28,14.91,15.66,12.43,12.1,12.59,14.48,14.05,14.97,17.13,16.93,18.11,1665,1014,66
2022,2022.04,1,Ganze Stadt,2,Neubezug bis 2 Jahre,9,"2 , 3  und 4 Zimmer",1,Gemeinnützig,2,Quadratmeter,1,netto,14.91,14.67,15.15,11.95,11.76,12.17,14.12,13.84,14.31,16.92,16.56,17.28,7011,4316,226
2024,2024.04,1,Ganze Stadt,2,Neubezug bis 2 Jahre,9,"2 , 3  und 4 Zimmer",1,Gemeinnützig,2,Quadratmeter,1,netto,15.77,15.59,15.95,12.45,12.3,12.67,14.84,14.59,15.04,17.84,17.5,18.1,7420,4776,243
2022,2022.04,1,Ganze Stadt,2,Neubezug bis 2 Jahre,2,2 Zimmer,2,Nicht gemeinnützig,2,Quadratmeter,1,netto,30.6,30.01,31.18,25.32,24.55,25.95,28.63,28.26,29.33,35.09,33.9,36.09,11258,1892,370
2024,2024.04,1,Ganze Stadt,2,Neubezug bis 2 Jahre,2,2 Zimmer,2,Nicht gemeinnützig,2,Quadratmeter,1,netto,32.23,31.75,32.71,25.61,24.96,26.39,31.02,30.36,31.57,37.59,36.76,38.54,10824,2203,560
2022,2022.04,1,Ganze Stadt,2,Neubezug bis 2 Jahre,3,3 Zimmer,2,Nicht gemeinnützig,2,Quadratmeter,1,netto,26.47,25.83,27.11,21.82,21.25,22.31,25.28,24.69,26.36,30.52,29.2,32.02,13397,2104,347
2024,2024.04,1,Ganze Stadt,2,Neubezug bis 2 Jahre,3,3 Zimmer,2,Nicht gemeinnützig,2,Quadratmeter,1,netto,28.64,28.15,29.14,23.46,22.97,23.98,27.63,26.95,28.13,33.38,32.36,34.19,12682,2242,471
2022,2022.04,1,Ganze Stadt,2,Neubezug bis 2 Jahre,4,4 Zimmer,2,Nicht gemeinnützig,2,Quadratmeter,1,netto,25.3,24.64,25.97,20.46,19.55,21.2,24.28,23.33,25.31,29.16,27.98,30.61,5418,908,239
2024,2024.04,1,Ganze Stadt,2,Neubezug bis 2 Jahre,4,4 Zimmer,2,Nicht gemeinnützig,2,Quadratmeter,1,netto,26.69,26.08,27.3,20.98,20.43,22.1,25.6,25.0,26.58,31.31,30.54,31.87,5142,898,348
2022,2022.04,1,Ganze Stadt,2,Neubezug bis 2 Jahre,9,"2 , 3  und 4 Zimmer",2,Nicht gemeinnützig,2,Quadratmeter,1,netto,27.81,27.42,28.19,22.31,22.0,22.78,26.73,26.39,27.29,32.14,31.58,32.72,30073,4904,956
2024,2024.04,1,Ganze Stadt,2,Neubezug bis 2 Jahre,9,"2 , 3  und 4 Zimmer",2,Nicht gemeinnützig,2,Quadratmeter,1,netto,29.65,29.34,29.95,23.7,23.33,24.06,28.38,28.03,28.76,34.29,33.8,34.89,28648,5343,1379
2022,2022.04,1,Ganze Stadt,3,Bestand Mietverträge 3-10 Jahre,2,2 Zimmer,1,Gemeinnützig,2,Quadratmeter,1,netto,16.57,16.31,16.82,13.33,13.13,13.51,15.63,15.44,15.84,18.69,18.37,19.25,4894,3127,218
2024,2024.04,1,Ganze Stadt,3,Bestand Mietverträge 3-10 Jahre,2,2 Zimmer,1,Gemeinnützig,2,Quadratmeter,1,netto,17.7,17.47,17.94,14.35,14.1,14.57,16.94,16.65,17.26,19.93,19.74,20.35,5113,3320,217
2022,2022.04,1,Ganze Stadt,3,Bestand Mietverträge 3-10 Jahre,3,3 Zimmer,1,Gemeinnützig,2,Quadratmeter,1,netto,14.63,14.47,14.79,11.95,11.8,12.12,14.08,13.89,14.26,16.58,16.36,16.8,9305,5902,269
2024,2024.04,1,Ganze Stadt,3,Bestand Mietverträge 3-10 Jahre,3,3 Zimmer,1,Gemeinnützig,2,Quadratmeter,1,netto,15.53,15.39,15.66,12.87,12.73,13.13,14.93,14.77,15.07,17.3,17.16,17.58,9363,6111,261
2022,2022.04,1,Ganze Stadt,3,Bestand Mietverträge 3-10 Jahre,4,4 Zimmer,1,Gemeinnützig,2,Quadratmeter,1,netto,14.57,14.41,14.73,12.15,11.99,12.44,14.35,14.25,14.52,16.6,16.26,16.91,6042,3709,243
2024,2024.04,1,Ganze Stadt,3,Bestand Mietverträge 3-10 Jahre,4,4 Zimmer,1,Gemeinnützig,2,Quadratmeter,1,netto,15.44,15.28,15.59,13.0,12.92,13.25,15.05,14.87,15.26,17.42,17.22,17.79,5895,3653,228
2022,2022.04,1,Ganze Stadt,3,Bestand Mietverträge 3-10 Jahre,9,"2 , 3  und 4 Zimmer",1,Gemeinnützig,2,Quadratmeter,1,netto,15.08,14.97,15.19,12.37,12.25,12.49,14.49,14.37,14.59,17.03,16.92,17.16,20241,12738,730
2024,2024.04,1,Ganze Stadt,3,Bestand Mietverträge 3-10 Jahre,9,"2 , 3  und 4 Zimmer",1,Gemeinnützig,2,Quadratmeter,1,netto,16.05,15.95,16.15,13.28,13.16,13.36,15.35,15.26,15.51,18.1,17.92,18.25,20371,13084,706
2022,2022.04,1,Ganze Stadt,3,Bestand Mietverträge 3-10 Jahre,2,2 Zimmer,2,Nicht gemeinnützig,2,Quadratmeter,1,netto,27.82,27.37,28.27,22.68,21.96,23.21,26.7,26.2,27.5,32.17,31.31,33.11,15161,2775,535
2024,2024.04,1,Ganze Stadt,3,Bestand Mietverträge 3-10 Jahre,2,2 Zimmer,2,Nicht gemeinnützig,2,Quadratmeter,1,netto,30.19,29.83,30.54,24.73,24.04,25.32,29.36,28.89,29.83,34.59,33.86,35.16,16066,3290,812
2022,2022.04,1,Ganze Stadt,3,Bestand Mietverträge 3-10 Jahre,3,3 Zimmer,2,Nicht gemeinnützig,2,Quadratmeter,1,netto,25.1,24.67,25.53,20.36,19.75,20.91,23.79,23.23,24.65,28.72,28.08,29.48,22161,3828,515
2024,2024.04,1,Ganze Stadt,3,Bestand Mietverträge 3-10 Jahre,3,3 Zimmer,2,Nicht gemeinnützig,2,Quadratmeter,1,netto,27.05,26.71,27.39,22.27,21.85,22.66,26.29,25.88,26.63,30.81,30.21,31.54,22671,4061,817
2022,2022.04,1,Ganze Stadt,3,Bestand Mietverträge 3-10 Jahre,4,4 Zimmer,2,Nicht gemeinnützig,2,Quadratmeter,1,netto,23.98,23.53,24.43,19.57,18.95,20.06,22.87,22.38,23.48,27.92,27.11,28.57,10940,1893,432
2024,2024.04,1,Ganze Stadt,3,Bestand Mietverträge 3-10 Jahre,4,4 Zimmer,2,Nicht gemeinnützig,2,Quadratmeter,1,netto,25.57,25.17,25.96,20.98,20.49,21.36,24.65,24.06,25.13,29.52,29.17,30.11,11081,2088,653
2022,2022.04,1,Ganze Stadt,3,Bestand Mietverträge 3-10 Jahre,9,"2 , 3  und 4 Zimmer",2,Nicht gemeinnützig,2,Quadratmeter,1,netto,25.7,25.43,25.97,20.7,20.34,21.07,24.68,24.24,25.0,29.85,29.33,30.38,48262,8496,1482
2024,2024.04,1,Ganze Stadt,3,Bestand Mietverträge 3-10 Jahre,9,"2 , 3  und 4 Zimmer",2,Nicht gemeinnützig,2,Quadratmeter,1,netto,27.73,27.52,27.95,22.52,22.24,22.73,26.83,26.59,27.08,32.0,31.71,32.39,49818,9439,2282
2022,2022.04,1,Ganze Stadt,4,Bestand Mietverträge 11-20 Jahre,2,2 Zimmer,1,Gemeinnützig,2,Quadratmeter,1,netto,15.2,14.97,15.42,12.79,12.42,13.09,14.93,14.63,15.14,16.76,16.44,17.35,2294,1550,107
2024,2024.04,1,Ganze Stadt,4,Bestand Mietverträge 11-20 Jahre,2,2 Zimmer,1,Gemeinnützig,2,Quadratmeter,1,netto,16.47,16.12,16.81,13.74,13.36,14.14,15.97,15.8,16.23,18.48,18.05,19.06,2381,1626,89
2022,2022.04,1,Ganze Stadt,4,Bestand Mietverträge 11-20 Jahre,3,3 Zimmer,1,Gemeinnützig,2,Quadratmeter,1,netto,13.77,13.56,13.97,11.63,11.44,11.85,13.28,13.05,13.39,15.24,14.86,15.73,4946,3236,152
2024,2024.04,1,Ganze Stadt,4,Bestand Mietverträge 11-20 Jahre,3,3 Zimmer,1,Gemeinnützig,2,Quadratmeter,1,netto,14.8,14.63,14.97,12.72,12.5,12.94,14.47,14.35,14.73,16.62,16.28,16.87,5073,3394,132
2022,2022.04,1,Ganze Stadt,4,Bestand Mietverträge 11-20 Jahre,4,4 Zimmer,1,Gemeinnützig,2,Quadratmeter,1,netto,13.63,13.48,13.79,11.97,11.76,12.2,13.53,13.42,13.66,15.11,14.82,15.31,3935,2596,145
2024,2024.04,1,Ganze Stadt,4,Bestand Mietverträge 11-20 Jahre,4,4 Zimmer,1,Gemeinnützig,2,Quadratmeter,1,netto,14.77,14.56,14.97,12.84,12.68,13.01,14.45,14.36,14.63,16.23,15.96,16.58,4218,2837,154
2022,2022.04,1,Ganze Stadt,4,Bestand Mietverträge 11-20 Jahre,9,"2 , 3  und 4 Zimmer",1,Gemeinnützig,2,Quadratmeter,1,netto,14.01,13.9,14.12,11.92,11.82,12.05,13.59,13.48,13.69,15.68,15.43,15.83,11175,7382,404
2024,2024.04,1,Ganze Stadt,4,Bestand Mietverträge 11-20 Jahre,9,"2 , 3  und 4 Zimmer",1,Gemeinnützig,2,Quadratmeter,1,netto,15.13,15.0,15.25,12.94,12.83,13.09,14.7,14.58,14.8,16.84,16.68,17.01,11672,7857,375
2022,2022.04,1,Ganze Stadt,4,Bestand Mietverträge 11-20 Jahre,2,2 Zimmer,2,Nicht gemeinnützig,2,Quadratmeter,1,netto,23.35,22.2,24.5,19.23,18.22,20.09,22.06,21.57,23.0,25.83,24.49,27.03,4488,793,142
2024,2024.04,1,Ganze Stadt,4,Bestand Mietverträge 11-20 Jahre,2,2 Zimmer,2,Nicht gemeinnützig,2,Quadratmeter,1,netto,24.11,23.6,24.61,19.86,18.91,21.07,23.5,22.57,24.02,26.98,26.43,27.86,4342,887,207
2022,2022.04,1,Ganze Stadt,4,Bestand Mietverträge 11-20 Jahre,3,3 Zimmer,2,Nicht gemeinnützig,2,Quadratmeter,1,netto,20.49,19.89,21.09,17.26,16.91,17.86,20.12,19.21,20.94,22.81,22.16,23.69,7756,1401,194
2024,2024.04,1,Ganze Stadt,4,Bestand Mietverträge 11-20 Jahre,3,3 Zimmer,2,Nicht gemeinnützig,2,Quadratmeter,1,netto,22.09,21.55,22.62,18.4,17.86,18.97,21.13,20.58,21.87,24.74,23.89,25.38,7525,1396,266
2022,2022.04,1,Ganze Stadt,4,Bestand Mietverträge 11-20 Jahre,4,4 Zimmer,2,Nicht gemeinnützig,2,Quadratmeter,1,netto,20.27,19.67,20.86,16.92,16.58,17.53,19.35,18.6,19.9,22.0,21.24,23.36,4670,894,182
2024,2024.04,1,Ganze Stadt,4,Bestand Mietverträge 11-20 Jahre,4,4 Zimmer,2,Nicht gemeinnützig,2,Quadratmeter,1,netto,20.93,20.43,21.43,17.66,17.19,18.08,20.23,19.7,20.68,23.78,22.86,24.46,4719,943,249
2022,2022.04,1,Ganze Stadt,4,Bestand Mietverträge 11-20 Jahre,9,"2 , 3  und 4 Zimmer",2,Nicht gemeinnützig,2,Quadratmeter,1,netto,21.19,20.75,21.62,17.49,17.09,17.9,20.52,20.0,20.9,23.47,23.13,23.92,16914,3088,518
2024,2024.04,1,Ganze Stadt,4,Bestand Mietverträge 11-20 Jahre,9,"2 , 3  und 4 Zimmer",2,Nicht gemeinnützig,2,Quadratmeter,1,netto,22.28,21.97,22.59,18.34,17.99,18.68,21.43,21.08,21.84,25.02,24.68,25.54,16586,3226,722
2022,2022.04,1,Ganze Stadt,5,Bestand Mietverträge über 20 Jahre,2,2 Zimmer,1,Gemeinnützig,2,Quadratmeter,1,netto,14.82,14.56,15.08,12.42,12.1,12.58,14.0,13.82,14.34,16.82,16.15,17.24,1574,1021,52
2024,2024.04,1,Ganze Stadt,5,Bestand Mietverträge über 20 Jahre,2,2 Zimmer,1,Gemeinnützig,2,Quadratmeter,1,netto,15.75,15.45,16.06,13.49,13.25,13.66,15.67,15.25,16.02,18.22,17.64,18.8,1595,1067,60
2022,2022.04,1,Ganze Stadt,5,Bestand Mietverträge über 20 Jahre,3,3 Zimmer,1,Gemeinnützig,2,Quadratmeter,1,netto,13.07,12.88,13.26,11.24,11.1,11.48,12.79,12.58,12.97,14.48,14.29,14.86,4577,2890,97
2024,2024.04,1,Ganze Stadt,5,Bestand Mietverträge über 20 Jahre,3,3 Zimmer,1,Gemeinnützig,2,Quadratmeter,1,netto,13.94,13.74,14.14,12.04,11.78,12.32,13.74,13.52,13.85,15.32,15.03,15.68,4410,2864,117
2022,2022.04,1,Ganze Stadt,5,Bestand Mietverträge über 20 Jahre,4,4 Zimmer,1,Gemeinnützig,2,Quadratmeter,1,netto,12.79,12.61,12.97,11.01,10.73,11.2,12.68,12.45,12.82,14.17,13.94,14.54,2849,1700,155
2024,2024.04,1,Ganze Stadt,5,Bestand Mietverträge über 20 Jahre,4,4 Zimmer,1,Gemeinnützig,2,Quadratmeter,1,netto,13.79,13.53,14.05,11.94,11.76,12.15,13.41,13.26,13.63,15.14,14.81,15.68,2807,1740,128
2022,2022.04,1,Ganze Stadt,5,Bestand Mietverträge über 20 Jahre,9,"2 , 3  und 4 Zimmer",1,Gemeinnützig,2,Quadratmeter,1,netto,13.29,13.17,13.41,11.32,11.18,11.49,12.92,12.79,13.04,14.79,14.54,15.0,9000,5611,304
2024,2024.04,1,Ganze Stadt,5,Bestand Mietverträge über 20 Jahre,9,"2 , 3  und 4 Zimmer",1,Gemeinnützig,2,Quadratmeter,1,netto,14.22,14.08,14.36,12.19,12.05,12.37,13.82,13.71,13.97,15.93,15.68,16.06,8812,5671,305
2022,2022.04,1,Ganze Stadt,5,Bestand Mietverträge über 20 Jahre,2,2 Zimmer,2,Nicht gemeinnützig,2,Quadratmeter,1,netto,20.67,19.86,21.48,16.77,15.86,17.71,20.19,18.9,21.47,23.88,22.97,25.0,3601,668,127
2024,2024.04,1,Ganze Stadt,5,Bestand Mietverträge über 20 Jahre,2,2 Zimmer,2,Nicht gemeinnützig,2,Quadratmeter,1,netto,21.31,20.55,22.06,17.63,16.89,18.2,20.26,19.4,21.2,24.32,23.57,25.54,3373,664,168
2022,2022.04,1,Ganze Stadt,5,Bestand Mietverträge über 20 Jahre,3,3 Zimmer,2,Nicht gemeinnützig,2,Quadratmeter,1,netto,17.93,17.24,18.62,14.26,13.67,15.08,17.19,16.63,18.06,20.11,19.52,21.19,6856,1234,178
2024,2024.04,1,Ganze Stadt,5,Bestand Mietverträge über 20 Jahre,3,3 Zimmer,2,Nicht gemeinnützig,2,Quadratmeter,1,netto,18.43,17.88,18.98,15.34,14.96,16.11,18.05,17.73,18.67,21.39,20.31,22.1,6413,1174,238
2022,2022.04,1,Ganze Stadt,5,Bestand Mietverträge über 20 Jahre,4,4 Zimmer,2,Nicht gemeinnützig,2,Quadratmeter,1,netto,17.5,16.82,18.19,13.88,13.39,14.67,16.7,16.24,17.3,19.61,18.64,20.48,4327,706,179
2024,2024.04,1,Ganze Stadt,5,Bestand Mietverträge über 20 Jahre,4,4 Zimmer,2,Nicht gemeinnützig,2,Quadratmeter,1,netto,18.16,17.65,18.67,15.04,14.76,15.66,17.28,16.94,17.86,20.57,19.87,21.43,4052,680,238
2022,2022.04,1,Ganze Stadt,5,Bestand Mietverträge über 20 Jahre,9,"2 , 3  und 4 Zimmer",2,Nicht gemeinnützig,2,Quadratmeter,1,netto,18.47,18.07,18.88,14.7,14.21,15.17,17.65,17.19,18.1,21.27,20.3,21.92,14784,2608,484
2024,2024.04,1,Ganze Stadt,5,Bestand Mietverträge über 20 Jahre,9,"2 , 3  und 4 Zimmer",2,Nicht gemeinnützig,2,Quadratmeter,1,netto,19.05,18.7,19.4,15.8,15.34,16.18,18.39,18.02,18.77,22.07,21.47,22.69,13838,2518,644
2022,2022.04,1,Ganze Stadt,0,Ganze Stadt,2,2 Zimmer,1,Gemeinnützig,1,Wohnung,2,brutto,1055.0,1046.0,1063.0,829.0,819.0,834.0,1000.0,986.0,1013.0,1212.0,1200.0,1225.0,11106,7184,492
2024,2024.04,1,Ganze Stadt,0,Ganze Stadt,2,2 Zimmer,1,Gemeinnützig,1,Wohnung,2,brutto,1134.0,1124.0,1143.0,907.0,897.0,916.0,1087.0,1077.0,1102.0,1288.0,1274.0,1305.0,11437,7442,463
2022,2022.04,1,Ganze Stadt,0,Ganze Stadt,3,3 Zimmer,1,Gemeinnützig,1,Wohnung,2,brutto,1181.0,1172.0,1190.0,919.0,913.0,927.0,1101.0,1093.0,1113.0,1369.0,1359.0,1380.0,22955,14636,597
2024,2024.04,1,Ganze Stadt,0,Ganze Stadt,3,3 Zimmer,1,Gemeinnützig,1,Wohnung,2,brutto,1268.0,1262.0,1275.0,1015.0,1007.0,1022.0,1196.0,1188.0,1207.0,1465.0,1452.0,1482.0,23071,15117,620
2022,2022.04,1,Ganze Stadt,0,Ganze Stadt,4,4 Zimmer,1,Gemeinnützig,1,Wohnung,2,brutto,1517.0,1509.0,1526.0,1208.0,1191.0,1227.0,1469.0,1450.0,1483.0,1777.0,1763.0,1795.0,14925,9288,606
2024,2024.04,1,Ganze Stadt,0,Ganze Stadt,4,4 Zimmer,1,Gemeinnützig,1,Wohnung,2,brutto,1636.0,1625.0,1648.0,1327.0,1311.0,1341.0,1601.0,1581.0,1617.0,1870.0,1862.0,1890.0,14957,9495,581
2022,2022.04,1,Ganze Stadt,0,Ganze Stadt,2,2 Zimmer,2,Nicht gemeinnützig,1,Wohnung,2,brutto,1749.0,1730.0,1768.0,1378.0,1360.0,1400.0,1639.0,1602.0,1658.0,2020.0,1980.0,2060.0,35586,6361,1250
2024,2024.04,1,Ganze Stadt,0,Ganze Stadt,2,2 Zimmer,2,Nicht gemeinnützig,1,Wohnung,2,brutto,1875.0,1861.0,1890.0,1483.0,1460.0,1495.0,1753.0,1740.0,1775.0,2180.0,2163.0,2209.0,35728,7659,1825
2022,2022.04,1,Ganze Stadt,0,Ganze Stadt,3,3 Zimmer,2,Nicht gemeinnützig,1,Wohnung,2,brutto,2062.0,2039.0,2085.0,1585.0,1560.0,1610.0,1920.0,1890.0,1950.0,2418.0,2370.0,2470.0,51225,8720,1311
2024,2024.04,1,Ganze Stadt,0,Ganze Stadt,3,3 Zimmer,2,Nicht gemeinnützig,1,Wohnung,2,brutto,2221.0,2202.0,2239.0,1692.0,1670.0,1712.0,2085.0,2055.0,2110.0,2618.0,2590.0,2661.0,50539,9673,1881
2022,2022.04,1,Ganze Stadt,0,Ganze Stadt,4,4 Zimmer,2,Nicht gemeinnützig,1,Wohnung,2,brutto,2568.0,2536.0,2601.0,1920.0,1887.0,1956.0,2400.0,2367.0,2467.0,3008.0,2950.0,3100.0,25972,4563,1107
2024,2024.04,1,Ganze Stadt,0,Ganze Stadt,4,4 Zimmer,2,Nicht gemeinnützig,1,Wohnung,2,brutto,2727.0,2699.0,2756.0,2042.0,2007.0,2077.0,2585.0,2530.0,2610.0,3250.0,3200.0,3298.0,25502,4969,1564
2022,2022.04,1,Ganze Stadt,1,Neubau bis 2 Jahre,2,2 Zimmer,1,Gemeinnützig,1,Wohnung,2,brutto,1343.0,1304.0,1382.0,1133.0,1092.0,1180.0,1255.0,1214.0,1310.0,1473.0,1377.0,1563.0,420,280,20
2024,2024.04,1,Ganze Stadt,1,Neubau bis 2 Jahre,2,2 Zimmer,1,Gemeinnützig,1,Wohnung,2,brutto,1343.0,1301.0,1385.0,1160.0,1143.0,1193.0,1268.0,1202.0,1298.0,1510.0,1321.0,1558.0,372,159,13
2022,2022.04,1,Ganze Stadt,1,Neubau bis 2 Jahre,3,3 Zimmer,1,Gemeinnützig,1,Wohnung,2,brutto,1545.0,1488.0,1602.0,1364.0,1298.0,1448.0,1502.0,1495.0,1614.0,1640.0,1616.0,1690.0,607,360,12
2024,2024.04,1,Ganze Stadt,1,Neubau bis 2 Jahre,3,3 Zimmer,1,Gemeinnützig,1,Wohnung,2,brutto,1636.0,1598.0,1674.0,1453.0,1432.0,1510.0,1565.0,1548.0,1615.0,1805.0,1680.0,1911.0,446,234,15
2022,2022.04,1,Ganze Stadt,1,Neubau bis 2 Jahre,4,4 Zimmer,1,Gemeinnützig,1,Wohnung,2,brutto,1808.0,1741.0,1874.0,1514.0,1410.0,1627.0,1738.0,1685.0,1777.0,1938.0,1892.0,1984.0,532,304,12
2024,2024.04,1,Ganze Stadt,1,Neubau bis 2 Jahre,4,4 Zimmer,1,Gemeinnützig,1,Wohnung,2,brutto,1922.0,1886.0,1958.0,1652.0,1614.0,1656.0,1893.0,1837.0,1906.0,2105.0,2013.0,2137.0,372,234,4
2022,2022.04,1,Ganze Stadt,1,Neubau bis 2 Jahre,2,2 Zimmer,2,Nicht gemeinnützig,1,Wohnung,2,brutto,2272.0,2176.0,2367.0,2014.0,1950.0,2168.0,2233.0,2167.0,2417.0,2481.0,2294.0,2680.0,1078,208,36
2024,2024.04,1,Ganze Stadt,1,Neubau bis 2 Jahre,2,2 Zimmer,2,Nicht gemeinnützig,1,Wohnung,2,brutto,2569.0,2460.0,2678.0,2270.0,2175.0,2360.0,2565.0,2431.0,2679.0,2877.0,2767.0,2993.0,1123,193,39
2022,2022.04,1,Ganze Stadt,1,Neubau bis 2 Jahre,3,3 Zimmer,2,Nicht gemeinnützig,1,Wohnung,2,brutto,3078.0,2873.0,3283.0,2750.0,2389.0,2979.0,3060.0,2862.0,3260.0,3440.0,3250.0,3714.0,1055,133,26
2024,2024.04,1,Ganze Stadt,1,Neubau bis 2 Jahre,3,3 Zimmer,2,Nicht gemeinnützig,1,Wohnung,2,brutto,3095.0,2962.0,3228.0,2850.0,2670.0,2900.0,3050.0,2908.0,3218.0,3351.0,3219.0,3597.0,1248,257,44
2022,2022.04,1,Ganze Stadt,1,Neubau bis 2 Jahre,4,4 Zimmer,2,Nicht gemeinnützig,1,Wohnung,2,brutto,3682.0,3552.0,3811.0,3374.0,3160.0,3571.0,3671.0,3496.0,3801.0,3845.0,3764.0,3978.0,617,144,21
2024,2024.04,1,Ganze Stadt,1,Neubau bis 2 Jahre,4,4 Zimmer,2,Nicht gemeinnützig,1,Wohnung,2,brutto,3822.0,3633.0,4010.0,3644.0,2949.0,3771.0,3775.0,3702.0,3864.0,4062.0,3813.0,4810.0,508,62,26
2022,2022.04,1,Ganze Stadt,2,Neubezug bis 2 Jahre,2,2 Zimmer,1,Gemeinnützig,1,Wohnung,2,brutto,1058.0,1038.0,1079.0,808.0,793.0,835.0,980.0,954.0,1026.0,1220.0,1191.0,1271.0,1924,1179,104
2024,2024.04,1,Ganze Stadt,2,Neubezug bis 2 Jahre,2,2 Zimmer,1,Gemeinnützig,1,Wohnung,2,brutto,1130.0,1110.0,1149.0,871.0,849.0,900.0,1045.0,1017.0,1101.0,1273.0,1258.0,1323.0,1976,1262,83
2022,2022.04,1,Ganze Stadt,2,Neubezug bis 2 Jahre,3,3 Zimmer,1,Gemeinnützig,1,Wohnung,2,brutto,1173.0,1140.0,1205.0,884.0,868.0,908.0,1069.0,1054.0,1103.0,1363.0,1332.0,1400.0,3520,2211,74
2024,2024.04,1,Ganze Stadt,2,Neubezug bis 2 Jahre,3,3 Zimmer,1,Gemeinnützig,1,Wohnung,2,brutto,1249.0,1231.0,1268.0,960.0,942.0,978.0,1132.0,1111.0,1160.0,1485.0,1444.0,1528.0,3779,2516,94
2022,2022.04,1,Ganze Stadt,2,Neubezug bis 2 Jahre,4,4 Zimmer,1,Gemeinnützig,1,Wohnung,2,brutto,1505.0,1481.0,1529.0,1136.0,1111.0,1180.0,1401.0,1379.0,1433.0,1788.0,1720.0,1874.0,1567,944,47
2024,2024.04,1,Ganze Stadt,2,Neubezug bis 2 Jahre,4,4 Zimmer,1,Gemeinnützig,1,Wohnung,2,brutto,1634.0,1598.0,1670.0,1289.0,1251.0,1329.0,1532.0,1485.0,1635.0,1890.0,1814.0,2035.0,1665,1027,66
2022,2022.04,1,Ganze Stadt,2,Neubezug bis 2 Jahre,2,2 Zimmer,2,Nicht gemeinnützig,1,Wohnung,2,brutto,1900.0,1867.0,1934.0,1550.0,1530.0,1590.0,1785.0,1728.0,1838.0,2210.0,2133.0,2299.0,11258,1902,384
2024,2024.04,1,Ganze Stadt,2,Neubezug bis 2 Jahre,2,2 Zimmer,2,Nicht gemeinnützig,1,Wohnung,2,brutto,2008.0,1980.0,2037.0,1590.0,1555.0,1635.0,1910.0,1847.0,1953.0,2304.0,2246.0,2367.0,10824,2303,571
2022,2022.04,1,Ganze Stadt,2,Neubezug bis 2 Jahre,3,3 Zimmer,2,Nicht gemeinnützig,1,Wohnung,2,brutto,2243.0,2193.0,2293.0,1767.0,1706.0,1802.0,2135.0,2063.0,2192.0,2618.0,2515.0,2690.0,13397,2114,360
2024,2024.04,1,Ganze Stadt,2,Neubezug bis 2 Jahre,3,3 Zimmer,2,Nicht gemeinnützig,1,Wohnung,2,brutto,2421.0,2383.0,2459.0,1930.0,1841.0,1980.0,2295.0,2235.0,2354.0,2767.0,2690.0,2870.0,12682,2368,481
2022,2022.04,1,Ganze Stadt,2,Neubezug bis 2 Jahre,4,4 Zimmer,2,Nicht gemeinnützig,1,Wohnung,2,brutto,2818.0,2737.0,2898.0,2143.0,2035.0,2210.0,2660.0,2540.0,2800.0,3327.0,3230.0,3461.0,5418,916,251
2024,2024.04,1,Ganze Stadt,2,Neubezug bis 2 Jahre,4,4 Zimmer,2,Nicht gemeinnützig,1,Wohnung,2,brutto,2994.0,2916.0,3072.0,2300.0,2253.0,2375.0,2811.0,2756.0,2948.0,3480.0,3395.0,3645.0,5142,952,358
2022,2022.04,1,Ganze Stadt,3,Bestand Mietverträge 3-10 Jahre,2,2 Zimmer,1,Gemeinnützig,1,Wohnung,2,brutto,1092.0,1076.0,1107.0,855.0,842.0,871.0,1029.0,1018.0,1047.0,1264.0,1242.0,1290.0,4894,3135,208
2024,2024.04,1,Ganze Stadt,3,Bestand Mietverträge 3-10 Jahre,2,2 Zimmer,1,Gemeinnützig,1,Wohnung,2,brutto,1178.0,1163.0,1194.0,945.0,931.0,961.0,1127.0,1114.0,1142.0,1339.0,1311.0,1355.0,5113,3310,215
2022,2022.04,1,Ganze Stadt,3,Bestand Mietverträge 3-10 Jahre,3,3 Zimmer,1,Gemeinnützig,1,Wohnung,2,brutto,1236.0,1222.0,1251.0,938.0,922.0,950.0,1150.0,1133.0,1166.0,1453.0,1426.0,1480.0,9305,5907,260
2024,2024.04,1,Ganze Stadt,3,Bestand Mietverträge 3-10 Jahre,3,3 Zimmer,1,Gemeinnützig,1,Wohnung,2,brutto,1319.0,1309.0,1330.0,1041.0,1022.0,1062.0,1249.0,1235.0,1268.0,1528.0,1499.0,1548.0,9363,6089,260
2022,2022.04,1,Ganze Stadt,3,Bestand Mietverträge 3-10 Jahre,4,4 Zimmer,1,Gemeinnützig,1,Wohnung,2,brutto,1603.0,1588.0,1618.0,1256.0,1235.0,1281.0,1605.0,1578.0,1636.0,1883.0,1871.0,1905.0,6042,3712,239
2024,2024.04,1,Ganze Stadt,3,Bestand Mietverträge 3-10 Jahre,4,4 Zimmer,1,Gemeinnützig,1,Wohnung,2,brutto,1707.0,1690.0,1724.0,1397.0,1375.0,1413.0,1681.0,1656.0,1703.0,1957.0,1923.0,1974.0,5895,3634,228
2022,2022.04,1,Ganze Stadt,3,Bestand Mietverträge 3-10 Jahre,2,2 Zimmer,2,Nicht gemeinnützig,1,Wohnung,2,brutto,1776.0,1747.0,1806.0,1440.0,1403.0,1480.0,1670.0,1648.0,1720.0,1986.0,1948.0,2050.0,15161,2787,556
2024,2024.04,1,Ganze Stadt,3,Bestand Mietverträge 3-10 Jahre,2,2 Zimmer,2,Nicht gemeinnützig,1,Wohnung,2,brutto,1930.0,1909.0,1951.0,1546.0,1524.0,1566.0,1804.0,1781.0,1845.0,2212.0,2179.0,2264.0,16066,3467,830
2022,2022.04,1,Ganze Stadt,3,Bestand Mietverträge 3-10 Jahre,3,3 Zimmer,2,Nicht gemeinnützig,1,Wohnung,2,brutto,2171.0,2136.0,2206.0,1695.0,1666.0,1738.0,1990.0,1964.0,2031.0,2515.0,2468.0,2580.0,22161,3835,538
2024,2024.04,1,Ganze Stadt,3,Bestand Mietverträge 3-10 Jahre,3,3 Zimmer,2,Nicht gemeinnützig,1,Wohnung,2,brutto,2336.0,2308.0,2365.0,1820.0,1800.0,1849.0,2200.0,2150.0,2240.0,2720.0,2684.0,2755.0,22671,4267,837
2022,2022.04,1,Ganze Stadt,3,Bestand Mietverträge 3-10 Jahre,4,4 Zimmer,2,Nicht gemeinnützig,1,Wohnung,2,brutto,2733.0,2680.0,2787.0,2115.0,2056.0,2174.0,2570.0,2515.0,2625.0,3125.0,3025.0,3200.0,10940,1898,457
2024,2024.04,1,Ganze Stadt,3,Bestand Mietverträge 3-10 Jahre,4,4 Zimmer,2,Nicht gemeinnützig,1,Wohnung,2,brutto,2917.0,2877.0,2956.0,2285.0,2239.0,2350.0,2768.0,2717.0,2825.0,3401.0,3323.0,3465.0,11081,2196,679
2022,2022.04,1,Ganze Stadt,4,Bestand Mietverträge 11-20 Jahre,2,2 Zimmer,1,Gemeinnützig,1,Wohnung,2,brutto,993.0,979.0,1007.0,813.0,798.0,829.0,944.0,926.0,969.0,1141.0,1106.0,1170.0,2294,1554,107
2024,2024.04,1,Ganze Stadt,4,Bestand Mietverträge 11-20 Jahre,2,2 Zimmer,1,Gemeinnützig,1,Wohnung,2,brutto,1084.0,1062.0,1107.0,886.0,868.0,914.0,1049.0,1019.0,1064.0,1236.0,1216.0,1267.0,2381,1626,90
2022,2022.04,1,Ganze Stadt,4,Bestand Mietverträge 11-20 Jahre,3,3 Zimmer,1,Gemeinnützig,1,Wohnung,2,brutto,1150.0,1135.0,1166.0,915.0,894.0,938.0,1092.0,1062.0,1108.0,1337.0,1308.0,1360.0,4946,3249,151
2024,2024.04,1,Ganze Stadt,4,Bestand Mietverträge 11-20 Jahre,3,3 Zimmer,1,Gemeinnützig,1,Wohnung,2,brutto,1261.0,1248.0,1273.0,1023.0,1013.0,1043.0,1211.0,1186.0,1228.0,1477.0,1458.0,1507.0,5073,3399,133
2022,2022.04,1,Ganze Stadt,4,Bestand Mietverträge 11-20 Jahre,4,4 Zimmer,1,Gemeinnützig,1,Wohnung,2,brutto,1494.0,1480.0,1507.0,1244.0,1223.0,1269.0,1475.0,1459.0,1493.0,1709.0,1691.0,1728.0,3935,2610,149
2024,2024.04,1,Ganze Stadt,4,Bestand Mietverträge 11-20 Jahre,4,4 Zimmer,1,Gemeinnützig,1,Wohnung,2,brutto,1641.0,1621.0,1662.0,1349.0,1318.0,1372.0,1638.0,1611.0,1663.0,1862.0,1844.0,1875.0,4218,2846,154
2022,2022.04,1,Ganze Stadt,4,Bestand Mietverträge 11-20 Jahre,2,2 Zimmer,2,Nicht gemeinnützig,1,Wohnung,2,brutto,1475.0,1412.0,1538.0,1264.0,1200.0,1296.0,1389.0,1336.0,1436.0,1603.0,1521.0,1674.0,4488,794,146
2024,2024.04,1,Ganze Stadt,4,Bestand Mietverträge 11-20 Jahre,2,2 Zimmer,2,Nicht gemeinnützig,1,Wohnung,2,brutto,1551.0,1518.0,1584.0,1297.0,1265.0,1361.0,1513.0,1469.0,1557.0,1704.0,1649.0,1780.0,4342,968,213
2022,2022.04,1,Ganze Stadt,4,Bestand Mietverträge 11-20 Jahre,3,3 Zimmer,2,Nicht gemeinnützig,1,Wohnung,2,brutto,1780.0,1736.0,1823.0,1459.0,1432.0,1505.0,1690.0,1615.0,1734.0,1993.0,1920.0,2069.0,7756,1403,201
2024,2024.04,1,Ganze Stadt,4,Bestand Mietverträge 11-20 Jahre,3,3 Zimmer,2,Nicht gemeinnützig,1,Wohnung,2,brutto,1931.0,1888.0,1974.0,1535.0,1521.0,1624.0,1805.0,1746.0,1871.0,2180.0,2121.0,2220.0,7525,1495,276
2022,2022.04,1,Ganze Stadt,4,Bestand Mietverträge 11-20 Jahre,4,4 Zimmer,2,Nicht gemeinnützig,1,Wohnung,2,brutto,2319.0,2259.0,2378.0,1844.0,1786.0,1895.0,2215.0,2132.0,2290.0,2593.0,2510.0,2699.0,4670,898,188
2024,2024.04,1,Ganze Stadt,4,Bestand Mietverträge 11-20 Jahre,4,4 Zimmer,2,Nicht gemeinnützig,1,Wohnung,2,brutto,2457.0,2397.0,2517.0,1887.0,1866.0,1921.0,2345.0,2257.0,2421.0,2779.0,2714.0,2853.0,4719,1020,256
2022,2022.04,1,Ganze Stadt,5,Bestand Mietverträge über 20 Jahre,2,2 Zimmer,1,Gemeinnützig,1,Wohnung,2,brutto,949.0,929.0,970.0,777.0,746.0,797.0,914.0,885.0,934.0,1078.0,1058.0,1123.0,1574,1036,53
2024,2024.04,1,Ganze Stadt,5,Bestand Mietverträge über 20 Jahre,2,2 Zimmer,1,Gemeinnützig,1,Wohnung,2,brutto,1022.0,1000.0,1044.0,857.0,838.0,875.0,1008.0,978.0,1026.0,1167.0,1135.0,1218.0,1595,1085,62
2022,2022.04,1,Ganze Stadt,5,Bestand Mietverträge über 20 Jahre,3,3 Zimmer,1,Gemeinnützig,1,Wohnung,2,brutto,1058.0,1043.0,1074.0,899.0,887.0,919.0,1039.0,1022.0,1062.0,1184.0,1163.0,1210.0,4577,2909,100
2024,2024.04,1,Ganze Stadt,5,Bestand Mietverträge über 20 Jahre,3,3 Zimmer,1,Gemeinnützig,1,Wohnung,2,brutto,1147.0,1131.0,1163.0,986.0,963.0,1009.0,1131.0,1101.0,1149.0,1268.0,1258.0,1295.0,4410,2879,118
2022,2022.04,1,Ganze Stadt,5,Bestand Mietverträge über 20 Jahre,4,4 Zimmer,1,Gemeinnützig,1,Wohnung,2,brutto,1319.0,1303.0,1336.0,1107.0,1079.0,1129.0,1286.0,1265.0,1305.0,1484.0,1443.0,1524.0,2849,1718,159
2024,2024.04,1,Ganze Stadt,5,Bestand Mietverträge über 20 Jahre,4,4 Zimmer,1,Gemeinnützig,1,Wohnung,2,brutto,1445.0,1418.0,1472.0,1207.0,1160.0,1231.0,1406.0,1379.0,1425.0,1627.0,1600.0,1667.0,2807,1754,129
2022,2022.04,1,Ganze Stadt,5,Bestand Mietverträge über 20 Jahre,2,2 Zimmer,2,Nicht gemeinnützig,1,Wohnung,2,brutto,1347.0,1287.0,1407.0,1110.0,1069.0,1172.0,1250.0,1204.0,1299.0,1392.0,1345.0,1505.0,3601,670,128
2024,2024.04,1,Ganze Stadt,5,Bestand Mietverträge über 20 Jahre,2,2 Zimmer,2,Nicht gemeinnützig,1,Wohnung,2,brutto,1375.0,1322.0,1428.0,1125.0,1101.0,1155.0,1351.0,1290.0,1387.0,1551.0,1483.0,1628.0,3373,728,172
2022,2022.04,1,Ganze Stadt,5,Bestand Mietverträge über 20 Jahre,3,3 Zimmer,2,Nicht gemeinnützig,1,Wohnung,2,brutto,1521.0,1459.0,1584.0,1216.0,1192.0,1267.0,1436.0,1379.0,1538.0,1685.0,1625.0,1791.0,6856,1235,186
2024,2024.04,1,Ganze Stadt,5,Bestand Mietverträge über 20 Jahre,3,3 Zimmer,2,Nicht gemeinnützig,1,Wohnung,2,brutto,1587.0,1543.0,1631.0,1305.0,1270.0,1358.0,1553.0,1490.0,1600.0,1794.0,1735.0,1868.0,6413,1286,243
2022,2022.04,1,Ganze Stadt,5,Bestand Mietverträge über 20 Jahre,4,4 Zimmer,2,Nicht gemeinnützig,1,Wohnung,2,brutto,1952.0,1887.0,2018.0,1500.0,1450.0,1555.0,1852.0,1738.0,1880.0,2183.0,2113.0,2381.0,4327,707,190
2024,2024.04,1,Ganze Stadt,5,Bestand Mietverträge über 20 Jahre,4,4 Zimmer,2,Nicht gemeinnützig,1,Wohnung,2,brutto,2046.0,1988.0,2104.0,1606.0,1555.0,1656.0,1907.0,1861.0,1966.0,2313.0,2211.0,2428.0,4052,739,245
2022,2022.04,1,Ganze Stadt,0,Ganze Stadt,2,2 Zimmer,1,Gemeinnützig,2,Quadratmeter,2,brutto,18.43,18.28,18.58,15.24,15.09,15.34,17.58,17.39,17.72,20.62,20.37,20.84,11106,7184,492
2024,2024.04,1,Ganze Stadt,0,Ganze Stadt,2,2 Zimmer,1,Gemeinnützig,2,Quadratmeter,2,brutto,19.83,19.68,19.99,16.54,16.37,16.68,19.02,18.85,19.19,22.34,22.0,22.6,11437,7442,463
2022,2022.04,1,Ganze Stadt,0,Ganze Stadt,3,3 Zimmer,1,Gemeinnützig,2,Quadratmeter,2,brutto,16.33,16.21,16.45,13.76,13.67,13.86,15.61,15.51,15.7,18.17,17.97,18.34,22955,14636,597
2024,2024.04,1,Ganze Stadt,0,Ganze Stadt,3,3 Zimmer,1,Gemeinnützig,2,Quadratmeter,2,brutto,17.53,17.44,17.62,15.08,14.98,15.19,16.91,16.81,16.98,19.4,19.22,19.6,23071,15117,620
2022,2022.04,1,Ganze Stadt,0,Ganze Stadt,4,4 Zimmer,1,Gemeinnützig,2,Quadratmeter,2,brutto,15.87,15.77,15.96,13.75,13.67,13.86,15.5,15.41,15.58,17.59,17.38,17.72,14925,9288,606
2024,2024.04,1,Ganze Stadt,0,Ganze Stadt,4,4 Zimmer,1,Gemeinnützig,2,Quadratmeter,2,brutto,17.09,16.98,17.2,14.79,14.72,14.87,16.58,16.44,16.7,18.84,18.71,19.05,14957,9495,581
2022,2022.04,1,Ganze Stadt,0,Ganze Stadt,9,"2 , 3  und 4 Zimmer",1,Gemeinnützig,2,Quadratmeter,2,brutto,16.67,16.59,16.74,14.03,13.98,14.08,15.9,15.85,15.97,18.59,18.49,18.69,48986,31108,1695
2024,2024.04,1,Ganze Stadt,0,Ganze Stadt,9,"2 , 3  und 4 Zimmer",1,Gemeinnützig,2,Quadratmeter,2,brutto,17.93,17.86,18.0,15.24,15.17,15.3,17.24,17.15,17.33,19.9,19.82,20.03,49465,32054,1664
2022,2022.04,1,Ganze Stadt,0,Ganze Stadt,2,2 Zimmer,2,Nicht gemeinnützig,2,Quadratmeter,2,brutto,30.6,30.28,30.92,24.52,24.17,25.09,29.46,29.1,29.77,35.38,34.72,35.93,35586,6361,1250
2024,2024.04,1,Ganze Stadt,0,Ganze Stadt,2,2 Zimmer,2,Nicht gemeinnützig,2,Quadratmeter,2,brutto,32.71,32.47,32.95,26.27,25.85,26.61,31.6,31.35,31.88,37.82,37.38,38.22,35728,7659,1825
2022,2022.04,1,Ganze Stadt,0,Ganze Stadt,3,3 Zimmer,2,Nicht gemeinnützig,2,Quadratmeter,2,brutto,26.64,26.35,26.94,21.75,21.33,22.02,25.61,25.28,25.95,30.78,30.29,31.25,51225,8720,1311
2024,2024.04,1,Ganze Stadt,0,Ganze Stadt,3,3 Zimmer,2,Nicht gemeinnützig,2,Quadratmeter,2,brutto,28.59,28.36,28.83,23.0,22.7,23.28,27.92,27.58,28.2,33.04,32.6,33.52,50539,9673,1881
2022,2022.04,1,Ganze Stadt,0,Ganze Stadt,4,4 Zimmer,2,Nicht gemeinnützig,2,Quadratmeter,2,brutto,25.14,24.84,25.44,20.0,19.8,20.44,24.08,23.66,24.41,29.29,28.92,29.74,25972,4563,1107
2024,2024.04,1,Ganze Stadt,0,Ganze Stadt,4,4 Zimmer,2,Nicht gemeinnützig,2,Quadratmeter,2,brutto,26.61,26.34,26.88,21.35,21.07,21.69,25.46,25.14,25.74,31.19,30.61,31.57,25502,4969,1564
2022,2022.04,1,Ganze Stadt,0,Ganze Stadt,9,"2 , 3  und 4 Zimmer",2,Nicht gemeinnützig,2,Quadratmeter,2,brutto,27.55,27.37,27.73,21.99,21.82,22.21,26.42,26.22,26.63,31.87,31.58,32.13,112783,19644,3668
2024,2024.04,1,Ganze Stadt,0,Ganze Stadt,9,"2 , 3  und 4 Zimmer",2,Nicht gemeinnützig,2,Quadratmeter,2,brutto,29.46,29.31,29.6,23.29,23.13,23.54,28.4,28.24,28.6,34.31,34.08,34.56,111769,22301,5270
2022,2022.04,1,Ganze Stadt,1,Neubau bis 2 Jahre,2,2 Zimmer,1,Gemeinnützig,2,Quadratmeter,2,brutto,21.53,20.86,22.2,17.93,16.89,18.97,20.78,20.04,21.18,24.44,22.43,25.92,420,280,20
2024,2024.04,1,Ganze Stadt,1,Neubau bis 2 Jahre,2,2 Zimmer,1,Gemeinnützig,2,Quadratmeter,2,brutto,22.42,21.74,23.1,19.98,19.4,20.31,21.5,20.66,23.03,24.43,23.03,25.68,372,159,13
2022,2022.04,1,Ganze Stadt,1,Neubau bis 2 Jahre,3,3 Zimmer,1,Gemeinnützig,2,Quadratmeter,2,brutto,18.28,17.59,18.98,15.4,15.17,16.92,17.32,17.0,18.02,18.68,18.34,19.78,607,360,12
2024,2024.04,1,Ganze Stadt,1,Neubau bis 2 Jahre,3,3 Zimmer,1,Gemeinnützig,2,Quadratmeter,2,brutto,20.73,20.26,21.21,18.82,18.41,19.74,20.56,20.29,21.41,22.71,21.54,23.45,446,234,15
2022,2022.04,1,Ganze Stadt,1,Neubau bis 2 Jahre,4,4 Zimmer,1,Gemeinnützig,2,Quadratmeter,2,brutto,17.45,16.75,18.16,14.54,14.15,16.54,16.89,16.5,17.14,18.41,17.5,19.14,532,304,12
2024,2024.04,1,Ganze Stadt,1,Neubau bis 2 Jahre,4,4 Zimmer,1,Gemeinnützig,2,Quadratmeter,2,brutto,19.49,19.07,19.91,16.62,16.36,17.88,19.06,18.6,20.3,21.74,21.25,22.92,372,234,4
2022,2022.04,1,Ganze Stadt,1,Neubau bis 2 Jahre,9,"2 , 3  und 4 Zimmer",1,Gemeinnützig,2,Quadratmeter,2,brutto,18.87,18.46,19.28,15.79,15.28,16.67,17.51,17.3,17.97,20.59,20.0,21.18,1559,944,44
2024,2024.04,1,Ganze Stadt,1,Neubau bis 2 Jahre,9,"2 , 3  und 4 Zimmer",1,Gemeinnützig,2,Quadratmeter,2,brutto,20.87,20.48,21.26,18.82,18.44,19.08,20.45,20.3,21.23,23.05,22.54,23.98,1190,627,32
2022,2022.04,1,Ganze Stadt,1,Neubau bis 2 Jahre,2,2 Zimmer,2,Nicht gemeinnützig,2,Quadratmeter,2,brutto,36.6,35.38,37.81,33.18,31.32,35.66,37.45,35.32,38.31,40.0,38.4,42.85,1078,208,36
2024,2024.04,1,Ganze Stadt,1,Neubau bis 2 Jahre,2,2 Zimmer,2,Nicht gemeinnützig,2,Quadratmeter,2,brutto,41.34,39.51,43.18,37.24,34.87,39.62,41.49,39.85,42.53,46.29,43.36,48.49,1123,193,39
2022,2022.04,1,Ganze Stadt,1,Neubau bis 2 Jahre,3,3 Zimmer,2,Nicht gemeinnützig,2,Quadratmeter,2,brutto,34.81,32.75,36.88,30.52,28.98,33.3,33.53,31.07,36.63,39.54,33.66,40.08,1055,133,26
2024,2024.04,1,Ganze Stadt,1,Neubau bis 2 Jahre,3,3 Zimmer,2,Nicht gemeinnützig,2,Quadratmeter,2,brutto,37.02,35.4,38.64,33.9,32.25,36.54,38.0,36.2,39.86,40.64,39.86,43.35,1248,257,44
2022,2022.04,1,Ganze Stadt,1,Neubau bis 2 Jahre,4,4 Zimmer,2,Nicht gemeinnützig,2,Quadratmeter,2,brutto,33.05,31.84,34.26,30.01,28.71,31.3,32.91,31.1,34.06,35.81,33.7,37.98,617,144,21
2024,2024.04,1,Ganze Stadt,1,Neubau bis 2 Jahre,4,4 Zimmer,2,Nicht gemeinnützig,2,Quadratmeter,2,brutto,34.01,32.27,35.74,32.14,29.17,33.05,33.62,32.44,34.96,37.6,34.84,40.15,508,62,26
2022,2022.04,1,Ganze Stadt,1,Neubau bis 2 Jahre,9,"2 , 3  und 4 Zimmer",2,Nicht gemeinnützig,2,Quadratmeter,2,brutto,35.12,34.15,36.1,30.9,30.07,32.42,34.35,33.35,35.81,38.49,37.77,40.01,2750,485,83
2024,2024.04,1,Ganze Stadt,1,Neubau bis 2 Jahre,9,"2 , 3  und 4 Zimmer",2,Nicht gemeinnützig,2,Quadratmeter,2,brutto,38.18,37.09,39.27,33.88,32.84,34.99,38.59,37.38,39.85,42.1,41.05,44.03,2879,512,109
2022,2022.04,1,Ganze Stadt,2,Neubezug bis 2 Jahre,2,2 Zimmer,1,Gemeinnützig,2,Quadratmeter,2,brutto,18.84,18.49,19.19,15.16,14.84,15.58,17.77,17.3,18.38,21.19,20.66,21.87,1924,1179,104
2024,2024.04,1,Ganze Stadt,2,Neubezug bis 2 Jahre,2,2 Zimmer,1,Gemeinnützig,2,Quadratmeter,2,brutto,20.15,19.78,20.51,16.39,15.96,16.69,18.63,18.41,18.94,22.4,21.64,23.07,1976,1262,83
2022,2022.04,1,Ganze Stadt,2,Neubezug bis 2 Jahre,3,3 Zimmer,1,Gemeinnützig,2,Quadratmeter,2,brutto,16.66,16.24,17.08,13.56,13.3,13.88,15.64,15.37,15.9,19.0,18.41,19.48,3520,2211,74
2024,2024.04,1,Ganze Stadt,2,Neubezug bis 2 Jahre,3,3 Zimmer,1,Gemeinnützig,2,Quadratmeter,2,brutto,17.65,17.39,17.92,14.61,14.37,14.87,16.78,16.56,16.95,19.75,19.31,20.32,3779,2516,94
2022,2022.04,1,Ganze Stadt,2,Neubezug bis 2 Jahre,4,4 Zimmer,1,Gemeinnützig,2,Quadratmeter,2,brutto,15.99,15.73,16.25,13.62,13.23,13.99,15.58,15.2,15.97,17.67,16.95,18.06,1567,944,47
2024,2024.04,1,Ganze Stadt,2,Neubezug bis 2 Jahre,4,4 Zimmer,1,Gemeinnützig,2,Quadratmeter,2,brutto,17.51,17.12,17.89,14.56,14.27,14.86,16.58,16.13,17.16,19.45,18.85,20.6,1665,1027,66
2022,2022.04,1,Ganze Stadt,2,Neubezug bis 2 Jahre,9,"2 , 3  und 4 Zimmer",1,Gemeinnützig,2,Quadratmeter,2,brutto,17.11,16.84,17.38,13.96,13.73,14.18,16.08,15.9,16.31,19.44,19.0,19.72,7011,4334,225
2024,2024.04,1,Ganze Stadt,2,Neubezug bis 2 Jahre,9,"2 , 3  und 4 Zimmer",1,Gemeinnützig,2,Quadratmeter,2,brutto,18.28,18.1,18.47,14.88,14.75,15.11,17.17,16.94,17.52,20.44,20.07,20.75,7420,4805,243
2022,2022.04,1,Ganze Stadt,2,Neubezug bis 2 Jahre,2,2 Zimmer,2,Nicht gemeinnützig,2,Quadratmeter,2,brutto,33.62,33.03,34.21,28.15,27.59,28.62,31.9,31.18,32.53,38.49,37.0,39.34,11258,1902,384
2024,2024.04,1,Ganze Stadt,2,Neubezug bis 2 Jahre,2,2 Zimmer,2,Nicht gemeinnützig,2,Quadratmeter,2,brutto,35.47,34.98,35.96,28.66,28.0,29.45,33.91,33.4,34.54,40.73,39.95,41.41,10824,2303,571
2022,2022.04,1,Ganze Stadt,2,Neubezug bis 2 Jahre,3,3 Zimmer,2,Nicht gemeinnützig,2,Quadratmeter,2,brutto,29.18,28.51,29.84,24.27,23.59,25.0,28.08,27.5,29.11,33.27,32.24,34.42,13397,2114,360
2024,2024.04,1,Ganze Stadt,2,Neubezug bis 2 Jahre,3,3 Zimmer,2,Nicht gemeinnützig,2,Quadratmeter,2,brutto,31.46,30.95,31.97,26.15,25.61,26.64,30.47,29.8,30.99,35.99,35.08,36.96,12682,2368,481
2022,2022.04,1,Ganze Stadt,2,Neubezug bis 2 Jahre,4,4 Zimmer,2,Nicht gemeinnützig,2,Quadratmeter,2,brutto,27.89,27.17,28.61,22.57,21.71,23.65,27.72,26.17,28.57,32.39,30.93,33.67,5418,916,251
2024,2024.04,1,Ganze Stadt,2,Neubezug bis 2 Jahre,4,4 Zimmer,2,Nicht gemeinnützig,2,Quadratmeter,2,brutto,29.54,28.82,30.26,23.6,22.83,24.66,28.3,27.72,29.29,34.1,33.24,34.81,5142,952,358
2022,2022.04,1,Ganze Stadt,2,Neubezug bis 2 Jahre,9,"2 , 3  und 4 Zimmer",2,Nicht gemeinnützig,2,Quadratmeter,2,brutto,30.61,30.21,31.01,25.0,24.61,25.71,29.5,29.2,30.0,34.93,34.22,35.71,30073,4932,995
2024,2024.04,1,Ganze Stadt,2,Neubezug bis 2 Jahre,9,"2 , 3  und 4 Zimmer",2,Nicht gemeinnützig,2,Quadratmeter,2,brutto,32.63,32.31,32.95,26.39,26.07,26.73,31.45,30.99,31.85,37.52,36.94,38.0,28648,5623,1410
2022,2022.04,1,Ganze Stadt,3,Bestand Mietverträge 3-10 Jahre,2,2 Zimmer,1,Gemeinnützig,2,Quadratmeter,2,brutto,18.83,18.56,19.09,15.44,15.33,15.66,17.81,17.6,18.04,21.18,20.78,21.62,4894,3135,208
2024,2024.04,1,Ganze Stadt,3,Bestand Mietverträge 3-10 Jahre,2,2 Zimmer,1,Gemeinnützig,2,Quadratmeter,2,brutto,20.3,20.06,20.55,16.93,16.65,17.06,19.43,19.19,19.75,22.9,22.43,23.35,5113,3310,215
2022,2022.04,1,Ganze Stadt,3,Bestand Mietverträge 3-10 Jahre,3,3 Zimmer,1,Gemeinnützig,2,Quadratmeter,2,brutto,16.82,16.65,17.0,14.07,13.93,14.29,16.03,15.9,16.28,18.85,18.69,19.02,9305,5907,260
2024,2024.04,1,Ganze Stadt,3,Bestand Mietverträge 3-10 Jahre,3,3 Zimmer,1,Gemeinnützig,2,Quadratmeter,2,brutto,17.93,17.79,18.07,15.32,15.21,15.43,17.22,17.09,17.35,19.82,19.6,20.09,9363,6089,260
2022,2022.04,1,Ganze Stadt,3,Bestand Mietverträge 3-10 Jahre,4,4 Zimmer,1,Gemeinnützig,2,Quadratmeter,2,brutto,16.44,16.27,16.6,14.07,13.96,14.23,16.03,15.81,16.21,18.52,18.24,18.75,6042,3712,239
2024,2024.04,1,Ganze Stadt,3,Bestand Mietverträge 3-10 Jahre,4,4 Zimmer,1,Gemeinnützig,2,Quadratmeter,2,brutto,17.47,17.3,17.64,15.07,14.85,15.29,16.91,16.73,17.22,19.51,19.1,19.83,5895,3634,228
2022,2022.04,1,Ganze Stadt,3,Bestand Mietverträge 3-10 Jahre,9,"2 , 3  und 4 Zimmer",1,Gemeinnützig,2,Quadratmeter,2,brutto,17.19,17.08,17.31,14.4,14.3,14.49,16.43,16.31,16.55,19.16,19.06,19.35,20241,12754,707
2024,2024.04,1,Ganze Stadt,3,Bestand Mietverträge 3-10 Jahre,9,"2 , 3  und 4 Zimmer",1,Gemeinnützig,2,Quadratmeter,2,brutto,18.39,18.29,18.5,15.51,15.42,15.61,17.63,17.5,17.73,20.53,20.33,20.67,20371,13033,703
2022,2022.04,1,Ganze Stadt,3,Bestand Mietverträge 3-10 Jahre,2,2 Zimmer,2,Nicht gemeinnützig,2,Quadratmeter,2,brutto,30.93,30.46,31.41,25.55,24.84,26.32,29.84,29.23,30.59,35.63,34.56,36.3,15161,2787,556
2024,2024.04,1,Ganze Stadt,3,Bestand Mietverträge 3-10 Jahre,2,2 Zimmer,2,Nicht gemeinnützig,2,Quadratmeter,2,brutto,33.42,33.06,33.78,27.92,27.47,28.33,32.34,31.97,32.98,37.8,37.18,38.55,16066,3467,830
2022,2022.04,1,Ganze Stadt,3,Bestand Mietverträge 3-10 Jahre,3,3 Zimmer,2,Nicht gemeinnützig,2,Quadratmeter,2,brutto,27.81,27.37,28.26,23.08,22.43,23.54,26.9,26.3,27.3,31.43,30.9,32.11,22161,3835,538
2024,2024.04,1,Ganze Stadt,3,Bestand Mietverträge 3-10 Jahre,3,3 Zimmer,2,Nicht gemeinnützig,2,Quadratmeter,2,brutto,29.84,29.48,30.2,25.0,24.62,25.46,29.08,28.68,29.54,33.93,33.25,34.44,22671,4267,837
2022,2022.04,1,Ganze Stadt,3,Bestand Mietverträge 3-10 Jahre,4,4 Zimmer,2,Nicht gemeinnützig,2,Quadratmeter,2,brutto,26.47,25.99,26.94,21.78,21.33,22.34,25.48,25.03,26.04,30.57,29.77,31.31,10940,1898,457
2024,2024.04,1,Ganze Stadt,3,Bestand Mietverträge 3-10 Jahre,4,4 Zimmer,2,Nicht gemeinnützig,2,Quadratmeter,2,brutto,28.23,27.84,28.61,23.44,23.0,24.01,27.31,26.83,27.75,32.52,31.88,32.98,11081,2196,679
2022,2022.04,1,Ganze Stadt,3,Bestand Mietverträge 3-10 Jahre,9,"2 , 3  und 4 Zimmer",2,Nicht gemeinnützig,2,Quadratmeter,2,brutto,28.49,28.21,28.76,23.33,23.08,23.68,27.45,27.14,27.9,32.49,32.04,33.0,48262,8520,1551
2024,2024.04,1,Ganze Stadt,3,Bestand Mietverträge 3-10 Jahre,9,"2 , 3  und 4 Zimmer",2,Nicht gemeinnützig,2,Quadratmeter,2,brutto,30.63,30.41,30.85,25.26,24.97,25.53,29.87,29.56,30.14,35.04,34.63,35.44,49818,9930,2346
2022,2022.04,1,Ganze Stadt,4,Bestand Mietverträge 11-20 Jahre,2,2 Zimmer,1,Gemeinnützig,2,Quadratmeter,2,brutto,17.53,17.3,17.75,14.9,14.64,15.24,17.08,16.79,17.42,19.38,18.98,19.93,2294,1554,107
2024,2024.04,1,Ganze Stadt,4,Bestand Mietverträge 11-20 Jahre,2,2 Zimmer,1,Gemeinnützig,2,Quadratmeter,2,brutto,19.01,18.65,19.38,16.22,15.88,16.52,18.55,18.12,18.86,21.35,20.62,21.85,2381,1626,90
2022,2022.04,1,Ganze Stadt,4,Bestand Mietverträge 11-20 Jahre,3,3 Zimmer,1,Gemeinnützig,2,Quadratmeter,2,brutto,15.89,15.68,16.1,13.7,13.47,13.86,15.33,15.09,15.57,17.56,17.19,17.94,4946,3249,151
2024,2024.04,1,Ganze Stadt,4,Bestand Mietverträge 11-20 Jahre,3,3 Zimmer,1,Gemeinnützig,2,Quadratmeter,2,brutto,17.28,17.11,17.45,15.18,14.99,15.36,16.77,16.53,16.98,19.31,19.01,19.67,5073,3399,133
2022,2022.04,1,Ganze Stadt,4,Bestand Mietverträge 11-20 Jahre,4,4 Zimmer,1,Gemeinnützig,2,Quadratmeter,2,brutto,15.48,15.33,15.63,13.69,13.52,13.92,15.29,15.17,15.47,16.95,16.72,17.1,3935,2610,149
2024,2024.04,1,Ganze Stadt,4,Bestand Mietverträge 11-20 Jahre,4,4 Zimmer,1,Gemeinnützig,2,Quadratmeter,2,brutto,16.83,16.62,17.04,14.91,14.75,15.11,16.46,16.31,16.64,18.3,18.08,18.55,4218,2846,154
2022,2022.04,1,Ganze Stadt,4,Bestand Mietverträge 11-20 Jahre,9,"2 , 3  und 4 Zimmer",1,Gemeinnützig,2,Quadratmeter,2,brutto,16.08,15.97,16.19,13.87,13.75,14.01,15.62,15.52,15.7,17.77,17.61,17.94,11175,7413,407
2024,2024.04,1,Ganze Stadt,4,Bestand Mietverträge 11-20 Jahre,9,"2 , 3  und 4 Zimmer",1,Gemeinnützig,2,Quadratmeter,2,brutto,17.47,17.34,17.6,15.25,15.1,15.36,16.95,16.81,17.09,19.29,19.08,19.51,11672,7871,377
2022,2022.04,1,Ganze Stadt,4,Bestand Mietverträge 11-20 Jahre,2,2 Zimmer,2,Nicht gemeinnützig,2,Quadratmeter,2,brutto,26.1,25.03,27.17,21.61,20.96,22.92,24.76,24.13,25.53,28.58,27.87,30.19,4488,794,146
2024,2024.04,1,Ganze Stadt,4,Bestand Mietverträge 11-20 Jahre,2,2 Zimmer,2,Nicht gemeinnützig,2,Quadratmeter,2,brutto,27.28,26.75,27.81,23.19,22.33,24.04,26.23,25.53,27.17,30.57,29.81,31.42,4342,968,213
2022,2022.04,1,Ganze Stadt,4,Bestand Mietverträge 11-20 Jahre,3,3 Zimmer,2,Nicht gemeinnützig,2,Quadratmeter,2,brutto,23.21,22.61,23.81,19.97,19.63,20.56,22.66,21.97,23.35,25.57,24.61,26.44,7756,1403,201
2024,2024.04,1,Ganze Stadt,4,Bestand Mietverträge 11-20 Jahre,3,3 Zimmer,2,Nicht gemeinnützig,2,Quadratmeter,2,brutto,24.92,24.37,25.47,21.24,20.82,21.93,23.85,23.43,24.44,27.91,27.27,28.54,7525,1495,276
2022,2022.04,1,Ganze Stadt,4,Bestand Mietverträge 11-20 Jahre,4,4 Zimmer,2,Nicht gemeinnützig,2,Quadratmeter,2,brutto,22.72,22.11,23.34,19.17,18.79,19.91,21.62,21.06,22.44,24.68,24.27,26.05,4670,898,188
2024,2024.04,1,Ganze Stadt,4,Bestand Mietverträge 11-20 Jahre,4,4 Zimmer,2,Nicht gemeinnützig,2,Quadratmeter,2,brutto,23.81,23.22,24.4,20.23,19.86,20.73,23.04,22.53,23.45,26.06,25.47,26.87,4719,1020,256
2022,2022.04,1,Ganze Stadt,4,Bestand Mietverträge 11-20 Jahre,9,"2 , 3  und 4 Zimmer",2,Nicht gemeinnützig,2,Quadratmeter,2,brutto,23.84,23.41,24.27,20.07,19.76,20.51,23.13,22.63,23.51,26.28,25.72,26.66,16914,3095,535
2024,2024.04,1,Ganze Stadt,4,Bestand Mietverträge 11-20 Jahre,9,"2 , 3  und 4 Zimmer",2,Nicht gemeinnützig,2,Quadratmeter,2,brutto,25.22,24.89,25.55,21.12,20.83,21.47,24.12,23.85,24.58,27.98,27.66,28.54,16586,3483,745
2022,2022.04,1,Ganze Stadt,5,Bestand Mietverträge über 20 Jahre,2,2 Zimmer,1,Gemeinnützig,2,Quadratmeter,2,brutto,17.19,16.87,17.52,14.41,14.2,14.74,16.5,16.19,16.77,19.36,18.78,20.0,1574,1036,53
2024,2024.04,1,Ganze Stadt,5,Bestand Mietverträge über 20 Jahre,2,2 Zimmer,1,Gemeinnützig,2,Quadratmeter,2,brutto,18.56,18.23,18.89,15.91,15.68,16.2,18.51,18.06,18.96,21.19,20.45,21.72,1595,1085,62
2022,2022.04,1,Ganze Stadt,5,Bestand Mietverträge über 20 Jahre,3,3 Zimmer,1,Gemeinnützig,2,Quadratmeter,2,brutto,15.29,15.08,15.51,13.22,13.12,13.48,14.83,14.66,15.07,16.92,16.55,17.19,4577,2909,100
2024,2024.04,1,Ganze Stadt,5,Bestand Mietverträge über 20 Jahre,3,3 Zimmer,1,Gemeinnützig,2,Quadratmeter,2,brutto,16.52,16.3,16.73,14.48,14.23,14.82,16.27,16.04,16.4,17.97,17.75,18.32,4410,2879,118
2022,2022.04,1,Ganze Stadt,5,Bestand Mietverträge über 20 Jahre,4,4 Zimmer,1,Gemeinnützig,2,Quadratmeter,2,brutto,14.83,14.65,15.01,12.83,12.63,13.17,14.61,14.31,14.88,16.31,16.05,16.68,2849,1718,159
2024,2024.04,1,Ganze Stadt,5,Bestand Mietverträge über 20 Jahre,4,4 Zimmer,1,Gemeinnützig,2,Quadratmeter,2,brutto,16.12,15.84,16.39,14.12,13.87,14.4,15.79,15.58,16.03,17.73,17.59,18.01,2807,1754,129
2022,2022.04,1,Ganze Stadt,5,Bestand Mietverträge über 20 Jahre,9,"2 , 3  und 4 Zimmer",1,Gemeinnützig,2,Quadratmeter,2,brutto,15.48,15.34,15.61,13.28,13.15,13.45,14.98,14.84,15.13,17.17,16.95,17.41,9000,5663,312
2024,2024.04,1,Ganze Stadt,5,Bestand Mietverträge über 20 Jahre,9,"2 , 3  und 4 Zimmer",1,Gemeinnützig,2,Quadratmeter,2,brutto,16.76,16.61,16.91,14.5,14.37,14.75,16.34,16.2,16.48,18.45,18.34,18.68,8812,5718,309
2022,2022.04,1,Ganze Stadt,5,Bestand Mietverträge über 20 Jahre,2,2 Zimmer,2,Nicht gemeinnützig,2,Quadratmeter,2,brutto,23.55,22.71,24.38,19.71,18.28,21.2,22.41,21.77,24.11,26.39,25.47,28.02,3601,670,128
2024,2024.04,1,Ganze Stadt,5,Bestand Mietverträge über 20 Jahre,2,2 Zimmer,2,Nicht gemeinnützig,2,Quadratmeter,2,brutto,24.57,23.79,25.36,20.36,19.99,21.13,23.69,22.64,24.41,27.63,26.91,28.9,3373,728,172
2022,2022.04,1,Ganze Stadt,5,Bestand Mietverträge über 20 Jahre,3,3 Zimmer,2,Nicht gemeinnützig,2,Quadratmeter,2,brutto,20.56,19.84,21.28,17.09,16.38,17.74,20.14,19.29,20.75,23.3,22.19,23.97,6856,1235,186
2024,2024.04,1,Ganze Stadt,5,Bestand Mietverträge über 20 Jahre,3,3 Zimmer,2,Nicht gemeinnützig,2,Quadratmeter,2,brutto,21.19,20.61,21.77,18.1,17.46,18.67,21.0,20.54,21.57,24.17,23.31,25.0,6413,1286,243
2022,2022.04,1,Ganze Stadt,5,Bestand Mietverträge über 20 Jahre,4,4 Zimmer,2,Nicht gemeinnützig,2,Quadratmeter,2,brutto,19.85,19.15,20.56,16.24,15.55,17.18,19.12,18.54,19.8,21.73,21.23,22.82,4327,707,190
2024,2024.04,1,Ganze Stadt,5,Bestand Mietverträge über 20 Jahre,4,4 Zimmer,2,Nicht gemeinnützig,2,Quadratmeter,2,brutto,20.81,20.28,21.34,17.82,17.38,18.18,20.22,19.7,20.68,23.16,22.36,23.94,4052,739,245
2022,2022.04,1,Ganze Stadt,5,Bestand Mietverträge über 20 Jahre,9,"2 , 3  und 4 Zimmer",2,Nicht gemeinnützig,2,Quadratmeter,2,brutto,21.08,20.66,21.5,17.28,16.93,17.72,20.45,19.92,20.86,23.97,23.37,24.58,14784,2612,504
2024,2024.04,1,Ganze Stadt,5,Bestand Mietverträge über 20 Jahre,9,"2 , 3  und 4 Zimmer",2,Nicht gemeinnützig,2,Quadratmeter,2,brutto,21.9,21.54,22.27,18.4,18.06,18.73,21.32,20.9,21.71,24.83,24.37,25.36,13838,2753,660
2022,2022.04,2,Stadtkreise,0,Ganze Stadt,2,2 Zimmer,1,Gemeinnützig,1,Wohnung,1,netto,925.0,917.0,933.0,706.0,700.0,716.0,868.0,862.0,880.0,1065.0,1057.0,1083.0,11106,7152,504
2024,2024.04,2,Stadtkreise,0,Ganze Stadt,2,2 Zimmer,1,Gemeinnützig,1,Wohnung,1,netto,987.0,978.0,996.0,766.0,759.0,776.0,932.0,925.0,943.0,1139.0,1132.0,1156.0,11437,7430,461
2022,2022.04,2,Stadtkreise,0,Ganze Stadt,3,3 Zimmer,1,Gemeinnützig,1,Wohnung,1,netto,1027.0,1018.0,1035.0,773.0,766.0,782.0,964.0,953.0,974.0,1198.0,1186.0,1211.0,22955,14593,605
2024,2024.04,2,Stadtkreise,0,Ganze Stadt,3,3 Zimmer,1,Gemeinnützig,1,Wohnung,1,netto,1095.0,1089.0,1102.0,841.0,832.0,850.0,1022.0,1014.0,1035.0,1280.0,1269.0,1288.0,23071,15107,620
2022,2022.04,2,Stadtkreise,0,Ganze Stadt,4,4 Zimmer,1,Gemeinnützig,1,Wohnung,1,netto,1342.0,1334.0,1350.0,1043.0,1030.0,1057.0,1295.0,1286.0,1312.0,1578.0,1565.0,1599.0,14925,9246,604
2024,2024.04,2,Stadtkreise,0,Ganze Stadt,4,4 Zimmer,1,Gemeinnützig,1,Wohnung,1,netto,1441.0,1431.0,1452.0,1133.0,1120.0,1147.0,1403.0,1390.0,1418.0,1696.0,1682.0,1715.0,14957,9478,580
2022,2022.04,2,Stadtkreise,0,Ganze Stadt,2,2 Zimmer,2,Nicht gemeinnützig,1,Wohnung,1,netto,1579.0,1560.0,1598.0,1225.0,1210.0,1245.0,1466.0,1450.0,1500.0,1858.0,1820.0,1900.0,35586,6336,1210
2024,2024.04,2,Stadtkreise,0,Ganze Stadt,2,2 Zimmer,2,Nicht gemeinnützig,1,Wohnung,1,netto,1692.0,1678.0,1706.0,1300.0,1281.0,1325.0,1578.0,1559.0,1600.0,1992.0,1966.0,2022.0,35728,7237,1786
2022,2022.04,2,Stadtkreise,0,Ganze Stadt,3,3 Zimmer,2,Nicht gemeinnützig,1,Wohnung,1,netto,1856.0,1833.0,1878.0,1392.0,1369.0,1410.0,1713.0,1691.0,1741.0,2206.0,2169.0,2245.0,51225,8700,1260
2024,2024.04,2,Stadtkreise,0,Ganze Stadt,3,3 Zimmer,2,Nicht gemeinnützig,1,Wohnung,1,netto,2006.0,1989.0,2024.0,1492.0,1467.0,1516.0,1875.0,1850.0,1900.0,2400.0,2363.0,2437.0,50539,9132,1836
2022,2022.04,2,Stadtkreise,0,Ganze Stadt,4,4 Zimmer,2,Nicht gemeinnützig,1,Wohnung,1,netto,2321.0,2291.0,2352.0,1714.0,1669.0,1754.0,2171.0,2128.0,2200.0,2750.0,2700.0,2820.0,25972,4545,1053
2024,2024.04,2,Stadtkreise,0,Ganze Stadt,4,4 Zimmer,2,Nicht gemeinnützig,1,Wohnung,1,netto,2450.0,2424.0,2476.0,1798.0,1759.0,1837.0,2300.0,2272.0,2350.0,2948.0,2898.0,3010.0,25502,4670,1514
2022,2022.04,2,Stadtkreise,10,Kreis 1,2,2 Zimmer,1,Gemeinnützig,1,Wohnung,1,netto,1056.0,1043.0,1069.0,722.0,709.0,748.0,950.0,934.0,957.0,1252.0,1231.0,1278.0,302,274,0
2024,2024.04,2,Stadtkreise,10,Kreis 1,2,2 Zimmer,1,Gemeinnützig,1,Wohnung,1,netto,1116.0,1102.0,1131.0,767.0,752.0,784.0,1006.0,988.0,1018.0,1311.0,1297.0,1334.0,307,269,7
2022,2022.04,2,Stadtkreise,10,Kreis 1,3,3 Zimmer,1,Gemeinnützig,1,Wohnung,1,netto,1390.0,1376.0,1404.0,983.0,969.0,1009.0,1283.0,1278.0,1295.0,1688.0,1639.0,1733.0,201,191,0
2024,2024.04,2,Stadtkreise,10,Kreis 1,3,3 Zimmer,1,Gemeinnützig,1,Wohnung,1,netto,1602.0,1588.0,1616.0,1112.0,1098.0,1115.0,1382.0,1373.0,1390.0,1907.0,1859.0,1952.0,208,189,11
2022,2022.04,2,Stadtkreise,10,Kreis 1,4,4 Zimmer,1,Gemeinnützig,1,Wohnung,1,netto,1603.0,1576.0,1629.0,1081.0,1037.0,1140.0,1436.0,1382.0,1495.0,1983.0,1935.0,2003.0,136,124,0
2024,2024.04,2,Stadtkreise,10,Kreis 1,4,4 Zimmer,1,Gemeinnützig,1,Wohnung,1,netto,1814.0,1780.0,1848.0,1276.0,1263.0,1289.0,1713.0,1677.0,1731.0,2143.0,2115.0,2168.0,134,123,0
2022,2022.04,2,Stadtkreise,10,Kreis 1,2,2 Zimmer,2,Nicht gemeinnützig,1,Wohnung,1,netto,2106.0,2002.0,2211.0,1718.0,1538.0,1861.0,2105.0,2000.0,2230.0,2518.0,2300.0,2620.0,774,81,99
2024,2024.04,2,Stadtkreise,10,Kreis 1,2,2 Zimmer,2,Nicht gemeinnützig,1,Wohnung,1,netto,2195.0,2113.0,2277.0,1716.0,1616.0,1819.0,2102.0,2006.0,2192.0,2591.0,2437.0,2699.0,743,76,144
2022,2022.04,2,Stadtkreise,10,Kreis 1,3,3 Zimmer,2,Nicht gemeinnützig,1,Wohnung,1,netto,2703.0,2584.0,2822.0,2052.0,1798.0,2195.0,2565.0,2380.0,2843.0,3300.0,3162.0,3606.0,635,69,97
2024,2024.04,2,Stadtkreise,10,Kreis 1,3,3 Zimmer,2,Nicht gemeinnützig,1,Wohnung,1,netto,2944.0,2829.0,3059.0,2199.0,1975.0,2400.0,2813.0,2676.0,2880.0,3455.0,3300.0,3683.0,621,70,154
2022,2022.04,2,Stadtkreise,10,Kreis 1,4,4 Zimmer,2,Nicht gemeinnützig,1,Wohnung,1,netto,3237.0,3066.0,3409.0,2400.0,1960.0,2735.0,3329.0,2963.0,3514.0,3881.0,3668.0,4100.0,323,27,69
2024,2024.04,2,Stadtkreise,10,Kreis 1,4,4 Zimmer,2,Nicht gemeinnützig,1,Wohnung,1,netto,3505.0,3309.0,3700.0,2288.0,1785.0,2556.0,3445.0,3180.0,3749.0,4571.0,4037.0,4778.0,316,25,91
2022,2022.04,2,Stadtkreise,20,Kreis 2,2,2 Zimmer,1,Gemeinnützig,1,Wohnung,1,netto,941.0,914.0,967.0,691.0,656.0,745.0,908.0,862.0,923.0,1126.0,1069.0,1168.0,971,535,53
2024,2024.04,2,Stadtkreise,20,Kreis 2,2,2 Zimmer,1,Gemeinnützig,1,Wohnung,1,netto,1047.0,1027.0,1067.0,765.0,746.0,861.0,997.0,960.0,1039.0,1273.0,1201.0,1304.0,997,591,53
2022,2022.04,2,Stadtkreise,20,Kreis 2,3,3 Zimmer,1,Gemeinnützig,1,Wohnung,1,netto,1083.0,1036.0,1131.0,794.0,772.0,816.0,1001.0,960.0,1029.0,1181.0,1143.0,1261.0,1736,873,63
2024,2024.04,2,Stadtkreise,20,Kreis 2,3,3 Zimmer,1,Gemeinnützig,1,Wohnung,1,netto,1185.0,1160.0,1210.0,901.0,885.0,932.0,1104.0,1087.0,1159.0,1347.0,1313.0,1405.0,1745,928,69
2022,2022.04,2,Stadtkreise,20,Kreis 2,4,4 Zimmer,1,Gemeinnützig,1,Wohnung,1,netto,1374.0,1350.0,1398.0,1112.0,1045.0,1134.0,1298.0,1256.0,1355.0,1675.0,1581.0,1710.0,1435,763,52
2024,2024.04,2,Stadtkreise,20,Kreis 2,4,4 Zimmer,1,Gemeinnützig,1,Wohnung,1,netto,1494.0,1460.0,1529.0,1191.0,1141.0,1245.0,1467.0,1418.0,1500.0,1756.0,1722.0,1817.0,1413,827,63
2022,2022.04,2,Stadtkreise,20,Kreis 2,2,2 Zimmer,2,Nicht gemeinnützig,1,Wohnung,1,netto,1662.0,1600.0,1724.0,1262.0,1210.0,1351.0,1548.0,1480.0,1699.0,1980.0,1900.0,2086.0,2749,460,101
2024,2024.04,2,Stadtkreise,20,Kreis 2,2,2 Zimmer,2,Nicht gemeinnützig,1,Wohnung,1,netto,1861.0,1797.0,1926.0,1368.0,1285.0,1415.0,1702.0,1567.0,1795.0,2158.0,2088.0,2253.0,2859,468,153
2022,2022.04,2,Stadtkreise,20,Kreis 2,3,3 Zimmer,2,Nicht gemeinnützig,1,Wohnung,1,netto,2120.0,2029.0,2211.0,1450.0,1400.0,1558.0,1911.0,1816.0,2064.0,2580.0,2435.0,2774.0,3833,815,100
2024,2024.04,2,Stadtkreise,20,Kreis 2,3,3 Zimmer,2,Nicht gemeinnützig,1,Wohnung,1,netto,2217.0,2154.0,2281.0,1648.0,1569.0,1726.0,2050.0,1987.0,2184.0,2664.0,2507.0,2817.0,3917,831,155
2022,2022.04,2,Stadtkreise,20,Kreis 2,4,4 Zimmer,2,Nicht gemeinnützig,1,Wohnung,1,netto,2616.0,2493.0,2740.0,1900.0,1763.0,2021.0,2402.0,2266.0,2526.0,3169.0,2950.0,3327.0,2285,461,112
2024,2024.04,2,Stadtkreise,20,Kreis 2,4,4 Zimmer,2,Nicht gemeinnützig,1,Wohnung,1,netto,2698.0,2597.0,2798.0,1982.0,1899.0,2140.0,2480.0,2360.0,2550.0,3133.0,2987.0,3363.0,2337,486,162
2022,2022.04,2,Stadtkreise,30,Kreis 3,2,2 Zimmer,1,Gemeinnützig,1,Wohnung,1,netto,826.0,811.0,842.0,653.0,639.0,673.0,781.0,781.0,815.0,964.0,942.0,1005.0,1432,855,64
2024,2024.04,2,Stadtkreise,30,Kreis 3,2,2 Zimmer,1,Gemeinnützig,1,Wohnung,1,netto,858.0,826.0,891.0,709.0,684.0,728.0,821.0,784.0,849.0,980.0,931.0,1040.0,1442,866,66
2022,2022.04,2,Stadtkreise,30,Kreis 3,3,3 Zimmer,1,Gemeinnützig,1,Wohnung,1,netto,928.0,904.0,952.0,738.0,728.0,768.0,852.0,832.0,891.0,1025.0,995.0,1106.0,3050,1850,67
2024,2024.04,2,Stadtkreise,30,Kreis 3,3,3 Zimmer,1,Gemeinnützig,1,Wohnung,1,netto,971.0,948.0,994.0,773.0,764.0,808.0,914.0,871.0,946.0,1088.0,1025.0,1154.0,2990,1891,63
2022,2022.04,2,Stadtkreise,30,Kreis 3,4,4 Zimmer,1,Gemeinnützig,1,Wohnung,1,netto,1286.0,1267.0,1304.0,975.0,969.0,1014.0,1276.0,1250.0,1293.0,1562.0,1546.0,1635.0,1886,1175,84
2024,2024.04,2,Stadtkreise,30,Kreis 3,4,4 Zimmer,1,Gemeinnützig,1,Wohnung,1,netto,1357.0,1314.0,1399.0,1032.0,1002.0,1050.0,1293.0,1280.0,1331.0,1560.0,1506.0,1601.0,1871,1218,82
2022,2022.04,2,Stadtkreise,30,Kreis 3,2,2 Zimmer,2,Nicht gemeinnützig,1,Wohnung,1,netto,1478.0,1429.0,1527.0,1221.0,1173.0,1252.0,1401.0,1330.0,1444.0,1655.0,1566.0,1757.0,4921,850,122
2024,2024.04,2,Stadtkreise,30,Kreis 3,2,2 Zimmer,2,Nicht gemeinnützig,1,Wohnung,1,netto,1647.0,1604.0,1690.0,1330.0,1273.0,1380.0,1520.0,1500.0,1600.0,1847.0,1800.0,1941.0,4912,863,187
2022,2022.04,2,Stadtkreise,30,Kreis 3,3,3 Zimmer,2,Nicht gemeinnützig,1,Wohnung,1,netto,1789.0,1718.0,1860.0,1404.0,1347.0,1500.0,1710.0,1600.0,1788.0,2056.0,1944.0,2283.0,6901,920,110
2024,2024.04,2,Stadtkreise,30,Kreis 3,3,3 Zimmer,2,Nicht gemeinnützig,1,Wohnung,1,netto,1899.0,1842.0,1957.0,1459.0,1415.0,1547.0,1760.0,1712.0,1850.0,2262.0,2150.0,2477.0,6785,864,181
2022,2022.04,2,Stadtkreise,30,Kreis 3,4,4 Zimmer,2,Nicht gemeinnützig,1,Wohnung,1,netto,2286.0,2188.0,2385.0,1800.0,1750.0,1875.0,2169.0,2031.0,2254.0,2700.0,2504.0,2931.0,2300,269,102
2024,2024.04,2,Stadtkreise,30,Kreis 3,4,4 Zimmer,2,Nicht gemeinnützig,1,Wohnung,1,netto,2327.0,2239.0,2414.0,1726.0,1629.0,1804.0,2268.0,2145.0,2395.0,2817.0,2604.0,2965.0,2296,249,139
2022,2022.04,2,Stadtkreise,40,Kreis 4,2,2 Zimmer,1,Gemeinnützig,1,Wohnung,1,netto,963.0,945.0,981.0,743.0,705.0,780.0,893.0,891.0,905.0,1083.0,1074.0,1132.0,1218,858,55
2024,2024.04,2,Stadtkreise,40,Kreis 4,2,2 Zimmer,1,Gemeinnützig,1,Wohnung,1,netto,1031.0,1010.0,1053.0,808.0,774.0,834.0,936.0,933.0,959.0,1143.0,1136.0,1160.0,1213,898,47
2022,2022.04,2,Stadtkreise,40,Kreis 4,3,3 Zimmer,1,Gemeinnützig,1,Wohnung,1,netto,1000.0,967.0,1032.0,754.0,738.0,769.0,888.0,866.0,912.0,1138.0,1108.0,1169.0,2066,1512,50
2024,2024.04,2,Stadtkreise,40,Kreis 4,3,3 Zimmer,1,Gemeinnützig,1,Wohnung,1,netto,1059.0,1037.0,1081.0,835.0,819.0,861.0,980.0,962.0,997.0,1161.0,1145.0,1190.0,2116,1647,49
2022,2022.04,2,Stadtkreise,40,Kreis 4,4,4 Zimmer,1,Gemeinnützig,1,Wohnung,1,netto,1247.0,1210.0,1283.0,916.0,896.0,944.0,1120.0,1110.0,1141.0,1413.0,1353.0,1440.0,713,478,57
2024,2024.04,2,Stadtkreise,40,Kreis 4,4,4 Zimmer,1,Gemeinnützig,1,Wohnung,1,netto,1405.0,1363.0,1446.0,1021.0,998.0,1052.0,1214.0,1203.0,1233.0,1646.0,1552.0,1704.0,760,553,40
2022,2022.04,2,Stadtkreise,40,Kreis 4,2,2 Zimmer,2,Nicht gemeinnützig,1,Wohnung,1,netto,1647.0,1607.0,1687.0,1266.0,1214.0,1380.0,1600.0,1550.0,1677.0,1902.0,1830.0,1959.0,2857,507,158
2024,2024.04,2,Stadtkreise,40,Kreis 4,2,2 Zimmer,2,Nicht gemeinnützig,1,Wohnung,1,netto,1748.0,1702.0,1795.0,1287.0,1210.0,1350.0,1642.0,1567.0,1706.0,2045.0,1970.0,2170.0,2880,648,226
2022,2022.04,2,Stadtkreise,40,Kreis 4,3,3 Zimmer,2,Nicht gemeinnützig,1,Wohnung,1,netto,1880.0,1814.0,1946.0,1410.0,1264.0,1498.0,1713.0,1664.0,1800.0,2204.0,2119.0,2450.0,4073,631,120
2024,2024.04,2,Stadtkreise,40,Kreis 4,3,3 Zimmer,2,Nicht gemeinnützig,1,Wohnung,1,netto,2049.0,1996.0,2101.0,1542.0,1487.0,1606.0,1980.0,1887.0,2080.0,2426.0,2360.0,2498.0,4013,803,160
2022,2022.04,2,Stadtkreise,40,Kreis 4,4,4 Zimmer,2,Nicht gemeinnützig,1,Wohnung,1,netto,2277.0,2193.0,2360.0,1639.0,1543.0,1697.0,2138.0,1975.0,2236.0,2800.0,2595.0,2985.0,1483,184,82
2024,2024.04,2,Stadtkreise,40,Kreis 4,4,4 Zimmer,2,Nicht gemeinnützig,1,Wohnung,1,netto,2588.0,2489.0,2687.0,1820.0,1718.0,1930.0,2490.0,2288.0,2750.0,3200.0,3077.0,3346.0,1467,263,120
2022,2022.04,2,Stadtkreise,50,Kreis 5,2,2 Zimmer,1,Gemeinnützig,1,Wohnung,1,netto,804.0,794.0,815.0,663.0,663.0,667.0,740.0,724.0,755.0,938.0,876.0,951.0,340,263,16
2024,2024.04,2,Stadtkreise,50,Kreis 5,2,2 Zimmer,1,Gemeinnützig,1,Wohnung,1,netto,856.0,825.0,887.0,679.0,660.0,702.0,804.0,793.0,825.0,953.0,899.0,991.0,331,252,20
2022,2022.04,2,Stadtkreise,50,Kreis 5,3,3 Zimmer,1,Gemeinnützig,1,Wohnung,1,netto,895.0,876.0,913.0,717.0,695.0,742.0,800.0,788.0,837.0,990.0,925.0,1079.0,917,631,19
2024,2024.04,2,Stadtkreise,50,Kreis 5,3,3 Zimmer,1,Gemeinnützig,1,Wohnung,1,netto,969.0,954.0,984.0,795.0,785.0,799.0,934.0,899.0,955.0,1038.0,1007.0,1183.0,924,643,20
2022,2022.04,2,Stadtkreise,50,Kreis 5,4,4 Zimmer,1,Gemeinnützig,1,Wohnung,1,netto,1223.0,1200.0,1245.0,914.0,878.0,945.0,1191.0,1131.0,1215.0,1548.0,1501.0,1583.0,423,294,22
2024,2024.04,2,Stadtkreise,50,Kreis 5,4,4 Zimmer,1,Gemeinnützig,1,Wohnung,1,netto,1320.0,1302.0,1338.0,1038.0,990.0,1055.0,1248.0,1197.0,1309.0,1614.0,1557.0,1690.0,407,279,19
2022,2022.04,2,Stadtkreise,50,Kreis 5,2,2 Zimmer,2,Nicht gemeinnützig,1,Wohnung,1,netto,1797.0,1731.0,1864.0,1360.0,1267.0,1450.0,1698.0,1600.0,1840.0,2098.0,1980.0,2299.0,1355,363,77
2024,2024.04,2,Stadtkreise,50,Kreis 5,2,2 Zimmer,2,Nicht gemeinnützig,1,Wohnung,1,netto,1841.0,1791.0,1891.0,1376.0,1330.0,1492.0,1778.0,1700.0,1890.0,2220.0,2128.0,2349.0,1317,343,94
2022,2022.04,2,Stadtkreise,50,Kreis 5,3,3 Zimmer,2,Nicht gemeinnützig,1,Wohnung,1,netto,2146.0,2036.0,2257.0,1650.0,1498.0,1720.0,1975.0,1789.0,2237.0,2559.0,2445.0,2755.0,1904,416,66
2024,2024.04,2,Stadtkreise,50,Kreis 5,3,3 Zimmer,2,Nicht gemeinnützig,1,Wohnung,1,netto,2270.0,2180.0,2361.0,1667.0,1540.0,1832.0,2206.0,2020.0,2431.0,2727.0,2644.0,2862.0,1819,408,85
2022,2022.04,2,Stadtkreise,50,Kreis 5,4,4 Zimmer,2,Nicht gemeinnützig,1,Wohnung,1,netto,2432.0,2299.0,2566.0,1662.0,1567.0,2123.0,2218.0,2129.0,2483.0,2880.0,2800.0,3200.0,965,189,46
2024,2024.04,2,Stadtkreise,50,Kreis 5,4,4 Zimmer,2,Nicht gemeinnützig,1,Wohnung,1,netto,2591.0,2463.0,2718.0,1875.0,1648.0,2145.0,2403.0,2271.0,2611.0,3320.0,3080.0,3572.0,914,221,52
2022,2022.04,2,Stadtkreise,60,Kreis 6,2,2 Zimmer,1,Gemeinnützig,1,Wohnung,1,netto,1004.0,936.0,1072.0,708.0,680.0,792.0,810.0,809.0,986.0,1138.0,1034.0,1343.0,676,328,31
2024,2024.04,2,Stadtkreise,60,Kreis 6,2,2 Zimmer,1,Gemeinnützig,1,Wohnung,1,netto,990.0,952.0,1028.0,755.0,723.0,813.0,927.0,898.0,965.0,1109.0,1003.0,1264.0,731,380,39
2022,2022.04,2,Stadtkreise,60,Kreis 6,3,3 Zimmer,1,Gemeinnützig,1,Wohnung,1,netto,1001.0,985.0,1017.0,809.0,791.0,820.0,979.0,954.0,992.0,1086.0,1055.0,1129.0,1939,1131,43
2024,2024.04,2,Stadtkreise,60,Kreis 6,3,3 Zimmer,1,Gemeinnützig,1,Wohnung,1,netto,1067.0,1053.0,1080.0,855.0,832.0,886.0,992.0,992.0,1055.0,1239.0,1175.0,1272.0,2005,1261,47
2022,2022.04,2,Stadtkreise,60,Kreis 6,4,4 Zimmer,1,Gemeinnützig,1,Wohnung,1,netto,1375.0,1356.0,1395.0,1182.0,1139.0,1191.0,1292.0,1271.0,1350.0,1491.0,1454.0,1543.0,1156,705,37
2024,2024.04,2,Stadtkreise,60,Kreis 6,4,4 Zimmer,1,Gemeinnützig,1,Wohnung,1,netto,1478.0,1451.0,1505.0,1189.0,1171.0,1258.0,1400.0,1357.0,1413.0,1751.0,1736.0,1804.0,1188,752,41
2022,2022.04,2,Stadtkreise,60,Kreis 6,2,2 Zimmer,2,Nicht gemeinnützig,1,Wohnung,1,netto,1563.0,1478.0,1647.0,1260.0,1234.0,1308.0,1500.0,1400.0,1610.0,1807.0,1686.0,2000.0,2578,349,75
2024,2024.04,2,Stadtkreise,60,Kreis 6,2,2 Zimmer,2,Nicht gemeinnützig,1,Wohnung,1,netto,1692.0,1636.0,1749.0,1351.0,1250.0,1443.0,1611.0,1550.0,1705.0,2000.0,1933.0,2127.0,2544,384,117
2022,2022.04,2,Stadtkreise,60,Kreis 6,3,3 Zimmer,2,Nicht gemeinnützig,1,Wohnung,1,netto,1987.0,1885.0,2089.0,1450.0,1403.0,1606.0,1950.0,1800.0,2198.0,2450.0,2230.0,2650.0,3474,442,87
2024,2024.04,2,Stadtkreise,60,Kreis 6,3,3 Zimmer,2,Nicht gemeinnützig,1,Wohnung,1,netto,2148.0,2062.0,2235.0,1543.0,1408.0,1750.0,2123.0,1926.0,2273.0,2611.0,2505.0,2767.0,3369,451,117
2022,2022.04,2,Stadtkreise,60,Kreis 6,4,4 Zimmer,2,Nicht gemeinnützig,1,Wohnung,1,netto,2475.0,2360.0,2589.0,1861.0,1569.0,2035.0,2446.0,2340.0,2591.0,2900.0,2728.0,3200.0,2353,310,93
2024,2024.04,2,Stadtkreise,60,Kreis 6,4,4 Zimmer,2,Nicht gemeinnützig,1,Wohnung,1,netto,2652.0,2566.0,2739.0,2004.0,1895.0,2103.0,2562.0,2397.0,2755.0,3310.0,3094.0,3457.0,2290,301,133
2022,2022.04,2,Stadtkreise,70,Kreis 7,2,2 Zimmer,1,Gemeinnützig,1,Wohnung,1,netto,1093.0,1081.0,1105.0,848.0,806.0,861.0,1060.0,1037.0,1089.0,1329.0,1312.0,1356.0,302,191,48
2024,2024.04,2,Stadtkreise,70,Kreis 7,2,2 Zimmer,1,Gemeinnützig,1,Wohnung,1,netto,1192.0,1136.0,1248.0,999.0,819.0,1077.0,1168.0,1127.0,1271.0,1372.0,1364.0,1392.0,358,198,36
2022,2022.04,2,Stadtkreise,70,Kreis 7,3,3 Zimmer,1,Gemeinnützig,1,Wohnung,1,netto,1248.0,1231.0,1265.0,900.0,885.0,968.0,1140.0,1105.0,1167.0,1384.0,1374.0,1415.0,516,282,72
2024,2024.04,2,Stadtkreise,70,Kreis 7,3,3 Zimmer,1,Gemeinnützig,1,Wohnung,1,netto,1360.0,1344.0,1376.0,927.0,923.0,1026.0,1244.0,1207.0,1271.0,1468.0,1444.0,1497.0,552,306,54
2022,2022.04,2,Stadtkreise,70,Kreis 7,4,4 Zimmer,1,Gemeinnützig,1,Wohnung,1,netto,1523.0,1502.0,1544.0,1149.0,1107.0,1172.0,1355.0,1322.0,1400.0,1651.0,1639.0,1688.0,421,242,58
2024,2024.04,2,Stadtkreise,70,Kreis 7,4,4 Zimmer,1,Gemeinnützig,1,Wohnung,1,netto,1619.0,1593.0,1644.0,1182.0,1139.0,1202.0,1467.0,1424.0,1519.0,1776.0,1692.0,1866.0,432,245,49
2022,2022.04,2,Stadtkreise,70,Kreis 7,2,2 Zimmer,2,Nicht gemeinnützig,1,Wohnung,1,netto,1636.0,1581.0,1692.0,1275.0,1205.0,1350.0,1583.0,1526.0,1651.0,1972.0,1898.0,2030.0,2651,394,138
2024,2024.04,2,Stadtkreise,70,Kreis 7,2,2 Zimmer,2,Nicht gemeinnützig,1,Wohnung,1,netto,1842.0,1797.0,1887.0,1400.0,1360.0,1450.0,1730.0,1640.0,1834.0,2282.0,2210.0,2367.0,2713,394,186
2022,2022.04,2,Stadtkreise,70,Kreis 7,3,3 Zimmer,2,Nicht gemeinnützig,1,Wohnung,1,netto,2022.0,1953.0,2092.0,1540.0,1440.0,1610.0,1891.0,1800.0,1999.0,2426.0,2273.0,2500.0,4329,620,151
2024,2024.04,2,Stadtkreise,70,Kreis 7,3,3 Zimmer,2,Nicht gemeinnützig,1,Wohnung,1,netto,2226.0,2173.0,2280.0,1609.0,1530.0,1688.0,2102.0,2039.0,2184.0,2724.0,2599.0,2800.0,4286,621,236
2022,2022.04,2,Stadtkreise,70,Kreis 7,4,4 Zimmer,2,Nicht gemeinnützig,1,Wohnung,1,netto,2574.0,2460.0,2688.0,1873.0,1791.0,1931.0,2350.0,2261.0,2502.0,3062.0,2984.0,3388.0,3341,371,132
2024,2024.04,2,Stadtkreise,70,Kreis 7,4,4 Zimmer,2,Nicht gemeinnützig,1,Wohnung,1,netto,2650.0,2572.0,2728.0,1988.0,1894.0,2059.0,2592.0,2469.0,2732.0,3253.0,3130.0,3355.0,3193,360,205
2022,2022.04,2,Stadtkreise,80,Kreis 8,2,2 Zimmer,1,Gemeinnützig,1,Wohnung,1,netto,1108.0,1075.0,1142.0,860.0,847.0,885.0,1009.0,988.0,1031.0,1292.0,1180.0,1330.0,98,80,0
2024,2024.04,2,Stadtkreise,80,Kreis 8,2,2 Zimmer,1,Gemeinnützig,1,Wohnung,1,netto,1196.0,1173.0,1218.0,906.0,901.0,923.0,1077.0,1064.0,1122.0,1405.0,1341.0,1420.0,93,86,0
2022,2022.04,2,Stadtkreise,80,Kreis 8,3,3 Zimmer,1,Gemeinnützig,1,Wohnung,1,netto,1153.0,1141.0,1165.0,839.0,839.0,846.0,1078.0,1071.0,1085.0,1277.0,1264.0,1284.0,253,235,0
2024,2024.04,2,Stadtkreise,80,Kreis 8,3,3 Zimmer,1,Gemeinnützig,1,Wohnung,1,netto,1214.0,1204.0,1224.0,894.0,892.0,900.0,1122.0,1116.0,1132.0,1337.0,1330.0,1347.0,246,214,24
2022,2022.04,2,Stadtkreise,80,Kreis 8,4,4 Zimmer,1,Gemeinnützig,1,Wohnung,1,netto,1351.0,1339.0,1362.0,1045.0,1040.0,1058.0,1350.0,1345.0,1358.0,1484.0,1476.0,1486.0,244,232,0
2024,2024.04,2,Stadtkreise,80,Kreis 8,4,4 Zimmer,1,Gemeinnützig,1,Wohnung,1,netto,1440.0,1432.0,1448.0,1127.0,1121.0,1133.0,1400.0,1400.0,1408.0,1587.0,1583.0,1589.0,246,227,14
2022,2022.04,2,Stadtkreise,80,Kreis 8,2,2 Zimmer,2,Nicht gemeinnützig,1,Wohnung,1,netto,1882.0,1822.0,1942.0,1413.0,1350.0,1531.0,1891.0,1800.0,1961.0,2280.0,2199.0,2399.0,2213,477,113
2024,2024.04,2,Stadtkreise,80,Kreis 8,2,2 Zimmer,2,Nicht gemeinnützig,1,Wohnung,1,netto,2054.0,2000.0,2109.0,1477.0,1439.0,1540.0,1986.0,1910.0,2050.0,2540.0,2414.0,2639.0,2192,497,176
2022,2022.04,2,Stadtkreise,80,Kreis 8,3,3 Zimmer,2,Nicht gemeinnützig,1,Wohnung,1,netto,2323.0,2237.0,2410.0,1659.0,1560.0,1801.0,2270.0,2137.0,2390.0,2818.0,2688.0,2994.0,2773,472,125
2024,2024.04,2,Stadtkreise,80,Kreis 8,3,3 Zimmer,2,Nicht gemeinnützig,1,Wohnung,1,netto,2568.0,2492.0,2645.0,1769.0,1638.0,1900.0,2464.0,2300.0,2600.0,3207.0,3004.0,3362.0,2751,493,185
2022,2022.04,2,Stadtkreise,80,Kreis 8,4,4 Zimmer,2,Nicht gemeinnützig,1,Wohnung,1,netto,2860.0,2726.0,2995.0,1982.0,1800.0,2160.0,2650.0,2505.0,2900.0,3604.0,3240.0,3901.0,1393,166,99
2024,2024.04,2,Stadtkreise,80,Kreis 8,4,4 Zimmer,2,Nicht gemeinnützig,1,Wohnung,1,netto,2926.0,2819.0,3033.0,2111.0,1880.0,2188.0,2762.0,2618.0,2993.0,3618.0,3436.0,3865.0,1367,176,142
2022,2022.04,2,Stadtkreise,90,Kreis 9,2,2 Zimmer,1,Gemeinnützig,1,Wohnung,1,netto,944.0,916.0,972.0,702.0,679.0,729.0,911.0,878.0,931.0,1124.0,1063.0,1199.0,1657,995,46
2024,2024.04,2,Stadtkreise,90,Kreis 9,2,2 Zimmer,1,Gemeinnützig,1,Wohnung,1,netto,1009.0,973.0,1045.0,776.0,740.0,816.0,984.0,956.0,1050.0,1225.0,1156.0,1266.0,1661,1028,38
2022,2022.04,2,Stadtkreise,90,Kreis 9,3,3 Zimmer,1,Gemeinnützig,1,Wohnung,1,netto,994.0,975.0,1013.0,721.0,702.0,767.0,969.0,929.0,996.0,1173.0,1148.0,1211.0,4058,2215,74
2024,2024.04,2,Stadtkreise,90,Kreis 9,3,3 Zimmer,1,Gemeinnützig,1,Wohnung,1,netto,1049.0,1027.0,1070.0,811.0,768.0,843.0,1007.0,980.0,1046.0,1235.0,1205.0,1266.0,3917,2280,59
2022,2022.04,2,Stadtkreise,90,Kreis 9,4,4 Zimmer,1,Gemeinnützig,1,Wohnung,1,netto,1361.0,1330.0,1393.0,1025.0,957.0,1063.0,1357.0,1322.0,1401.0,1689.0,1631.0,1719.0,2299,1211,62
2024,2024.04,2,Stadtkreise,90,Kreis 9,4,4 Zimmer,1,Gemeinnützig,1,Wohnung,1,netto,1433.0,1400.0,1465.0,1102.0,1083.0,1147.0,1419.0,1381.0,1485.0,1718.0,1692.0,1750.0,2257,1253,57
2022,2022.04,2,Stadtkreise,90,Kreis 9,2,2 Zimmer,2,Nicht gemeinnützig,1,Wohnung,1,netto,1551.0,1498.0,1604.0,1185.0,1136.0,1230.0,1422.0,1338.0,1523.0,1818.0,1685.0,1984.0,5315,822,78
2024,2024.04,2,Stadtkreise,90,Kreis 9,2,2 Zimmer,2,Nicht gemeinnützig,1,Wohnung,1,netto,1636.0,1603.0,1670.0,1287.0,1239.0,1343.0,1564.0,1504.0,1630.0,1997.0,1871.0,2052.0,5440,1581,127
2022,2022.04,2,Stadtkreise,90,Kreis 9,3,3 Zimmer,2,Nicht gemeinnützig,1,Wohnung,1,netto,1713.0,1655.0,1771.0,1286.0,1233.0,1380.0,1675.0,1551.0,1724.0,2108.0,1900.0,2235.0,6624,1011,94
2024,2024.04,2,Stadtkreise,90,Kreis 9,3,3 Zimmer,2,Nicht gemeinnützig,1,Wohnung,1,netto,1946.0,1901.0,1991.0,1476.0,1436.0,1543.0,1850.0,1767.0,1914.0,2360.0,2235.0,2433.0,6831,1567,126
2022,2022.04,2,Stadtkreise,90,Kreis 9,4,4 Zimmer,2,Nicht gemeinnützig,1,Wohnung,1,netto,2240.0,2164.0,2317.0,1790.0,1700.0,1951.0,2200.0,2120.0,2319.0,2670.0,2501.0,2785.0,3028,587,63
2024,2024.04,2,Stadtkreise,90,Kreis 9,4,4 Zimmer,2,Nicht gemeinnützig,1,Wohnung,1,netto,2364.0,2301.0,2427.0,1815.0,1723.0,1955.0,2256.0,2100.0,2388.0,2750.0,2620.0,2877.0,3140,826,94
2022,2022.04,2,Stadtkreise,100,Kreis 10,2,2 Zimmer,1,Gemeinnützig,1,Wohnung,1,netto,889.0,866.0,911.0,686.0,672.0,706.0,852.0,832.0,869.0,1054.0,1025.0,1071.0,1215,801,52
2024,2024.04,2,Stadtkreise,100,Kreis 10,2,2 Zimmer,1,Gemeinnützig,1,Wohnung,1,netto,965.0,944.0,986.0,735.0,722.0,759.0,914.0,877.0,950.0,1143.0,1083.0,1164.0,1246,828,44
2022,2022.04,2,Stadtkreise,100,Kreis 10,3,3 Zimmer,1,Gemeinnützig,1,Wohnung,1,netto,1048.0,1017.0,1079.0,788.0,772.0,815.0,972.0,946.0,1013.0,1219.0,1165.0,1262.0,2128,1429,40
2024,2024.04,2,Stadtkreise,100,Kreis 10,3,3 Zimmer,1,Gemeinnützig,1,Wohnung,1,netto,1084.0,1063.0,1105.0,831.0,816.0,857.0,1028.0,991.0,1058.0,1233.0,1203.0,1287.0,2098,1424,41
2022,2022.04,2,Stadtkreise,100,Kreis 10,4,4 Zimmer,1,Gemeinnützig,1,Wohnung,1,netto,1379.0,1348.0,1410.0,1033.0,1010.0,1060.0,1324.0,1288.0,1353.0,1637.0,1572.0,1724.0,1340,871,53
2024,2024.04,2,Stadtkreise,100,Kreis 10,4,4 Zimmer,1,Gemeinnützig,1,Wohnung,1,netto,1455.0,1421.0,1488.0,1132.0,1087.0,1184.0,1401.0,1367.0,1435.0,1701.0,1644.0,1757.0,1325,876,48
2022,2022.04,2,Stadtkreise,100,Kreis 10,2,2 Zimmer,2,Nicht gemeinnützig,1,Wohnung,1,netto,1544.0,1428.0,1660.0,1262.0,1200.0,1312.0,1409.0,1386.0,1518.0,1792.0,1540.0,1900.0,2798,426,66
2024,2024.04,2,Stadtkreise,100,Kreis 10,2,2 Zimmer,2,Nicht gemeinnützig,1,Wohnung,1,netto,1542.0,1493.0,1592.0,1271.0,1221.0,1326.0,1453.0,1400.0,1538.0,1761.0,1716.0,1795.0,2804,429,100
2022,2022.04,2,Stadtkreise,100,Kreis 10,3,3 Zimmer,2,Nicht gemeinnützig,1,Wohnung,1,netto,1778.0,1687.0,1869.0,1405.0,1350.0,1472.0,1680.0,1588.0,1745.0,2061.0,1900.0,2133.0,4956,921,80
2024,2024.04,2,Stadtkreise,100,Kreis 10,3,3 Zimmer,2,Nicht gemeinnützig,1,Wohnung,1,netto,1848.0,1788.0,1907.0,1481.0,1400.0,1579.0,1820.0,1750.0,1892.0,2100.0,1985.0,2267.0,4893,828,109
2022,2022.04,2,Stadtkreise,100,Kreis 10,4,4 Zimmer,2,Nicht gemeinnützig,1,Wohnung,1,netto,2219.0,2140.0,2298.0,1744.0,1662.0,1820.0,2133.0,1950.0,2224.0,2600.0,2500.0,2750.0,2652,496,70
2024,2024.04,2,Stadtkreise,100,Kreis 10,4,4 Zimmer,2,Nicht gemeinnützig,1,Wohnung,1,netto,2236.0,2162.0,2309.0,1727.0,1630.0,1822.0,2118.0,2000.0,2232.0,2640.0,2515.0,2850.0,2627,450,119
2022,2022.04,2,Stadtkreise,110,Kreis 11,2,2 Zimmer,1,Gemeinnützig,1,Wohnung,1,netto,948.0,932.0,964.0,807.0,786.0,818.0,915.0,902.0,930.0,1030.0,1025.0,1040.0,1540,1010,80
2024,2024.04,2,Stadtkreise,110,Kreis 11,2,2 Zimmer,1,Gemeinnützig,1,Wohnung,1,netto,1025.0,998.0,1052.0,867.0,850.0,891.0,984.0,962.0,1013.0,1125.0,1098.0,1165.0,1662,1082,60
2022,2022.04,2,Stadtkreise,110,Kreis 11,3,3 Zimmer,1,Gemeinnützig,1,Wohnung,1,netto,1140.0,1117.0,1163.0,928.0,914.0,951.0,1102.0,1102.0,1133.0,1275.0,1252.0,1297.0,3159,2219,89
2024,2024.04,2,Stadtkreise,110,Kreis 11,3,3 Zimmer,1,Gemeinnützig,1,Wohnung,1,netto,1226.0,1210.0,1242.0,1009.0,998.0,1024.0,1202.0,1172.0,1225.0,1390.0,1370.0,1407.0,3235,2321,92
2022,2022.04,2,Stadtkreise,110,Kreis 11,4,4 Zimmer,1,Gemeinnützig,1,Wohnung,1,netto,1344.0,1326.0,1363.0,1095.0,1071.0,1117.0,1344.0,1304.0,1363.0,1537.0,1515.0,1564.0,2768,1849,106
2024,2024.04,2,Stadtkreise,110,Kreis 11,4,4 Zimmer,1,Gemeinnützig,1,Wohnung,1,netto,1465.0,1447.0,1483.0,1219.0,1206.0,1235.0,1464.0,1446.0,1482.0,1669.0,1640.0,1686.0,2766,1885,94
2022,2022.04,2,Stadtkreise,110,Kreis 11,2,2 Zimmer,2,Nicht gemeinnützig,1,Wohnung,1,netto,1460.0,1417.0,1502.0,1184.0,1160.0,1210.0,1356.0,1334.0,1430.0,1700.0,1591.0,1760.0,5662,1181,119
2024,2024.04,2,Stadtkreise,110,Kreis 11,2,2 Zimmer,2,Nicht gemeinnützig,1,Wohnung,1,netto,1532.0,1496.0,1567.0,1222.0,1200.0,1281.0,1474.0,1432.0,1550.0,1799.0,1749.0,1850.0,5698,1169,171
2022,2022.04,2,Stadtkreise,110,Kreis 11,3,3 Zimmer,2,Nicht gemeinnützig,1,Wohnung,1,netto,1677.0,1634.0,1720.0,1324.0,1264.0,1380.0,1600.0,1559.0,1668.0,1950.0,1898.0,2004.0,8790,1801,137
2024,2024.04,2,Stadtkreise,110,Kreis 11,3,3 Zimmer,2,Nicht gemeinnützig,1,Wohnung,1,netto,1789.0,1749.0,1829.0,1415.0,1329.0,1466.0,1760.0,1722.0,1838.0,2100.0,2062.0,2190.0,8502,1692,196
2022,2022.04,2,Stadtkreise,110,Kreis 11,4,4 Zimmer,2,Nicht gemeinnützig,1,Wohnung,1,netto,1962.0,1907.0,2017.0,1596.0,1520.0,1654.0,1891.0,1830.0,1952.0,2284.0,2187.0,2350.0,4742,1211,117
2024,2024.04,2,Stadtkreise,110,Kreis 11,4,4 Zimmer,2,Nicht gemeinnützig,1,Wohnung,1,netto,2162.0,2106.0,2219.0,1688.0,1623.0,1745.0,2122.0,2061.0,2239.0,2573.0,2493.0,2694.0,4555,1057,151
2022,2022.04,2,Stadtkreise,120,Kreis 12,2,2 Zimmer,1,Gemeinnützig,1,Wohnung,1,netto,874.0,859.0,890.0,672.0,667.0,682.0,812.0,795.0,842.0,1075.0,1054.0,1117.0,1355,962,59
2024,2024.04,2,Stadtkreise,120,Kreis 12,2,2 Zimmer,1,Gemeinnützig,1,Wohnung,1,netto,920.0,910.0,929.0,752.0,724.0,761.0,887.0,859.0,911.0,1105.0,1090.0,1135.0,1396,952,51
2022,2022.04,2,Stadtkreise,120,Kreis 12,3,3 Zimmer,1,Gemeinnützig,1,Wohnung,1,netto,1005.0,994.0,1015.0,711.0,701.0,730.0,911.0,876.0,943.0,1282.0,1243.0,1326.0,2932,2025,88
2024,2024.04,2,Stadtkreise,120,Kreis 12,3,3 Zimmer,1,Gemeinnützig,1,Wohnung,1,netto,1085.0,1074.0,1096.0,764.0,750.0,766.0,1022.0,1005.0,1045.0,1387.0,1346.0,1419.0,3035,2003,91
2022,2022.04,2,Stadtkreise,120,Kreis 12,4,4 Zimmer,1,Gemeinnützig,1,Wohnung,1,netto,1305.0,1283.0,1327.0,921.0,894.0,1016.0,1245.0,1236.0,1288.0,1613.0,1565.0,1674.0,2104,1302,73
2024,2024.04,2,Stadtkreise,120,Kreis 12,4,4 Zimmer,1,Gemeinnützig,1,Wohnung,1,netto,1406.0,1380.0,1432.0,1077.0,996.0,1157.0,1375.0,1337.0,1472.0,1705.0,1666.0,1726.0,2158,1240,73
2022,2022.04,2,Stadtkreise,120,Kreis 12,2,2 Zimmer,2,Nicht gemeinnützig,1,Wohnung,1,netto,1291.0,1228.0,1354.0,1087.0,1043.0,1184.0,1311.0,1255.0,1390.0,1480.0,1443.0,1570.0,1713,426,64
2024,2024.04,2,Stadtkreise,120,Kreis 12,2,2 Zimmer,2,Nicht gemeinnützig,1,Wohnung,1,netto,1332.0,1274.0,1389.0,1160.0,1060.0,1240.0,1312.0,1249.0,1375.0,1535.0,1478.0,1595.0,1626,385,105
2022,2022.04,2,Stadtkreise,120,Kreis 12,3,3 Zimmer,2,Nicht gemeinnützig,1,Wohnung,1,netto,1404.0,1359.0,1449.0,1253.0,1157.0,1325.0,1435.0,1402.0,1450.0,1530.0,1490.0,1586.0,2933,582,93
2024,2024.04,2,Stadtkreise,120,Kreis 12,3,3 Zimmer,2,Nicht gemeinnützig,1,Wohnung,1,netto,1543.0,1502.0,1583.0,1300.0,1212.0,1351.0,1528.0,1466.0,1570.0,1734.0,1680.0,1803.0,2752,504,132
2022,2022.04,2,Stadtkreise,120,Kreis 12,4,4 Zimmer,2,Nicht gemeinnützig,1,Wohnung,1,netto,1724.0,1665.0,1784.0,1371.0,1255.0,1440.0,1595.0,1520.0,1698.0,2050.0,1920.0,2249.0,1107,274,68
2024,2024.04,2,Stadtkreise,120,Kreis 12,4,4 Zimmer,2,Nicht gemeinnützig,1,Wohnung,1,netto,1858.0,1811.0,1904.0,1467.0,1398.0,1530.0,1717.0,1667.0,1816.0,2248.0,2149.0,2317.0,1000,256,106
2022,2022.04,2,Stadtkreise,0,Ganze Stadt,2,2 Zimmer,1,Gemeinnützig,2,Quadratmeter,1,netto,16.14,16.0,16.27,13.07,12.97,13.2,15.34,15.15,15.56,18.11,17.87,18.39,11106,7152,504
2024,2024.04,2,Stadtkreise,0,Ganze Stadt,2,2 Zimmer,1,Gemeinnützig,2,Quadratmeter,1,netto,17.22,17.07,17.37,14.04,13.87,14.2,16.54,16.32,16.7,19.58,19.39,19.71,11437,7430,461
2022,2022.04,2,Stadtkreise,0,Ganze Stadt,3,3 Zimmer,1,Gemeinnützig,2,Quadratmeter,1,netto,14.14,14.04,14.25,11.69,11.6,11.79,13.48,13.38,13.59,15.97,15.81,16.11,22955,14593,605
2024,2024.04,2,Stadtkreise,0,Ganze Stadt,3,3 Zimmer,1,Gemeinnützig,2,Quadratmeter,1,netto,15.07,14.98,15.15,12.58,12.47,12.68,14.53,14.44,14.62,16.94,16.82,17.07,23071,15107,620
2022,2022.04,2,Stadtkreise,0,Ganze Stadt,4,4 Zimmer,1,Gemeinnützig,2,Quadratmeter,1,netto,13.98,13.89,14.07,11.83,11.74,11.96,13.72,13.63,13.82,15.67,15.53,15.79,14925,9246,604
2024,2024.04,2,Stadtkreise,0,Ganze Stadt,4,4 Zimmer,1,Gemeinnützig,2,Quadratmeter,1,netto,14.99,14.88,15.09,12.69,12.58,12.81,14.52,14.45,14.62,16.83,16.67,17.0,14957,9478,580
2022,2022.04,2,Stadtkreise,0,Ganze Stadt,9,"2 , 3  und 4 Zimmer",1,Gemeinnützig,2,Quadratmeter,1,netto,14.54,14.48,14.61,12.0,11.96,12.06,13.93,13.84,13.99,16.36,16.29,16.48,48986,30991,1713
2024,2024.04,2,Stadtkreise,0,Ganze Stadt,9,"2 , 3  und 4 Zimmer",1,Gemeinnützig,2,Quadratmeter,1,netto,15.54,15.47,15.61,12.89,12.83,12.95,14.88,14.8,14.95,17.48,17.37,17.6,49465,32015,1661
2022,2022.04,2,Stadtkreise,0,Ganze Stadt,2,2 Zimmer,2,Nicht gemeinnützig,2,Quadratmeter,1,netto,27.59,27.28,27.91,21.82,21.48,22.22,26.39,26.09,26.7,32.06,31.51,32.77,35586,6336,1210
2024,2024.04,2,Stadtkreise,0,Ganze Stadt,2,2 Zimmer,2,Nicht gemeinnützig,2,Quadratmeter,1,netto,29.48,29.25,29.72,23.07,22.82,23.38,28.45,28.13,28.75,34.42,33.88,34.85,35728,7237,1786
2022,2022.04,2,Stadtkreise,0,Ganze Stadt,3,3 Zimmer,2,Nicht gemeinnützig,2,Quadratmeter,1,netto,23.94,23.66,24.22,19.11,18.67,19.36,22.89,22.57,23.17,27.8,27.45,28.25,51225,8700,1260
2024,2024.04,2,Stadtkreise,0,Ganze Stadt,3,3 Zimmer,2,Nicht gemeinnützig,2,Quadratmeter,1,netto,25.79,25.56,26.02,20.21,20.0,20.61,25.0,24.76,25.36,30.0,29.69,30.49,50539,9132,1836
2022,2022.04,2,Stadtkreise,0,Ganze Stadt,4,4 Zimmer,2,Nicht gemeinnützig,2,Quadratmeter,1,netto,22.66,22.37,22.95,17.79,17.46,18.05,21.46,21.1,21.92,26.61,26.09,27.25,25972,4545,1053
2024,2024.04,2,Stadtkreise,0,Ganze Stadt,4,4 Zimmer,2,Nicht gemeinnützig,2,Quadratmeter,1,netto,23.87,23.62,24.12,18.71,18.45,19.03,22.78,22.57,23.11,28.19,27.85,28.62,25502,4670,1514
2022,2022.04,2,Stadtkreise,0,Ganze Stadt,9,"2 , 3  und 4 Zimmer",2,Nicht gemeinnützig,2,Quadratmeter,1,netto,24.8,24.62,24.97,19.4,19.25,19.6,23.58,23.37,23.78,28.98,28.64,29.29,112783,19581,3523
2024,2024.04,2,Stadtkreise,0,Ganze Stadt,9,"2 , 3  und 4 Zimmer",2,Nicht gemeinnützig,2,Quadratmeter,1,netto,26.53,26.39,26.67,20.57,20.34,20.76,25.53,25.34,25.69,31.31,31.06,31.59,111769,21039,5136
2022,2022.04,2,Stadtkreise,10,Kreis 1,2,2 Zimmer,1,Gemeinnützig,2,Quadratmeter,1,netto,18.92,18.71,19.13,14.45,14.26,14.82,17.81,17.62,17.97,22.31,21.65,22.59,302,274,0
2024,2024.04,2,Stadtkreise,10,Kreis 1,2,2 Zimmer,1,Gemeinnützig,2,Quadratmeter,1,netto,19.92,19.68,20.16,15.57,15.21,15.82,19.02,18.88,19.17,23.62,23.1,23.95,307,269,7
2022,2022.04,2,Stadtkreise,10,Kreis 1,3,3 Zimmer,1,Gemeinnützig,2,Quadratmeter,1,netto,17.0,16.83,17.17,12.82,12.73,13.06,16.26,16.06,16.47,19.76,19.54,19.92,201,191,0
2024,2024.04,2,Stadtkreise,10,Kreis 1,3,3 Zimmer,1,Gemeinnützig,2,Quadratmeter,1,netto,19.39,19.24,19.55,14.07,14.04,14.13,18.06,17.8,18.21,22.34,22.13,22.67,208,189,11
2022,2022.04,2,Stadtkreise,10,Kreis 1,4,4 Zimmer,1,Gemeinnützig,2,Quadratmeter,1,netto,15.77,15.43,16.11,10.68,10.56,10.74,15.16,14.93,15.43,18.94,18.72,19.4,136,124,0
2024,2024.04,2,Stadtkreise,10,Kreis 1,4,4 Zimmer,1,Gemeinnützig,2,Quadratmeter,1,netto,17.55,17.15,17.95,11.81,11.7,12.2,16.71,16.42,17.18,20.29,20.04,20.84,134,123,0
2022,2022.04,2,Stadtkreise,10,Kreis 1,9,"2 , 3  und 4 Zimmer",1,Gemeinnützig,2,Quadratmeter,1,netto,17.69,17.56,17.82,13.22,13.04,13.29,16.73,16.6,16.96,20.74,20.49,20.88,639,589,0
2024,2024.04,2,Stadtkreise,10,Kreis 1,9,"2 , 3  und 4 Zimmer",1,Gemeinnützig,2,Quadratmeter,1,netto,19.29,19.14,19.44,14.29,14.17,14.52,18.29,18.13,18.37,22.41,22.27,22.62,649,581,18
2022,2022.04,2,Stadtkreise,10,Kreis 1,2,2 Zimmer,2,Nicht gemeinnützig,2,Quadratmeter,1,netto,37.58,35.82,39.34,32.31,29.37,34.81,37.28,36.01,38.76,44.35,41.5,45.88,774,81,99
2024,2024.04,2,Stadtkreise,10,Kreis 1,2,2 Zimmer,2,Nicht gemeinnützig,2,Quadratmeter,1,netto,39.66,38.18,41.15,30.89,28.74,32.67,38.67,37.05,40.93,46.46,44.27,49.94,743,76,144
2022,2022.04,2,Stadtkreise,10,Kreis 1,3,3 Zimmer,2,Nicht gemeinnützig,2,Quadratmeter,1,netto,31.61,30.41,32.82,25.95,22.74,26.83,31.17,28.88,34.34,37.85,36.46,38.67,635,69,97
2024,2024.04,2,Stadtkreise,10,Kreis 1,3,3 Zimmer,2,Nicht gemeinnützig,2,Quadratmeter,1,netto,35.29,33.92,36.66,26.07,24.57,28.26,34.7,33.38,36.91,43.36,41.34,45.22,621,70,154
2022,2022.04,2,Stadtkreise,10,Kreis 1,4,4 Zimmer,2,Nicht gemeinnützig,2,Quadratmeter,1,netto,30.82,29.03,32.61,21.37,18.66,26.22,29.93,27.94,32.75,39.17,35.0,41.58,323,27,69
2024,2024.04,2,Stadtkreise,10,Kreis 1,4,4 Zimmer,2,Nicht gemeinnützig,2,Quadratmeter,1,netto,32.48,30.64,34.32,24.35,19.61,26.63,33.24,31.43,34.53,39.95,37.11,41.64,316,25,91
2022,2022.04,2,Stadtkreise,10,Kreis 1,9,"2 , 3  und 4 Zimmer",2,Nicht gemeinnützig,2,Quadratmeter,1,netto,34.12,33.16,35.08,27.09,25.98,28.5,34.64,33.3,36.4,40.3,38.67,41.67,1732,177,265
2024,2024.04,2,Stadtkreise,10,Kreis 1,9,"2 , 3  und 4 Zimmer",2,Nicht gemeinnützig,2,Quadratmeter,1,netto,36.69,35.8,37.59,27.66,26.6,29.24,36.33,34.74,37.14,44.1,42.92,45.54,1680,171,389
2022,2022.04,2,Stadtkreise,20,Kreis 2,2,2 Zimmer,1,Gemeinnützig,2,Quadratmeter,1,netto,16.1,15.6,16.59,12.7,12.3,13.04,15.75,14.99,16.39,18.71,17.88,20.01,971,535,53
2024,2024.04,2,Stadtkreise,20,Kreis 2,2,2 Zimmer,1,Gemeinnützig,2,Quadratmeter,1,netto,17.78,17.41,18.15,14.47,14.15,15.33,17.2,16.66,17.65,21.06,20.51,21.69,997,591,53
2022,2022.04,2,Stadtkreise,20,Kreis 2,3,3 Zimmer,1,Gemeinnützig,2,Quadratmeter,1,netto,14.69,14.05,15.33,11.68,11.51,12.25,14.11,13.31,14.42,16.21,15.56,17.12,1736,873,63
2024,2024.04,2,Stadtkreise,20,Kreis 2,3,3 Zimmer,1,Gemeinnützig,2,Quadratmeter,1,netto,15.97,15.61,16.34,13.18,12.86,13.82,15.32,15.15,15.88,18.28,17.2,18.6,1745,928,69
2022,2022.04,2,Stadtkreise,20,Kreis 2,4,4 Zimmer,1,Gemeinnützig,2,Quadratmeter,1,netto,14.56,14.31,14.81,12.5,11.71,13.12,14.17,13.8,14.94,16.06,15.71,16.47,1435,763,52
2024,2024.04,2,Stadtkreise,20,Kreis 2,4,4 Zimmer,1,Gemeinnützig,2,Quadratmeter,1,netto,15.85,15.5,16.21,13.16,12.68,13.85,16.04,14.98,16.51,18.22,17.93,18.69,1413,827,63
2022,2022.04,2,Stadtkreise,20,Kreis 2,9,"2 , 3  und 4 Zimmer",1,Gemeinnützig,2,Quadratmeter,1,netto,14.97,14.66,15.29,12.24,11.91,12.46,14.32,14.15,14.72,16.68,16.33,17.14,4142,2171,168
2024,2024.04,2,Stadtkreise,20,Kreis 2,9,"2 , 3  und 4 Zimmer",1,Gemeinnützig,2,Quadratmeter,1,netto,16.37,16.15,16.58,13.51,13.16,13.83,15.95,15.48,16.19,18.75,18.55,19.14,4155,2346,185
2022,2022.04,2,Stadtkreise,20,Kreis 2,2,2 Zimmer,2,Nicht gemeinnützig,2,Quadratmeter,1,netto,28.2,27.28,29.11,22.08,21.08,22.94,26.47,25.43,27.91,33.19,30.63,35.58,2749,460,101
2024,2024.04,2,Stadtkreise,20,Kreis 2,2,2 Zimmer,2,Nicht gemeinnützig,2,Quadratmeter,1,netto,31.0,30.04,31.97,24.29,23.49,25.53,28.46,27.68,30.0,37.85,35.53,39.91,2859,468,153
2022,2022.04,2,Stadtkreise,20,Kreis 2,3,3 Zimmer,2,Nicht gemeinnützig,2,Quadratmeter,1,netto,26.02,24.87,27.17,20.43,19.29,21.62,25.55,24.66,26.52,30.08,28.47,31.32,3833,815,100
2024,2024.04,2,Stadtkreise,20,Kreis 2,3,3 Zimmer,2,Nicht gemeinnützig,2,Quadratmeter,1,netto,27.29,26.49,28.09,21.49,20.64,22.45,26.67,26.01,27.44,32.54,30.48,33.58,3917,831,155
2022,2022.04,2,Stadtkreise,20,Kreis 2,4,4 Zimmer,2,Nicht gemeinnützig,2,Quadratmeter,1,netto,24.81,23.75,25.86,19.41,18.54,20.45,23.74,23.06,25.11,29.82,28.12,31.89,2285,461,112
2024,2024.04,2,Stadtkreise,20,Kreis 2,4,4 Zimmer,2,Nicht gemeinnützig,2,Quadratmeter,1,netto,25.68,24.8,26.57,20.35,19.61,21.12,25.04,24.01,25.47,30.76,28.67,32.67,2337,486,162
2022,2022.04,2,Stadtkreise,20,Kreis 2,9,"2 , 3  und 4 Zimmer",2,Nicht gemeinnützig,2,Quadratmeter,1,netto,26.38,25.75,27.02,20.52,19.92,21.3,25.54,24.85,26.32,30.75,29.54,31.68,8867,1736,313
2024,2024.04,2,Stadtkreise,20,Kreis 2,9,"2 , 3  und 4 Zimmer",2,Nicht gemeinnützig,2,Quadratmeter,1,netto,28.04,27.53,28.55,21.86,21.41,22.59,26.85,26.4,27.31,33.23,32.19,34.34,9113,1785,470
2022,2022.04,2,Stadtkreise,30,Kreis 3,2,2 Zimmer,1,Gemeinnützig,2,Quadratmeter,1,netto,14.92,14.67,15.17,12.65,12.32,12.84,14.85,14.34,15.33,16.72,16.26,17.16,1432,855,64
2024,2024.04,2,Stadtkreise,30,Kreis 3,2,2 Zimmer,1,Gemeinnützig,2,Quadratmeter,1,netto,15.71,15.22,16.21,12.96,12.41,13.39,14.91,14.46,15.37,18.34,17.39,18.93,1442,866,66
2022,2022.04,2,Stadtkreise,30,Kreis 3,3,3 Zimmer,1,Gemeinnützig,2,Quadratmeter,1,netto,13.1,12.78,13.41,11.04,10.92,11.19,12.19,11.93,12.63,14.55,13.95,15.04,3050,1850,67
2024,2024.04,2,Stadtkreise,30,Kreis 3,3,3 Zimmer,1,Gemeinnützig,2,Quadratmeter,1,netto,13.69,13.39,13.99,11.42,11.13,11.72,12.87,12.58,13.26,15.47,14.89,16.36,2990,1891,63
2022,2022.04,2,Stadtkreise,30,Kreis 3,4,4 Zimmer,1,Gemeinnützig,2,Quadratmeter,1,netto,13.61,13.41,13.81,11.37,11.02,11.88,13.19,13.0,13.63,15.31,14.88,15.77,1886,1175,84
2024,2024.04,2,Stadtkreise,30,Kreis 3,4,4 Zimmer,1,Gemeinnützig,2,Quadratmeter,1,netto,14.26,13.83,14.69,12.03,11.84,12.29,13.44,13.19,13.76,15.37,14.96,17.09,1871,1218,82
2022,2022.04,2,Stadtkreise,30,Kreis 3,9,"2 , 3  und 4 Zimmer",1,Gemeinnützig,2,Quadratmeter,1,netto,13.66,13.49,13.83,11.33,11.17,11.53,13.02,12.84,13.24,15.62,15.26,15.85,6368,3880,215
2024,2024.04,2,Stadtkreise,30,Kreis 3,9,"2 , 3  und 4 Zimmer",1,Gemeinnützig,2,Quadratmeter,1,netto,14.32,14.08,14.56,11.89,11.72,12.03,13.48,13.27,13.81,16.39,15.84,16.75,6303,3975,211
2022,2022.04,2,Stadtkreise,30,Kreis 3,2,2 Zimmer,2,Nicht gemeinnützig,2,Quadratmeter,1,netto,26.96,26.18,27.74,22.0,21.37,23.04,25.89,25.23,27.17,31.34,30.0,32.33,4921,850,122
2024,2024.04,2,Stadtkreise,30,Kreis 3,2,2 Zimmer,2,Nicht gemeinnützig,2,Quadratmeter,1,netto,30.03,29.22,30.85,23.75,22.76,25.0,29.11,28.54,30.24,33.86,32.77,34.92,4912,863,187
2022,2022.04,2,Stadtkreise,30,Kreis 3,3,3 Zimmer,2,Nicht gemeinnützig,2,Quadratmeter,1,netto,24.22,23.19,25.26,19.85,18.68,20.7,22.59,21.79,24.51,27.58,26.87,29.2,6901,920,110
2024,2024.04,2,Stadtkreise,30,Kreis 3,3,3 Zimmer,2,Nicht gemeinnützig,2,Quadratmeter,1,netto,25.51,24.69,26.33,20.27,19.67,21.39,24.46,23.65,25.33,29.7,28.13,31.84,6785,864,181
2022,2022.04,2,Stadtkreise,30,Kreis 3,4,4 Zimmer,2,Nicht gemeinnützig,2,Quadratmeter,1,netto,22.85,21.81,23.9,18.54,17.96,19.33,21.37,20.15,22.26,25.94,23.56,27.89,2300,269,102
2024,2024.04,2,Stadtkreise,30,Kreis 3,4,4 Zimmer,2,Nicht gemeinnützig,2,Quadratmeter,1,netto,23.2,22.44,23.96,18.59,17.73,19.23,23.08,21.84,24.07,27.93,25.82,29.19,2296,249,139
2022,2022.04,2,Stadtkreise,30,Kreis 3,9,"2 , 3  und 4 Zimmer",2,Nicht gemeinnützig,2,Quadratmeter,1,netto,24.95,24.35,25.55,20.0,19.33,20.7,23.63,22.84,24.65,28.56,27.83,30.0,14122,2039,334
2024,2024.04,2,Stadtkreise,30,Kreis 3,9,"2 , 3  und 4 Zimmer",2,Nicht gemeinnützig,2,Quadratmeter,1,netto,26.71,26.21,27.22,20.93,20.26,21.41,25.66,25.14,26.58,31.62,30.54,32.39,13993,1976,507
2022,2022.04,2,Stadtkreise,40,Kreis 4,2,2 Zimmer,1,Gemeinnützig,2,Quadratmeter,1,netto,16.66,16.29,17.04,13.18,13.0,13.33,14.59,14.32,14.91,18.67,18.43,20.24,1218,858,55
2024,2024.04,2,Stadtkreise,40,Kreis 4,2,2 Zimmer,1,Gemeinnützig,2,Quadratmeter,1,netto,17.92,17.49,18.34,14.14,14.05,14.33,15.78,15.52,15.93,20.28,19.62,21.09,1213,898,47
2022,2022.04,2,Stadtkreise,40,Kreis 4,3,3 Zimmer,1,Gemeinnützig,2,Quadratmeter,1,netto,14.19,13.76,14.62,11.34,11.22,11.49,12.49,12.33,12.81,15.78,14.75,16.51,2066,1512,50
2024,2024.04,2,Stadtkreise,40,Kreis 4,3,3 Zimmer,1,Gemeinnützig,2,Quadratmeter,1,netto,15.15,14.84,15.47,12.65,12.44,12.85,14.08,13.9,14.27,15.97,15.68,16.5,2116,1647,49
2022,2022.04,2,Stadtkreise,40,Kreis 4,4,4 Zimmer,1,Gemeinnützig,2,Quadratmeter,1,netto,13.75,13.38,14.12,10.9,10.78,11.04,12.95,12.71,13.12,15.14,14.76,15.39,713,478,57
2024,2024.04,2,Stadtkreise,40,Kreis 4,4,4 Zimmer,1,Gemeinnützig,2,Quadratmeter,1,netto,15.59,15.14,16.04,12.06,11.93,12.25,13.74,13.56,14.0,17.19,16.59,17.92,760,553,40
2022,2022.04,2,Stadtkreise,40,Kreis 4,9,"2 , 3  und 4 Zimmer",1,Gemeinnützig,2,Quadratmeter,1,netto,14.87,14.61,15.13,11.73,11.61,11.85,13.48,13.31,13.71,16.21,15.83,16.74,3997,2848,162
2024,2024.04,2,Stadtkreise,40,Kreis 4,9,"2 , 3  und 4 Zimmer",1,Gemeinnützig,2,Quadratmeter,1,netto,16.06,15.83,16.28,13.04,12.9,13.14,14.5,14.4,14.65,17.3,16.85,17.71,4089,3098,136
2022,2022.04,2,Stadtkreise,40,Kreis 4,2,2 Zimmer,2,Nicht gemeinnützig,2,Quadratmeter,1,netto,29.55,28.79,30.3,22.71,21.55,24.57,29.89,28.2,31.13,35.48,34.25,36.32,2857,507,158
2024,2024.04,2,Stadtkreise,40,Kreis 4,2,2 Zimmer,2,Nicht gemeinnützig,2,Quadratmeter,1,netto,31.03,30.27,31.79,24.13,22.67,25.1,30.72,29.23,31.49,36.07,35.07,37.6,2880,648,226
2022,2022.04,2,Stadtkreise,40,Kreis 4,3,3 Zimmer,2,Nicht gemeinnützig,2,Quadratmeter,1,netto,25.01,24.16,25.85,19.37,17.94,21.31,24.3,23.53,25.78,30.96,28.21,32.13,4073,631,120
2024,2024.04,2,Stadtkreise,40,Kreis 4,3,3 Zimmer,2,Nicht gemeinnützig,2,Quadratmeter,1,netto,27.36,26.67,28.05,21.42,20.48,22.64,26.7,26.12,28.16,32.62,31.31,33.23,4013,803,160
2022,2022.04,2,Stadtkreise,40,Kreis 4,4,4 Zimmer,2,Nicht gemeinnützig,2,Quadratmeter,1,netto,22.73,21.95,23.5,17.25,16.46,18.49,22.15,20.78,23.33,27.01,26.4,28.71,1483,184,82
2024,2024.04,2,Stadtkreise,40,Kreis 4,4,4 Zimmer,2,Nicht gemeinnützig,2,Quadratmeter,1,netto,25.95,24.95,26.96,20.12,18.33,20.54,26.04,24.04,27.53,31.13,29.64,33.02,1467,263,120
2022,2022.04,2,Stadtkreise,40,Kreis 4,9,"2 , 3  und 4 Zimmer",2,Nicht gemeinnützig,2,Quadratmeter,1,netto,26.15,25.65,26.65,20.0,19.08,20.92,25.85,24.92,26.4,31.75,31.17,32.58,8413,1322,360
2024,2024.04,2,Stadtkreise,40,Kreis 4,9,"2 , 3  und 4 Zimmer",2,Nicht gemeinnützig,2,Quadratmeter,1,netto,28.38,27.92,28.84,21.75,21.3,22.52,28.01,27.12,28.57,33.89,33.02,34.6,8360,1714,506
2022,2022.04,2,Stadtkreise,50,Kreis 5,2,2 Zimmer,1,Gemeinnützig,2,Quadratmeter,1,netto,14.87,14.67,15.07,12.28,11.65,12.49,13.98,13.96,14.18,17.1,16.38,17.73,340,263,16
2024,2024.04,2,Stadtkreise,50,Kreis 5,2,2 Zimmer,1,Gemeinnützig,2,Quadratmeter,1,netto,15.71,14.92,16.5,12.12,11.37,12.83,15.09,14.54,15.33,17.48,16.96,17.95,331,252,20
2022,2022.04,2,Stadtkreise,50,Kreis 5,3,3 Zimmer,1,Gemeinnützig,2,Quadratmeter,1,netto,13.42,13.13,13.71,11.36,11.03,11.72,12.62,12.56,13.1,15.04,14.52,15.56,917,631,19
2024,2024.04,2,Stadtkreise,50,Kreis 5,3,3 Zimmer,1,Gemeinnützig,2,Quadratmeter,1,netto,14.72,14.48,14.97,12.3,12.18,12.44,14.13,14.05,14.92,16.88,16.2,17.25,924,643,20
2022,2022.04,2,Stadtkreise,50,Kreis 5,4,4 Zimmer,1,Gemeinnützig,2,Quadratmeter,1,netto,13.7,13.44,13.96,11.05,10.65,11.4,13.09,12.88,13.82,16.25,15.59,16.93,423,294,22
2024,2024.04,2,Stadtkreise,50,Kreis 5,4,4 Zimmer,1,Gemeinnützig,2,Quadratmeter,1,netto,14.88,14.71,15.06,12.25,12.12,12.44,15.04,14.5,15.78,17.08,16.94,17.84,407,279,19
2022,2022.04,2,Stadtkreise,50,Kreis 5,9,"2 , 3  und 4 Zimmer",1,Gemeinnützig,2,Quadratmeter,1,netto,13.78,13.61,13.96,11.36,11.2,11.71,13.08,12.88,13.27,15.74,15.42,16.26,1680,1188,57
2024,2024.04,2,Stadtkreise,50,Kreis 5,9,"2 , 3  und 4 Zimmer",1,Gemeinnützig,2,Quadratmeter,1,netto,14.96,14.75,15.18,12.26,12.14,12.42,14.65,14.26,14.97,17.03,16.95,17.42,1662,1174,59
2022,2022.04,2,Stadtkreise,50,Kreis 5,2,2 Zimmer,2,Nicht gemeinnützig,2,Quadratmeter,1,netto,30.01,28.95,31.06,24.57,23.54,25.89,29.74,28.21,30.37,34.78,33.08,36.5,1355,363,77
2024,2024.04,2,Stadtkreise,50,Kreis 5,2,2 Zimmer,2,Nicht gemeinnützig,2,Quadratmeter,1,netto,31.34,30.44,32.24,24.69,23.47,25.74,31.23,29.55,32.28,37.04,35.11,38.13,1317,343,94
2022,2022.04,2,Stadtkreise,50,Kreis 5,3,3 Zimmer,2,Nicht gemeinnützig,2,Quadratmeter,1,netto,25.6,24.3,26.89,21.22,19.74,22.63,25.27,23.09,26.31,29.88,28.12,32.36,1904,416,66
2024,2024.04,2,Stadtkreise,50,Kreis 5,3,3 Zimmer,2,Nicht gemeinnützig,2,Quadratmeter,1,netto,27.65,26.45,28.86,22.71,21.37,24.15,27.07,26.03,29.2,32.81,31.39,33.8,1819,408,85
2022,2022.04,2,Stadtkreise,50,Kreis 5,4,4 Zimmer,2,Nicht gemeinnützig,2,Quadratmeter,1,netto,22.49,21.18,23.8,17.17,15.93,18.6,20.67,19.8,23.5,27.88,25.75,30.16,965,189,46
2024,2024.04,2,Stadtkreise,50,Kreis 5,4,4 Zimmer,2,Nicht gemeinnützig,2,Quadratmeter,1,netto,23.67,22.43,24.9,19.14,17.65,20.96,23.15,21.47,25.61,28.4,27.68,29.39,914,221,52
2022,2022.04,2,Stadtkreise,50,Kreis 5,9,"2 , 3  und 4 Zimmer",2,Nicht gemeinnützig,2,Quadratmeter,1,netto,26.31,25.57,27.04,20.89,20.02,22.17,25.75,25.05,26.84,30.8,30.06,32.53,4224,968,189
2024,2024.04,2,Stadtkreise,50,Kreis 5,9,"2 , 3  und 4 Zimmer",2,Nicht gemeinnützig,2,Quadratmeter,1,netto,27.95,27.27,28.63,22.29,21.34,23.14,27.52,26.4,28.34,33.23,32.28,33.87,4050,972,231
2022,2022.04,2,Stadtkreise,60,Kreis 6,2,2 Zimmer,1,Gemeinnützig,2,Quadratmeter,1,netto,17.2,16.07,18.34,13.97,13.91,15.55,15.89,14.5,16.76,18.32,17.06,20.56,676,328,31
2024,2024.04,2,Stadtkreise,60,Kreis 6,2,2 Zimmer,1,Gemeinnützig,2,Quadratmeter,1,netto,17.17,16.59,17.75,14.71,14.15,15.51,16.54,15.95,17.22,18.39,17.63,19.63,731,380,39
2022,2022.04,2,Stadtkreise,60,Kreis 6,3,3 Zimmer,1,Gemeinnützig,2,Quadratmeter,1,netto,14.2,13.98,14.43,12.88,12.15,13.14,14.18,13.7,14.3,15.03,14.81,15.15,1939,1131,43
2024,2024.04,2,Stadtkreise,60,Kreis 6,3,3 Zimmer,1,Gemeinnützig,2,Quadratmeter,1,netto,15.1,14.93,15.27,13.66,13.5,13.86,14.89,14.59,15.34,16.18,15.9,16.65,2005,1261,47
2022,2022.04,2,Stadtkreise,60,Kreis 6,4,4 Zimmer,1,Gemeinnützig,2,Quadratmeter,1,netto,14.44,14.2,14.69,13.25,13.04,13.44,13.92,13.66,14.21,15.03,14.8,15.95,1156,705,37
2024,2024.04,2,Stadtkreise,60,Kreis 6,4,4 Zimmer,1,Gemeinnützig,2,Quadratmeter,1,netto,15.38,15.09,15.67,13.99,13.81,14.1,14.96,14.72,15.59,16.73,16.52,17.24,1188,752,41
2022,2022.04,2,Stadtkreise,60,Kreis 6,9,"2 , 3  und 4 Zimmer",1,Gemeinnützig,2,Quadratmeter,1,netto,14.82,14.56,15.07,13.2,13.09,13.38,14.2,13.98,14.3,15.81,15.15,16.0,3771,2164,111
2024,2024.04,2,Stadtkreise,60,Kreis 6,9,"2 , 3  und 4 Zimmer",1,Gemeinnützig,2,Quadratmeter,1,netto,15.57,15.4,15.73,13.91,13.79,13.99,15.24,14.91,15.53,16.89,16.54,17.12,3924,2393,127
2022,2022.04,2,Stadtkreise,60,Kreis 6,2,2 Zimmer,2,Nicht gemeinnützig,2,Quadratmeter,1,netto,27.51,26.28,28.75,23.37,20.98,24.94,26.73,25.7,28.57,32.38,29.82,33.92,2578,349,75
2024,2024.04,2,Stadtkreise,60,Kreis 6,2,2 Zimmer,2,Nicht gemeinnützig,2,Quadratmeter,1,netto,29.65,28.7,30.6,23.53,22.2,24.79,29.3,28.47,30.0,34.71,32.54,36.18,2544,384,117
2022,2022.04,2,Stadtkreise,60,Kreis 6,3,3 Zimmer,2,Nicht gemeinnützig,2,Quadratmeter,1,netto,25.66,24.33,27.0,19.6,18.81,22.01,25.86,23.01,27.4,30.93,28.85,33.81,3474,442,87
2024,2024.04,2,Stadtkreise,60,Kreis 6,3,3 Zimmer,2,Nicht gemeinnützig,2,Quadratmeter,1,netto,27.58,26.42,28.74,21.63,18.84,23.41,27.79,25.48,28.89,33.09,30.53,34.92,3369,451,117
2022,2022.04,2,Stadtkreise,60,Kreis 6,4,4 Zimmer,2,Nicht gemeinnützig,2,Quadratmeter,1,netto,23.81,22.8,24.83,18.9,16.87,20.79,23.68,22.81,24.34,29.65,27.26,31.14,2353,310,93
2024,2024.04,2,Stadtkreise,60,Kreis 6,4,4 Zimmer,2,Nicht gemeinnützig,2,Quadratmeter,1,netto,25.74,24.87,26.6,20.44,18.86,21.62,25.34,23.55,26.45,30.91,30.21,32.41,2290,301,133
2022,2022.04,2,Stadtkreise,60,Kreis 6,9,"2 , 3  und 4 Zimmer",2,Nicht gemeinnützig,2,Quadratmeter,1,netto,25.71,24.98,26.44,20.44,19.57,21.58,25.5,24.68,26.38,30.96,29.74,32.36,8405,1101,255
2024,2024.04,2,Stadtkreise,60,Kreis 6,9,"2 , 3  und 4 Zimmer",2,Nicht gemeinnützig,2,Quadratmeter,1,netto,27.71,27.1,28.32,21.78,20.55,22.63,27.81,26.53,28.55,32.8,31.96,33.87,8203,1136,367
2022,2022.04,2,Stadtkreise,70,Kreis 7,2,2 Zimmer,1,Gemeinnützig,2,Quadratmeter,1,netto,19.31,19.1,19.51,15.72,15.58,16.45,18.92,18.36,19.45,23.12,22.92,23.29,302,191,48
2024,2024.04,2,Stadtkreise,70,Kreis 7,2,2 Zimmer,1,Gemeinnützig,2,Quadratmeter,1,netto,20.84,20.02,21.65,17.42,16.07,18.66,20.4,19.7,21.53,23.47,23.11,23.82,358,198,36
2022,2022.04,2,Stadtkreise,70,Kreis 7,3,3 Zimmer,1,Gemeinnützig,2,Quadratmeter,1,netto,15.92,15.7,16.13,12.6,11.81,13.41,14.73,14.59,14.92,19.17,19.0,19.47,516,282,72
2024,2024.04,2,Stadtkreise,70,Kreis 7,3,3 Zimmer,1,Gemeinnützig,2,Quadratmeter,1,netto,17.31,17.11,17.51,12.16,12.14,13.51,15.79,15.36,16.37,21.0,20.85,21.16,552,306,54
2022,2022.04,2,Stadtkreise,70,Kreis 7,4,4 Zimmer,1,Gemeinnützig,2,Quadratmeter,1,netto,14.82,14.65,15.0,11.66,11.59,11.89,13.91,13.66,14.21,16.86,16.71,17.02,421,242,58
2024,2024.04,2,Stadtkreise,70,Kreis 7,4,4 Zimmer,1,Gemeinnützig,2,Quadratmeter,1,netto,15.6,15.37,15.83,11.88,11.76,12.14,14.29,13.81,14.61,18.1,17.95,18.35,432,245,49
2022,2022.04,2,Stadtkreise,70,Kreis 7,9,"2 , 3  und 4 Zimmer",1,Gemeinnützig,2,Quadratmeter,1,netto,16.37,16.25,16.49,12.6,12.24,12.89,15.27,15.16,15.56,19.57,19.45,19.74,1239,715,178
2024,2024.04,2,Stadtkreise,70,Kreis 7,9,"2 , 3  und 4 Zimmer",1,Gemeinnützig,2,Quadratmeter,1,netto,17.7,17.46,17.95,12.71,12.16,13.48,16.6,16.14,17.2,21.19,20.86,21.62,1342,749,139
2022,2022.04,2,Stadtkreise,70,Kreis 7,2,2 Zimmer,2,Nicht gemeinnützig,2,Quadratmeter,1,netto,27.98,27.07,28.89,21.83,20.22,23.33,28.0,26.63,29.68,32.98,31.68,34.83,2651,394,138
2024,2024.04,2,Stadtkreise,70,Kreis 7,2,2 Zimmer,2,Nicht gemeinnützig,2,Quadratmeter,1,netto,31.38,30.58,32.18,24.2,23.28,25.4,30.02,28.48,31.12,38.03,36.25,39.36,2713,394,186
2022,2022.04,2,Stadtkreise,70,Kreis 7,3,3 Zimmer,2,Nicht gemeinnützig,2,Quadratmeter,1,netto,25.04,24.1,25.97,19.3,17.78,20.49,23.9,23.0,25.0,30.55,28.11,31.73,4329,620,151
2024,2024.04,2,Stadtkreise,70,Kreis 7,3,3 Zimmer,2,Nicht gemeinnützig,2,Quadratmeter,1,netto,27.18,26.53,27.83,21.0,19.7,22.35,26.91,26.08,27.79,32.39,31.42,33.8,4286,621,236
2022,2022.04,2,Stadtkreise,70,Kreis 7,4,4 Zimmer,2,Nicht gemeinnützig,2,Quadratmeter,1,netto,24.2,23.21,25.19,19.04,18.19,19.99,23.34,22.32,24.76,28.82,26.74,29.89,3341,371,132
2024,2024.04,2,Stadtkreise,70,Kreis 7,4,4 Zimmer,2,Nicht gemeinnützig,2,Quadratmeter,1,netto,25.18,24.46,25.89,20.31,19.53,20.9,24.69,23.29,26.02,30.13,29.37,31.1,3193,360,205
2022,2022.04,2,Stadtkreise,70,Kreis 7,9,"2 , 3  und 4 Zimmer",2,Nicht gemeinnützig,2,Quadratmeter,1,netto,25.53,24.96,26.09,19.58,19.09,20.27,24.49,23.75,25.51,30.85,29.82,31.5,10321,1385,421
2024,2024.04,2,Stadtkreise,70,Kreis 7,9,"2 , 3  und 4 Zimmer",2,Nicht gemeinnützig,2,Quadratmeter,1,netto,27.68,27.26,28.09,21.42,20.91,22.03,27.07,26.58,27.55,32.66,32.0,33.33,10192,1375,627
2022,2022.04,2,Stadtkreise,80,Kreis 8,2,2 Zimmer,1,Gemeinnützig,2,Quadratmeter,1,netto,19.05,18.51,19.59,14.9,14.83,15.4,17.3,17.19,17.75,21.79,21.37,24.34,98,80,0
2024,2024.04,2,Stadtkreise,80,Kreis 8,2,2 Zimmer,1,Gemeinnützig,2,Quadratmeter,1,netto,19.97,19.62,20.33,15.06,14.9,15.38,18.04,17.72,18.72,23.35,22.43,24.93,93,86,0
2022,2022.04,2,Stadtkreise,80,Kreis 8,3,3 Zimmer,1,Gemeinnützig,2,Quadratmeter,1,netto,15.9,15.76,16.05,13.12,13.1,13.21,14.75,14.71,15.03,16.86,16.52,16.98,253,235,0
2024,2024.04,2,Stadtkreise,80,Kreis 8,3,3 Zimmer,1,Gemeinnützig,2,Quadratmeter,1,netto,16.83,16.71,16.95,13.77,13.7,13.79,15.35,15.3,15.41,18.03,17.88,18.16,246,214,24
2022,2022.04,2,Stadtkreise,80,Kreis 8,4,4 Zimmer,1,Gemeinnützig,2,Quadratmeter,1,netto,14.45,14.34,14.57,12.37,12.35,12.39,13.8,13.72,13.89,15.29,15.25,15.34,244,232,0
2024,2024.04,2,Stadtkreise,80,Kreis 8,4,4 Zimmer,1,Gemeinnützig,2,Quadratmeter,1,netto,15.42,15.35,15.5,12.71,12.68,12.78,14.79,14.56,14.82,16.23,16.21,16.25,246,227,14
2022,2022.04,2,Stadtkreise,80,Kreis 8,9,"2 , 3  und 4 Zimmer",1,Gemeinnützig,2,Quadratmeter,1,netto,15.81,15.7,15.93,12.78,12.71,12.84,14.8,14.71,14.89,16.96,16.68,17.21,595,547,0
2024,2024.04,2,Stadtkreise,80,Kreis 8,9,"2 , 3  und 4 Zimmer",1,Gemeinnützig,2,Quadratmeter,1,netto,16.71,16.64,16.79,13.57,13.52,13.6,15.42,15.4,15.5,18.0,17.86,18.08,585,527,38
2022,2022.04,2,Stadtkreise,80,Kreis 8,2,2 Zimmer,2,Nicht gemeinnützig,2,Quadratmeter,1,netto,31.98,30.89,33.06,24.88,22.91,26.45,32.5,31.0,34.39,38.11,36.82,40.42,2213,477,113
2024,2024.04,2,Stadtkreise,80,Kreis 8,2,2 Zimmer,2,Nicht gemeinnützig,2,Quadratmeter,1,netto,34.71,33.77,35.65,25.8,24.95,26.9,34.58,32.79,35.46,42.46,40.28,44.02,2192,497,176
2022,2022.04,2,Stadtkreise,80,Kreis 8,3,3 Zimmer,2,Nicht gemeinnützig,2,Quadratmeter,1,netto,28.83,27.82,29.84,22.07,20.21,24.04,29.97,28.0,30.84,35.37,33.91,37.25,2773,472,125
2024,2024.04,2,Stadtkreise,80,Kreis 8,3,3 Zimmer,2,Nicht gemeinnützig,2,Quadratmeter,1,netto,31.62,30.7,32.54,24.17,22.93,25.57,32.07,29.45,33.58,39.05,37.71,40.3,2751,493,185
2022,2022.04,2,Stadtkreise,80,Kreis 8,4,4 Zimmer,2,Nicht gemeinnützig,2,Quadratmeter,1,netto,27.07,25.91,28.22,20.0,17.76,22.01,27.11,25.89,28.25,32.18,30.49,34.21,1393,166,99
2024,2024.04,2,Stadtkreise,80,Kreis 8,4,4 Zimmer,2,Nicht gemeinnützig,2,Quadratmeter,1,netto,27.68,26.75,28.62,21.22,20.25,22.28,27.83,26.19,28.86,34.5,33.53,35.64,1367,176,142
2022,2022.04,2,Stadtkreise,80,Kreis 8,9,"2 , 3  und 4 Zimmer",2,Nicht gemeinnützig,2,Quadratmeter,1,netto,29.54,28.91,30.17,22.5,21.33,23.69,29.7,28.71,30.65,35.85,34.95,37.16,6379,1115,337
2024,2024.04,2,Stadtkreise,80,Kreis 8,9,"2 , 3  und 4 Zimmer",2,Nicht gemeinnützig,2,Quadratmeter,1,netto,31.85,31.3,32.41,24.07,23.26,24.66,31.84,30.87,32.73,38.96,38.12,39.99,6310,1166,503
2022,2022.04,2,Stadtkreise,90,Kreis 9,2,2 Zimmer,1,Gemeinnützig,2,Quadratmeter,1,netto,16.35,15.89,16.81,12.68,12.48,13.11,15.25,14.43,16.34,18.96,18.01,19.73,1657,995,46
2024,2024.04,2,Stadtkreise,90,Kreis 9,2,2 Zimmer,1,Gemeinnützig,2,Quadratmeter,1,netto,17.55,16.97,18.13,13.99,13.45,14.46,17.21,16.05,17.93,20.34,19.84,20.94,1661,1028,38
2022,2022.04,2,Stadtkreise,90,Kreis 9,3,3 Zimmer,1,Gemeinnützig,2,Quadratmeter,1,netto,14.03,13.77,14.28,11.61,11.29,11.99,13.77,13.36,14.29,16.04,15.78,16.33,4058,2215,74
2024,2024.04,2,Stadtkreise,90,Kreis 9,3,3 Zimmer,1,Gemeinnützig,2,Quadratmeter,1,netto,14.81,14.54,15.08,12.51,12.2,12.82,14.59,13.86,14.74,16.78,16.31,17.15,3917,2280,59
2022,2022.04,2,Stadtkreise,90,Kreis 9,4,4 Zimmer,1,Gemeinnützig,2,Quadratmeter,1,netto,14.14,13.77,14.5,12.04,11.81,12.46,14.0,13.64,14.35,15.62,15.39,16.59,2299,1211,62
2024,2024.04,2,Stadtkreise,90,Kreis 9,4,4 Zimmer,1,Gemeinnützig,2,Quadratmeter,1,netto,14.92,14.58,15.25,12.82,12.57,12.96,14.68,14.33,15.01,16.82,16.05,17.45,2257,1253,57
2022,2022.04,2,Stadtkreise,90,Kreis 9,9,"2 , 3  und 4 Zimmer",1,Gemeinnützig,2,Quadratmeter,1,netto,14.53,14.34,14.73,12.0,11.81,12.17,14.09,13.83,14.34,16.56,16.17,16.88,8014,4421,182
2024,2024.04,2,Stadtkreise,90,Kreis 9,9,"2 , 3  und 4 Zimmer",1,Gemeinnützig,2,Quadratmeter,1,netto,15.42,15.2,15.63,12.83,12.65,13.05,14.77,14.63,15.02,17.6,17.16,17.85,7835,4561,154
2022,2022.04,2,Stadtkreise,90,Kreis 9,2,2 Zimmer,2,Nicht gemeinnützig,2,Quadratmeter,1,netto,26.28,25.38,27.17,21.24,20.27,21.94,24.72,23.5,26.17,30.39,28.57,31.54,5315,822,78
2024,2024.04,2,Stadtkreise,90,Kreis 9,2,2 Zimmer,2,Nicht gemeinnützig,2,Quadratmeter,1,netto,27.88,27.33,28.44,23.02,21.82,23.78,27.93,26.81,28.69,32.57,31.31,33.5,5440,1581,127
2022,2022.04,2,Stadtkreise,90,Kreis 9,3,3 Zimmer,2,Nicht gemeinnützig,2,Quadratmeter,1,netto,22.0,21.38,22.62,17.27,16.93,18.59,21.92,21.28,22.23,25.82,24.27,26.93,6624,1011,94
2024,2024.04,2,Stadtkreise,90,Kreis 9,3,3 Zimmer,2,Nicht gemeinnützig,2,Quadratmeter,1,netto,24.74,24.25,25.24,19.9,19.53,20.64,24.3,23.22,25.43,28.37,27.34,29.56,6831,1567,126
2022,2022.04,2,Stadtkreise,90,Kreis 9,4,4 Zimmer,2,Nicht gemeinnützig,2,Quadratmeter,1,netto,21.53,20.75,22.3,17.1,16.58,18.89,21.47,20.5,22.59,24.99,23.82,27.34,3028,587,63
2024,2024.04,2,Stadtkreise,90,Kreis 9,4,4 Zimmer,2,Nicht gemeinnützig,2,Quadratmeter,1,netto,22.76,22.16,23.35,18.33,17.93,18.84,21.31,20.49,22.06,26.12,24.79,27.27,3140,826,94
2022,2022.04,2,Stadtkreise,90,Kreis 9,9,"2 , 3  und 4 Zimmer",2,Nicht gemeinnützig,2,Quadratmeter,1,netto,23.42,22.97,23.87,19.22,18.42,19.67,22.23,21.93,22.85,27.05,26.21,27.72,14967,2420,235
2024,2024.04,2,Stadtkreise,90,Kreis 9,9,"2 , 3  und 4 Zimmer",2,Nicht gemeinnützig,2,Quadratmeter,1,netto,25.45,25.13,25.77,20.15,19.83,20.64,24.83,24.04,25.47,29.78,29.24,30.63,15411,3974,347
2022,2022.04,2,Stadtkreise,100,Kreis 10,2,2 Zimmer,1,Gemeinnützig,2,Quadratmeter,1,netto,15.98,15.63,16.33,13.37,12.95,13.7,15.24,15.12,15.75,18.46,17.78,19.05,1215,801,52
2024,2024.04,2,Stadtkreise,100,Kreis 10,2,2 Zimmer,1,Gemeinnützig,2,Quadratmeter,1,netto,17.21,16.88,17.55,14.55,14.26,15.11,16.62,16.23,16.82,19.59,19.04,20.49,1246,828,44
2022,2022.04,2,Stadtkreise,100,Kreis 10,3,3 Zimmer,1,Gemeinnützig,2,Quadratmeter,1,netto,14.42,14.0,14.84,12.25,11.99,12.49,13.49,13.28,13.89,16.2,15.59,16.77,2128,1429,40
2024,2024.04,2,Stadtkreise,100,Kreis 10,3,3 Zimmer,1,Gemeinnützig,2,Quadratmeter,1,netto,14.91,14.61,15.21,12.73,12.67,13.05,14.24,13.89,14.57,16.41,15.91,17.13,2098,1424,41
2022,2022.04,2,Stadtkreise,100,Kreis 10,4,4 Zimmer,1,Gemeinnützig,2,Quadratmeter,1,netto,14.13,13.8,14.46,11.8,11.48,12.07,13.65,13.33,14.15,15.91,15.43,16.3,1340,871,53
2024,2024.04,2,Stadtkreise,100,Kreis 10,4,4 Zimmer,1,Gemeinnützig,2,Quadratmeter,1,netto,14.96,14.6,15.31,12.58,12.28,12.89,14.45,14.22,14.68,16.72,16.29,17.11,1325,876,48
2022,2022.04,2,Stadtkreise,100,Kreis 10,9,"2 , 3  und 4 Zimmer",1,Gemeinnützig,2,Quadratmeter,1,netto,14.74,14.51,14.98,12.25,12.08,12.49,14.08,13.75,14.33,16.56,16.23,16.96,4683,3101,145
2024,2024.04,2,Stadtkreise,100,Kreis 10,9,"2 , 3  und 4 Zimmer",1,Gemeinnützig,2,Quadratmeter,1,netto,15.54,15.35,15.73,12.96,12.79,13.17,14.88,14.64,15.21,17.29,17.07,17.58,4669,3128,133
2022,2022.04,2,Stadtkreise,100,Kreis 10,2,2 Zimmer,2,Nicht gemeinnützig,2,Quadratmeter,1,netto,27.83,25.79,29.86,23.23,21.11,24.99,26.59,25.98,27.33,30.7,28.15,32.62,2798,426,66
2024,2024.04,2,Stadtkreise,100,Kreis 10,2,2 Zimmer,2,Nicht gemeinnützig,2,Quadratmeter,1,netto,27.37,26.5,28.23,22.88,22.18,23.59,26.47,25.29,27.34,30.64,29.55,32.71,2804,429,100
2022,2022.04,2,Stadtkreise,100,Kreis 10,3,3 Zimmer,2,Nicht gemeinnützig,2,Quadratmeter,1,netto,23.18,22.03,24.33,19.11,17.41,19.55,22.0,21.13,23.21,27.13,25.0,28.03,4956,921,80
2024,2024.04,2,Stadtkreise,100,Kreis 10,3,3 Zimmer,2,Nicht gemeinnützig,2,Quadratmeter,1,netto,24.22,23.42,25.01,19.56,18.51,20.93,23.76,22.66,24.82,27.91,26.63,29.27,4893,828,109
2022,2022.04,2,Stadtkreise,100,Kreis 10,4,4 Zimmer,2,Nicht gemeinnützig,2,Quadratmeter,1,netto,22.61,21.8,23.41,18.13,17.61,19.4,21.37,20.21,23.21,25.84,24.61,27.25,2652,496,70
2024,2024.04,2,Stadtkreise,100,Kreis 10,4,4 Zimmer,2,Nicht gemeinnützig,2,Quadratmeter,1,netto,22.42,21.69,23.14,18.36,17.39,19.35,22.29,20.97,22.99,25.7,25.0,27.07,2627,450,119
2022,2022.04,2,Stadtkreise,100,Kreis 10,9,"2 , 3  und 4 Zimmer",2,Nicht gemeinnützig,2,Quadratmeter,1,netto,24.29,23.49,25.08,19.21,18.43,19.66,23.23,22.48,24.39,27.67,27.08,28.47,10406,1843,216
2024,2024.04,2,Stadtkreise,100,Kreis 10,9,"2 , 3  und 4 Zimmer",2,Nicht gemeinnützig,2,Quadratmeter,1,netto,24.61,24.13,25.1,19.84,19.3,20.58,24.06,23.38,24.6,28.36,27.52,29.3,10324,1707,328
2022,2022.04,2,Stadtkreise,110,Kreis 11,2,2 Zimmer,1,Gemeinnützig,2,Quadratmeter,1,netto,15.87,15.62,16.12,13.57,13.46,13.71,15.64,15.27,15.87,17.43,17.19,17.71,1540,1010,80
2024,2024.04,2,Stadtkreise,110,Kreis 11,2,2 Zimmer,1,Gemeinnützig,2,Quadratmeter,1,netto,17.2,16.78,17.62,14.18,13.69,14.9,16.87,16.44,17.39,19.21,18.75,19.6,1662,1082,60
2022,2022.04,2,Stadtkreise,110,Kreis 11,3,3 Zimmer,1,Gemeinnützig,2,Quadratmeter,1,netto,14.94,14.71,15.17,12.94,12.83,13.08,14.2,13.95,14.42,16.65,16.47,16.8,3159,2219,89
2024,2024.04,2,Stadtkreise,110,Kreis 11,3,3 Zimmer,1,Gemeinnützig,2,Quadratmeter,1,netto,15.99,15.78,16.21,13.84,13.7,13.91,15.28,15.12,15.47,17.83,17.54,18.28,3235,2321,92
2022,2022.04,2,Stadtkreise,110,Kreis 11,4,4 Zimmer,1,Gemeinnützig,2,Quadratmeter,1,netto,13.84,13.65,14.03,12.03,11.87,12.15,13.58,13.48,13.69,15.15,14.96,15.39,2768,1849,106
2024,2024.04,2,Stadtkreise,110,Kreis 11,4,4 Zimmer,1,Gemeinnützig,2,Quadratmeter,1,netto,15.05,14.85,15.25,13.19,13.0,13.35,14.5,14.41,14.73,16.67,16.39,17.02,2766,1885,94
2022,2022.04,2,Stadtkreise,110,Kreis 11,9,"2 , 3  und 4 Zimmer",1,Gemeinnützig,2,Quadratmeter,1,netto,14.72,14.59,14.86,12.74,12.61,12.79,14.17,14.04,14.25,16.4,16.23,16.52,7467,5078,275
2024,2024.04,2,Stadtkreise,110,Kreis 11,9,"2 , 3  und 4 Zimmer",1,Gemeinnützig,2,Quadratmeter,1,netto,15.92,15.77,16.06,13.61,13.54,13.72,15.26,15.14,15.37,17.78,17.6,18.09,7663,5288,246
2022,2022.04,2,Stadtkreise,110,Kreis 11,2,2 Zimmer,2,Nicht gemeinnützig,2,Quadratmeter,1,netto,25.37,24.68,26.05,21.09,19.86,22.13,24.67,23.88,25.4,28.36,27.8,29.18,5662,1181,119
2024,2024.04,2,Stadtkreise,110,Kreis 11,2,2 Zimmer,2,Nicht gemeinnützig,2,Quadratmeter,1,netto,26.76,26.18,27.33,21.28,20.26,22.18,26.24,25.39,26.93,32.16,31.14,32.64,5698,1169,171
2022,2022.04,2,Stadtkreise,110,Kreis 11,3,3 Zimmer,2,Nicht gemeinnützig,2,Quadratmeter,1,netto,21.84,21.32,22.37,18.16,17.86,19.23,21.56,21.07,22.3,24.72,23.71,25.33,8790,1801,137
2024,2024.04,2,Stadtkreise,110,Kreis 11,3,3 Zimmer,2,Nicht gemeinnützig,2,Quadratmeter,1,netto,23.32,22.83,23.81,19.5,18.87,20.0,23.08,22.54,23.92,27.11,26.45,27.85,8502,1692,196
2022,2022.04,2,Stadtkreise,110,Kreis 11,4,4 Zimmer,2,Nicht gemeinnützig,2,Quadratmeter,1,netto,19.65,19.1,20.2,16.84,16.44,17.45,19.25,18.42,19.89,21.92,21.05,22.15,4742,1211,117
2024,2024.04,2,Stadtkreise,110,Kreis 11,4,4 Zimmer,2,Nicht gemeinnützig,2,Quadratmeter,1,netto,21.52,20.94,22.09,17.65,17.19,18.31,20.97,20.0,21.9,24.53,23.81,25.27,4555,1057,151
2022,2022.04,2,Stadtkreise,110,Kreis 11,9,"2 , 3  und 4 Zimmer",2,Nicht gemeinnützig,2,Quadratmeter,1,netto,22.34,22.0,22.68,18.13,17.86,18.64,21.71,21.35,22.0,25.35,24.96,26.09,19194,4193,373
2024,2024.04,2,Stadtkreise,110,Kreis 11,9,"2 , 3  und 4 Zimmer",2,Nicht gemeinnützig,2,Quadratmeter,1,netto,23.92,23.61,24.24,19.29,18.86,19.56,23.17,22.8,23.7,27.86,27.26,28.51,18755,3918,518
2022,2022.04,2,Stadtkreise,120,Kreis 12,2,2 Zimmer,1,Gemeinnützig,2,Quadratmeter,1,netto,15.36,15.08,15.65,12.29,12.11,12.68,15.06,14.83,15.5,17.28,17.18,17.68,1355,962,59
2024,2024.04,2,Stadtkreise,120,Kreis 12,2,2 Zimmer,1,Gemeinnützig,2,Quadratmeter,1,netto,16.05,15.88,16.21,13.36,13.19,13.59,16.35,16.07,16.64,18.17,17.88,18.5,1396,952,51
2022,2022.04,2,Stadtkreise,120,Kreis 12,3,3 Zimmer,1,Gemeinnützig,2,Quadratmeter,1,netto,13.51,13.37,13.66,10.64,10.58,10.92,12.87,12.72,13.02,16.08,15.82,16.42,2932,2025,88
2024,2024.04,2,Stadtkreise,120,Kreis 12,3,3 Zimmer,1,Gemeinnützig,2,Quadratmeter,1,netto,14.54,14.39,14.68,11.87,11.78,12.05,14.27,13.94,14.61,17.1,16.82,17.29,3035,2003,91
2022,2022.04,2,Stadtkreise,120,Kreis 12,4,4 Zimmer,1,Gemeinnützig,2,Quadratmeter,1,netto,13.35,13.14,13.55,11.0,10.28,11.52,13.58,12.97,13.77,15.85,15.77,16.01,2104,1302,73
2024,2024.04,2,Stadtkreise,120,Kreis 12,4,4 Zimmer,1,Gemeinnützig,2,Quadratmeter,1,netto,14.31,14.06,14.56,12.46,11.91,12.87,14.47,14.1,14.74,16.41,16.04,16.72,2158,1240,73
2022,2022.04,2,Stadtkreise,120,Kreis 12,9,"2 , 3  und 4 Zimmer",1,Gemeinnützig,2,Quadratmeter,1,netto,13.85,13.74,13.97,11.29,11.15,11.41,13.46,13.25,13.66,16.33,16.16,16.47,6391,4289,220
2024,2024.04,2,Stadtkreise,120,Kreis 12,9,"2 , 3  und 4 Zimmer",1,Gemeinnützig,2,Quadratmeter,1,netto,14.78,14.67,14.9,12.32,12.14,12.52,14.7,14.58,14.96,17.18,16.99,17.33,6589,4195,215
2022,2022.04,2,Stadtkreise,120,Kreis 12,2,2 Zimmer,2,Nicht gemeinnützig,2,Quadratmeter,1,netto,23.7,22.71,24.69,20.27,19.28,22.32,24.21,23.2,25.0,26.56,25.96,28.61,1713,426,64
2024,2024.04,2,Stadtkreise,120,Kreis 12,2,2 Zimmer,2,Nicht gemeinnützig,2,Quadratmeter,1,netto,24.22,23.34,25.1,20.0,19.37,22.14,24.35,23.17,25.49,28.01,26.94,29.3,1626,385,105
2022,2022.04,2,Stadtkreise,120,Kreis 12,3,3 Zimmer,2,Nicht gemeinnützig,2,Quadratmeter,1,netto,20.0,19.41,20.59,17.5,16.69,18.63,20.29,19.41,21.41,22.66,22.17,23.33,2933,582,93
2024,2024.04,2,Stadtkreise,120,Kreis 12,3,3 Zimmer,2,Nicht gemeinnützig,2,Quadratmeter,1,netto,21.55,20.98,22.11,18.6,17.59,19.55,21.83,21.07,22.77,25.0,24.11,25.55,2752,504,132
2022,2022.04,2,Stadtkreise,120,Kreis 12,4,4 Zimmer,2,Nicht gemeinnützig,2,Quadratmeter,1,netto,19.07,18.46,19.68,14.9,14.09,16.59,18.47,17.36,19.57,22.0,20.99,23.26,1107,274,68
2024,2024.04,2,Stadtkreise,120,Kreis 12,4,4 Zimmer,2,Nicht gemeinnützig,2,Quadratmeter,1,netto,19.9,19.41,20.39,16.98,15.99,17.78,19.83,19.23,20.42,22.28,21.84,23.19,1000,256,106
2022,2022.04,2,Stadtkreise,120,Kreis 12,9,"2 , 3  und 4 Zimmer",2,Nicht gemeinnützig,2,Quadratmeter,1,netto,20.92,20.49,21.36,17.43,17.02,18.36,21.18,20.27,21.72,23.8,23.47,24.51,5753,1282,225
2024,2024.04,2,Stadtkreise,120,Kreis 12,9,"2 , 3  und 4 Zimmer",2,Nicht gemeinnützig,2,Quadratmeter,1,netto,22.05,21.65,22.45,18.59,17.96,19.22,22.13,21.63,22.35,25.49,25.0,26.22,5378,1145,343
2022,2022.04,2,Stadtkreise,0,Ganze Stadt,2,2 Zimmer,1,Gemeinnützig,1,Wohnung,2,brutto,1055.0,1046.0,1063.0,829.0,819.0,834.0,1000.0,986.0,1013.0,1212.0,1200.0,1225.0,11106,7184,492
2024,2024.04,2,Stadtkreise,0,Ganze Stadt,2,2 Zimmer,1,Gemeinnützig,1,Wohnung,2,brutto,1134.0,1124.0,1143.0,907.0,897.0,916.0,1087.0,1077.0,1102.0,1288.0,1274.0,1305.0,11437,7442,463
2022,2022.04,2,Stadtkreise,0,Ganze Stadt,3,3 Zimmer,1,Gemeinnützig,1,Wohnung,2,brutto,1181.0,1172.0,1190.0,919.0,913.0,927.0,1101.0,1093.0,1113.0,1369.0,1359.0,1380.0,22955,14636,597
2024,2024.04,2,Stadtkreise,0,Ganze Stadt,3,3 Zimmer,1,Gemeinnützig,1,Wohnung,2,brutto,1268.0,1262.0,1275.0,1015.0,1007.0,1022.0,1196.0,1188.0,1207.0,1465.0,1452.0,1482.0,23071,15117,620
2022,2022.04,2,Stadtkreise,0,Ganze Stadt,4,4 Zimmer,1,Gemeinnützig,1,Wohnung,2,brutto,1517.0,1509.0,1526.0,1208.0,1191.0,1227.0,1469.0,1450.0,1483.0,1777.0,1763.0,1795.0,14925,9288,606
2024,2024.04,2,Stadtkreise,0,Ganze Stadt,4,4 Zimmer,1,Gemeinnützig,1,Wohnung,2,brutto,1636.0,1625.0,1648.0,1327.0,1311.0,1341.0,1601.0,1581.0,1617.0,1870.0,1862.0,1890.0,14957,9495,581
2022,2022.04,2,Stadtkreise,0,Ganze Stadt,2,2 Zimmer,2,Nicht gemeinnützig,1,Wohnung,2,brutto,1749.0,1730.0,1768.0,1378.0,1360.0,1400.0,1639.0,1602.0,1658.0,2020.0,1980.0,2060.0,35586,6361,1250
2024,2024.04,2,Stadtkreise,0,Ganze Stadt,2,2 Zimmer,2,Nicht gemeinnützig,1,Wohnung,2,brutto,1875.0,1861.0,1890.0,1483.0,1460.0,1495.0,1753.0,1740.0,1775.0,2180.0,2163.0,2209.0,35728,7659,1825
2022,2022.04,2,Stadtkreise,0,Ganze Stadt,3,3 Zimmer,2,Nicht gemeinnützig,1,Wohnung,2,brutto,2062.0,2039.0,2085.0,1585.0,1560.0,1610.0,1920.0,1890.0,1950.0,2418.0,2370.0,2470.0,51225,8720,1311
2024,2024.04,2,Stadtkreise,0,Ganze Stadt,3,3 Zimmer,2,Nicht gemeinnützig,1,Wohnung,2,brutto,2221.0,2202.0,2239.0,1692.0,1670.0,1712.0,2085.0,2055.0,2110.0,2618.0,2590.0,2661.0,50539,9673,1881
2022,2022.04,2,Stadtkreise,0,Ganze Stadt,4,4 Zimmer,2,Nicht gemeinnützig,1,Wohnung,2,brutto,2568.0,2536.0,2601.0,1920.0,1887.0,1956.0,2400.0,2367.0,2467.0,3008.0,2950.0,3100.0,25972,4563,1107
2024,2024.04,2,Stadtkreise,0,Ganze Stadt,4,4 Zimmer,2,Nicht gemeinnützig,1,Wohnung,2,brutto,2727.0,2699.0,2756.0,2042.0,2007.0,2077.0,2585.0,2530.0,2610.0,3250.0,3200.0,3298.0,25502,4969,1564
2022,2022.04,2,Stadtkreise,10,Kreis 1,2,2 Zimmer,1,Gemeinnützig,1,Wohnung,2,brutto,1133.0,1128.0,1138.0,759.0,756.0,769.0,1026.0,1006.0,1027.0,1369.0,1363.0,1376.0,302,298,0
2024,2024.04,2,Stadtkreise,10,Kreis 1,2,2 Zimmer,1,Gemeinnützig,1,Wohnung,2,brutto,1209.0,1201.0,1217.0,810.0,805.0,820.0,1096.0,1096.0,1100.0,1455.0,1434.0,1464.0,307,293,9
2022,2022.04,2,Stadtkreise,10,Kreis 1,3,3 Zimmer,1,Gemeinnützig,1,Wohnung,2,brutto,1522.0,1514.0,1530.0,1044.0,1043.0,1047.0,1407.0,1396.0,1413.0,1868.0,1845.0,1882.0,201,198,0
2024,2024.04,2,Stadtkreise,10,Kreis 1,3,3 Zimmer,1,Gemeinnützig,1,Wohnung,2,brutto,1760.0,1754.0,1765.0,1205.0,1203.0,1206.0,1537.0,1535.0,1542.0,2106.0,2071.0,2114.0,208,196,11
2022,2022.04,2,Stadtkreise,10,Kreis 1,4,4 Zimmer,1,Gemeinnützig,1,Wohnung,2,brutto,1750.0,1737.0,1763.0,1181.0,1165.0,1198.0,1486.0,1463.0,1489.0,2162.0,2143.0,2178.0,136,133,0
2024,2024.04,2,Stadtkreise,10,Kreis 1,4,4 Zimmer,1,Gemeinnützig,1,Wohnung,2,brutto,1999.0,1982.0,2016.0,1379.0,1337.0,1429.0,1742.0,1726.0,1804.0,2410.0,2388.0,2417.0,134,131,0
2022,2022.04,2,Stadtkreise,10,Kreis 1,2,2 Zimmer,2,Nicht gemeinnützig,1,Wohnung,2,brutto,2204.0,2095.0,2314.0,1730.0,1600.0,1879.0,2220.0,2116.0,2383.0,2602.0,2430.0,2775.0,774,87,106
2024,2024.04,2,Stadtkreise,10,Kreis 1,2,2 Zimmer,2,Nicht gemeinnützig,1,Wohnung,2,brutto,2387.0,2302.0,2472.0,1854.0,1737.0,1932.0,2271.0,2175.0,2377.0,2841.0,2719.0,3000.0,743,102,148
2022,2022.04,2,Stadtkreise,10,Kreis 1,3,3 Zimmer,2,Nicht gemeinnützig,1,Wohnung,2,brutto,2853.0,2715.0,2991.0,2013.0,1875.0,2300.0,2668.0,2500.0,2943.0,3500.0,3290.0,3689.0,635,74,111
2024,2024.04,2,Stadtkreise,10,Kreis 1,3,3 Zimmer,2,Nicht gemeinnützig,1,Wohnung,2,brutto,3102.0,2993.0,3211.0,2294.0,2122.0,2467.0,2975.0,2861.0,3073.0,3624.0,3488.0,3745.0,621,79,171
2022,2022.04,2,Stadtkreise,10,Kreis 1,4,4 Zimmer,2,Nicht gemeinnützig,1,Wohnung,2,brutto,3386.0,3213.0,3559.0,2417.0,2042.0,2764.0,3303.0,2888.0,3594.0,4143.0,3800.0,4300.0,323,27,80
2024,2024.04,2,Stadtkreise,10,Kreis 1,4,4 Zimmer,2,Nicht gemeinnützig,1,Wohnung,2,brutto,3728.0,3541.0,3915.0,2500.0,2340.0,2955.0,3730.0,3346.0,3897.0,4865.0,4444.0,4994.0,316,31,101
2022,2022.04,2,Stadtkreise,20,Kreis 2,2,2 Zimmer,1,Gemeinnützig,1,Wohnung,2,brutto,1072.0,1044.0,1099.0,821.0,788.0,885.0,1017.0,987.0,1044.0,1274.0,1245.0,1305.0,971,535,52
2024,2024.04,2,Stadtkreise,20,Kreis 2,2,2 Zimmer,1,Gemeinnützig,1,Wohnung,2,brutto,1208.0,1188.0,1229.0,958.0,908.0,993.0,1157.0,1105.0,1198.0,1428.0,1365.0,1479.0,997,583,53
2022,2022.04,2,Stadtkreise,20,Kreis 2,3,3 Zimmer,1,Gemeinnützig,1,Wohnung,2,brutto,1240.0,1189.0,1292.0,946.0,914.0,980.0,1145.0,1108.0,1186.0,1430.0,1316.0,1534.0,1736,874,61
2024,2024.04,2,Stadtkreise,20,Kreis 2,3,3 Zimmer,1,Gemeinnützig,1,Wohnung,2,brutto,1363.0,1337.0,1389.0,1089.0,1067.0,1130.0,1274.0,1233.0,1318.0,1560.0,1476.0,1653.0,1745,920,71
2022,2022.04,2,Stadtkreise,20,Kreis 2,4,4 Zimmer,1,Gemeinnützig,1,Wohnung,2,brutto,1542.0,1517.0,1567.0,1286.0,1235.0,1319.0,1427.0,1394.0,1493.0,1820.0,1766.0,1844.0,1435,768,51
2024,2024.04,2,Stadtkreise,20,Kreis 2,4,4 Zimmer,1,Gemeinnützig,1,Wohnung,2,brutto,1694.0,1655.0,1732.0,1403.0,1328.0,1457.0,1662.0,1611.0,1703.0,1924.0,1894.0,2020.0,1413,818,63
2022,2022.04,2,Stadtkreise,20,Kreis 2,2,2 Zimmer,2,Nicht gemeinnützig,1,Wohnung,2,brutto,1836.0,1775.0,1896.0,1460.0,1359.0,1500.0,1750.0,1640.0,1850.0,2150.0,2086.0,2276.0,2749,460,104
2024,2024.04,2,Stadtkreise,20,Kreis 2,2,2 Zimmer,2,Nicht gemeinnützig,1,Wohnung,2,brutto,2050.0,1983.0,2117.0,1550.0,1511.0,1596.0,1889.0,1776.0,2000.0,2339.0,2250.0,2450.0,2859,509,155
2022,2022.04,2,Stadtkreise,20,Kreis 2,3,3 Zimmer,2,Nicht gemeinnützig,1,Wohnung,2,brutto,2332.0,2240.0,2425.0,1670.0,1620.0,1711.0,2142.0,1993.0,2254.0,2801.0,2647.0,2957.0,3833,821,104
2024,2024.04,2,Stadtkreise,20,Kreis 2,3,3 Zimmer,2,Nicht gemeinnützig,1,Wohnung,2,brutto,2428.0,2362.0,2494.0,1844.0,1743.0,1954.0,2265.0,2208.0,2383.0,2870.0,2752.0,2995.0,3917,880,159
2022,2022.04,2,Stadtkreise,20,Kreis 2,4,4 Zimmer,2,Nicht gemeinnützig,1,Wohnung,2,brutto,2892.0,2766.0,3019.0,2169.0,2015.0,2235.0,2679.0,2520.0,2900.0,3410.0,3252.0,3616.0,2285,462,115
2024,2024.04,2,Stadtkreise,20,Kreis 2,4,4 Zimmer,2,Nicht gemeinnützig,1,Wohnung,2,brutto,2992.0,2891.0,3093.0,2254.0,2150.0,2367.0,2745.0,2610.0,2813.0,3443.0,3280.0,3650.0,2337,514,169
2022,2022.04,2,Stadtkreise,30,Kreis 3,2,2 Zimmer,1,Gemeinnützig,1,Wohnung,2,brutto,941.0,922.0,960.0,773.0,748.0,793.0,904.0,875.0,925.0,1080.0,1060.0,1109.0,1432,853,58
2024,2024.04,2,Stadtkreise,30,Kreis 3,2,2 Zimmer,1,Gemeinnützig,1,Wohnung,2,brutto,1008.0,974.0,1041.0,841.0,824.0,869.0,978.0,952.0,1001.0,1155.0,1101.0,1185.0,1442,856,67
2022,2022.04,2,Stadtkreise,30,Kreis 3,3,3 Zimmer,1,Gemeinnützig,1,Wohnung,2,brutto,1088.0,1060.0,1117.0,876.0,859.0,914.0,1016.0,988.0,1052.0,1202.0,1162.0,1282.0,3050,1846,64
2024,2024.04,2,Stadtkreise,30,Kreis 3,3,3 Zimmer,1,Gemeinnützig,1,Wohnung,2,brutto,1156.0,1131.0,1180.0,954.0,924.0,973.0,1111.0,1071.0,1134.0,1298.0,1242.0,1346.0,2990,1876,63
2022,2022.04,2,Stadtkreise,30,Kreis 3,4,4 Zimmer,1,Gemeinnützig,1,Wohnung,2,brutto,1475.0,1454.0,1495.0,1161.0,1138.0,1186.0,1470.0,1422.0,1506.0,1763.0,1719.0,1809.0,1886,1176,78
2024,2024.04,2,Stadtkreise,30,Kreis 3,4,4 Zimmer,1,Gemeinnützig,1,Wohnung,2,brutto,1578.0,1531.0,1625.0,1225.0,1209.0,1250.0,1508.0,1475.0,1558.0,1813.0,1773.0,1878.0,1871,1210,82
2022,2022.04,2,Stadtkreise,30,Kreis 3,2,2 Zimmer,2,Nicht gemeinnützig,1,Wohnung,2,brutto,1640.0,1590.0,1691.0,1350.0,1301.0,1400.0,1559.0,1496.0,1601.0,1800.0,1744.0,1975.0,4921,858,124
2024,2024.04,2,Stadtkreise,30,Kreis 3,2,2 Zimmer,2,Nicht gemeinnützig,1,Wohnung,2,brutto,1823.0,1778.0,1867.0,1498.0,1420.0,1539.0,1720.0,1668.0,1780.0,2062.0,1988.0,2168.0,4912,984,189
2022,2022.04,2,Stadtkreise,30,Kreis 3,3,3 Zimmer,2,Nicht gemeinnützig,1,Wohnung,2,brutto,1964.0,1889.0,2038.0,1557.0,1509.0,1666.0,1920.0,1793.0,1980.0,2250.0,2108.0,2449.0,6901,922,114
2024,2024.04,2,Stadtkreise,30,Kreis 3,3,3 Zimmer,2,Nicht gemeinnützig,1,Wohnung,2,brutto,2101.0,2042.0,2161.0,1666.0,1595.0,1723.0,1967.0,1890.0,2045.0,2456.0,2350.0,2619.0,6785,1083,184
2022,2022.04,2,Stadtkreise,30,Kreis 3,4,4 Zimmer,2,Nicht gemeinnützig,1,Wohnung,2,brutto,2514.0,2416.0,2612.0,2007.0,1934.0,2115.0,2367.0,2253.0,2500.0,2950.0,2751.0,3178.0,2300,269,107
2024,2024.04,2,Stadtkreise,30,Kreis 3,4,4 Zimmer,2,Nicht gemeinnützig,1,Wohnung,2,brutto,2563.0,2474.0,2652.0,1927.0,1806.0,1990.0,2518.0,2358.0,2626.0,3063.0,2881.0,3275.0,2296,314,143
2022,2022.04,2,Stadtkreise,40,Kreis 4,2,2 Zimmer,1,Gemeinnützig,1,Wohnung,2,brutto,1108.0,1087.0,1128.0,843.0,814.0,877.0,1076.0,1071.0,1096.0,1256.0,1240.0,1271.0,1218,858,55
2024,2024.04,2,Stadtkreise,40,Kreis 4,2,2 Zimmer,1,Gemeinnützig,1,Wohnung,2,brutto,1199.0,1175.0,1223.0,905.0,890.0,936.0,1152.0,1142.0,1173.0,1333.0,1308.0,1349.0,1213,898,47
2022,2022.04,2,Stadtkreise,40,Kreis 4,3,3 Zimmer,1,Gemeinnützig,1,Wohnung,2,brutto,1156.0,1120.0,1192.0,896.0,885.0,905.0,1023.0,1010.0,1048.0,1324.0,1288.0,1353.0,2066,1513,50
2024,2024.04,2,Stadtkreise,40,Kreis 4,3,3 Zimmer,1,Gemeinnützig,1,Wohnung,2,brutto,1239.0,1216.0,1262.0,1007.0,991.0,1024.0,1143.0,1129.0,1155.0,1400.0,1370.0,1418.0,2116,1647,49
2022,2022.04,2,Stadtkreise,40,Kreis 4,4,4 Zimmer,1,Gemeinnützig,1,Wohnung,2,brutto,1437.0,1402.0,1472.0,1074.0,1057.0,1096.0,1343.0,1311.0,1370.0,1611.0,1582.0,1638.0,713,479,61
2024,2024.04,2,Stadtkreise,40,Kreis 4,4,4 Zimmer,1,Gemeinnützig,1,Wohnung,2,brutto,1621.0,1581.0,1661.0,1253.0,1223.0,1282.0,1447.0,1416.0,1473.0,1818.0,1750.0,1981.0,760,553,40
2022,2022.04,2,Stadtkreise,40,Kreis 4,2,2 Zimmer,2,Nicht gemeinnützig,1,Wohnung,2,brutto,1814.0,1774.0,1855.0,1398.0,1330.0,1495.0,1769.0,1720.0,1830.0,2075.0,2015.0,2140.0,2857,509,162
2024,2024.04,2,Stadtkreise,40,Kreis 4,2,2 Zimmer,2,Nicht gemeinnützig,1,Wohnung,2,brutto,1943.0,1896.0,1990.0,1438.0,1401.0,1532.0,1825.0,1768.0,1900.0,2300.0,2170.0,2390.0,2880,657,233
2022,2022.04,2,Stadtkreise,40,Kreis 4,3,3 Zimmer,2,Nicht gemeinnützig,1,Wohnung,2,brutto,2083.0,2015.0,2151.0,1538.0,1423.0,1652.0,1931.0,1826.0,2040.0,2439.0,2350.0,2650.0,4073,633,122
2024,2024.04,2,Stadtkreise,40,Kreis 4,3,3 Zimmer,2,Nicht gemeinnützig,1,Wohnung,2,brutto,2266.0,2212.0,2320.0,1723.0,1672.0,1811.0,2183.0,2110.0,2279.0,2661.0,2580.0,2720.0,4013,825,164
2022,2022.04,2,Stadtkreise,40,Kreis 4,4,4 Zimmer,2,Nicht gemeinnützig,1,Wohnung,2,brutto,2521.0,2434.0,2609.0,1809.0,1752.0,1951.0,2350.0,2199.0,2519.0,3055.0,2761.0,3261.0,1483,185,86
2024,2024.04,2,Stadtkreise,40,Kreis 4,4,4 Zimmer,2,Nicht gemeinnützig,1,Wohnung,2,brutto,2866.0,2766.0,2966.0,2104.0,1920.0,2188.0,2779.0,2551.0,2998.0,3514.0,3322.0,3662.0,1467,264,122
2022,2022.04,2,Stadtkreise,50,Kreis 5,2,2 Zimmer,1,Gemeinnützig,1,Wohnung,2,brutto,926.0,908.0,944.0,771.0,755.0,782.0,861.0,841.0,871.0,1047.0,1014.0,1089.0,340,263,18
2024,2024.04,2,Stadtkreise,50,Kreis 5,2,2 Zimmer,1,Gemeinnützig,1,Wohnung,2,brutto,998.0,965.0,1031.0,802.0,784.0,827.0,962.0,929.0,979.0,1089.0,1078.0,1140.0,331,255,20
2022,2022.04,2,Stadtkreise,50,Kreis 5,3,3 Zimmer,1,Gemeinnützig,1,Wohnung,2,brutto,1041.0,1021.0,1061.0,865.0,841.0,883.0,953.0,930.0,990.0,1124.0,1091.0,1214.0,917,631,20
2024,2024.04,2,Stadtkreise,50,Kreis 5,3,3 Zimmer,1,Gemeinnützig,1,Wohnung,2,brutto,1150.0,1137.0,1164.0,964.0,954.0,972.0,1110.0,1094.0,1138.0,1281.0,1196.0,1329.0,924,645,20
2022,2022.04,2,Stadtkreise,50,Kreis 5,4,4 Zimmer,1,Gemeinnützig,1,Wohnung,2,brutto,1405.0,1380.0,1430.0,1078.0,1051.0,1106.0,1337.0,1303.0,1416.0,1747.0,1709.0,1804.0,423,296,22
2024,2024.04,2,Stadtkreise,50,Kreis 5,4,4 Zimmer,1,Gemeinnützig,1,Wohnung,2,brutto,1533.0,1513.0,1553.0,1222.0,1179.0,1266.0,1455.0,1401.0,1533.0,1813.0,1770.0,1869.0,407,279,19
2022,2022.04,2,Stadtkreise,50,Kreis 5,2,2 Zimmer,2,Nicht gemeinnützig,1,Wohnung,2,brutto,1954.0,1886.0,2022.0,1505.0,1437.0,1583.0,1881.0,1760.0,1973.0,2300.0,2194.0,2546.0,1355,363,78
2024,2024.04,2,Stadtkreise,50,Kreis 5,2,2 Zimmer,2,Nicht gemeinnützig,1,Wohnung,2,brutto,2052.0,1988.0,2115.0,1562.0,1472.0,1656.0,1989.0,1850.0,2083.0,2449.0,2334.0,2611.0,1317,344,96
2022,2022.04,2,Stadtkreise,50,Kreis 5,3,3 Zimmer,2,Nicht gemeinnützig,1,Wohnung,2,brutto,2350.0,2236.0,2464.0,1818.0,1714.0,1940.0,2201.0,2049.0,2495.0,2820.0,2699.0,3010.0,1904,416,67
2024,2024.04,2,Stadtkreise,50,Kreis 5,3,3 Zimmer,2,Nicht gemeinnützig,1,Wohnung,2,brutto,2502.0,2408.0,2597.0,1861.0,1778.0,2006.0,2442.0,2250.0,2570.0,3013.0,2901.0,3084.0,1819,408,85
2022,2022.04,2,Stadtkreise,50,Kreis 5,4,4 Zimmer,2,Nicht gemeinnützig,1,Wohnung,2,brutto,2679.0,2550.0,2807.0,1862.0,1774.0,2235.0,2512.0,2208.0,2648.0,3154.0,2950.0,3483.0,965,189,47
2024,2024.04,2,Stadtkreise,50,Kreis 5,4,4 Zimmer,2,Nicht gemeinnützig,1,Wohnung,2,brutto,2858.0,2724.0,2992.0,2055.0,1910.0,2369.0,2709.0,2532.0,3049.0,3528.0,3241.0,3870.0,914,221,53
2022,2022.04,2,Stadtkreise,60,Kreis 6,2,2 Zimmer,1,Gemeinnützig,1,Wohnung,2,brutto,1132.0,1057.0,1207.0,842.0,825.0,886.0,923.0,890.0,996.0,1268.0,1169.0,1452.0,676,329,31
2024,2024.04,2,Stadtkreise,60,Kreis 6,2,2 Zimmer,1,Gemeinnützig,1,Wohnung,2,brutto,1140.0,1097.0,1183.0,961.0,936.0,978.0,1046.0,1019.0,1076.0,1251.0,1168.0,1392.0,731,380,39
2022,2022.04,2,Stadtkreise,60,Kreis 6,3,3 Zimmer,1,Gemeinnützig,1,Wohnung,2,brutto,1126.0,1109.0,1143.0,935.0,904.0,980.0,1090.0,1067.0,1123.0,1206.0,1163.0,1270.0,1939,1142,43
2024,2024.04,2,Stadtkreise,60,Kreis 6,3,3 Zimmer,1,Gemeinnützig,1,Wohnung,2,brutto,1220.0,1202.0,1237.0,1027.0,1010.0,1035.0,1182.0,1133.0,1208.0,1398.0,1332.0,1426.0,2005,1263,47
2022,2022.04,2,Stadtkreise,60,Kreis 6,4,4 Zimmer,1,Gemeinnützig,1,Wohnung,2,brutto,1532.0,1514.0,1551.0,1303.0,1265.0,1340.0,1482.0,1429.0,1497.0,1667.0,1626.0,1730.0,1156,713,37
2024,2024.04,2,Stadtkreise,60,Kreis 6,4,4 Zimmer,1,Gemeinnützig,1,Wohnung,2,brutto,1649.0,1622.0,1677.0,1352.0,1305.0,1426.0,1572.0,1530.0,1614.0,1922.0,1852.0,1973.0,1188,760,42
2022,2022.04,2,Stadtkreise,60,Kreis 6,2,2 Zimmer,2,Nicht gemeinnützig,1,Wohnung,2,brutto,1733.0,1646.0,1821.0,1403.0,1365.0,1480.0,1630.0,1567.0,1761.0,1950.0,1880.0,2171.0,2578,349,76
2024,2024.04,2,Stadtkreise,60,Kreis 6,2,2 Zimmer,2,Nicht gemeinnützig,1,Wohnung,2,brutto,1863.0,1805.0,1921.0,1481.0,1411.0,1591.0,1782.0,1735.0,1915.0,2190.0,2125.0,2297.0,2544,435,120
2022,2022.04,2,Stadtkreise,60,Kreis 6,3,3 Zimmer,2,Nicht gemeinnützig,1,Wohnung,2,brutto,2201.0,2098.0,2303.0,1650.0,1552.0,1792.0,2189.0,1990.0,2311.0,2700.0,2450.0,2808.0,3474,443,89
2024,2024.04,2,Stadtkreise,60,Kreis 6,3,3 Zimmer,2,Nicht gemeinnützig,1,Wohnung,2,brutto,2352.0,2263.0,2441.0,1659.0,1607.0,1900.0,2320.0,2178.0,2457.0,2850.0,2736.0,3000.0,3369,466,121
2022,2022.04,2,Stadtkreise,60,Kreis 6,4,4 Zimmer,2,Nicht gemeinnützig,1,Wohnung,2,brutto,2762.0,2634.0,2891.0,2111.0,1900.0,2217.0,2650.0,2550.0,2798.0,3182.0,2950.0,3500.0,2353,311,97
2024,2024.04,2,Stadtkreise,60,Kreis 6,4,4 Zimmer,2,Nicht gemeinnützig,1,Wohnung,2,brutto,2901.0,2807.0,2994.0,2209.0,2100.0,2317.0,2761.0,2626.0,2998.0,3643.0,3394.0,3754.0,2290,324,138
2022,2022.04,2,Stadtkreise,70,Kreis 7,2,2 Zimmer,1,Gemeinnützig,1,Wohnung,2,brutto,1229.0,1216.0,1242.0,962.0,948.0,1014.0,1211.0,1199.0,1236.0,1466.0,1456.0,1482.0,302,190,48
2024,2024.04,2,Stadtkreise,70,Kreis 7,2,2 Zimmer,1,Gemeinnützig,1,Wohnung,2,brutto,1348.0,1291.0,1405.0,1137.0,953.0,1231.0,1282.0,1249.0,1407.0,1533.0,1515.0,1554.0,358,196,36
2022,2022.04,2,Stadtkreise,70,Kreis 7,3,3 Zimmer,1,Gemeinnützig,1,Wohnung,2,brutto,1428.0,1408.0,1449.0,1103.0,1047.0,1147.0,1299.0,1267.0,1338.0,1561.0,1545.0,1578.0,516,292,67
2024,2024.04,2,Stadtkreise,70,Kreis 7,3,3 Zimmer,1,Gemeinnützig,1,Wohnung,2,brutto,1562.0,1546.0,1579.0,1113.0,1107.0,1232.0,1411.0,1388.0,1433.0,1730.0,1666.0,1758.0,552,306,55
2022,2022.04,2,Stadtkreise,70,Kreis 7,4,4 Zimmer,1,Gemeinnützig,1,Wohnung,2,brutto,1692.0,1672.0,1711.0,1287.0,1266.0,1340.0,1525.0,1479.0,1563.0,1850.0,1838.0,1885.0,421,235,64
2024,2024.04,2,Stadtkreise,70,Kreis 7,4,4 Zimmer,1,Gemeinnützig,1,Wohnung,2,brutto,1840.0,1813.0,1867.0,1364.0,1340.0,1370.0,1659.0,1600.0,1708.0,2041.0,1950.0,2057.0,432,238,49
2022,2022.04,2,Stadtkreise,70,Kreis 7,2,2 Zimmer,2,Nicht gemeinnützig,1,Wohnung,2,brutto,1798.0,1742.0,1854.0,1446.0,1349.0,1506.0,1739.0,1680.0,1796.0,2132.0,2020.0,2200.0,2651,394,146
2024,2024.04,2,Stadtkreise,70,Kreis 7,2,2 Zimmer,2,Nicht gemeinnützig,1,Wohnung,2,brutto,2030.0,1983.0,2077.0,1563.0,1520.0,1620.0,1930.0,1841.0,2012.0,2482.0,2381.0,2563.0,2713,467,192
2022,2022.04,2,Stadtkreise,70,Kreis 7,3,3 Zimmer,2,Nicht gemeinnützig,1,Wohnung,2,brutto,2263.0,2190.0,2336.0,1735.0,1680.0,1812.0,2118.0,2015.0,2220.0,2650.0,2503.0,2778.0,4329,620,160
2024,2024.04,2,Stadtkreise,70,Kreis 7,3,3 Zimmer,2,Nicht gemeinnützig,1,Wohnung,2,brutto,2473.0,2417.0,2528.0,1877.0,1777.0,1941.0,2343.0,2250.0,2408.0,2955.0,2849.0,3046.0,4286,691,238
2022,2022.04,2,Stadtkreise,70,Kreis 7,4,4 Zimmer,2,Nicht gemeinnützig,1,Wohnung,2,brutto,2832.0,2715.0,2950.0,2107.0,1990.0,2175.0,2622.0,2489.0,2816.0,3384.0,3225.0,3674.0,3341,374,138
2024,2024.04,2,Stadtkreise,70,Kreis 7,4,4 Zimmer,2,Nicht gemeinnützig,1,Wohnung,2,brutto,2985.0,2874.0,3096.0,2200.0,2106.0,2317.0,2896.0,2683.0,3000.0,3593.0,3452.0,3716.0,3193,423,212
2022,2022.04,2,Stadtkreise,80,Kreis 8,2,2 Zimmer,1,Gemeinnützig,1,Wohnung,2,brutto,1189.0,1162.0,1216.0,979.0,968.0,995.0,1059.0,1058.0,1108.0,1386.0,1268.0,1427.0,98,88,0
2024,2024.04,2,Stadtkreise,80,Kreis 8,2,2 Zimmer,1,Gemeinnützig,1,Wohnung,2,brutto,1355.0,1333.0,1377.0,1055.0,1050.0,1058.0,1238.0,1209.0,1266.0,1553.0,1526.0,1628.0,93,87,0
2022,2022.04,2,Stadtkreise,80,Kreis 8,3,3 Zimmer,1,Gemeinnützig,1,Wohnung,2,brutto,1289.0,1277.0,1301.0,1004.0,1001.0,1010.0,1216.0,1216.0,1226.0,1416.0,1408.0,1427.0,253,237,0
2024,2024.04,2,Stadtkreise,80,Kreis 8,3,3 Zimmer,1,Gemeinnützig,1,Wohnung,2,brutto,1390.0,1379.0,1400.0,1101.0,1089.0,1106.0,1264.0,1263.0,1268.0,1532.0,1525.0,1537.0,246,215,24
2022,2022.04,2,Stadtkreise,80,Kreis 8,4,4 Zimmer,1,Gemeinnützig,1,Wohnung,2,brutto,1515.0,1503.0,1526.0,1214.0,1194.0,1230.0,1490.0,1490.0,1502.0,1641.0,1640.0,1647.0,244,234,0
2024,2024.04,2,Stadtkreise,80,Kreis 8,4,4 Zimmer,1,Gemeinnützig,1,Wohnung,2,brutto,1642.0,1634.0,1651.0,1339.0,1339.0,1344.0,1589.0,1578.0,1593.0,1782.0,1782.0,1799.0,246,227,14
2022,2022.04,2,Stadtkreise,80,Kreis 8,2,2 Zimmer,2,Nicht gemeinnützig,1,Wohnung,2,brutto,2068.0,2004.0,2132.0,1560.0,1473.0,1670.0,2056.0,1977.0,2129.0,2516.0,2354.0,2593.0,2213,480,113
2024,2024.04,2,Stadtkreise,80,Kreis 8,2,2 Zimmer,2,Nicht gemeinnützig,1,Wohnung,2,brutto,2249.0,2192.0,2305.0,1650.0,1600.0,1729.0,2181.0,2100.0,2250.0,2727.0,2623.0,2878.0,2192,530,177
2022,2022.04,2,Stadtkreise,80,Kreis 8,3,3 Zimmer,2,Nicht gemeinnützig,1,Wohnung,2,brutto,2533.0,2442.0,2623.0,1819.0,1667.0,1980.0,2450.0,2311.0,2635.0,3024.0,2913.0,3169.0,2773,474,128
2024,2024.04,2,Stadtkreise,80,Kreis 8,3,3 Zimmer,2,Nicht gemeinnützig,1,Wohnung,2,brutto,2811.0,2732.0,2890.0,2000.0,1900.0,2129.0,2660.0,2518.0,2816.0,3439.0,3274.0,3650.0,2751,529,187
2022,2022.04,2,Stadtkreise,80,Kreis 8,4,4 Zimmer,2,Nicht gemeinnützig,1,Wohnung,2,brutto,3110.0,2964.0,3256.0,2196.0,1934.0,2400.0,2873.0,2700.0,3103.0,3900.0,3543.0,4094.0,1393,166,104
2024,2024.04,2,Stadtkreise,80,Kreis 8,4,4 Zimmer,2,Nicht gemeinnützig,1,Wohnung,2,brutto,3219.0,3106.0,3332.0,2259.0,2034.0,2430.0,3045.0,2801.0,3281.0,4031.0,3779.0,4238.0,1367,201,148
2022,2022.04,2,Stadtkreise,90,Kreis 9,2,2 Zimmer,1,Gemeinnützig,1,Wohnung,2,brutto,1094.0,1068.0,1121.0,840.0,810.0,866.0,1037.0,1021.0,1080.0,1301.0,1248.0,1340.0,1657,995,46
2024,2024.04,2,Stadtkreise,90,Kreis 9,2,2 Zimmer,1,Gemeinnützig,1,Wohnung,2,brutto,1171.0,1133.0,1209.0,920.0,883.0,968.0,1191.0,1127.0,1224.0,1356.0,1310.0,1393.0,1661,1029,38
2022,2022.04,2,Stadtkreise,90,Kreis 9,3,3 Zimmer,1,Gemeinnützig,1,Wohnung,2,brutto,1161.0,1141.0,1181.0,866.0,843.0,924.0,1132.0,1109.0,1165.0,1361.0,1324.0,1400.0,4058,2219,74
2024,2024.04,2,Stadtkreise,90,Kreis 9,3,3 Zimmer,1,Gemeinnützig,1,Wohnung,2,brutto,1234.0,1215.0,1254.0,983.0,962.0,1016.0,1191.0,1165.0,1250.0,1450.0,1386.0,1515.0,3917,2288,59
2022,2022.04,2,Stadtkreise,90,Kreis 9,4,4 Zimmer,1,Gemeinnützig,1,Wohnung,2,brutto,1557.0,1525.0,1589.0,1192.0,1148.0,1280.0,1546.0,1508.0,1661.0,1873.0,1837.0,1909.0,2299,1223,62
2024,2024.04,2,Stadtkreise,90,Kreis 9,4,4 Zimmer,1,Gemeinnützig,1,Wohnung,2,brutto,1647.0,1614.0,1679.0,1364.0,1300.0,1392.0,1675.0,1618.0,1754.0,1870.0,1860.0,1920.0,2257,1265,57
2022,2022.04,2,Stadtkreise,90,Kreis 9,2,2 Zimmer,2,Nicht gemeinnützig,1,Wohnung,2,brutto,1736.0,1682.0,1791.0,1328.0,1297.0,1412.0,1600.0,1534.0,1695.0,2031.0,1830.0,2200.0,5315,824,81
2024,2024.04,2,Stadtkreise,90,Kreis 9,2,2 Zimmer,2,Nicht gemeinnützig,1,Wohnung,2,brutto,1821.0,1788.0,1855.0,1490.0,1469.0,1539.0,1724.0,1669.0,1793.0,2179.0,2086.0,2242.0,5440,1594,128
2022,2022.04,2,Stadtkreise,90,Kreis 9,3,3 Zimmer,2,Nicht gemeinnützig,1,Wohnung,2,brutto,1925.0,1865.0,1984.0,1500.0,1421.0,1588.0,1851.0,1738.0,1900.0,2329.0,2110.0,2480.0,6624,1012,97
2024,2024.04,2,Stadtkreise,90,Kreis 9,3,3 Zimmer,2,Nicht gemeinnützig,1,Wohnung,2,brutto,2173.0,2125.0,2222.0,1675.0,1663.0,1739.0,2070.0,1990.0,2132.0,2610.0,2483.0,2671.0,6831,1603,128
2022,2022.04,2,Stadtkreise,90,Kreis 9,4,4 Zimmer,2,Nicht gemeinnützig,1,Wohnung,2,brutto,2494.0,2408.0,2579.0,2051.0,1879.0,2158.0,2500.0,2331.0,2602.0,2964.0,2806.0,3123.0,3028,591,67
2024,2024.04,2,Stadtkreise,90,Kreis 9,4,4 Zimmer,2,Nicht gemeinnützig,1,Wohnung,2,brutto,2655.0,2591.0,2719.0,2080.0,2025.0,2216.0,2490.0,2387.0,2651.0,3073.0,2952.0,3176.0,3140,858,95
2022,2022.04,2,Stadtkreise,100,Kreis 10,2,2 Zimmer,1,Gemeinnützig,1,Wohnung,2,brutto,1030.0,1003.0,1057.0,824.0,812.0,844.0,982.0,964.0,1018.0,1188.0,1154.0,1221.0,1215,804,50
2024,2024.04,2,Stadtkreise,100,Kreis 10,2,2 Zimmer,1,Gemeinnützig,1,Wohnung,2,brutto,1118.0,1098.0,1139.0,894.0,880.0,919.0,1084.0,1041.0,1106.0,1267.0,1238.0,1307.0,1246,827,44
2022,2022.04,2,Stadtkreise,100,Kreis 10,3,3 Zimmer,1,Gemeinnützig,1,Wohnung,2,brutto,1219.0,1186.0,1251.0,962.0,950.0,991.0,1126.0,1103.0,1188.0,1404.0,1360.0,1452.0,2128,1435,40
2024,2024.04,2,Stadtkreise,100,Kreis 10,3,3 Zimmer,1,Gemeinnützig,1,Wohnung,2,brutto,1275.0,1254.0,1297.0,1032.0,1018.0,1058.0,1215.0,1183.0,1250.0,1465.0,1441.0,1503.0,2098,1429,41
2022,2022.04,2,Stadtkreise,100,Kreis 10,4,4 Zimmer,1,Gemeinnützig,1,Wohnung,2,brutto,1564.0,1533.0,1594.0,1228.0,1206.0,1261.0,1478.0,1440.0,1532.0,1823.0,1783.0,1893.0,1340,872,55
2024,2024.04,2,Stadtkreise,100,Kreis 10,4,4 Zimmer,1,Gemeinnützig,1,Wohnung,2,brutto,1663.0,1628.0,1698.0,1340.0,1285.0,1384.0,1595.0,1569.0,1630.0,1896.0,1841.0,1959.0,1325,874,49
2022,2022.04,2,Stadtkreise,100,Kreis 10,2,2 Zimmer,2,Nicht gemeinnützig,1,Wohnung,2,brutto,1729.0,1623.0,1835.0,1455.0,1381.0,1530.0,1604.0,1567.0,1652.0,1980.0,1760.0,2150.0,2798,427,72
2024,2024.04,2,Stadtkreise,100,Kreis 10,2,2 Zimmer,2,Nicht gemeinnützig,1,Wohnung,2,brutto,1725.0,1674.0,1776.0,1430.0,1381.0,1507.0,1630.0,1600.0,1740.0,1940.0,1876.0,1978.0,2804,455,101
2022,2022.04,2,Stadtkreise,100,Kreis 10,3,3 Zimmer,2,Nicht gemeinnützig,1,Wohnung,2,brutto,1975.0,1882.0,2068.0,1595.0,1520.0,1652.0,1886.0,1800.0,1980.0,2265.0,2139.0,2390.0,4956,921,86
2024,2024.04,2,Stadtkreise,100,Kreis 10,3,3 Zimmer,2,Nicht gemeinnützig,1,Wohnung,2,brutto,2056.0,1994.0,2118.0,1664.0,1600.0,1772.0,2008.0,1945.0,2091.0,2326.0,2213.0,2474.0,4893,859,110
2022,2022.04,2,Stadtkreise,100,Kreis 10,4,4 Zimmer,2,Nicht gemeinnützig,1,Wohnung,2,brutto,2472.0,2390.0,2555.0,1980.0,1884.0,2068.0,2374.0,2230.0,2531.0,2830.0,2680.0,3011.0,2652,501,70
2024,2024.04,2,Stadtkreise,100,Kreis 10,4,4 Zimmer,2,Nicht gemeinnützig,1,Wohnung,2,brutto,2500.0,2423.0,2577.0,1935.0,1867.0,2057.0,2382.0,2236.0,2509.0,2957.0,2743.0,3214.0,2627,484,119
2022,2022.04,2,Stadtkreise,110,Kreis 11,2,2 Zimmer,1,Gemeinnützig,1,Wohnung,2,brutto,1071.0,1055.0,1088.0,926.0,918.0,940.0,1038.0,1031.0,1059.0,1165.0,1147.0,1178.0,1540,1010,80
2024,2024.04,2,Stadtkreise,110,Kreis 11,2,2 Zimmer,1,Gemeinnützig,1,Wohnung,2,brutto,1159.0,1131.0,1186.0,1001.0,989.0,1024.0,1125.0,1107.0,1144.0,1260.0,1239.0,1288.0,1662,1084,61
2022,2022.04,2,Stadtkreise,110,Kreis 11,3,3 Zimmer,1,Gemeinnützig,1,Wohnung,2,brutto,1285.0,1262.0,1308.0,1054.0,1045.0,1068.0,1257.0,1223.0,1283.0,1400.0,1395.0,1421.0,3159,2223,90
2024,2024.04,2,Stadtkreise,110,Kreis 11,3,3 Zimmer,1,Gemeinnützig,1,Wohnung,2,brutto,1388.0,1371.0,1405.0,1163.0,1153.0,1174.0,1375.0,1360.0,1388.0,1539.0,1522.0,1560.0,3235,2322,92
2022,2022.04,2,Stadtkreise,110,Kreis 11,4,4 Zimmer,1,Gemeinnützig,1,Wohnung,2,brutto,1506.0,1486.0,1525.0,1250.0,1233.0,1269.0,1476.0,1441.0,1515.0,1693.0,1679.0,1706.0,2768,1853,103
2024,2024.04,2,Stadtkreise,110,Kreis 11,4,4 Zimmer,1,Gemeinnützig,1,Wohnung,2,brutto,1641.0,1623.0,1660.0,1393.0,1370.0,1415.0,1627.0,1612.0,1659.0,1844.0,1819.0,1869.0,2766,1886,94
2022,2022.04,2,Stadtkreise,110,Kreis 11,2,2 Zimmer,2,Nicht gemeinnützig,1,Wohnung,2,brutto,1623.0,1580.0,1666.0,1325.0,1296.0,1376.0,1525.0,1495.0,1580.0,1849.0,1753.0,1897.0,5662,1184,123
2024,2024.04,2,Stadtkreise,110,Kreis 11,2,2 Zimmer,2,Nicht gemeinnützig,1,Wohnung,2,brutto,1709.0,1672.0,1745.0,1396.0,1362.0,1435.0,1664.0,1621.0,1730.0,1984.0,1910.0,2030.0,5698,1195,179
2022,2022.04,2,Stadtkreise,110,Kreis 11,3,3 Zimmer,2,Nicht gemeinnützig,1,Wohnung,2,brutto,1894.0,1849.0,1938.0,1544.0,1480.0,1620.0,1801.0,1777.0,1850.0,2160.0,2127.0,2243.0,8790,1802,139
2024,2024.04,2,Stadtkreise,110,Kreis 11,3,3 Zimmer,2,Nicht gemeinnützig,1,Wohnung,2,brutto,1990.0,1946.0,2034.0,1621.0,1547.0,1700.0,1950.0,1904.0,2000.0,2339.0,2286.0,2391.0,8502,1739,202
2022,2022.04,2,Stadtkreise,110,Kreis 11,4,4 Zimmer,2,Nicht gemeinnützig,1,Wohnung,2,brutto,2182.0,2116.0,2247.0,1808.0,1719.0,1863.0,2110.0,2023.0,2169.0,2547.0,2452.0,2611.0,4742,1214,124
2024,2024.04,2,Stadtkreise,110,Kreis 11,4,4 Zimmer,2,Nicht gemeinnützig,1,Wohnung,2,brutto,2427.0,2370.0,2483.0,1903.0,1852.0,2042.0,2408.0,2345.0,2515.0,2826.0,2750.0,2870.0,4555,1075,154
2022,2022.04,2,Stadtkreise,120,Kreis 12,2,2 Zimmer,1,Gemeinnützig,1,Wohnung,2,brutto,1000.0,982.0,1017.0,783.0,776.0,791.0,955.0,928.0,979.0,1191.0,1160.0,1229.0,1355,961,54
2024,2024.04,2,Stadtkreise,120,Kreis 12,2,2 Zimmer,1,Gemeinnützig,1,Wohnung,2,brutto,1038.0,1028.0,1048.0,848.0,832.0,871.0,1010.0,996.0,1033.0,1210.0,1183.0,1248.0,1396,954,49
2022,2022.04,2,Stadtkreise,120,Kreis 12,3,3 Zimmer,1,Gemeinnützig,1,Wohnung,2,brutto,1149.0,1137.0,1160.0,845.0,828.0,858.0,1047.0,1022.0,1064.0,1426.0,1405.0,1474.0,2932,2026,88
2024,2024.04,2,Stadtkreise,120,Kreis 12,3,3 Zimmer,1,Gemeinnützig,1,Wohnung,2,brutto,1228.0,1216.0,1240.0,906.0,906.0,913.0,1152.0,1130.0,1178.0,1525.0,1502.0,1550.0,3035,2010,88
2022,2022.04,2,Stadtkreise,120,Kreis 12,4,4 Zimmer,1,Gemeinnützig,1,Wohnung,2,brutto,1471.0,1449.0,1492.0,1086.0,1054.0,1164.0,1415.0,1395.0,1474.0,1762.0,1715.0,1843.0,2104,1306,73
2024,2024.04,2,Stadtkreise,120,Kreis 12,4,4 Zimmer,1,Gemeinnützig,1,Wohnung,2,brutto,1570.0,1540.0,1600.0,1229.0,1160.0,1313.0,1562.0,1502.0,1627.0,1856.0,1806.0,1893.0,2158,1254,72
2022,2022.04,2,Stadtkreise,120,Kreis 12,2,2 Zimmer,2,Nicht gemeinnützig,1,Wohnung,2,brutto,1471.0,1407.0,1535.0,1260.0,1202.0,1360.0,1490.0,1440.0,1562.0,1680.0,1650.0,1790.0,1713,426,65
2024,2024.04,2,Stadtkreise,120,Kreis 12,2,2 Zimmer,2,Nicht gemeinnützig,1,Wohnung,2,brutto,1517.0,1464.0,1570.0,1342.0,1249.0,1410.0,1490.0,1490.0,1540.0,1716.0,1660.0,1762.0,1626,387,107
2022,2022.04,2,Stadtkreise,120,Kreis 12,3,3 Zimmer,2,Nicht gemeinnützig,1,Wohnung,2,brutto,1612.0,1568.0,1656.0,1415.0,1355.0,1521.0,1620.0,1575.0,1650.0,1755.0,1732.0,1820.0,2933,582,94
2024,2024.04,2,Stadtkreise,120,Kreis 12,3,3 Zimmer,2,Nicht gemeinnützig,1,Wohnung,2,brutto,1753.0,1713.0,1793.0,1469.0,1392.0,1536.0,1716.0,1677.0,1750.0,1950.0,1900.0,2052.0,2752,511,132
2022,2022.04,2,Stadtkreise,120,Kreis 12,4,4 Zimmer,2,Nicht gemeinnützig,1,Wohnung,2,brutto,1955.0,1892.0,2018.0,1554.0,1455.0,1664.0,1852.0,1790.0,1941.0,2328.0,2080.0,2408.0,1107,274,72
2024,2024.04,2,Stadtkreise,120,Kreis 12,4,4 Zimmer,2,Nicht gemeinnützig,1,Wohnung,2,brutto,2137.0,2088.0,2187.0,1732.0,1676.0,1785.0,2000.0,1930.0,2145.0,2493.0,2439.0,2652.0,1000,260,110
2022,2022.04,2,Stadtkreise,0,Ganze Stadt,2,2 Zimmer,1,Gemeinnützig,2,Quadratmeter,2,brutto,18.43,18.28,18.58,15.24,15.09,15.34,17.58,17.39,17.72,20.62,20.37,20.84,11106,7184,492
2024,2024.04,2,Stadtkreise,0,Ganze Stadt,2,2 Zimmer,1,Gemeinnützig,2,Quadratmeter,2,brutto,19.83,19.68,19.99,16.54,16.37,16.68,19.02,18.85,19.19,22.34,22.0,22.6,11437,7442,463
2022,2022.04,2,Stadtkreise,0,Ganze Stadt,3,3 Zimmer,1,Gemeinnützig,2,Quadratmeter,2,brutto,16.33,16.21,16.45,13.76,13.67,13.86,15.61,15.51,15.7,18.17,17.97,18.34,22955,14636,597
2024,2024.04,2,Stadtkreise,0,Ganze Stadt,3,3 Zimmer,1,Gemeinnützig,2,Quadratmeter,2,brutto,17.53,17.44,17.62,15.08,14.98,15.19,16.91,16.81,16.98,19.4,19.22,19.6,23071,15117,620
2022,2022.04,2,Stadtkreise,0,Ganze Stadt,4,4 Zimmer,1,Gemeinnützig,2,Quadratmeter,2,brutto,15.87,15.77,15.96,13.75,13.67,13.86,15.5,15.41,15.58,17.59,17.38,17.72,14925,9288,606
2024,2024.04,2,Stadtkreise,0,Ganze Stadt,4,4 Zimmer,1,Gemeinnützig,2,Quadratmeter,2,brutto,17.09,16.98,17.2,14.79,14.72,14.87,16.58,16.44,16.7,18.84,18.71,19.05,14957,9495,581
2022,2022.04,2,Stadtkreise,0,Ganze Stadt,9,"2 , 3  und 4 Zimmer",1,Gemeinnützig,2,Quadratmeter,2,brutto,16.67,16.59,16.74,14.03,13.98,14.08,15.9,15.85,15.97,18.59,18.49,18.69,48986,31108,1695
2024,2024.04,2,Stadtkreise,0,Ganze Stadt,9,"2 , 3  und 4 Zimmer",1,Gemeinnützig,2,Quadratmeter,2,brutto,17.93,17.86,18.0,15.24,15.17,15.3,17.24,17.15,17.33,19.9,19.82,20.03,49465,32054,1664
2022,2022.04,2,Stadtkreise,0,Ganze Stadt,2,2 Zimmer,2,Nicht gemeinnützig,2,Quadratmeter,2,brutto,30.6,30.28,30.92,24.52,24.17,25.09,29.46,29.1,29.77,35.38,34.72,35.93,35586,6361,1250
2024,2024.04,2,Stadtkreise,0,Ganze Stadt,2,2 Zimmer,2,Nicht gemeinnützig,2,Quadratmeter,2,brutto,32.71,32.47,32.95,26.27,25.85,26.61,31.6,31.35,31.88,37.82,37.38,38.22,35728,7659,1825
2022,2022.04,2,Stadtkreise,0,Ganze Stadt,3,3 Zimmer,2,Nicht gemeinnützig,2,Quadratmeter,2,brutto,26.64,26.35,26.94,21.75,21.33,22.02,25.61,25.28,25.95,30.78,30.29,31.25,51225,8720,1311
2024,2024.04,2,Stadtkreise,0,Ganze Stadt,3,3 Zimmer,2,Nicht gemeinnützig,2,Quadratmeter,2,brutto,28.59,28.36,28.83,23.0,22.7,23.28,27.92,27.58,28.2,33.04,32.6,33.52,50539,9673,1881
2022,2022.04,2,Stadtkreise,0,Ganze Stadt,4,4 Zimmer,2,Nicht gemeinnützig,2,Quadratmeter,2,brutto,25.14,24.84,25.44,20.0,19.8,20.44,24.08,23.66,24.41,29.29,28.92,29.74,25972,4563,1107
2024,2024.04,2,Stadtkreise,0,Ganze Stadt,4,4 Zimmer,2,Nicht gemeinnützig,2,Quadratmeter,2,brutto,26.61,26.34,26.88,21.35,21.07,21.69,25.46,25.14,25.74,31.19,30.61,31.57,25502,4969,1564
2022,2022.04,2,Stadtkreise,0,Ganze Stadt,9,"2 , 3  und 4 Zimmer",2,Nicht gemeinnützig,2,Quadratmeter,2,brutto,27.55,27.37,27.73,21.99,21.82,22.21,26.42,26.22,26.63,31.87,31.58,32.13,112783,19644,3668
2024,2024.04,2,Stadtkreise,0,Ganze Stadt,9,"2 , 3  und 4 Zimmer",2,Nicht gemeinnützig,2,Quadratmeter,2,brutto,29.46,29.31,29.6,23.29,23.13,23.54,28.4,28.24,28.6,34.31,34.08,34.56,111769,22301,5270
2022,2022.04,2,Stadtkreise,10,Kreis 1,2,2 Zimmer,1,Gemeinnützig,2,Quadratmeter,2,brutto,20.08,20.0,20.16,15.4,15.26,15.52,19.02,18.79,19.09,23.65,23.56,23.66,302,298,0
2024,2024.04,2,Stadtkreise,10,Kreis 1,2,2 Zimmer,1,Gemeinnützig,2,Quadratmeter,2,brutto,21.35,21.2,21.49,16.68,16.38,16.75,20.39,20.35,20.47,25.2,25.06,25.25,307,293,9
2022,2022.04,2,Stadtkreise,10,Kreis 1,3,3 Zimmer,1,Gemeinnützig,2,Quadratmeter,2,brutto,18.57,18.47,18.66,14.47,14.29,14.55,17.7,17.62,17.75,21.85,21.67,21.89,201,198,0
2024,2024.04,2,Stadtkreise,10,Kreis 1,3,3 Zimmer,1,Gemeinnützig,2,Quadratmeter,2,brutto,21.25,21.19,21.3,15.89,15.82,15.93,19.98,19.97,19.99,24.89,24.54,25.06,208,196,11
2022,2022.04,2,Stadtkreise,10,Kreis 1,4,4 Zimmer,1,Gemeinnützig,2,Quadratmeter,2,brutto,17.06,16.91,17.22,12.1,12.07,12.13,16.27,16.11,16.35,20.83,20.59,20.9,136,133,0
2024,2024.04,2,Stadtkreise,10,Kreis 1,4,4 Zimmer,1,Gemeinnützig,2,Quadratmeter,2,brutto,19.14,18.95,19.33,13.62,13.57,13.71,18.37,17.88,18.44,22.56,22.44,22.7,134,131,0
2022,2022.04,2,Stadtkreise,10,Kreis 1,9,"2 , 3  und 4 Zimmer",1,Gemeinnützig,2,Quadratmeter,2,brutto,18.97,18.91,19.03,14.44,14.4,14.49,17.97,17.87,18.07,22.41,22.37,22.45,639,629,0
2024,2024.04,2,Stadtkreise,10,Kreis 1,9,"2 , 3  und 4 Zimmer",1,Gemeinnützig,2,Quadratmeter,2,brutto,20.87,20.79,20.95,15.84,15.78,15.93,19.9,19.8,19.96,24.37,24.32,24.45,649,620,20
2022,2022.04,2,Stadtkreise,10,Kreis 1,2,2 Zimmer,2,Nicht gemeinnützig,2,Quadratmeter,2,brutto,39.46,37.65,41.26,32.97,29.22,36.79,39.94,38.36,42.17,46.29,43.27,48.58,774,87,106
2024,2024.04,2,Stadtkreise,10,Kreis 1,2,2 Zimmer,2,Nicht gemeinnützig,2,Quadratmeter,2,brutto,42.86,41.32,44.41,33.16,31.5,35.43,41.71,39.89,43.85,50.9,48.25,55.0,743,102,148
2022,2022.04,2,Stadtkreise,10,Kreis 1,3,3 Zimmer,2,Nicht gemeinnützig,2,Quadratmeter,2,brutto,33.62,32.11,35.13,26.31,23.21,28.35,33.25,31.57,35.72,40.57,39.14,42.39,635,74,111
2024,2024.04,2,Stadtkreise,10,Kreis 1,3,3 Zimmer,2,Nicht gemeinnützig,2,Quadratmeter,2,brutto,37.19,35.91,38.47,28.37,26.76,29.81,36.42,34.54,37.96,45.79,43.88,47.69,621,79,171
2022,2022.04,2,Stadtkreise,10,Kreis 1,4,4 Zimmer,2,Nicht gemeinnützig,2,Quadratmeter,2,brutto,32.38,30.6,34.16,23.28,20.41,25.96,32.04,29.11,33.75,41.49,36.43,42.68,323,27,80
2024,2024.04,2,Stadtkreise,10,Kreis 1,4,4 Zimmer,2,Nicht gemeinnützig,2,Quadratmeter,2,brutto,34.62,32.83,36.4,26.02,22.54,29.38,34.99,33.32,36.75,43.19,40.07,44.84,316,31,101
2022,2022.04,2,Stadtkreise,10,Kreis 1,9,"2 , 3  und 4 Zimmer",2,Nicht gemeinnützig,2,Quadratmeter,2,brutto,36.0,34.97,37.03,27.84,26.17,29.54,36.67,34.9,38.08,43.08,42.02,45.55,1732,188,297
2024,2024.04,2,Stadtkreise,10,Kreis 1,9,"2 , 3  und 4 Zimmer",2,Nicht gemeinnützig,2,Quadratmeter,2,brutto,39.22,38.32,40.11,29.99,28.93,31.25,38.59,37.67,39.82,47.32,45.92,48.74,1680,212,420
2022,2022.04,2,Stadtkreise,20,Kreis 2,2,2 Zimmer,1,Gemeinnützig,2,Quadratmeter,2,brutto,18.34,17.81,18.86,14.81,14.5,15.49,17.72,16.81,18.47,21.14,20.37,22.56,971,535,52
2024,2024.04,2,Stadtkreise,20,Kreis 2,2,2 Zimmer,1,Gemeinnützig,2,Quadratmeter,2,brutto,20.56,20.18,20.95,17.31,16.84,17.95,19.77,19.22,20.56,23.92,23.16,24.42,997,583,53
2022,2022.04,2,Stadtkreise,20,Kreis 2,3,3 Zimmer,1,Gemeinnützig,2,Quadratmeter,2,brutto,16.86,16.16,17.55,14.11,13.8,14.46,16.16,15.47,16.89,18.62,17.83,19.15,1736,874,61
2024,2024.04,2,Stadtkreise,20,Kreis 2,3,3 Zimmer,1,Gemeinnützig,2,Quadratmeter,2,brutto,18.43,18.04,18.81,15.84,15.5,16.3,17.59,17.27,18.06,20.64,19.85,21.08,1745,920,71
2022,2022.04,2,Stadtkreise,20,Kreis 2,4,4 Zimmer,1,Gemeinnützig,2,Quadratmeter,2,brutto,16.41,16.15,16.67,14.36,14.04,14.74,16.27,15.86,16.7,17.84,17.46,18.29,1435,768,51
2024,2024.04,2,Stadtkreise,20,Kreis 2,4,4 Zimmer,1,Gemeinnützig,2,Quadratmeter,2,brutto,18.02,17.63,18.41,15.57,14.91,16.02,17.92,17.11,18.32,20.51,20.03,21.23,1413,818,63
2022,2022.04,2,Stadtkreise,20,Kreis 2,9,"2 , 3  und 4 Zimmer",1,Gemeinnützig,2,Quadratmeter,2,brutto,17.05,16.71,17.39,14.28,14.16,14.52,16.45,16.13,16.89,18.68,18.49,19.15,4142,2177,164
2024,2024.04,2,Stadtkreise,20,Kreis 2,9,"2 , 3  und 4 Zimmer",1,Gemeinnützig,2,Quadratmeter,2,brutto,18.8,18.57,19.04,16.02,15.83,16.32,18.21,17.89,18.44,21.29,20.94,21.71,4155,2321,187
2022,2022.04,2,Stadtkreise,20,Kreis 2,2,2 Zimmer,2,Nicht gemeinnützig,2,Quadratmeter,2,brutto,31.18,30.28,32.08,24.45,23.5,26.25,29.65,28.42,30.71,36.28,33.3,38.97,2749,460,104
2024,2024.04,2,Stadtkreise,20,Kreis 2,2,2 Zimmer,2,Nicht gemeinnützig,2,Quadratmeter,2,brutto,34.17,33.18,35.17,27.17,26.66,28.38,32.1,31.17,33.16,41.82,38.6,43.03,2859,509,155
2022,2022.04,2,Stadtkreise,20,Kreis 2,3,3 Zimmer,2,Nicht gemeinnützig,2,Quadratmeter,2,brutto,28.69,27.52,29.86,23.46,21.72,24.7,28.39,27.23,28.75,32.74,31.35,34.34,3833,821,104
2024,2024.04,2,Stadtkreise,20,Kreis 2,3,3 Zimmer,2,Nicht gemeinnützig,2,Quadratmeter,2,brutto,29.94,29.11,30.77,24.11,22.99,25.17,29.39,28.83,30.46,35.25,33.41,36.63,3917,880,159
2022,2022.04,2,Stadtkreise,20,Kreis 2,4,4 Zimmer,2,Nicht gemeinnützig,2,Quadratmeter,2,brutto,27.48,26.39,28.58,22.2,20.71,22.65,25.95,25.13,27.8,33.06,31.07,34.51,2285,462,115
2024,2024.04,2,Stadtkreise,20,Kreis 2,4,4 Zimmer,2,Nicht gemeinnützig,2,Quadratmeter,2,brutto,28.55,27.66,29.44,22.73,22.13,23.88,27.52,26.77,28.39,33.62,31.66,35.13,2337,514,169
2022,2022.04,2,Stadtkreise,20,Kreis 2,9,"2 , 3  und 4 Zimmer",2,Nicht gemeinnützig,2,Quadratmeter,2,brutto,29.15,28.51,29.79,22.98,22.51,23.79,28.39,27.54,28.67,33.39,32.53,34.55,8867,1743,323
2024,2024.04,2,Stadtkreise,20,Kreis 2,9,"2 , 3  und 4 Zimmer",2,Nicht gemeinnützig,2,Quadratmeter,2,brutto,30.91,30.38,31.44,24.62,24.2,25.46,29.7,29.08,30.4,36.28,35.25,37.12,9113,1903,483
2022,2022.04,2,Stadtkreise,30,Kreis 3,2,2 Zimmer,1,Gemeinnützig,2,Quadratmeter,2,brutto,17.02,16.68,17.36,14.39,13.99,14.83,16.94,16.43,17.38,19.28,18.63,19.4,1432,853,58
2024,2024.04,2,Stadtkreise,30,Kreis 3,2,2 Zimmer,1,Gemeinnützig,2,Quadratmeter,2,brutto,18.52,18.0,19.03,15.37,14.79,15.99,17.86,17.33,18.38,20.45,20.33,21.05,1442,856,67
2022,2022.04,2,Stadtkreise,30,Kreis 3,3,3 Zimmer,1,Gemeinnützig,2,Quadratmeter,2,brutto,15.39,15.01,15.77,12.98,12.88,13.15,14.59,14.25,14.99,17.1,16.59,17.58,3050,1846,64
2024,2024.04,2,Stadtkreise,30,Kreis 3,3,3 Zimmer,1,Gemeinnützig,2,Quadratmeter,2,brutto,16.36,16.04,16.67,14.13,13.59,14.51,15.94,15.55,16.33,18.19,17.73,19.1,2990,1876,63
2022,2022.04,2,Stadtkreise,30,Kreis 3,4,4 Zimmer,1,Gemeinnützig,2,Quadratmeter,2,brutto,15.68,15.44,15.91,13.15,12.93,13.53,15.62,15.48,15.93,17.43,17.29,18.25,1886,1176,78
2024,2024.04,2,Stadtkreise,30,Kreis 3,4,4 Zimmer,1,Gemeinnützig,2,Quadratmeter,2,brutto,16.64,16.18,17.1,14.16,13.83,14.53,16.03,15.77,16.38,18.6,17.94,19.06,1871,1210,82
2022,2022.04,2,Stadtkreise,30,Kreis 3,9,"2 , 3  und 4 Zimmer",1,Gemeinnützig,2,Quadratmeter,2,brutto,15.84,15.63,16.06,13.15,13.05,13.41,15.29,15.13,15.61,17.87,17.47,18.26,6368,3875,200
2024,2024.04,2,Stadtkreise,30,Kreis 3,9,"2 , 3  und 4 Zimmer",1,Gemeinnützig,2,Quadratmeter,2,brutto,16.93,16.68,17.19,14.39,14.15,14.6,16.33,16.16,16.58,19.07,18.71,19.57,6303,3942,212
2022,2022.04,2,Stadtkreise,30,Kreis 3,2,2 Zimmer,2,Nicht gemeinnützig,2,Quadratmeter,2,brutto,29.93,29.13,30.72,24.31,23.99,25.54,29.45,28.6,30.3,34.56,33.33,35.75,4921,858,124
2024,2024.04,2,Stadtkreise,30,Kreis 3,2,2 Zimmer,2,Nicht gemeinnützig,2,Quadratmeter,2,brutto,33.22,32.4,34.04,26.8,25.56,28.1,32.4,31.61,33.7,37.83,36.6,38.9,4912,984,189
2022,2022.04,2,Stadtkreise,30,Kreis 3,3,3 Zimmer,2,Nicht gemeinnützig,2,Quadratmeter,2,brutto,26.56,25.47,27.65,21.74,21.18,22.4,25.36,24.21,26.46,30.54,29.48,31.88,6901,922,114
2024,2024.04,2,Stadtkreise,30,Kreis 3,3,3 Zimmer,2,Nicht gemeinnützig,2,Quadratmeter,2,brutto,28.24,27.4,29.09,22.89,22.2,23.43,26.99,26.0,28.53,32.77,30.99,34.0,6785,1083,184
2022,2022.04,2,Stadtkreise,30,Kreis 3,4,4 Zimmer,2,Nicht gemeinnützig,2,Quadratmeter,2,brutto,25.1,24.04,26.16,21.0,20.26,21.28,23.36,22.24,24.65,29.17,26.05,30.34,2300,269,107
2024,2024.04,2,Stadtkreise,30,Kreis 3,4,4 Zimmer,2,Nicht gemeinnützig,2,Quadratmeter,2,brutto,25.58,24.81,26.35,20.63,19.7,21.95,25.26,24.3,25.96,30.56,28.7,31.52,2296,314,143
2022,2022.04,2,Stadtkreise,30,Kreis 3,9,"2 , 3  und 4 Zimmer",2,Nicht gemeinnützig,2,Quadratmeter,2,brutto,27.5,26.87,28.12,22.0,21.64,22.43,26.04,25.39,26.99,31.78,30.67,33.33,14122,2049,345
2024,2024.04,2,Stadtkreise,30,Kreis 3,9,"2 , 3  und 4 Zimmer",2,Nicht gemeinnützig,2,Quadratmeter,2,brutto,29.55,29.04,30.07,23.24,22.82,24.08,28.7,28.1,29.33,34.46,33.77,35.73,13993,2381,516
2022,2022.04,2,Stadtkreise,40,Kreis 4,2,2 Zimmer,1,Gemeinnützig,2,Quadratmeter,2,brutto,19.15,18.73,19.57,15.46,15.32,15.78,16.85,16.59,17.12,21.88,21.13,22.7,1218,858,55
2024,2024.04,2,Stadtkreise,40,Kreis 4,2,2 Zimmer,1,Gemeinnützig,2,Quadratmeter,2,brutto,20.82,20.36,21.28,16.66,16.43,16.98,18.68,18.46,19.08,23.36,22.99,23.91,1213,898,47
2022,2022.04,2,Stadtkreise,40,Kreis 4,3,3 Zimmer,1,Gemeinnützig,2,Quadratmeter,2,brutto,16.43,15.95,16.91,13.39,13.24,13.54,14.76,14.51,15.0,18.26,17.55,19.0,2066,1513,50
2024,2024.04,2,Stadtkreise,40,Kreis 4,3,3 Zimmer,1,Gemeinnützig,2,Quadratmeter,2,brutto,17.75,17.42,18.08,15.29,15.1,15.45,16.69,16.59,16.85,18.89,18.2,19.13,2116,1647,49
2022,2022.04,2,Stadtkreise,40,Kreis 4,4,4 Zimmer,1,Gemeinnützig,2,Quadratmeter,2,brutto,15.91,15.54,16.29,13.03,12.73,13.34,15.14,14.78,15.52,17.3,16.96,17.63,713,479,61
2024,2024.04,2,Stadtkreise,40,Kreis 4,4,4 Zimmer,1,Gemeinnützig,2,Quadratmeter,2,brutto,18.03,17.59,18.47,14.71,14.56,14.89,16.46,16.15,16.7,19.53,18.92,20.21,760,553,40
2022,2022.04,2,Stadtkreise,40,Kreis 4,9,"2 , 3  und 4 Zimmer",1,Gemeinnützig,2,Quadratmeter,2,brutto,17.17,16.88,17.46,13.74,13.66,13.84,15.66,15.51,15.81,18.91,18.5,19.28,3997,2850,166
2024,2024.04,2,Stadtkreise,40,Kreis 4,9,"2 , 3  und 4 Zimmer",1,Gemeinnützig,2,Quadratmeter,2,brutto,18.71,18.48,18.95,15.54,15.41,15.69,17.11,16.98,17.27,20.35,19.93,20.78,4089,3098,136
2022,2022.04,2,Stadtkreise,40,Kreis 4,2,2 Zimmer,2,Nicht gemeinnützig,2,Quadratmeter,2,brutto,32.51,31.73,33.3,25.2,23.73,27.15,32.83,31.39,33.85,38.58,37.76,40.08,2857,509,162
2024,2024.04,2,Stadtkreise,40,Kreis 4,2,2 Zimmer,2,Nicht gemeinnützig,2,Quadratmeter,2,brutto,34.58,33.82,35.33,27.14,25.91,28.1,33.91,32.95,34.88,40.37,39.37,41.22,2880,657,233
2022,2022.04,2,Stadtkreise,40,Kreis 4,3,3 Zimmer,2,Nicht gemeinnützig,2,Quadratmeter,2,brutto,27.77,26.88,28.66,22.15,21.22,23.5,27.2,25.9,28.44,33.09,31.3,35.56,4073,633,122
2024,2024.04,2,Stadtkreise,40,Kreis 4,3,3 Zimmer,2,Nicht gemeinnützig,2,Quadratmeter,2,brutto,30.28,29.57,30.99,24.23,23.07,25.15,29.95,29.19,30.91,35.74,34.62,37.0,4013,825,164
2022,2022.04,2,Stadtkreise,40,Kreis 4,4,4 Zimmer,2,Nicht gemeinnützig,2,Quadratmeter,2,brutto,25.24,24.42,26.07,20.01,19.36,21.32,24.38,23.31,26.19,29.27,28.85,31.28,1483,185,86
2024,2024.04,2,Stadtkreise,40,Kreis 4,4,4 Zimmer,2,Nicht gemeinnützig,2,Quadratmeter,2,brutto,28.79,27.77,29.8,22.81,21.92,23.68,28.97,27.04,30.0,34.42,32.47,36.41,1467,264,122
2022,2022.04,2,Stadtkreise,40,Kreis 4,9,"2 , 3  und 4 Zimmer",2,Nicht gemeinnützig,2,Quadratmeter,2,brutto,28.94,28.41,29.46,22.5,21.6,23.21,28.5,27.68,29.2,35.0,33.98,36.22,8413,1327,370
2024,2024.04,2,Stadtkreise,40,Kreis 4,9,"2 , 3  und 4 Zimmer",2,Nicht gemeinnützig,2,Quadratmeter,2,brutto,31.5,31.04,31.97,24.7,24.12,25.6,30.92,30.27,31.76,37.2,36.49,37.99,8360,1746,519
2022,2022.04,2,Stadtkreise,50,Kreis 5,2,2 Zimmer,1,Gemeinnützig,2,Quadratmeter,2,brutto,17.08,16.68,17.48,13.87,13.48,14.41,16.23,15.87,16.42,19.46,19.07,20.54,340,263,18
2024,2024.04,2,Stadtkreise,50,Kreis 5,2,2 Zimmer,1,Gemeinnützig,2,Quadratmeter,2,brutto,18.41,17.57,19.24,14.85,14.42,15.21,17.45,16.8,18.16,20.41,19.92,20.94,331,255,20
2022,2022.04,2,Stadtkreise,50,Kreis 5,3,3 Zimmer,1,Gemeinnützig,2,Quadratmeter,2,brutto,15.63,15.32,15.95,13.34,13.06,13.86,15.03,14.89,15.53,17.08,16.55,18.18,917,631,20
2024,2024.04,2,Stadtkreise,50,Kreis 5,3,3 Zimmer,1,Gemeinnützig,2,Quadratmeter,2,brutto,17.51,17.29,17.73,14.77,14.61,14.91,17.56,16.83,17.66,20.31,19.07,20.6,924,645,20
2022,2022.04,2,Stadtkreise,50,Kreis 5,4,4 Zimmer,1,Gemeinnützig,2,Quadratmeter,2,brutto,15.79,15.51,16.08,12.93,12.46,13.25,15.35,15.14,16.07,18.31,17.73,18.94,423,296,22
2024,2024.04,2,Stadtkreise,50,Kreis 5,4,4 Zimmer,1,Gemeinnützig,2,Quadratmeter,2,brutto,17.36,17.17,17.54,14.57,14.37,14.76,17.72,17.68,18.01,19.86,19.54,20.47,407,279,19
2022,2022.04,2,Stadtkreise,50,Kreis 5,9,"2 , 3  und 4 Zimmer",1,Gemeinnützig,2,Quadratmeter,2,brutto,15.97,15.76,16.17,13.3,13.08,13.53,15.4,15.12,15.58,18.18,17.89,18.89,1680,1190,60
2024,2024.04,2,Stadtkreise,50,Kreis 5,9,"2 , 3  und 4 Zimmer",1,Gemeinnützig,2,Quadratmeter,2,brutto,17.65,17.44,17.87,14.75,14.61,14.87,17.64,17.24,17.72,20.22,19.58,20.59,1662,1179,59
2022,2022.04,2,Stadtkreise,50,Kreis 5,2,2 Zimmer,2,Nicht gemeinnützig,2,Quadratmeter,2,brutto,32.64,31.52,33.76,26.93,25.66,28.56,32.36,30.35,33.06,37.66,35.42,39.16,1355,363,78
2024,2024.04,2,Stadtkreise,50,Kreis 5,2,2 Zimmer,2,Nicht gemeinnützig,2,Quadratmeter,2,brutto,34.94,33.75,36.14,27.63,26.79,29.2,34.55,32.61,35.98,40.32,38.37,41.43,1317,344,96
2022,2022.04,2,Stadtkreise,50,Kreis 5,3,3 Zimmer,2,Nicht gemeinnützig,2,Quadratmeter,2,brutto,28.08,26.74,29.41,23.44,21.87,25.23,28.25,25.96,29.11,31.87,31.39,35.3,1904,416,67
2024,2024.04,2,Stadtkreise,50,Kreis 5,3,3 Zimmer,2,Nicht gemeinnützig,2,Quadratmeter,2,brutto,30.54,29.28,31.79,25.59,23.92,26.66,30.12,29.13,32.0,35.4,34.0,36.92,1819,408,85
2022,2022.04,2,Stadtkreise,50,Kreis 5,4,4 Zimmer,2,Nicht gemeinnützig,2,Quadratmeter,2,brutto,24.76,23.51,26.02,19.47,17.59,20.58,22.82,21.73,26.39,30.38,28.12,32.76,965,189,47
2024,2024.04,2,Stadtkreise,50,Kreis 5,4,4 Zimmer,2,Nicht gemeinnützig,2,Quadratmeter,2,brutto,26.14,24.85,27.44,21.4,19.72,23.01,25.69,23.91,28.7,31.09,29.53,32.54,914,221,53
2022,2022.04,2,Stadtkreise,50,Kreis 5,9,"2 , 3  und 4 Zimmer",2,Nicht gemeinnützig,2,Quadratmeter,2,brutto,28.79,28.03,29.54,23.11,22.27,24.47,28.33,27.68,29.25,33.25,32.78,35.0,4224,968,192
2024,2024.04,2,Stadtkreise,50,Kreis 5,9,"2 , 3  und 4 Zimmer",2,Nicht gemeinnützig,2,Quadratmeter,2,brutto,30.98,30.23,31.72,25.17,23.91,26.31,30.47,29.51,31.56,36.35,35.41,37.26,4050,973,234
2022,2022.04,2,Stadtkreise,60,Kreis 6,2,2 Zimmer,1,Gemeinnützig,2,Quadratmeter,2,brutto,19.53,18.3,20.76,16.27,15.37,16.53,17.95,16.68,19.44,20.66,20.17,22.3,676,329,31
2024,2024.04,2,Stadtkreise,60,Kreis 6,2,2 Zimmer,1,Gemeinnützig,2,Quadratmeter,2,brutto,19.94,19.27,20.6,17.28,16.94,17.62,18.88,18.04,19.61,23.14,20.85,23.85,731,380,39
2022,2022.04,2,Stadtkreise,60,Kreis 6,3,3 Zimmer,1,Gemeinnützig,2,Quadratmeter,2,brutto,16.04,15.81,16.27,14.34,13.89,14.66,15.66,15.48,16.1,17.17,16.91,17.3,1939,1142,43
2024,2024.04,2,Stadtkreise,60,Kreis 6,3,3 Zimmer,1,Gemeinnützig,2,Quadratmeter,2,brutto,17.35,17.12,17.58,15.68,15.54,15.84,17.13,16.76,17.47,18.6,18.14,19.19,2005,1263,47
2022,2022.04,2,Stadtkreise,60,Kreis 6,4,4 Zimmer,1,Gemeinnützig,2,Quadratmeter,2,brutto,16.1,15.87,16.34,14.75,14.61,15.04,15.6,15.44,15.72,16.84,16.39,17.62,1156,713,37
2024,2024.04,2,Stadtkreise,60,Kreis 6,4,4 Zimmer,1,Gemeinnützig,2,Quadratmeter,2,brutto,17.22,16.94,17.49,15.52,15.33,15.7,16.94,16.64,17.56,18.44,18.12,19.2,1188,760,42
2022,2022.04,2,Stadtkreise,60,Kreis 6,9,"2 , 3  und 4 Zimmer",1,Gemeinnützig,2,Quadratmeter,2,brutto,16.68,16.42,16.95,14.77,14.61,14.99,15.95,15.69,16.27,17.59,17.19,17.92,3771,2184,111
2024,2024.04,2,Stadtkreise,60,Kreis 6,9,"2 , 3  und 4 Zimmer",1,Gemeinnützig,2,Quadratmeter,2,brutto,17.79,17.6,17.98,15.84,15.68,15.96,17.35,17.18,17.7,19.15,18.64,19.58,3924,2403,128
2022,2022.04,2,Stadtkreise,60,Kreis 6,2,2 Zimmer,2,Nicht gemeinnützig,2,Quadratmeter,2,brutto,30.5,29.21,31.79,26.43,24.17,27.56,30.04,28.57,31.27,35.91,32.25,37.31,2578,349,76
2024,2024.04,2,Stadtkreise,60,Kreis 6,2,2 Zimmer,2,Nicht gemeinnützig,2,Quadratmeter,2,brutto,32.66,31.68,33.63,25.87,24.17,27.66,32.3,31.21,33.33,37.62,36.24,39.65,2544,435,120
2022,2022.04,2,Stadtkreise,60,Kreis 6,3,3 Zimmer,2,Nicht gemeinnützig,2,Quadratmeter,2,brutto,28.43,27.09,29.78,22.57,20.73,24.0,28.28,26.11,30.45,33.33,31.79,36.9,3474,443,89
2024,2024.04,2,Stadtkreise,60,Kreis 6,3,3 Zimmer,2,Nicht gemeinnützig,2,Quadratmeter,2,brutto,30.28,29.09,31.46,23.58,21.48,25.84,30.47,28.94,31.81,35.79,33.87,37.51,3369,466,121
2022,2022.04,2,Stadtkreise,60,Kreis 6,4,4 Zimmer,2,Nicht gemeinnützig,2,Quadratmeter,2,brutto,26.74,25.62,27.87,21.22,19.75,23.02,25.98,24.8,27.15,32.88,30.47,34.34,2353,311,97
2024,2024.04,2,Stadtkreise,60,Kreis 6,4,4 Zimmer,2,Nicht gemeinnützig,2,Quadratmeter,2,brutto,28.16,27.25,29.08,22.22,21.47,23.85,27.3,26.28,29.27,33.94,32.95,35.38,2290,324,138
2022,2022.04,2,Stadtkreise,60,Kreis 6,9,"2 , 3  und 4 Zimmer",2,Nicht gemeinnützig,2,Quadratmeter,2,brutto,28.59,27.84,29.35,23.25,21.92,24.11,28.36,27.56,29.12,33.72,32.49,35.22,8405,1103,262
2024,2024.04,2,Stadtkreise,60,Kreis 6,9,"2 , 3  und 4 Zimmer",2,Nicht gemeinnützig,2,Quadratmeter,2,brutto,30.42,29.8,31.05,23.69,22.83,24.86,30.47,29.54,31.37,35.78,35.0,36.95,8203,1225,379
2022,2022.04,2,Stadtkreise,70,Kreis 7,2,2 Zimmer,1,Gemeinnützig,2,Quadratmeter,2,brutto,21.7,21.47,21.93,17.86,17.58,18.78,21.59,21.37,22.22,25.42,25.2,25.53,302,190,48
2024,2024.04,2,Stadtkreise,70,Kreis 7,2,2 Zimmer,1,Gemeinnützig,2,Quadratmeter,2,brutto,23.6,22.75,24.45,19.94,18.86,21.27,22.82,22.56,24.25,26.93,25.38,27.56,358,196,36
2022,2022.04,2,Stadtkreise,70,Kreis 7,3,3 Zimmer,1,Gemeinnützig,2,Quadratmeter,2,brutto,18.26,18.03,18.5,14.67,14.03,15.3,17.14,16.74,18.11,21.87,21.68,21.96,516,292,67
2024,2024.04,2,Stadtkreise,70,Kreis 7,3,3 Zimmer,1,Gemeinnützig,2,Quadratmeter,2,brutto,19.91,19.7,20.12,14.62,14.54,15.55,18.16,17.87,18.64,24.26,24.1,24.34,552,306,55
2022,2022.04,2,Stadtkreise,70,Kreis 7,4,4 Zimmer,1,Gemeinnützig,2,Quadratmeter,2,brutto,16.54,16.37,16.71,13.39,13.23,13.74,15.43,15.16,15.66,18.9,18.64,19.12,421,235,64
2024,2024.04,2,Stadtkreise,70,Kreis 7,4,4 Zimmer,1,Gemeinnützig,2,Quadratmeter,2,brutto,17.79,17.56,18.03,13.64,13.4,14.03,15.83,15.74,16.11,20.92,20.75,21.36,432,238,49
2022,2022.04,2,Stadtkreise,70,Kreis 7,9,"2 , 3  und 4 Zimmer",1,Gemeinnützig,2,Quadratmeter,2,brutto,18.51,18.39,18.64,14.57,14.31,14.8,17.53,17.3,17.84,22.09,21.96,22.34,1239,717,179
2024,2024.04,2,Stadtkreise,70,Kreis 7,9,"2 , 3  und 4 Zimmer",1,Gemeinnützig,2,Quadratmeter,2,brutto,20.21,19.95,20.46,14.62,14.51,15.44,19.16,18.72,19.81,24.24,23.79,24.63,1342,740,140
2022,2022.04,2,Stadtkreise,70,Kreis 7,2,2 Zimmer,2,Nicht gemeinnützig,2,Quadratmeter,2,brutto,30.75,29.82,31.69,24.26,23.19,25.94,30.72,29.54,31.65,35.98,34.67,37.54,2651,394,146
2024,2024.04,2,Stadtkreise,70,Kreis 7,2,2 Zimmer,2,Nicht gemeinnützig,2,Quadratmeter,2,brutto,34.61,33.79,35.43,27.25,26.51,28.45,32.96,31.76,34.77,41.19,39.29,43.25,2713,467,192
2022,2022.04,2,Stadtkreise,70,Kreis 7,3,3 Zimmer,2,Nicht gemeinnützig,2,Quadratmeter,2,brutto,28.03,27.07,29.0,22.11,21.2,23.69,26.7,25.82,28.29,33.57,31.11,34.95,4329,620,160
2024,2024.04,2,Stadtkreise,70,Kreis 7,3,3 Zimmer,2,Nicht gemeinnützig,2,Quadratmeter,2,brutto,30.23,29.58,30.89,24.25,23.35,25.46,29.89,29.03,30.63,35.34,34.45,36.77,4286,691,238
2022,2022.04,2,Stadtkreise,70,Kreis 7,4,4 Zimmer,2,Nicht gemeinnützig,2,Quadratmeter,2,brutto,26.68,25.64,27.71,21.55,20.46,22.28,26.04,24.99,27.19,32.0,29.5,32.77,3341,374,138
2024,2024.04,2,Stadtkreise,70,Kreis 7,4,4 Zimmer,2,Nicht gemeinnützig,2,Quadratmeter,2,brutto,28.39,27.36,29.42,22.52,21.96,23.34,27.14,25.97,28.53,33.26,32.49,34.05,3193,423,212
2022,2022.04,2,Stadtkreise,70,Kreis 7,9,"2 , 3  und 4 Zimmer",2,Nicht gemeinnützig,2,Quadratmeter,2,brutto,28.29,27.71,28.88,22.23,21.62,23.27,27.41,26.58,28.34,33.84,32.88,34.39,10321,1388,444
2024,2024.04,2,Stadtkreise,70,Kreis 7,9,"2 , 3  und 4 Zimmer",2,Nicht gemeinnützig,2,Quadratmeter,2,brutto,30.82,30.34,31.3,24.36,23.66,25.0,29.96,29.43,30.56,36.02,35.36,36.65,10192,1581,642
2022,2022.04,2,Stadtkreise,80,Kreis 8,2,2 Zimmer,1,Gemeinnützig,2,Quadratmeter,2,brutto,20.38,19.93,20.83,15.11,15.07,15.74,18.47,17.26,18.92,24.1,23.89,25.68,98,88,0
2024,2024.04,2,Stadtkreise,80,Kreis 8,2,2 Zimmer,1,Gemeinnützig,2,Quadratmeter,2,brutto,22.72,22.36,23.07,16.79,16.74,16.92,20.8,20.63,21.11,27.62,26.6,27.63,93,87,0
2022,2022.04,2,Stadtkreise,80,Kreis 8,3,3 Zimmer,1,Gemeinnützig,2,Quadratmeter,2,brutto,17.86,17.71,18.01,15.12,15.11,15.2,16.67,16.61,16.71,18.44,18.31,19.35,253,237,0
2024,2024.04,2,Stadtkreise,80,Kreis 8,3,3 Zimmer,1,Gemeinnützig,2,Quadratmeter,2,brutto,19.37,19.24,19.5,16.13,16.12,16.15,18.27,18.23,18.3,21.11,20.95,21.24,246,215,24
2022,2022.04,2,Stadtkreise,80,Kreis 8,4,4 Zimmer,1,Gemeinnützig,2,Quadratmeter,2,brutto,16.26,16.14,16.38,13.93,13.9,13.98,15.69,15.51,15.9,16.95,16.93,17.02,244,234,0
2024,2024.04,2,Stadtkreise,80,Kreis 8,4,4 Zimmer,1,Gemeinnützig,2,Quadratmeter,2,brutto,17.68,17.59,17.76,14.58,14.58,14.72,17.48,17.47,17.52,18.69,18.64,18.75,246,227,14
2022,2022.04,2,Stadtkreise,80,Kreis 8,9,"2 , 3  und 4 Zimmer",1,Gemeinnützig,2,Quadratmeter,2,brutto,17.61,17.5,17.72,14.5,14.38,14.58,16.49,16.46,16.55,18.44,18.31,18.72,595,559,0
2024,2024.04,2,Stadtkreise,80,Kreis 8,9,"2 , 3  und 4 Zimmer",1,Gemeinnützig,2,Quadratmeter,2,brutto,19.16,19.08,19.24,15.71,15.66,15.73,17.9,17.86,17.92,20.95,20.88,21.12,585,529,38
2022,2022.04,2,Stadtkreise,80,Kreis 8,2,2 Zimmer,2,Nicht gemeinnützig,2,Quadratmeter,2,brutto,35.17,34.02,36.32,27.71,25.31,29.13,35.74,33.89,36.61,41.56,40.0,44.02,2213,480,113
2024,2024.04,2,Stadtkreise,80,Kreis 8,2,2 Zimmer,2,Nicht gemeinnützig,2,Quadratmeter,2,brutto,38.0,37.02,38.99,29.29,28.46,30.82,37.15,36.19,38.43,45.63,43.92,47.46,2192,530,177
2022,2022.04,2,Stadtkreise,80,Kreis 8,3,3 Zimmer,2,Nicht gemeinnützig,2,Quadratmeter,2,brutto,31.45,30.4,32.5,24.93,22.38,25.94,32.44,30.51,33.47,38.27,36.78,40.18,2773,474,128
2024,2024.04,2,Stadtkreise,80,Kreis 8,3,3 Zimmer,2,Nicht gemeinnützig,2,Quadratmeter,2,brutto,34.65,33.71,35.6,26.42,25.5,28.01,35.57,32.61,36.13,42.72,40.74,43.53,2751,529,187
2022,2022.04,2,Stadtkreise,80,Kreis 8,4,4 Zimmer,2,Nicht gemeinnützig,2,Quadratmeter,2,brutto,29.44,28.2,30.69,22.3,20.92,24.17,30.17,27.95,30.61,35.36,33.32,37.21,1393,166,104
2024,2024.04,2,Stadtkreise,80,Kreis 8,4,4 Zimmer,2,Nicht gemeinnützig,2,Quadratmeter,2,brutto,30.4,29.44,31.37,23.2,21.8,24.32,30.66,28.73,31.83,37.78,36.51,38.77,1367,201,148
2022,2022.04,2,Stadtkreise,80,Kreis 8,9,"2 , 3  und 4 Zimmer",2,Nicht gemeinnützig,2,Quadratmeter,2,brutto,32.3,31.64,32.97,25.0,24.15,25.94,32.49,31.78,33.28,38.91,37.96,40.13,6379,1120,345
2024,2024.04,2,Stadtkreise,80,Kreis 8,9,"2 , 3  und 4 Zimmer",2,Nicht gemeinnützig,2,Quadratmeter,2,brutto,34.9,34.32,35.48,26.5,25.73,27.5,35.25,33.99,35.79,42.48,41.23,43.21,6310,1260,512
2022,2022.04,2,Stadtkreise,90,Kreis 9,2,2 Zimmer,1,Gemeinnützig,2,Quadratmeter,2,brutto,19.0,18.56,19.44,15.11,14.82,15.68,17.96,17.17,18.94,21.75,21.42,22.52,1657,995,46
2024,2024.04,2,Stadtkreise,90,Kreis 9,2,2 Zimmer,1,Gemeinnützig,2,Quadratmeter,2,brutto,20.43,19.84,21.03,16.78,16.31,17.6,20.0,19.19,20.8,23.22,22.48,24.12,1661,1029,38
2022,2022.04,2,Stadtkreise,90,Kreis 9,3,3 Zimmer,1,Gemeinnützig,2,Quadratmeter,2,brutto,16.44,16.18,16.71,13.92,13.56,14.25,16.08,15.8,16.67,18.32,17.94,18.72,4058,2219,74
2024,2024.04,2,Stadtkreise,90,Kreis 9,3,3 Zimmer,1,Gemeinnützig,2,Quadratmeter,2,brutto,17.52,17.27,17.77,15.26,15.0,15.46,17.08,16.79,17.36,19.4,18.99,19.8,3917,2288,59
2022,2022.04,2,Stadtkreise,90,Kreis 9,4,4 Zimmer,1,Gemeinnützig,2,Quadratmeter,2,brutto,16.25,15.89,16.62,14.0,13.8,14.47,16.01,15.58,16.38,18.29,17.68,18.79,2299,1223,62
2024,2024.04,2,Stadtkreise,90,Kreis 9,4,4 Zimmer,1,Gemeinnützig,2,Quadratmeter,2,brutto,17.24,16.91,17.58,15.09,14.81,15.45,17.02,16.67,17.36,18.81,18.29,19.53,2257,1265,57
2022,2022.04,2,Stadtkreise,90,Kreis 9,9,"2 , 3  und 4 Zimmer",1,Gemeinnützig,2,Quadratmeter,2,brutto,16.92,16.72,17.11,14.23,14.01,14.45,16.34,16.08,16.66,18.84,18.68,19.17,8014,4437,182
2024,2024.04,2,Stadtkreise,90,Kreis 9,9,"2 , 3  und 4 Zimmer",1,Gemeinnützig,2,Quadratmeter,2,brutto,18.05,17.85,18.26,15.39,15.23,15.65,17.36,17.13,17.66,20.1,19.8,20.38,7835,4582,154
2022,2022.04,2,Stadtkreise,90,Kreis 9,2,2 Zimmer,2,Nicht gemeinnützig,2,Quadratmeter,2,brutto,29.5,28.55,30.46,23.65,23.21,24.8,28.02,26.47,28.91,33.02,31.94,34.92,5315,824,81
2024,2024.04,2,Stadtkreise,90,Kreis 9,2,2 Zimmer,2,Nicht gemeinnützig,2,Quadratmeter,2,brutto,31.08,30.55,31.61,26.04,25.25,27.3,30.98,30.0,31.79,35.87,34.48,37.31,5440,1594,128
2022,2022.04,2,Stadtkreise,90,Kreis 9,3,3 Zimmer,2,Nicht gemeinnützig,2,Quadratmeter,2,brutto,24.76,24.14,25.39,20.26,19.22,21.91,24.25,23.53,25.0,28.46,27.14,30.19,6624,1012,97
2024,2024.04,2,Stadtkreise,90,Kreis 9,3,3 Zimmer,2,Nicht gemeinnützig,2,Quadratmeter,2,brutto,27.64,27.1,28.19,22.36,21.98,23.77,26.97,26.08,28.08,31.65,30.57,33.57,6831,1603,128
2022,2022.04,2,Stadtkreise,90,Kreis 9,4,4 Zimmer,2,Nicht gemeinnützig,2,Quadratmeter,2,brutto,23.98,23.11,24.85,19.8,18.79,20.87,23.62,22.42,25.41,28.12,26.44,29.32,3028,591,67
2024,2024.04,2,Stadtkreise,90,Kreis 9,4,4 Zimmer,2,Nicht gemeinnützig,2,Quadratmeter,2,brutto,25.56,24.95,26.17,21.12,20.25,22.14,23.76,23.15,24.86,29.47,27.43,29.96,3140,858,95
2022,2022.04,2,Stadtkreise,90,Kreis 9,9,"2 , 3  und 4 Zimmer",2,Nicht gemeinnützig,2,Quadratmeter,2,brutto,26.29,25.81,26.76,21.8,21.29,22.42,25.39,24.65,26.22,30.11,29.16,30.79,14967,2427,245
2024,2024.04,2,Stadtkreise,90,Kreis 9,9,"2 , 3  und 4 Zimmer",2,Nicht gemeinnützig,2,Quadratmeter,2,brutto,28.44,28.1,28.77,23.07,22.54,23.61,27.89,27.35,28.23,33.19,32.28,33.93,15411,4055,351
2022,2022.04,2,Stadtkreise,100,Kreis 10,2,2 Zimmer,1,Gemeinnützig,2,Quadratmeter,2,brutto,18.57,18.15,18.98,15.72,15.38,16.25,18.03,17.68,18.41,20.79,20.47,21.37,1215,804,50
2024,2024.04,2,Stadtkreise,100,Kreis 10,2,2 Zimmer,1,Gemeinnützig,2,Quadratmeter,2,brutto,20.03,19.7,20.35,17.4,16.95,17.78,19.32,19.01,19.78,22.76,22.0,23.15,1246,827,44
2022,2022.04,2,Stadtkreise,100,Kreis 10,3,3 Zimmer,1,Gemeinnützig,2,Quadratmeter,2,brutto,16.86,16.42,17.3,14.47,14.28,14.74,15.87,15.71,16.31,18.61,17.9,20.0,2128,1435,40
2024,2024.04,2,Stadtkreise,100,Kreis 10,3,3 Zimmer,1,Gemeinnützig,2,Quadratmeter,2,brutto,17.64,17.35,17.93,15.4,15.1,15.75,16.98,16.77,17.33,19.27,18.85,19.73,2098,1429,41
2022,2022.04,2,Stadtkreise,100,Kreis 10,4,4 Zimmer,1,Gemeinnützig,2,Quadratmeter,2,brutto,16.14,15.82,16.46,14.09,13.88,14.28,15.41,15.04,15.69,17.8,17.38,18.5,1340,872,55
2024,2024.04,2,Stadtkreise,100,Kreis 10,4,4 Zimmer,1,Gemeinnützig,2,Quadratmeter,2,brutto,17.23,16.87,17.59,14.9,14.67,15.32,16.66,16.39,17.09,18.87,18.52,19.4,1325,874,49
2022,2022.04,2,Stadtkreise,100,Kreis 10,9,"2 , 3  und 4 Zimmer",1,Gemeinnützig,2,Quadratmeter,2,brutto,17.1,16.85,17.34,14.47,14.35,14.65,16.21,15.92,16.58,19.01,18.63,19.61,4683,3111,145
2024,2024.04,2,Stadtkreise,100,Kreis 10,9,"2 , 3  und 4 Zimmer",1,Gemeinnützig,2,Quadratmeter,2,brutto,18.16,17.97,18.35,15.63,15.42,15.82,17.52,17.33,17.72,20.01,19.75,20.26,4669,3130,134
2022,2022.04,2,Stadtkreise,100,Kreis 10,2,2 Zimmer,2,Nicht gemeinnützig,2,Quadratmeter,2,brutto,31.16,29.27,33.05,26.0,24.5,27.68,29.98,28.79,30.65,33.41,31.99,37.35,2798,427,72
2024,2024.04,2,Stadtkreise,100,Kreis 10,2,2 Zimmer,2,Nicht gemeinnützig,2,Quadratmeter,2,brutto,30.68,29.75,31.6,25.33,24.64,26.94,30.18,28.91,30.6,34.94,32.39,36.52,2804,455,101
2022,2022.04,2,Stadtkreise,100,Kreis 10,3,3 Zimmer,2,Nicht gemeinnützig,2,Quadratmeter,2,brutto,25.71,24.53,26.9,21.76,20.23,22.97,24.78,23.98,25.78,29.6,27.5,30.93,4956,921,86
2024,2024.04,2,Stadtkreise,100,Kreis 10,3,3 Zimmer,2,Nicht gemeinnützig,2,Quadratmeter,2,brutto,26.91,26.08,27.74,21.87,21.13,23.62,26.21,25.31,27.79,30.99,29.3,31.48,4893,859,110
2022,2022.04,2,Stadtkreise,100,Kreis 10,4,4 Zimmer,2,Nicht gemeinnützig,2,Quadratmeter,2,brutto,25.18,24.36,26.01,20.85,19.22,21.49,24.33,22.87,25.79,28.86,27.83,30.37,2652,501,70
2024,2024.04,2,Stadtkreise,100,Kreis 10,4,4 Zimmer,2,Nicht gemeinnützig,2,Quadratmeter,2,brutto,25.08,24.33,25.83,21.11,20.07,21.95,24.78,23.58,25.48,28.83,27.97,29.92,2627,484,119
2022,2022.04,2,Stadtkreise,100,Kreis 10,9,"2 , 3  und 4 Zimmer",2,Nicht gemeinnützig,2,Quadratmeter,2,brutto,27.04,26.25,27.83,21.86,21.33,22.86,26.09,25.19,27.14,30.8,29.83,31.41,10406,1849,228
2024,2024.04,2,Stadtkreise,100,Kreis 10,9,"2 , 3  und 4 Zimmer",2,Nicht gemeinnützig,2,Quadratmeter,2,brutto,27.47,26.96,27.97,22.58,21.75,23.32,26.92,26.14,27.79,31.32,30.73,31.92,10324,1798,330
2022,2022.04,2,Stadtkreise,110,Kreis 11,2,2 Zimmer,1,Gemeinnützig,2,Quadratmeter,2,brutto,17.97,17.72,18.23,15.33,15.04,15.64,17.63,17.13,17.85,19.62,19.32,20.0,1540,1010,80
2024,2024.04,2,Stadtkreise,110,Kreis 11,2,2 Zimmer,1,Gemeinnützig,2,Quadratmeter,2,brutto,19.49,19.06,19.91,16.3,15.85,17.08,18.91,18.58,19.31,21.61,21.33,21.96,1662,1084,61
2022,2022.04,2,Stadtkreise,110,Kreis 11,3,3 Zimmer,1,Gemeinnützig,2,Quadratmeter,2,brutto,16.92,16.68,17.15,14.74,14.59,14.93,15.97,15.85,16.16,18.85,18.7,18.98,3159,2223,90
2024,2024.04,2,Stadtkreise,110,Kreis 11,3,3 Zimmer,1,Gemeinnützig,2,Quadratmeter,2,brutto,18.18,17.95,18.4,15.68,15.49,15.79,17.26,17.0,17.52,20.03,19.75,20.51,3235,2322,92
2022,2022.04,2,Stadtkreise,110,Kreis 11,4,4 Zimmer,1,Gemeinnützig,2,Quadratmeter,2,brutto,15.55,15.35,15.75,13.92,13.74,14.03,15.12,14.97,15.27,16.61,16.33,16.88,2768,1853,103
2024,2024.04,2,Stadtkreise,110,Kreis 11,4,4 Zimmer,1,Gemeinnützig,2,Quadratmeter,2,brutto,16.93,16.72,17.13,14.96,14.77,15.06,16.24,16.12,16.41,18.52,18.31,18.82,2766,1886,94
2022,2022.04,2,Stadtkreise,110,Kreis 11,9,"2 , 3  und 4 Zimmer",1,Gemeinnützig,2,Quadratmeter,2,brutto,16.63,16.49,16.76,14.38,14.31,14.48,15.84,15.73,15.93,18.47,18.19,18.7,7467,5086,273
2024,2024.04,2,Stadtkreise,110,Kreis 11,9,"2 , 3  und 4 Zimmer",1,Gemeinnützig,2,Quadratmeter,2,brutto,18.01,17.86,18.16,15.48,15.38,15.62,17.24,17.07,17.44,19.92,19.7,20.22,7663,5292,247
2022,2022.04,2,Stadtkreise,110,Kreis 11,2,2 Zimmer,2,Nicht gemeinnützig,2,Quadratmeter,2,brutto,28.23,27.55,28.92,23.45,22.76,24.91,27.88,26.86,28.71,31.1,30.39,31.72,5662,1184,123
2024,2024.04,2,Stadtkreise,110,Kreis 11,2,2 Zimmer,2,Nicht gemeinnützig,2,Quadratmeter,2,brutto,29.83,29.25,30.42,24.08,23.54,25.14,29.39,28.24,30.22,34.83,33.73,35.84,5698,1195,179
2022,2022.04,2,Stadtkreise,110,Kreis 11,3,3 Zimmer,2,Nicht gemeinnützig,2,Quadratmeter,2,brutto,24.75,24.21,25.28,21.68,20.46,22.29,24.6,23.85,25.25,27.57,26.98,28.55,8790,1802,139
2024,2024.04,2,Stadtkreise,110,Kreis 11,3,3 Zimmer,2,Nicht gemeinnützig,2,Quadratmeter,2,brutto,26.01,25.49,26.53,22.17,21.66,22.92,25.91,25.25,26.71,29.91,29.12,30.54,8502,1739,202
2022,2022.04,2,Stadtkreise,110,Kreis 11,4,4 Zimmer,2,Nicht gemeinnützig,2,Quadratmeter,2,brutto,22.02,21.42,22.61,18.79,18.07,19.31,21.5,20.7,22.52,24.8,24.03,25.28,4742,1214,124
2024,2024.04,2,Stadtkreise,110,Kreis 11,4,4 Zimmer,2,Nicht gemeinnützig,2,Quadratmeter,2,brutto,24.21,23.64,24.78,20.31,19.92,20.93,24.05,22.81,24.78,27.0,26.43,27.78,4555,1075,154
2022,2022.04,2,Stadtkreise,110,Kreis 11,9,"2 , 3  und 4 Zimmer",2,Nicht gemeinnützig,2,Quadratmeter,2,brutto,25.1,24.75,25.45,20.88,20.39,21.6,24.58,24.07,25.05,28.44,27.96,29.08,19194,4200,386
2024,2024.04,2,Stadtkreise,110,Kreis 11,9,"2 , 3  und 4 Zimmer",2,Nicht gemeinnützig,2,Quadratmeter,2,brutto,26.74,26.41,27.06,22.06,21.68,22.4,26.04,25.71,26.52,30.79,30.22,31.43,18755,4009,535
2022,2022.04,2,Stadtkreise,120,Kreis 12,2,2 Zimmer,1,Gemeinnützig,2,Quadratmeter,2,brutto,17.57,17.26,17.89,14.49,14.25,14.79,17.06,16.61,17.41,19.83,19.55,20.15,1355,961,54
2024,2024.04,2,Stadtkreise,120,Kreis 12,2,2 Zimmer,1,Gemeinnützig,2,Quadratmeter,2,brutto,18.14,17.95,18.32,15.73,15.42,15.96,18.15,17.88,18.6,20.31,20.06,20.66,1396,954,49
2022,2022.04,2,Stadtkreise,120,Kreis 12,3,3 Zimmer,1,Gemeinnützig,2,Quadratmeter,2,brutto,15.53,15.38,15.67,12.74,12.74,13.06,14.85,14.61,15.08,18.05,17.79,18.2,2932,2026,88
2024,2024.04,2,Stadtkreise,120,Kreis 12,3,3 Zimmer,1,Gemeinnützig,2,Quadratmeter,2,brutto,16.53,16.37,16.69,13.94,13.94,14.13,15.99,15.69,16.33,18.74,18.64,19.01,3035,2010,88
2022,2022.04,2,Stadtkreise,120,Kreis 12,4,4 Zimmer,1,Gemeinnützig,2,Quadratmeter,2,brutto,15.09,14.88,15.29,12.75,12.01,13.19,15.0,14.77,15.31,17.65,17.33,17.78,2104,1306,73
2024,2024.04,2,Stadtkreise,120,Kreis 12,4,4 Zimmer,1,Gemeinnützig,2,Quadratmeter,2,brutto,16.05,15.76,16.33,14.24,13.52,14.73,15.87,15.55,16.34,17.94,17.53,18.64,2158,1254,72
2022,2022.04,2,Stadtkreise,120,Kreis 12,9,"2 , 3  und 4 Zimmer",1,Gemeinnützig,2,Quadratmeter,2,brutto,15.82,15.7,15.93,13.2,13.01,13.36,15.26,15.1,15.46,18.2,18.1,18.37,6391,4293,215
2024,2024.04,2,Stadtkreise,120,Kreis 12,9,"2 , 3  und 4 Zimmer",1,Gemeinnützig,2,Quadratmeter,2,brutto,16.71,16.58,16.84,14.35,14.19,14.56,16.44,16.21,16.59,18.97,18.8,19.16,6589,4218,209
2022,2022.04,2,Stadtkreise,120,Kreis 12,2,2 Zimmer,2,Nicht gemeinnützig,2,Quadratmeter,2,brutto,27.05,26.04,28.06,23.45,21.45,25.45,27.2,26.51,28.64,30.61,29.1,31.76,1713,426,65
2024,2024.04,2,Stadtkreise,120,Kreis 12,2,2 Zimmer,2,Nicht gemeinnützig,2,Quadratmeter,2,brutto,27.59,26.79,28.39,24.03,23.29,25.73,27.49,26.61,28.28,31.05,30.23,32.33,1626,387,107
2022,2022.04,2,Stadtkreise,120,Kreis 12,3,3 Zimmer,2,Nicht gemeinnützig,2,Quadratmeter,2,brutto,22.98,22.4,23.56,20.34,19.55,21.1,23.22,22.31,24.55,25.97,25.17,26.61,2933,582,94
2024,2024.04,2,Stadtkreise,120,Kreis 12,3,3 Zimmer,2,Nicht gemeinnützig,2,Quadratmeter,2,brutto,24.53,23.98,25.07,21.29,20.1,21.87,24.59,23.77,25.62,28.08,27.27,28.52,2752,511,132
2022,2022.04,2,Stadtkreise,120,Kreis 12,4,4 Zimmer,2,Nicht gemeinnützig,2,Quadratmeter,2,brutto,21.63,20.98,22.28,17.4,15.83,19.07,21.22,20.22,22.42,25.17,24.38,26.14,1107,274,72
2024,2024.04,2,Stadtkreise,120,Kreis 12,4,4 Zimmer,2,Nicht gemeinnützig,2,Quadratmeter,2,brutto,22.93,22.4,23.45,20.32,18.82,20.98,22.78,22.24,23.42,25.31,25.03,26.34,1000,260,110
2022,2022.04,2,Stadtkreise,120,Kreis 12,9,"2 , 3  und 4 Zimmer",2,Nicht gemeinnützig,2,Quadratmeter,2,brutto,23.93,23.49,24.37,20.39,19.77,20.83,24.21,23.29,24.77,27.29,26.61,27.75,5753,1282,231
2024,2024.04,2,Stadtkreise,120,Kreis 12,9,"2 , 3  und 4 Zimmer",2,Nicht gemeinnützig,2,Quadratmeter,2,brutto,25.16,24.77,25.54,21.66,21.13,21.99,25.26,24.58,25.75,28.41,28.04,29.2,5378,1158,349
2022,2022.04,4,Stadtquartiere,0,Ganze Stadt,2,2 Zimmer,1,Gemeinnützig,1,Wohnung,1,netto,925.0,917.0,933.0,706.0,700.0,716.0,868.0,862.0,880.0,1065.0,1057.0,1083.0,11106,7152,504
2024,2024.04,4,Stadtquartiere,0,Ganze Stadt,2,2 Zimmer,1,Gemeinnützig,1,Wohnung,1,netto,987.0,978.0,996.0,766.0,759.0,776.0,932.0,925.0,943.0,1139.0,1132.0,1156.0,11437,7430,461
2022,2022.04,4,Stadtquartiere,0,Ganze Stadt,3,3 Zimmer,1,Gemeinnützig,1,Wohnung,1,netto,1027.0,1018.0,1035.0,773.0,766.0,782.0,964.0,953.0,974.0,1198.0,1186.0,1211.0,22955,14593,605
2024,2024.04,4,Stadtquartiere,0,Ganze Stadt,3,3 Zimmer,1,Gemeinnützig,1,Wohnung,1,netto,1095.0,1089.0,1102.0,841.0,832.0,850.0,1022.0,1014.0,1035.0,1280.0,1269.0,1288.0,23071,15107,620
2022,2022.04,4,Stadtquartiere,0,Ganze Stadt,4,4 Zimmer,1,Gemeinnützig,1,Wohnung,1,netto,1342.0,1334.0,1350.0,1043.0,1030.0,1057.0,1295.0,1286.0,1312.0,1578.0,1565.0,1599.0,14925,9246,604
2024,2024.04,4,Stadtquartiere,0,Ganze Stadt,4,4 Zimmer,1,Gemeinnützig,1,Wohnung,1,netto,1441.0,1431.0,1452.0,1133.0,1120.0,1147.0,1403.0,1390.0,1418.0,1696.0,1682.0,1715.0,14957,9478,580
2022,2022.04,4,Stadtquartiere,0,Ganze Stadt,2,2 Zimmer,2,Nicht gemeinnützig,1,Wohnung,1,netto,1579.0,1560.0,1598.0,1225.0,1210.0,1245.0,1466.0,1450.0,1500.0,1858.0,1820.0,1900.0,35586,6336,1210
2024,2024.04,4,Stadtquartiere,0,Ganze Stadt,2,2 Zimmer,2,Nicht gemeinnützig,1,Wohnung,1,netto,1692.0,1678.0,1706.0,1300.0,1281.0,1325.0,1578.0,1559.0,1600.0,1992.0,1966.0,2022.0,35728,7237,1786
2022,2022.04,4,Stadtquartiere,0,Ganze Stadt,3,3 Zimmer,2,Nicht gemeinnützig,1,Wohnung,1,netto,1856.0,1833.0,1878.0,1392.0,1369.0,1410.0,1713.0,1691.0,1741.0,2206.0,2169.0,2245.0,51225,8700,1260
2024,2024.04,4,Stadtquartiere,0,Ganze Stadt,3,3 Zimmer,2,Nicht gemeinnützig,1,Wohnung,1,netto,2006.0,1989.0,2024.0,1492.0,1467.0,1516.0,1875.0,1850.0,1900.0,2400.0,2363.0,2437.0,50539,9132,1836
2022,2022.04,4,Stadtquartiere,0,Ganze Stadt,4,4 Zimmer,2,Nicht gemeinnützig,1,Wohnung,1,netto,2321.0,2291.0,2352.0,1714.0,1669.0,1754.0,2171.0,2128.0,2200.0,2750.0,2700.0,2820.0,25972,4545,1053
2024,2024.04,4,Stadtquartiere,0,Ganze Stadt,4,4 Zimmer,2,Nicht gemeinnützig,1,Wohnung,1,netto,2450.0,2424.0,2476.0,1798.0,1759.0,1837.0,2300.0,2272.0,2350.0,2948.0,2898.0,3010.0,25502,4670,1514
2022,2022.04,4,Stadtquartiere,19,Altstadt (Kreis 1),2,2 Zimmer,1,Gemeinnützig,1,Wohnung,1,netto,1056.0,1043.0,1069.0,722.0,709.0,748.0,950.0,934.0,957.0,1252.0,1231.0,1278.0,302,274,0
2024,2024.04,4,Stadtquartiere,19,Altstadt (Kreis 1),2,2 Zimmer,1,Gemeinnützig,1,Wohnung,1,netto,1116.0,1102.0,1131.0,767.0,752.0,784.0,1006.0,988.0,1018.0,1311.0,1297.0,1334.0,307,269,7
2022,2022.04,4,Stadtquartiere,19,Altstadt (Kreis 1),3,3 Zimmer,1,Gemeinnützig,1,Wohnung,1,netto,1390.0,1376.0,1404.0,983.0,969.0,1009.0,1283.0,1278.0,1295.0,1688.0,1639.0,1733.0,201,191,0
2024,2024.04,4,Stadtquartiere,19,Altstadt (Kreis 1),3,3 Zimmer,1,Gemeinnützig,1,Wohnung,1,netto,1602.0,1588.0,1616.0,1112.0,1098.0,1115.0,1382.0,1373.0,1390.0,1907.0,1859.0,1952.0,208,189,11
2022,2022.04,4,Stadtquartiere,19,Altstadt (Kreis 1),4,4 Zimmer,1,Gemeinnützig,1,Wohnung,1,netto,1603.0,1576.0,1629.0,1081.0,1037.0,1140.0,1436.0,1382.0,1495.0,1983.0,1935.0,2003.0,136,124,0
2024,2024.04,4,Stadtquartiere,19,Altstadt (Kreis 1),4,4 Zimmer,1,Gemeinnützig,1,Wohnung,1,netto,1814.0,1780.0,1848.0,1276.0,1263.0,1289.0,1713.0,1677.0,1731.0,2143.0,2115.0,2168.0,134,123,0
2022,2022.04,4,Stadtquartiere,19,Altstadt (Kreis 1),2,2 Zimmer,2,Nicht gemeinnützig,1,Wohnung,1,netto,2106.0,2002.0,2211.0,1718.0,1538.0,1861.0,2105.0,2000.0,2230.0,2518.0,2300.0,2620.0,774,81,99
2024,2024.04,4,Stadtquartiere,19,Altstadt (Kreis 1),2,2 Zimmer,2,Nicht gemeinnützig,1,Wohnung,1,netto,2195.0,2113.0,2277.0,1716.0,1616.0,1819.0,2102.0,2006.0,2192.0,2591.0,2437.0,2699.0,743,76,144
2022,2022.04,4,Stadtquartiere,19,Altstadt (Kreis 1),3,3 Zimmer,2,Nicht gemeinnützig,1,Wohnung,1,netto,2703.0,2584.0,2822.0,2052.0,1798.0,2195.0,2565.0,2380.0,2843.0,3300.0,3162.0,3606.0,635,69,97
2024,2024.04,4,Stadtquartiere,19,Altstadt (Kreis 1),3,3 Zimmer,2,Nicht gemeinnützig,1,Wohnung,1,netto,2944.0,2829.0,3059.0,2199.0,1975.0,2400.0,2813.0,2676.0,2880.0,3455.0,3300.0,3683.0,621,70,154
2022,2022.04,4,Stadtquartiere,19,Altstadt (Kreis 1),4,4 Zimmer,2,Nicht gemeinnützig,1,Wohnung,1,netto,3237.0,3066.0,3409.0,2400.0,1960.0,2735.0,3329.0,2963.0,3514.0,3881.0,3668.0,4100.0,323,27,69
2024,2024.04,4,Stadtquartiere,19,Altstadt (Kreis 1),4,4 Zimmer,2,Nicht gemeinnützig,1,Wohnung,1,netto,3505.0,3309.0,3700.0,2288.0,1785.0,2556.0,3445.0,3180.0,3749.0,4571.0,4037.0,4778.0,316,25,91
2022,2022.04,4,Stadtquartiere,21,Wollishofen,2,2 Zimmer,1,Gemeinnützig,1,Wohnung,1,netto,827.0,793.0,861.0,640.0,625.0,700.0,831.0,732.0,882.0,993.0,926.0,1057.0,641,295,21
2024,2024.04,4,Stadtquartiere,21,Wollishofen,2,2 Zimmer,1,Gemeinnützig,1,Wohnung,1,netto,985.0,955.0,1014.0,746.0,713.0,852.0,954.0,910.0,996.0,1170.0,1120.0,1249.0,673,346,22
2022,2022.04,4,Stadtquartiere,21,Wollishofen,3,3 Zimmer,1,Gemeinnützig,1,Wohnung,1,netto,999.0,929.0,1068.0,769.0,740.0,790.0,921.0,886.0,1001.0,1113.0,1089.0,1153.0,1171,500,35
2024,2024.04,4,Stadtquartiere,21,Wollishofen,3,3 Zimmer,1,Gemeinnützig,1,Wohnung,1,netto,1132.0,1097.0,1167.0,874.0,843.0,929.0,1087.0,1053.0,1128.0,1341.0,1313.0,1405.0,1201,556,32
2022,2022.04,4,Stadtquartiere,21,Wollishofen,4,4 Zimmer,1,Gemeinnützig,1,Wohnung,1,netto,1325.0,1293.0,1356.0,991.0,899.0,1108.0,1222.0,1181.0,1420.0,1647.0,1539.0,1710.0,844,368,25
2024,2024.04,4,Stadtquartiere,21,Wollishofen,4,4 Zimmer,1,Gemeinnützig,1,Wohnung,1,netto,1447.0,1390.0,1503.0,1143.0,950.0,1230.0,1306.0,1297.0,1540.0,1740.0,1696.0,1866.0,832,425,20
2022,2022.04,4,Stadtquartiere,21,Wollishofen,2,2 Zimmer,2,Nicht gemeinnützig,1,Wohnung,1,netto,1542.0,1480.0,1605.0,1262.0,1149.0,1364.0,1500.0,1442.0,1615.0,1860.0,1790.0,1924.0,1552,290,54
2024,2024.04,4,Stadtquartiere,21,Wollishofen,2,2 Zimmer,2,Nicht gemeinnützig,1,Wohnung,1,netto,1806.0,1735.0,1877.0,1400.0,1328.0,1473.0,1715.0,1603.0,1814.0,2115.0,1980.0,2200.0,1646,303,82
2022,2022.04,4,Stadtquartiere,21,Wollishofen,3,3 Zimmer,2,Nicht gemeinnützig,1,Wohnung,1,netto,2036.0,1917.0,2155.0,1537.0,1424.0,1701.0,1925.0,1808.0,2075.0,2493.0,2162.0,2650.0,2174,515,44
2024,2024.04,4,Stadtquartiere,21,Wollishofen,3,3 Zimmer,2,Nicht gemeinnützig,1,Wohnung,1,netto,2095.0,2019.0,2171.0,1638.0,1534.0,1738.0,2017.0,1960.0,2115.0,2420.0,2317.0,2560.0,2271,509,68
2022,2022.04,4,Stadtquartiere,21,Wollishofen,4,4 Zimmer,2,Nicht gemeinnützig,1,Wohnung,1,netto,2504.0,2329.0,2680.0,1709.0,1501.0,1972.0,2303.0,2044.0,2507.0,2959.0,2875.0,3243.0,1133,230,46
2024,2024.04,4,Stadtquartiere,21,Wollishofen,4,4 Zimmer,2,Nicht gemeinnützig,1,Wohnung,1,netto,2562.0,2426.0,2698.0,1961.0,1812.0,2153.0,2390.0,2256.0,2500.0,2957.0,2733.0,3135.0,1167,245,62
2022,2022.04,4,Stadtquartiere,23,Leimbach,2,2 Zimmer,1,Gemeinnützig,1,Wohnung,1,netto,1223.0,1177.0,1269.0,928.0,923.0,968.0,1190.0,1164.0,1215.0,1424.0,1410.0,1462.0,272,227,12
2024,2024.04,4,Stadtquartiere,23,Leimbach,2,2 Zimmer,1,Gemeinnützig,1,Wohnung,1,netto,1245.0,1238.0,1252.0,983.0,968.0,999.0,1194.0,1179.0,1211.0,1495.0,1486.0,1495.0,267,232,12
2022,2022.04,4,Stadtquartiere,23,Leimbach,3,3 Zimmer,1,Gemeinnützig,1,Wohnung,1,netto,1405.0,1368.0,1442.0,1027.0,1006.0,1050.0,1191.0,1170.0,1307.0,1851.0,1752.0,1870.0,376,325,8
2024,2024.04,4,Stadtquartiere,23,Leimbach,3,3 Zimmer,1,Gemeinnützig,1,Wohnung,1,netto,1456.0,1449.0,1464.0,1119.0,1100.0,1123.0,1273.0,1272.0,1287.0,1844.0,1840.0,1852.0,363,323,18
2022,2022.04,4,Stadtquartiere,23,Leimbach,4,4 Zimmer,1,Gemeinnützig,1,Wohnung,1,netto,1492.0,1448.0,1537.0,1180.0,1146.0,1257.0,1327.0,1317.0,1470.0,1786.0,1716.0,1889.0,505,369,7
2024,2024.04,4,Stadtquartiere,23,Leimbach,4,4 Zimmer,1,Gemeinnützig,1,Wohnung,1,netto,1633.0,1614.0,1652.0,1367.0,1360.0,1418.0,1511.0,1511.0,1519.0,1802.0,1789.0,1872.0,487,375,23
2022,2022.04,4,Stadtquartiere,23,Leimbach,2,2 Zimmer,2,Nicht gemeinnützig,1,Wohnung,1,netto,1502.0,1326.0,1679.0,979.0,766.0,1430.0,1301.0,1252.0,1842.0,1772.0,1338.0,2608.0,246,15,11
2024,2024.04,4,Stadtquartiere,23,Leimbach,2,2 Zimmer,2,Nicht gemeinnützig,1,Wohnung,1,netto,1462.0,1385.0,1539.0,1199.0,1077.0,1261.0,1271.0,1224.0,1396.0,1459.0,1357.0,1671.0,251,15,19
2022,2022.04,4,Stadtquartiere,23,Leimbach,3,3 Zimmer,2,Nicht gemeinnützig,1,Wohnung,1,netto,1569.0,1472.0,1667.0,1313.0,1145.0,1378.0,1393.0,1359.0,1500.0,1647.0,1494.0,1907.0,336,41,17
2024,2024.04,4,Stadtquartiere,23,Leimbach,3,3 Zimmer,2,Nicht gemeinnützig,1,Wohnung,1,netto,1719.0,1623.0,1816.0,1356.0,1129.0,1458.0,1589.0,1462.0,1770.0,1961.0,1816.0,2059.0,323,44,35
2022,2022.04,4,Stadtquartiere,23,Leimbach,4,4 Zimmer,2,Nicht gemeinnützig,1,Wohnung,1,netto,2040.0,1915.0,2165.0,1668.0,1551.0,1767.0,1936.0,1826.0,2025.0,2296.0,2038.0,2762.0,208,30,28
2024,2024.04,4,Stadtquartiere,23,Leimbach,4,4 Zimmer,2,Nicht gemeinnützig,1,Wohnung,1,netto,2073.0,1971.0,2175.0,1721.0,1651.0,1858.0,2037.0,1913.0,2121.0,2287.0,2143.0,2508.0,218,32,40
2022,2022.04,4,Stadtquartiere,24,Enge,2,2 Zimmer,1,Gemeinnützig,1,Wohnung,1,netto,855.0,812.0,898.0,708.0,634.0,811.0,832.0,811.0,877.0,991.0,915.0,1048.0,58,13,20
2024,2024.04,4,Stadtquartiere,24,Enge,2,2 Zimmer,1,Gemeinnützig,1,Wohnung,1,netto,852.0,814.0,891.0,655.0,622.0,720.0,782.0,713.0,887.0,1022.0,909.0,1118.0,57,13,19
2022,2022.04,4,Stadtquartiere,24,Enge,3,3 Zimmer,1,Gemeinnützig,1,Wohnung,1,netto,967.0,928.0,1006.0,876.0,763.0,887.0,920.0,893.0,990.0,1128.0,972.0,1152.0,189,48,20
2024,2024.04,4,Stadtquartiere,24,Enge,3,3 Zimmer,1,Gemeinnützig,1,Wohnung,1,netto,991.0,919.0,1062.0,833.0,740.0,892.0,943.0,890.0,979.0,1094.0,978.0,1157.0,181,49,19
2022,2022.04,4,Stadtquartiere,24,Enge,4,4 Zimmer,1,Gemeinnützig,1,Wohnung,1,netto,1142.0,1109.0,1176.0,1005.0,979.0,1052.0,1106.0,1083.0,1152.0,1247.0,1168.0,1320.0,86,26,20
2024,2024.04,4,Stadtquartiere,24,Enge,4,4 Zimmer,1,Gemeinnützig,1,Wohnung,1,netto,1200.0,1151.0,1250.0,1036.0,986.0,1112.0,1126.0,1108.0,1143.0,1184.0,1152.0,1313.0,94,27,20
2022,2022.04,4,Stadtquartiere,24,Enge,2,2 Zimmer,2,Nicht gemeinnützig,1,Wohnung,1,netto,1900.0,1761.0,2039.0,1381.0,1190.0,1553.0,1800.0,1605.0,2034.0,2408.0,2248.0,2799.0,951,155,36
2024,2024.04,4,Stadtquartiere,24,Enge,2,2 Zimmer,2,Nicht gemeinnützig,1,Wohnung,1,netto,2056.0,1909.0,2202.0,1420.0,1325.0,1536.0,1872.0,1559.0,2089.0,2435.0,2178.0,2738.0,962,150,52
2022,2022.04,4,Stadtquartiere,24,Enge,3,3 Zimmer,2,Nicht gemeinnützig,1,Wohnung,1,netto,2399.0,2223.0,2575.0,1450.0,1330.0,1765.0,2203.0,2074.0,2544.0,3260.0,2609.0,3537.0,1323,259,39
2024,2024.04,4,Stadtquartiere,24,Enge,3,3 Zimmer,2,Nicht gemeinnützig,1,Wohnung,1,netto,2549.0,2418.0,2681.0,1853.0,1674.0,2000.0,2523.0,2168.0,2755.0,3216.0,2990.0,3427.0,1323,278,52
2022,2022.04,4,Stadtquartiere,24,Enge,4,4 Zimmer,2,Nicht gemeinnützig,1,Wohnung,1,netto,2880.0,2670.0,3090.0,2230.0,1982.0,2405.0,2797.0,2424.0,3049.0,3400.0,3168.0,3647.0,944,201,38
2024,2024.04,4,Stadtquartiere,24,Enge,4,4 Zimmer,2,Nicht gemeinnützig,1,Wohnung,1,netto,3004.0,2824.0,3183.0,2239.0,1985.0,2410.0,2759.0,2595.0,2936.0,3562.0,3480.0,3860.0,952,209,60
2022,2022.04,4,Stadtquartiere,39,Wiedikon (Kreis 3),2,2 Zimmer,1,Gemeinnützig,1,Wohnung,1,netto,826.0,811.0,842.0,653.0,639.0,673.0,781.0,781.0,815.0,964.0,942.0,1005.0,1432,855,64
2024,2024.04,4,Stadtquartiere,39,Wiedikon (Kreis 3),2,2 Zimmer,1,Gemeinnützig,1,Wohnung,1,netto,858.0,826.0,891.0,709.0,684.0,728.0,821.0,784.0,849.0,980.0,931.0,1040.0,1442,866,66
2022,2022.04,4,Stadtquartiere,39,Wiedikon (Kreis 3),3,3 Zimmer,1,Gemeinnützig,1,Wohnung,1,netto,928.0,904.0,952.0,738.0,728.0,768.0,852.0,832.0,891.0,1025.0,995.0,1106.0,3050,1850,67
2024,2024.04,4,Stadtquartiere,39,Wiedikon (Kreis 3),3,3 Zimmer,1,Gemeinnützig,1,Wohnung,1,netto,971.0,948.0,994.0,773.0,764.0,808.0,914.0,871.0,946.0,1088.0,1025.0,1154.0,2990,1891,63
2022,2022.04,4,Stadtquartiere,39,Wiedikon (Kreis 3),4,4 Zimmer,1,Gemeinnützig,1,Wohnung,1,netto,1286.0,1267.0,1304.0,975.0,969.0,1014.0,1276.0,1250.0,1293.0,1562.0,1546.0,1635.0,1886,1175,84
2024,2024.04,4,Stadtquartiere,39,Wiedikon (Kreis 3),4,4 Zimmer,1,Gemeinnützig,1,Wohnung,1,netto,1357.0,1314.0,1399.0,1032.0,1002.0,1050.0,1293.0,1280.0,1331.0,1560.0,1506.0,1601.0,1871,1218,82
2022,2022.04,4,Stadtquartiere,39,Wiedikon (Kreis 3),2,2 Zimmer,2,Nicht gemeinnützig,1,Wohnung,1,netto,1478.0,1429.0,1527.0,1221.0,1173.0,1252.0,1401.0,1330.0,1444.0,1655.0,1566.0,1757.0,4921,850,122
2024,2024.04,4,Stadtquartiere,39,Wiedikon (Kreis 3),2,2 Zimmer,2,Nicht gemeinnützig,1,Wohnung,1,netto,1647.0,1604.0,1690.0,1330.0,1273.0,1380.0,1520.0,1500.0,1600.0,1847.0,1800.0,1941.0,4912,863,187
2022,2022.04,4,Stadtquartiere,39,Wiedikon (Kreis 3),3,3 Zimmer,2,Nicht gemeinnützig,1,Wohnung,1,netto,1789.0,1718.0,1860.0,1404.0,1347.0,1500.0,1710.0,1600.0,1788.0,2056.0,1944.0,2283.0,6901,920,110
2024,2024.04,4,Stadtquartiere,39,Wiedikon (Kreis 3),3,3 Zimmer,2,Nicht gemeinnützig,1,Wohnung,1,netto,1899.0,1842.0,1957.0,1459.0,1415.0,1547.0,1760.0,1712.0,1850.0,2262.0,2150.0,2477.0,6785,864,181
2022,2022.04,4,Stadtquartiere,39,Wiedikon (Kreis 3),4,4 Zimmer,2,Nicht gemeinnützig,1,Wohnung,1,netto,2286.0,2188.0,2385.0,1800.0,1750.0,1875.0,2169.0,2031.0,2254.0,2700.0,2504.0,2931.0,2300,269,102
2024,2024.04,4,Stadtquartiere,39,Wiedikon (Kreis 3),4,4 Zimmer,2,Nicht gemeinnützig,1,Wohnung,1,netto,2327.0,2239.0,2414.0,1726.0,1629.0,1804.0,2268.0,2145.0,2395.0,2817.0,2604.0,2965.0,2296,249,139
2022,2022.04,4,Stadtquartiere,49,Aussersihl (Kreis 4),2,2 Zimmer,1,Gemeinnützig,1,Wohnung,1,netto,963.0,945.0,981.0,743.0,705.0,780.0,893.0,891.0,905.0,1083.0,1074.0,1132.0,1218,858,55
2024,2024.04,4,Stadtquartiere,49,Aussersihl (Kreis 4),2,2 Zimmer,1,Gemeinnützig,1,Wohnung,1,netto,1031.0,1010.0,1053.0,808.0,774.0,834.0,936.0,933.0,959.0,1143.0,1136.0,1160.0,1213,898,47
2022,2022.04,4,Stadtquartiere,49,Aussersihl (Kreis 4),3,3 Zimmer,1,Gemeinnützig,1,Wohnung,1,netto,1000.0,967.0,1032.0,754.0,738.0,769.0,888.0,866.0,912.0,1138.0,1108.0,1169.0,2066,1512,50
2024,2024.04,4,Stadtquartiere,49,Aussersihl (Kreis 4),3,3 Zimmer,1,Gemeinnützig,1,Wohnung,1,netto,1059.0,1037.0,1081.0,835.0,819.0,861.0,980.0,962.0,997.0,1161.0,1145.0,1190.0,2116,1647,49
2022,2022.04,4,Stadtquartiere,49,Aussersihl (Kreis 4),4,4 Zimmer,1,Gemeinnützig,1,Wohnung,1,netto,1247.0,1210.0,1283.0,916.0,896.0,944.0,1120.0,1110.0,1141.0,1413.0,1353.0,1440.0,713,478,57
2024,2024.04,4,Stadtquartiere,49,Aussersihl (Kreis 4),4,4 Zimmer,1,Gemeinnützig,1,Wohnung,1,netto,1405.0,1363.0,1446.0,1021.0,998.0,1052.0,1214.0,1203.0,1233.0,1646.0,1552.0,1704.0,760,553,40
2022,2022.04,4,Stadtquartiere,49,Aussersihl (Kreis 4),2,2 Zimmer,2,Nicht gemeinnützig,1,Wohnung,1,netto,1647.0,1607.0,1687.0,1266.0,1214.0,1380.0,1600.0,1550.0,1677.0,1902.0,1830.0,1959.0,2857,507,158
2024,2024.04,4,Stadtquartiere,49,Aussersihl (Kreis 4),2,2 Zimmer,2,Nicht gemeinnützig,1,Wohnung,1,netto,1748.0,1702.0,1795.0,1287.0,1210.0,1350.0,1642.0,1567.0,1706.0,2045.0,1970.0,2170.0,2880,648,226
2022,2022.04,4,Stadtquartiere,49,Aussersihl (Kreis 4),3,3 Zimmer,2,Nicht gemeinnützig,1,Wohnung,1,netto,1880.0,1814.0,1946.0,1410.0,1264.0,1498.0,1713.0,1664.0,1800.0,2204.0,2119.0,2450.0,4073,631,120
2024,2024.04,4,Stadtquartiere,49,Aussersihl (Kreis 4),3,3 Zimmer,2,Nicht gemeinnützig,1,Wohnung,1,netto,2049.0,1996.0,2101.0,1542.0,1487.0,1606.0,1980.0,1887.0,2080.0,2426.0,2360.0,2498.0,4013,803,160
2022,2022.04,4,Stadtquartiere,49,Aussersihl (Kreis 4),4,4 Zimmer,2,Nicht gemeinnützig,1,Wohnung,1,netto,2277.0,2193.0,2360.0,1639.0,1543.0,1697.0,2138.0,1975.0,2236.0,2800.0,2595.0,2985.0,1483,184,82
2024,2024.04,4,Stadtquartiere,49,Aussersihl (Kreis 4),4,4 Zimmer,2,Nicht gemeinnützig,1,Wohnung,1,netto,2588.0,2489.0,2687.0,1820.0,1718.0,1930.0,2490.0,2288.0,2750.0,3200.0,3077.0,3346.0,1467,263,120
2022,2022.04,4,Stadtquartiere,59,Industriequartier (Kreis 5),2,2 Zimmer,1,Gemeinnützig,1,Wohnung,1,netto,804.0,794.0,815.0,663.0,663.0,667.0,740.0,724.0,755.0,938.0,876.0,951.0,340,263,16
2024,2024.04,4,Stadtquartiere,59,Industriequartier (Kreis 5),2,2 Zimmer,1,Gemeinnützig,1,Wohnung,1,netto,856.0,825.0,887.0,679.0,660.0,702.0,804.0,793.0,825.0,953.0,899.0,991.0,331,252,20
2022,2022.04,4,Stadtquartiere,59,Industriequartier (Kreis 5),3,3 Zimmer,1,Gemeinnützig,1,Wohnung,1,netto,895.0,876.0,913.0,717.0,695.0,742.0,800.0,788.0,837.0,990.0,925.0,1079.0,917,631,19
2024,2024.04,4,Stadtquartiere,59,Industriequartier (Kreis 5),3,3 Zimmer,1,Gemeinnützig,1,Wohnung,1,netto,969.0,954.0,984.0,795.0,785.0,799.0,934.0,899.0,955.0,1038.0,1007.0,1183.0,924,643,20
2022,2022.04,4,Stadtquartiere,59,Industriequartier (Kreis 5),4,4 Zimmer,1,Gemeinnützig,1,Wohnung,1,netto,1223.0,1200.0,1245.0,914.0,878.0,945.0,1191.0,1131.0,1215.0,1548.0,1501.0,1583.0,423,294,22
2024,2024.04,4,Stadtquartiere,59,Industriequartier (Kreis 5),4,4 Zimmer,1,Gemeinnützig,1,Wohnung,1,netto,1320.0,1302.0,1338.0,1038.0,990.0,1055.0,1248.0,1197.0,1309.0,1614.0,1557.0,1690.0,407,279,19
2022,2022.04,4,Stadtquartiere,59,Industriequartier (Kreis 5),2,2 Zimmer,2,Nicht gemeinnützig,1,Wohnung,1,netto,1797.0,1731.0,1864.0,1360.0,1267.0,1450.0,1698.0,1600.0,1840.0,2098.0,1980.0,2299.0,1355,363,77
2024,2024.04,4,Stadtquartiere,59,Industriequartier (Kreis 5),2,2 Zimmer,2,Nicht gemeinnützig,1,Wohnung,1,netto,1841.0,1791.0,1891.0,1376.0,1330.0,1492.0,1778.0,1700.0,1890.0,2220.0,2128.0,2349.0,1317,343,94
2022,2022.04,4,Stadtquartiere,59,Industriequartier (Kreis 5),3,3 Zimmer,2,Nicht gemeinnützig,1,Wohnung,1,netto,2146.0,2036.0,2257.0,1650.0,1498.0,1720.0,1975.0,1789.0,2237.0,2559.0,2445.0,2755.0,1904,416,66
2024,2024.04,4,Stadtquartiere,59,Industriequartier (Kreis 5),3,3 Zimmer,2,Nicht gemeinnützig,1,Wohnung,1,netto,2270.0,2180.0,2361.0,1667.0,1540.0,1832.0,2206.0,2020.0,2431.0,2727.0,2644.0,2862.0,1819,408,85
2022,2022.04,4,Stadtquartiere,59,Industriequartier (Kreis 5),4,4 Zimmer,2,Nicht gemeinnützig,1,Wohnung,1,netto,2432.0,2299.0,2566.0,1662.0,1567.0,2123.0,2218.0,2129.0,2483.0,2880.0,2800.0,3200.0,965,189,46
2024,2024.04,4,Stadtquartiere,59,Industriequartier (Kreis 5),4,4 Zimmer,2,Nicht gemeinnützig,1,Wohnung,1,netto,2591.0,2463.0,2718.0,1875.0,1648.0,2145.0,2403.0,2271.0,2611.0,3320.0,3080.0,3572.0,914,221,52
2022,2022.04,4,Stadtquartiere,61,Unterstrass,2,2 Zimmer,1,Gemeinnützig,1,Wohnung,1,netto,991.0,917.0,1066.0,704.0,680.0,792.0,809.0,773.0,870.0,1128.0,1022.0,1331.0,617,290,12
2024,2024.04,4,Stadtquartiere,61,Unterstrass,2,2 Zimmer,1,Gemeinnützig,1,Wohnung,1,netto,974.0,933.0,1016.0,749.0,723.0,809.0,925.0,862.0,941.0,1079.0,968.0,1264.0,671,342,20
2022,2022.04,4,Stadtquartiere,61,Unterstrass,3,3 Zimmer,1,Gemeinnützig,1,Wohnung,1,netto,979.0,961.0,997.0,804.0,771.0,822.0,973.0,936.0,991.0,1050.0,1009.0,1083.0,1705,946,23
2024,2024.04,4,Stadtquartiere,61,Unterstrass,3,3 Zimmer,1,Gemeinnützig,1,Wohnung,1,netto,1049.0,1034.0,1064.0,859.0,832.0,886.0,992.0,992.0,1058.0,1196.0,1148.0,1257.0,1770,1074,27
2022,2022.04,4,Stadtquartiere,61,Unterstrass,4,4 Zimmer,1,Gemeinnützig,1,Wohnung,1,netto,1357.0,1334.0,1379.0,1167.0,1127.0,1190.0,1275.0,1253.0,1317.0,1461.0,1406.0,1528.0,977,552,20
2024,2024.04,4,Stadtquartiere,61,Unterstrass,4,4 Zimmer,1,Gemeinnützig,1,Wohnung,1,netto,1461.0,1429.0,1492.0,1184.0,1170.0,1258.0,1378.0,1355.0,1402.0,1751.0,1713.0,1810.0,1005,593,22
2022,2022.04,4,Stadtquartiere,61,Unterstrass,2,2 Zimmer,2,Nicht gemeinnützig,1,Wohnung,1,netto,1504.0,1405.0,1602.0,1251.0,1210.0,1300.0,1421.0,1315.0,1526.0,1799.0,1617.0,2031.0,1710,278,40
2024,2024.04,4,Stadtquartiere,61,Unterstrass,2,2 Zimmer,2,Nicht gemeinnützig,1,Wohnung,1,netto,1673.0,1603.0,1742.0,1349.0,1227.0,1445.0,1587.0,1503.0,1760.0,2053.0,1926.0,2150.0,1675,303,60
2022,2022.04,4,Stadtquartiere,61,Unterstrass,3,3 Zimmer,2,Nicht gemeinnützig,1,Wohnung,1,netto,1908.0,1777.0,2040.0,1415.0,1347.0,1497.0,1900.0,1600.0,2167.0,2300.0,2169.0,2580.0,2508,378,43
2024,2024.04,4,Stadtquartiere,61,Unterstrass,3,3 Zimmer,2,Nicht gemeinnützig,1,Wohnung,1,netto,2041.0,1937.0,2145.0,1483.0,1342.0,1720.0,1915.0,1778.0,2174.0,2423.0,2307.0,2588.0,2432,380,61
2022,2022.04,4,Stadtquartiere,61,Unterstrass,4,4 Zimmer,2,Nicht gemeinnützig,1,Wohnung,1,netto,2419.0,2316.0,2521.0,1880.0,1806.0,2100.0,2441.0,2290.0,2600.0,2800.0,2700.0,3150.0,1465,262,51
2024,2024.04,4,Stadtquartiere,61,Unterstrass,4,4 Zimmer,2,Nicht gemeinnützig,1,Wohnung,1,netto,2585.0,2484.0,2686.0,2001.0,1911.0,2107.0,2528.0,2359.0,2726.0,3189.0,3011.0,3388.0,1422,262,75
2022,2022.04,4,Stadtquartiere,63,Oberstrass,2,2 Zimmer,1,Gemeinnützig,1,Wohnung,1,netto,1137.0,1118.0,1156.0,941.0,925.0,952.0,1039.0,1028.0,1043.0,1339.0,1145.0,1363.0,59,38,19
2024,2024.04,4,Stadtquartiere,63,Oberstrass,2,2 Zimmer,1,Gemeinnützig,1,Wohnung,1,netto,1166.0,1144.0,1188.0,970.0,969.0,980.0,1094.0,1081.0,1107.0,1372.0,1279.0,1411.0,60,38,19
2022,2022.04,4,Stadtquartiere,63,Oberstrass,3,3 Zimmer,1,Gemeinnützig,1,Wohnung,1,netto,1157.0,1133.0,1181.0,826.0,824.0,829.0,1120.0,1108.0,1135.0,1277.0,1256.0,1308.0,234,185,20
2024,2024.04,4,Stadtquartiere,63,Oberstrass,3,3 Zimmer,1,Gemeinnützig,1,Wohnung,1,netto,1201.0,1172.0,1230.0,830.0,828.0,834.0,1165.0,1154.0,1176.0,1335.0,1306.0,1354.0,235,187,20
2022,2022.04,4,Stadtquartiere,63,Oberstrass,4,4 Zimmer,1,Gemeinnützig,1,Wohnung,1,netto,1482.0,1469.0,1495.0,1265.0,1248.0,1265.0,1427.0,1424.0,1437.0,1601.0,1593.0,1610.0,179,153,17
2024,2024.04,4,Stadtquartiere,63,Oberstrass,4,4 Zimmer,1,Gemeinnützig,1,Wohnung,1,netto,1571.0,1556.0,1586.0,1317.0,1313.0,1324.0,1488.0,1485.0,1497.0,1701.0,1663.0,1717.0,183,159,19
2022,2022.04,4,Stadtquartiere,63,Oberstrass,2,2 Zimmer,2,Nicht gemeinnützig,1,Wohnung,1,netto,1679.0,1520.0,1837.0,1307.0,1147.0,1425.0,1581.0,1422.0,1658.0,1808.0,1662.0,2000.0,868,71,35
2024,2024.04,4,Stadtquartiere,63,Oberstrass,2,2 Zimmer,2,Nicht gemeinnützig,1,Wohnung,1,netto,1728.0,1632.0,1823.0,1353.0,1221.0,1500.0,1680.0,1583.0,1763.0,1999.0,1880.0,2229.0,869,81,57
2022,2022.04,4,Stadtquartiere,63,Oberstrass,3,3 Zimmer,2,Nicht gemeinnützig,1,Wohnung,1,netto,2190.0,2058.0,2322.0,1773.0,1545.0,1922.0,2173.0,1940.0,2405.0,2665.0,2425.0,2850.0,966,64,44
2024,2024.04,4,Stadtquartiere,63,Oberstrass,3,3 Zimmer,2,Nicht gemeinnützig,1,Wohnung,1,netto,2426.0,2273.0,2580.0,1930.0,1382.0,2062.0,2329.0,2211.0,2666.0,2901.0,2848.0,3244.0,937,71,56
2022,2022.04,4,Stadtquartiere,63,Oberstrass,4,4 Zimmer,2,Nicht gemeinnützig,1,Wohnung,1,netto,2567.0,2316.0,2817.0,1705.0,1182.0,2101.0,2466.0,2127.0,2689.0,3289.0,2711.0,3541.0,888,48,42
2024,2024.04,4,Stadtquartiere,63,Oberstrass,4,4 Zimmer,2,Nicht gemeinnützig,1,Wohnung,1,netto,2770.0,2615.0,2925.0,2042.0,1797.0,2233.0,2800.0,2470.0,3048.0,3496.0,3150.0,3757.0,868,39,58
2022,2022.04,4,Stadtquartiere,71,Fluntern,2,2 Zimmer,1,Gemeinnützig,1,Wohnung,1,netto,1096.0,1096.0,1096.0,990.0,999.0,999.0,1038.0,1038.0,1038.0,1191.0,1191.0,1191.0,48,48,0
2024,2024.04,4,Stadtquartiere,71,Fluntern,2,2 Zimmer,1,Gemeinnützig,1,Wohnung,1,netto,1196.0,1184.0,1209.0,1027.0,1027.0,1028.0,1060.0,1060.0,1061.0,1167.0,1167.0,1171.0,53,52,0
2022,2022.04,4,Stadtquartiere,71,Fluntern,3,3 Zimmer,1,Gemeinnützig,1,Wohnung,1,netto,1288.0,1266.0,1310.0,1157.0,1145.0,1166.0,1271.0,1262.0,1275.0,1431.0,1388.0,1438.0,75,61,12
2024,2024.04,4,Stadtquartiere,71,Fluntern,3,3 Zimmer,1,Gemeinnützig,1,Wohnung,1,netto,1522.0,1500.0,1544.0,1266.0,1262.0,1276.0,1306.0,1306.0,1325.0,1456.0,1445.0,1462.0,81,78,0
2022,2022.04,4,Stadtquartiere,71,Fluntern,4,4 Zimmer,1,Gemeinnützig,1,Wohnung,1,netto,1331.0,1323.0,1339.0,1054.0,1032.0,1065.0,1428.0,1428.0,1429.0,1516.0,1515.0,1518.0,51,49,0
2024,2024.04,4,Stadtquartiere,71,Fluntern,4,4 Zimmer,1,Gemeinnützig,1,Wohnung,1,netto,1642.0,1619.0,1665.0,1488.0,1473.0,1503.0,1544.0,1544.0,1546.0,1607.0,1572.0,1620.0,51,50,0
2022,2022.04,4,Stadtquartiere,71,Fluntern,2,2 Zimmer,2,Nicht gemeinnützig,1,Wohnung,1,netto,1793.0,1663.0,1923.0,1339.0,1253.0,1469.0,1755.0,1415.0,1906.0,2113.0,1903.0,2381.0,520,65,34
2024,2024.04,4,Stadtquartiere,71,Fluntern,2,2 Zimmer,2,Nicht gemeinnützig,1,Wohnung,1,netto,1955.0,1851.0,2059.0,1467.0,1379.0,1606.0,1990.0,1635.0,2268.0,2424.0,2301.0,2589.0,507,51,44
2022,2022.04,4,Stadtquartiere,71,Fluntern,3,3 Zimmer,2,Nicht gemeinnützig,1,Wohnung,1,netto,2680.0,2536.0,2824.0,1980.0,1800.0,2277.0,2608.0,2399.0,2849.0,3250.0,3148.0,3655.0,695,121,39
2024,2024.04,4,Stadtquartiere,71,Fluntern,3,3 Zimmer,2,Nicht gemeinnützig,1,Wohnung,1,netto,2786.0,2641.0,2932.0,1993.0,1594.0,2133.0,2719.0,2450.0,2814.0,3483.0,3228.0,3794.0,667,108,58
2022,2022.04,4,Stadtquartiere,71,Fluntern,4,4 Zimmer,2,Nicht gemeinnützig,1,Wohnung,1,netto,2922.0,2717.0,3128.0,2234.0,1957.0,2481.0,2932.0,2483.0,3061.0,3509.0,3072.0,4038.0,693,100,35
2024,2024.04,4,Stadtquartiere,71,Fluntern,4,4 Zimmer,2,Nicht gemeinnützig,1,Wohnung,1,netto,3084.0,2944.0,3225.0,2367.0,2270.0,2625.0,2937.0,2819.0,3230.0,3620.0,3240.0,3829.0,663,89,54
2022,2022.04,4,Stadtquartiere,72,Hottingen,2,2 Zimmer,1,Gemeinnützig,1,Wohnung,1,netto,1264.0,1247.0,1281.0,1130.0,1052.0,1171.0,1343.0,1316.0,1354.0,1435.0,1413.0,1440.0,122,91,18
2024,2024.04,4,Stadtquartiere,72,Hottingen,2,2 Zimmer,1,Gemeinnützig,1,Wohnung,1,netto,1363.0,1339.0,1387.0,1230.0,1217.0,1247.0,1366.0,1362.0,1373.0,1463.0,1456.0,1485.0,125,92,20
2022,2022.04,4,Stadtquartiere,72,Hottingen,3,3 Zimmer,1,Gemeinnützig,1,Wohnung,1,netto,1606.0,1575.0,1638.0,1228.0,1205.0,1256.0,1388.0,1375.0,1397.0,1710.0,1617.0,1965.0,132,90,28
2024,2024.04,4,Stadtquartiere,72,Hottingen,3,3 Zimmer,1,Gemeinnützig,1,Wohnung,1,netto,1802.0,1771.0,1833.0,1320.0,1316.0,1328.0,1457.0,1442.0,1468.0,2301.0,2102.0,2409.0,133,96,26
2022,2022.04,4,Stadtquartiere,72,Hottingen,4,4 Zimmer,1,Gemeinnützig,1,Wohnung,1,netto,1992.0,1934.0,2049.0,1338.0,1320.0,1379.0,1635.0,1603.0,1646.0,2230.0,2149.0,2357.0,123,91,23
2024,2024.04,4,Stadtquartiere,72,Hottingen,4,4 Zimmer,1,Gemeinnützig,1,Wohnung,1,netto,2155.0,2086.0,2224.0,1464.0,1434.0,1495.0,1848.0,1699.0,1892.0,2620.0,2225.0,3008.0,121,87,20
2022,2022.04,4,Stadtquartiere,72,Hottingen,2,2 Zimmer,2,Nicht gemeinnützig,1,Wohnung,1,netto,1700.0,1588.0,1813.0,1285.0,1164.0,1534.0,1817.0,1559.0,1945.0,2010.0,1900.0,2162.0,865,89,37
2024,2024.04,4,Stadtquartiere,72,Hottingen,2,2 Zimmer,2,Nicht gemeinnützig,1,Wohnung,1,netto,1949.0,1868.0,2031.0,1500.0,1400.0,1711.0,1954.0,1762.0,2144.0,2363.0,2199.0,2408.0,864,85,51
2022,2022.04,4,Stadtquartiere,72,Hottingen,3,3 Zimmer,2,Nicht gemeinnützig,1,Wohnung,1,netto,2247.0,2054.0,2439.0,1811.0,1647.0,2023.0,2216.0,2020.0,2400.0,2559.0,2362.0,2650.0,1169,108,41
2024,2024.04,4,Stadtquartiere,72,Hottingen,3,3 Zimmer,2,Nicht gemeinnützig,1,Wohnung,1,netto,2407.0,2302.0,2512.0,2000.0,1884.0,2112.0,2445.0,2225.0,2588.0,2774.0,2619.0,2901.0,1160,102,60
2022,2022.04,4,Stadtquartiere,72,Hottingen,4,4 Zimmer,2,Nicht gemeinnützig,1,Wohnung,1,netto,2810.0,2578.0,3042.0,2078.0,1826.0,2395.0,2919.0,2391.0,3000.0,3133.0,3007.0,3832.0,971,54,42
2024,2024.04,4,Stadtquartiere,72,Hottingen,4,4 Zimmer,2,Nicht gemeinnützig,1,Wohnung,1,netto,2855.0,2682.0,3029.0,2271.0,2205.0,2546.0,2850.0,2531.0,2987.0,3258.0,3058.0,3509.0,936,49,49
2022,2022.04,4,Stadtquartiere,73,Hirslanden,2,2 Zimmer,1,Gemeinnützig,1,Wohnung,1,netto,900.0,873.0,928.0,769.0,743.0,852.0,859.0,835.0,948.0,1023.0,951.0,1089.0,78,30,10
2024,2024.04,4,Stadtquartiere,73,Hirslanden,2,2 Zimmer,1,Gemeinnützig,1,Wohnung,1,netto,936.0,900.0,972.0,769.0,752.0,863.0,871.0,855.0,989.0,1059.0,989.0,1172.0,81,30,11
2022,2022.04,4,Stadtquartiere,73,Hirslanden,3,3 Zimmer,1,Gemeinnützig,1,Wohnung,1,netto,1034.0,1002.0,1067.0,889.0,884.0,965.0,972.0,922.0,1020.0,1075.0,1046.0,1135.0,221,72,12
2024,2024.04,4,Stadtquartiere,73,Hirslanden,3,3 Zimmer,1,Gemeinnützig,1,Wohnung,1,netto,1084.0,1066.0,1103.0,915.0,885.0,981.0,981.0,924.0,1055.0,1146.0,1114.0,1160.0,235,79,11
2022,2022.04,4,Stadtquartiere,73,Hirslanden,4,4 Zimmer,1,Gemeinnützig,1,Wohnung,1,netto,1177.0,1134.0,1219.0,1025.0,872.0,1070.0,1094.0,1093.0,1136.0,1321.0,1244.0,1391.0,89,33,15
2024,2024.04,4,Stadtquartiere,73,Hirslanden,4,4 Zimmer,1,Gemeinnützig,1,Wohnung,1,netto,1261.0,1237.0,1285.0,1071.0,994.0,1102.0,1138.0,1127.0,1189.0,1418.0,1314.0,1463.0,100,43,12
2022,2022.04,4,Stadtquartiere,73,Hirslanden,2,2 Zimmer,2,Nicht gemeinnützig,1,Wohnung,1,netto,1698.0,1590.0,1806.0,1351.0,1110.0,1519.0,1600.0,1548.0,1700.0,2122.0,1620.0,2339.0,588,84,34
2024,2024.04,4,Stadtquartiere,73,Hirslanden,2,2 Zimmer,2,Nicht gemeinnützig,1,Wohnung,1,netto,1929.0,1822.0,2037.0,1500.0,1355.0,1620.0,1915.0,1790.0,2025.0,2314.0,2216.0,2491.0,642,102,47
2022,2022.04,4,Stadtquartiere,73,Hirslanden,3,3 Zimmer,2,Nicht gemeinnützig,1,Wohnung,1,netto,1893.0,1770.0,2015.0,1540.0,1432.0,1705.0,1888.0,1701.0,2039.0,2227.0,2045.0,2381.0,1043,115,40
2024,2024.04,4,Stadtquartiere,73,Hirslanden,3,3 Zimmer,2,Nicht gemeinnützig,1,Wohnung,1,netto,2108.0,1980.0,2235.0,1584.0,1390.0,1795.0,2052.0,1960.0,2250.0,2557.0,2301.0,2750.0,1062,118,62
2022,2022.04,4,Stadtquartiere,73,Hirslanden,4,4 Zimmer,2,Nicht gemeinnützig,1,Wohnung,1,netto,2277.0,1975.0,2580.0,1375.0,1200.0,1897.0,2071.0,1798.0,2520.0,2801.0,2358.0,3305.0,674,46,26
2024,2024.04,4,Stadtquartiere,73,Hirslanden,4,4 Zimmer,2,Nicht gemeinnützig,1,Wohnung,1,netto,2372.0,2193.0,2550.0,1870.0,1525.0,2097.0,2278.0,2109.0,2567.0,2949.0,2615.0,3109.0,647,36,55
2022,2022.04,4,Stadtquartiere,74,Witikon,2,2 Zimmer,1,Gemeinnützig,1,Wohnung,1,netto,985.0,952.0,1018.0,719.0,725.0,725.0,982.0,857.0,1034.0,1163.0,1114.0,1208.0,54,22,20
2024,2024.04,4,Stadtquartiere,74,Witikon,2,2 Zimmer,1,Gemeinnützig,1,Wohnung,1,netto,1178.0,980.0,1375.0,754.0,1041.0,1200.0,1150.0,972.0,1287.0,1289.0,1259.0,1497.0,99,24,5
2022,2022.04,4,Stadtquartiere,74,Witikon,3,3 Zimmer,1,Gemeinnützig,1,Wohnung,1,netto,1226.0,1209.0,1243.0,987.0,987.0,1009.0,1197.0,1188.0,1239.0,1400.0,1362.0,1421.0,88,59,20
2024,2024.04,4,Stadtquartiere,74,Witikon,3,3 Zimmer,1,Gemeinnützig,1,Wohnung,1,netto,1290.0,1233.0,1347.0,1003.0,923.0,1021.0,1299.0,1114.0,1335.0,1493.0,1407.0,1683.0,103,53,17
2022,2022.04,4,Stadtquartiere,74,Witikon,4,4 Zimmer,1,Gemeinnützig,1,Wohnung,1,netto,1409.0,1387.0,1432.0,1206.0,1182.0,1222.0,1281.0,1244.0,1390.0,1618.0,1555.0,1665.0,158,69,20
2024,2024.04,4,Stadtquartiere,74,Witikon,4,4 Zimmer,1,Gemeinnützig,1,Wohnung,1,netto,1434.0,1394.0,1475.0,1202.0,1181.0,1215.0,1286.0,1217.0,1480.0,1723.0,1592.0,1841.0,160,65,17
2022,2022.04,4,Stadtquartiere,74,Witikon,2,2 Zimmer,2,Nicht gemeinnützig,1,Wohnung,1,netto,1376.0,1292.0,1459.0,1110.0,836.0,1285.0,1390.0,1302.0,1465.0,1658.0,1519.0,1700.0,678,156,33
2024,2024.04,4,Stadtquartiere,74,Witikon,2,2 Zimmer,2,Nicht gemeinnützig,1,Wohnung,1,netto,1551.0,1476.0,1626.0,1259.0,1183.0,1397.0,1483.0,1434.0,1550.0,1749.0,1638.0,1895.0,700,156,44
2022,2022.04,4,Stadtquartiere,74,Witikon,3,3 Zimmer,2,Nicht gemeinnützig,1,Wohnung,1,netto,1606.0,1527.0,1684.0,1277.0,1131.0,1423.0,1581.0,1440.0,1680.0,1790.0,1703.0,2083.0,1422,276,31
2024,2024.04,4,Stadtquartiere,74,Witikon,3,3 Zimmer,2,Nicht gemeinnützig,1,Wohnung,1,netto,1890.0,1817.0,1962.0,1444.0,1300.0,1529.0,1727.0,1688.0,1800.0,2168.0,2027.0,2436.0,1397,293,56
2022,2022.04,4,Stadtquartiere,74,Witikon,4,4 Zimmer,2,Nicht gemeinnützig,1,Wohnung,1,netto,2302.0,2118.0,2487.0,1798.0,1662.0,1889.0,1943.0,1896.0,2235.0,2494.0,2238.0,2827.0,1003,171,29
2024,2024.04,4,Stadtquartiere,74,Witikon,4,4 Zimmer,2,Nicht gemeinnützig,1,Wohnung,1,netto,2327.0,2202.0,2452.0,1600.0,1475.0,1771.0,2025.0,1908.0,2101.0,3120.0,2563.0,3346.0,947,186,47
2022,2022.04,4,Stadtquartiere,89,Riesbach (Kreis 8),2,2 Zimmer,1,Gemeinnützig,1,Wohnung,1,netto,1108.0,1075.0,1142.0,860.0,847.0,885.0,1009.0,988.0,1031.0,1292.0,1180.0,1330.0,98,80,0
2024,2024.04,4,Stadtquartiere,89,Riesbach (Kreis 8),2,2 Zimmer,1,Gemeinnützig,1,Wohnung,1,netto,1196.0,1173.0,1218.0,906.0,901.0,923.0,1077.0,1064.0,1122.0,1405.0,1341.0,1420.0,93,86,0
2022,2022.04,4,Stadtquartiere,89,Riesbach (Kreis 8),3,3 Zimmer,1,Gemeinnützig,1,Wohnung,1,netto,1153.0,1141.0,1165.0,839.0,839.0,846.0,1078.0,1071.0,1085.0,1277.0,1264.0,1284.0,253,235,0
2024,2024.04,4,Stadtquartiere,89,Riesbach (Kreis 8),3,3 Zimmer,1,Gemeinnützig,1,Wohnung,1,netto,1214.0,1204.0,1224.0,894.0,892.0,900.0,1122.0,1116.0,1132.0,1337.0,1330.0,1347.0,246,214,24
2022,2022.04,4,Stadtquartiere,89,Riesbach (Kreis 8),4,4 Zimmer,1,Gemeinnützig,1,Wohnung,1,netto,1351.0,1339.0,1362.0,1045.0,1040.0,1058.0,1350.0,1345.0,1358.0,1484.0,1476.0,1486.0,244,232,0
2024,2024.04,4,Stadtquartiere,89,Riesbach (Kreis 8),4,4 Zimmer,1,Gemeinnützig,1,Wohnung,1,netto,1440.0,1432.0,1448.0,1127.0,1121.0,1133.0,1400.0,1400.0,1408.0,1587.0,1583.0,1589.0,246,227,14
2022,2022.04,4,Stadtquartiere,89,Riesbach (Kreis 8),2,2 Zimmer,2,Nicht gemeinnützig,1,Wohnung,1,netto,1882.0,1822.0,1942.0,1413.0,1350.0,1531.0,1891.0,1800.0,1961.0,2280.0,2199.0,2399.0,2213,477,113
2024,2024.04,4,Stadtquartiere,89,Riesbach (Kreis 8),2,2 Zimmer,2,Nicht gemeinnützig,1,Wohnung,1,netto,2054.0,2000.0,2109.0,1477.0,1439.0,1540.0,1986.0,1910.0,2050.0,2540.0,2414.0,2639.0,2192,497,176
2022,2022.04,4,Stadtquartiere,89,Riesbach (Kreis 8),3,3 Zimmer,2,Nicht gemeinnützig,1,Wohnung,1,netto,2323.0,2237.0,2410.0,1659.0,1560.0,1801.0,2270.0,2137.0,2390.0,2818.0,2688.0,2994.0,2773,472,125
2024,2024.04,4,Stadtquartiere,89,Riesbach (Kreis 8),3,3 Zimmer,2,Nicht gemeinnützig,1,Wohnung,1,netto,2568.0,2492.0,2645.0,1769.0,1638.0,1900.0,2464.0,2300.0,2600.0,3207.0,3004.0,3362.0,2751,493,185
2022,2022.04,4,Stadtquartiere,89,Riesbach (Kreis 8),4,4 Zimmer,2,Nicht gemeinnützig,1,Wohnung,1,netto,2860.0,2726.0,2995.0,1982.0,1800.0,2160.0,2650.0,2505.0,2900.0,3604.0,3240.0,3901.0,1393,166,99
2024,2024.04,4,Stadtquartiere,89,Riesbach (Kreis 8),4,4 Zimmer,2,Nicht gemeinnützig,1,Wohnung,1,netto,2926.0,2819.0,3033.0,2111.0,1880.0,2188.0,2762.0,2618.0,2993.0,3618.0,3436.0,3865.0,1367,176,142
2022,2022.04,4,Stadtquartiere,91,Albisrieden,2,2 Zimmer,1,Gemeinnützig,1,Wohnung,1,netto,996.0,966.0,1026.0,725.0,681.0,755.0,950.0,900.0,1031.0,1268.0,1210.0,1320.0,838,493,25
2024,2024.04,4,Stadtquartiere,91,Albisrieden,2,2 Zimmer,1,Gemeinnützig,1,Wohnung,1,netto,1077.0,1015.0,1138.0,795.0,759.0,937.0,1077.0,980.0,1141.0,1308.0,1226.0,1371.0,816,497,17
2022,2022.04,4,Stadtquartiere,91,Albisrieden,3,3 Zimmer,1,Gemeinnützig,1,Wohnung,1,netto,991.0,963.0,1019.0,677.0,661.0,700.0,929.0,899.0,981.0,1167.0,1122.0,1254.0,1764,1006,40
2024,2024.04,4,Stadtquartiere,91,Albisrieden,3,3 Zimmer,1,Gemeinnützig,1,Wohnung,1,netto,1062.0,1037.0,1088.0,734.0,715.0,757.0,981.0,960.0,1036.0,1297.0,1204.0,1364.0,1684,1036,29
2022,2022.04,4,Stadtquartiere,91,Albisrieden,4,4 Zimmer,1,Gemeinnützig,1,Wohnung,1,netto,1442.0,1405.0,1479.0,1149.0,1051.0,1190.0,1525.0,1328.0,1582.0,1733.0,1716.0,1785.0,1006,516,34
2024,2024.04,4,Stadtquartiere,91,Albisrieden,4,4 Zimmer,1,Gemeinnützig,1,Wohnung,1,netto,1533.0,1475.0,1591.0,1203.0,1126.0,1265.0,1575.0,1494.0,1635.0,1810.0,1720.0,1850.0,999,509,28
2022,2022.04,4,Stadtquartiere,91,Albisrieden,2,2 Zimmer,2,Nicht gemeinnützig,1,Wohnung,1,netto,1576.0,1508.0,1645.0,1197.0,1157.0,1291.0,1406.0,1297.0,1500.0,1935.0,1685.0,2062.0,1704,343,37
2024,2024.04,4,Stadtquartiere,91,Albisrieden,2,2 Zimmer,2,Nicht gemeinnützig,1,Wohnung,1,netto,1666.0,1623.0,1708.0,1318.0,1240.0,1380.0,1556.0,1470.0,1589.0,1905.0,1824.0,2050.0,1741,431,63
2022,2022.04,4,Stadtquartiere,91,Albisrieden,3,3 Zimmer,2,Nicht gemeinnützig,1,Wohnung,1,netto,1780.0,1717.0,1843.0,1389.0,1269.0,1469.0,1750.0,1648.0,1825.0,2175.0,1936.0,2236.0,2292,383,34
2024,2024.04,4,Stadtquartiere,91,Albisrieden,3,3 Zimmer,2,Nicht gemeinnützig,1,Wohnung,1,netto,2056.0,1992.0,2121.0,1550.0,1487.0,1632.0,1946.0,1780.0,2055.0,2572.0,2399.0,2686.0,2417,417,52
2022,2022.04,4,Stadtquartiere,91,Albisrieden,4,4 Zimmer,2,Nicht gemeinnützig,1,Wohnung,1,netto,2354.0,2261.0,2446.0,1938.0,1665.0,2000.0,2241.0,2097.0,2366.0,2676.0,2485.0,2818.0,1267,314,29
2024,2024.04,4,Stadtquartiere,91,Albisrieden,4,4 Zimmer,2,Nicht gemeinnützig,1,Wohnung,1,netto,2450.0,2362.0,2539.0,1896.0,1789.0,1980.0,2399.0,2240.0,2474.0,2764.0,2620.0,2935.0,1334,391,40
2022,2022.04,4,Stadtquartiere,92,Altstetten,2,2 Zimmer,1,Gemeinnützig,1,Wohnung,1,netto,891.0,843.0,938.0,687.0,661.0,711.0,895.0,850.0,922.0,969.0,944.0,1044.0,819,502,21
2024,2024.04,4,Stadtquartiere,92,Altstetten,2,2 Zimmer,1,Gemeinnützig,1,Wohnung,1,netto,944.0,905.0,983.0,742.0,718.0,795.0,944.0,892.0,987.0,1109.0,1072.0,1215.0,845,531,21
2022,2022.04,4,Stadtquartiere,92,Altstetten,3,3 Zimmer,1,Gemeinnützig,1,Wohnung,1,netto,997.0,969.0,1025.0,788.0,746.0,829.0,1006.0,935.0,1059.0,1173.0,1148.0,1211.0,2294,1209,34
2024,2024.04,4,Stadtquartiere,92,Altstetten,3,3 Zimmer,1,Gemeinnützig,1,Wohnung,1,netto,1038.0,1007.0,1070.0,847.0,834.0,870.0,1016.0,975.0,1116.0,1234.0,1190.0,1259.0,2233,1244,30
2022,2022.04,4,Stadtquartiere,92,Altstetten,4,4 Zimmer,1,Gemeinnützig,1,Wohnung,1,netto,1298.0,1250.0,1347.0,945.0,922.0,1025.0,1348.0,1277.0,1361.0,1530.0,1488.0,1663.0,1293,695,28
2024,2024.04,4,Stadtquartiere,92,Altstetten,4,4 Zimmer,1,Gemeinnützig,1,Wohnung,1,netto,1355.0,1320.0,1390.0,1075.0,1062.0,1117.0,1374.0,1350.0,1410.0,1592.0,1512.0,1639.0,1258,744,29
2022,2022.04,4,Stadtquartiere,92,Altstetten,2,2 Zimmer,2,Nicht gemeinnützig,1,Wohnung,1,netto,1539.0,1468.0,1610.0,1171.0,1137.0,1253.0,1450.0,1308.0,1555.0,1790.0,1600.0,2080.0,3611,479,41
2024,2024.04,4,Stadtquartiere,92,Altstetten,2,2 Zimmer,2,Nicht gemeinnützig,1,Wohnung,1,netto,1623.0,1577.0,1668.0,1250.0,1210.0,1344.0,1579.0,1449.0,1649.0,2020.0,1865.0,2091.0,3699,1150,64
2022,2022.04,4,Stadtquartiere,92,Altstetten,3,3 Zimmer,2,Nicht gemeinnützig,1,Wohnung,1,netto,1678.0,1596.0,1759.0,1236.0,1200.0,1350.0,1582.0,1500.0,1709.0,2081.0,1794.0,2244.0,4332,628,60
2024,2024.04,4,Stadtquartiere,92,Altstetten,3,3 Zimmer,2,Nicht gemeinnützig,1,Wohnung,1,netto,1886.0,1826.0,1946.0,1450.0,1414.0,1493.0,1821.0,1666.0,1900.0,2210.0,2149.0,2380.0,4414,1150,74
2022,2022.04,4,Stadtquartiere,92,Altstetten,4,4 Zimmer,2,Nicht gemeinnützig,1,Wohnung,1,netto,2161.0,2049.0,2274.0,1772.0,1525.0,1954.0,2191.0,2040.0,2350.0,2669.0,2379.0,2829.0,1761,273,34
2024,2024.04,4,Stadtquartiere,92,Altstetten,4,4 Zimmer,2,Nicht gemeinnützig,1,Wohnung,1,netto,2298.0,2211.0,2386.0,1714.0,1644.0,1878.0,2138.0,2080.0,2298.0,2749.0,2557.0,2964.0,1806,435,54
2022,2022.04,4,Stadtquartiere,101,Höngg,2,2 Zimmer,1,Gemeinnützig,1,Wohnung,1,netto,906.0,861.0,951.0,700.0,674.0,745.0,852.0,814.0,880.0,1053.0,1035.0,1083.0,516,378,20
2024,2024.04,4,Stadtquartiere,101,Höngg,2,2 Zimmer,1,Gemeinnützig,1,Wohnung,1,netto,974.0,939.0,1009.0,744.0,717.0,803.0,904.0,857.0,996.0,1148.0,1064.0,1215.0,530,390,17
2022,2022.04,4,Stadtquartiere,101,Höngg,3,3 Zimmer,1,Gemeinnützig,1,Wohnung,1,netto,1117.0,1073.0,1160.0,904.0,852.0,913.0,1090.0,1034.0,1133.0,1310.0,1218.0,1377.0,1012,776,17
2024,2024.04,4,Stadtquartiere,101,Höngg,3,3 Zimmer,1,Gemeinnützig,1,Wohnung,1,netto,1176.0,1153.0,1198.0,987.0,932.0,1020.0,1149.0,1129.0,1162.0,1350.0,1317.0,1415.0,982,781,18
2022,2022.04,4,Stadtquartiere,101,Höngg,4,4 Zimmer,1,Gemeinnützig,1,Wohnung,1,netto,1443.0,1399.0,1487.0,1111.0,1088.0,1152.0,1363.0,1324.0,1400.0,1717.0,1586.0,1746.0,817,609,23
2024,2024.04,4,Stadtquartiere,101,Höngg,4,4 Zimmer,1,Gemeinnützig,1,Wohnung,1,netto,1515.0,1464.0,1566.0,1206.0,1159.0,1265.0,1438.0,1412.0,1465.0,1761.0,1696.0,1828.0,808,614,19
2022,2022.04,4,Stadtquartiere,101,Höngg,2,2 Zimmer,2,Nicht gemeinnützig,1,Wohnung,1,netto,1488.0,1302.0,1673.0,1260.0,1140.0,1384.0,1400.0,1339.0,1520.0,1540.0,1518.0,1899.0,1459,287,29
2024,2024.04,4,Stadtquartiere,101,Höngg,2,2 Zimmer,2,Nicht gemeinnützig,1,Wohnung,1,netto,1534.0,1474.0,1595.0,1322.0,1243.0,1381.0,1489.0,1428.0,1560.0,1719.0,1616.0,1775.0,1463,296,48
2022,2022.04,4,Stadtquartiere,101,Höngg,3,3 Zimmer,2,Nicht gemeinnützig,1,Wohnung,1,netto,1828.0,1698.0,1958.0,1459.0,1300.0,1590.0,1700.0,1605.0,1869.0,2100.0,1910.0,2428.0,2672,608,37
2024,2024.04,4,Stadtquartiere,101,Höngg,3,3 Zimmer,2,Nicht gemeinnützig,1,Wohnung,1,netto,1831.0,1760.0,1902.0,1480.0,1384.0,1560.0,1723.0,1679.0,1850.0,2130.0,1966.0,2282.0,2646,591,55
2022,2022.04,4,Stadtquartiere,101,Höngg,4,4 Zimmer,2,Nicht gemeinnützig,1,Wohnung,1,netto,2223.0,2129.0,2316.0,1740.0,1660.0,1900.0,2077.0,1920.0,2420.0,2600.0,2481.0,2750.0,1776,380,38
2024,2024.04,4,Stadtquartiere,101,Höngg,4,4 Zimmer,2,Nicht gemeinnützig,1,Wohnung,1,netto,2205.0,2119.0,2291.0,1709.0,1627.0,1815.0,2081.0,1946.0,2229.0,2539.0,2362.0,2755.0,1768,380,67
2022,2022.04,4,Stadtquartiere,102,Wipkingen,2,2 Zimmer,1,Gemeinnützig,1,Wohnung,1,netto,876.0,854.0,897.0,680.0,665.0,705.0,853.0,832.0,887.0,1052.0,971.0,1090.0,699,423,32
2024,2024.04,4,Stadtquartiere,102,Wipkingen,2,2 Zimmer,1,Gemeinnützig,1,Wohnung,1,netto,958.0,933.0,983.0,733.0,720.0,754.0,915.0,871.0,951.0,1137.0,1051.0,1161.0,716,438,27
2022,2022.04,4,Stadtquartiere,102,Wipkingen,3,3 Zimmer,1,Gemeinnützig,1,Wohnung,1,netto,986.0,941.0,1030.0,752.0,748.0,772.0,874.0,829.0,952.0,1132.0,1001.0,1231.0,1116,653,23
2024,2024.04,4,Stadtquartiere,102,Wipkingen,3,3 Zimmer,1,Gemeinnützig,1,Wohnung,1,netto,1002.0,968.0,1036.0,800.0,771.0,826.0,940.0,878.0,961.0,1125.0,1047.0,1227.0,1116,643,23
2022,2022.04,4,Stadtquartiere,102,Wipkingen,4,4 Zimmer,1,Gemeinnützig,1,Wohnung,1,netto,1279.0,1239.0,1318.0,942.0,869.0,1019.0,1145.0,1060.0,1232.0,1544.0,1471.0,1639.0,523,262,30
2024,2024.04,4,Stadtquartiere,102,Wipkingen,4,4 Zimmer,1,Gemeinnützig,1,Wohnung,1,netto,1361.0,1328.0,1393.0,1038.0,962.0,1117.0,1303.0,1245.0,1356.0,1601.0,1533.0,1691.0,517,262,29
2022,2022.04,4,Stadtquartiere,102,Wipkingen,2,2 Zimmer,2,Nicht gemeinnützig,1,Wohnung,1,netto,1605.0,1471.0,1738.0,1283.0,1157.0,1348.0,1410.0,1349.0,1686.0,1853.0,1687.0,2124.0,1339,139,37
2024,2024.04,4,Stadtquartiere,102,Wipkingen,2,2 Zimmer,2,Nicht gemeinnützig,1,Wohnung,1,netto,1552.0,1472.0,1632.0,1230.0,1125.0,1324.0,1403.0,1342.0,1600.0,1784.0,1745.0,1883.0,1341,133,52
2022,2022.04,4,Stadtquartiere,102,Wipkingen,3,3 Zimmer,2,Nicht gemeinnützig,1,Wohnung,1,netto,1720.0,1594.0,1845.0,1370.0,1297.0,1436.0,1575.0,1472.0,1751.0,1954.0,1800.0,2085.0,2284,313,43
2024,2024.04,4,Stadtquartiere,102,Wipkingen,3,3 Zimmer,2,Nicht gemeinnützig,1,Wohnung,1,netto,1867.0,1767.0,1966.0,1571.0,1390.0,1749.0,1882.0,1779.0,1926.0,2086.0,1941.0,2303.0,2247,237,54
2022,2022.04,4,Stadtquartiere,102,Wipkingen,4,4 Zimmer,2,Nicht gemeinnützig,1,Wohnung,1,netto,2211.0,2066.0,2356.0,1787.0,1590.0,2003.0,2200.0,2153.0,2420.0,2550.0,2334.0,2850.0,876,116,32
2024,2024.04,4,Stadtquartiere,102,Wipkingen,4,4 Zimmer,2,Nicht gemeinnützig,1,Wohnung,1,netto,2296.0,2159.0,2433.0,1782.0,1540.0,1941.0,2225.0,1982.0,2537.0,2863.0,2558.0,3059.0,859,70,52
2022,2022.04,4,Stadtquartiere,111,Affoltern,2,2 Zimmer,1,Gemeinnützig,1,Wohnung,1,netto,930.0,908.0,951.0,813.0,804.0,836.0,902.0,891.0,924.0,1006.0,985.0,1025.0,740,421,30
2024,2024.04,4,Stadtquartiere,111,Affoltern,2,2 Zimmer,1,Gemeinnützig,1,Wohnung,1,netto,1008.0,962.0,1054.0,874.0,855.0,902.0,957.0,924.0,999.0,1081.0,1046.0,1136.0,804,426,28
2022,2022.04,4,Stadtquartiere,111,Affoltern,3,3 Zimmer,1,Gemeinnützig,1,Wohnung,1,netto,1200.0,1158.0,1241.0,1011.0,1005.0,1031.0,1124.0,1102.0,1155.0,1290.0,1257.0,1305.0,1547,1049,46
2024,2024.04,4,Stadtquartiere,111,Affoltern,3,3 Zimmer,1,Gemeinnützig,1,Wohnung,1,netto,1257.0,1230.0,1284.0,1066.0,1054.0,1102.0,1209.0,1166.0,1243.0,1368.0,1319.0,1404.0,1589,1024,45
2022,2022.04,4,Stadtquartiere,111,Affoltern,4,4 Zimmer,1,Gemeinnützig,1,Wohnung,1,netto,1382.0,1357.0,1408.0,1143.0,1118.0,1201.0,1363.0,1341.0,1398.0,1513.0,1502.0,1545.0,1452,921,51
2024,2024.04,4,Stadtquartiere,111,Affoltern,4,4 Zimmer,1,Gemeinnützig,1,Wohnung,1,netto,1485.0,1455.0,1516.0,1219.0,1203.0,1276.0,1467.0,1446.0,1498.0,1640.0,1612.0,1679.0,1442,853,46
2022,2022.04,4,Stadtquartiere,111,Affoltern,2,2 Zimmer,2,Nicht gemeinnützig,1,Wohnung,1,netto,1351.0,1258.0,1443.0,1079.0,1041.0,1148.0,1240.0,1150.0,1274.0,1463.0,1330.0,1623.0,1283,331,33
2024,2024.04,4,Stadtquartiere,111,Affoltern,2,2 Zimmer,2,Nicht gemeinnützig,1,Wohnung,1,netto,1436.0,1378.0,1493.0,1183.0,1046.0,1274.0,1440.0,1337.0,1539.0,1717.0,1581.0,1800.0,1266,285,50
2022,2022.04,4,Stadtquartiere,111,Affoltern,3,3 Zimmer,2,Nicht gemeinnützig,1,Wohnung,1,netto,1531.0,1465.0,1596.0,1251.0,1180.0,1350.0,1474.0,1352.0,1561.0,1801.0,1688.0,1950.0,2359,636,37
2024,2024.04,4,Stadtquartiere,111,Affoltern,3,3 Zimmer,2,Nicht gemeinnützig,1,Wohnung,1,netto,1679.0,1604.0,1754.0,1274.0,1240.0,1424.0,1655.0,1560.0,1812.0,2077.0,1911.0,2110.0,2286,550,53
2022,2022.04,4,Stadtquartiere,111,Affoltern,4,4 Zimmer,2,Nicht gemeinnützig,1,Wohnung,1,netto,1837.0,1736.0,1937.0,1518.0,1400.0,1655.0,1800.0,1658.0,1954.0,2140.0,1978.0,2240.0,1482,430,30
2024,2024.04,4,Stadtquartiere,111,Affoltern,4,4 Zimmer,2,Nicht gemeinnützig,1,Wohnung,1,netto,1933.0,1864.0,2003.0,1528.0,1390.0,1688.0,1954.0,1835.0,2090.0,2342.0,2245.0,2398.0,1433,350,47
2022,2022.04,4,Stadtquartiere,115,Oerlikon,2,2 Zimmer,1,Gemeinnützig,1,Wohnung,1,netto,931.0,894.0,968.0,762.0,757.0,767.0,859.0,850.0,880.0,1014.0,998.0,1090.0,320,220,29
2024,2024.04,4,Stadtquartiere,115,Oerlikon,2,2 Zimmer,1,Gemeinnützig,1,Wohnung,1,netto,1033.0,961.0,1105.0,828.0,818.0,862.0,955.0,935.0,992.0,1144.0,1075.0,1199.0,337,238,13
2022,2022.04,4,Stadtquartiere,115,Oerlikon,3,3 Zimmer,1,Gemeinnützig,1,Wohnung,1,netto,1104.0,1077.0,1132.0,857.0,842.0,861.0,1062.0,1034.0,1125.0,1252.0,1218.0,1395.0,558,413,20
2024,2024.04,4,Stadtquartiere,115,Oerlikon,3,3 Zimmer,1,Gemeinnützig,1,Wohnung,1,netto,1203.0,1176.0,1230.0,924.0,921.0,929.0,1186.0,1162.0,1206.0,1373.0,1325.0,1390.0,591,479,18
2022,2022.04,4,Stadtquartiere,115,Oerlikon,4,4 Zimmer,1,Gemeinnützig,1,Wohnung,1,netto,1273.0,1216.0,1329.0,991.0,970.0,1040.0,1165.0,1147.0,1227.0,1482.0,1411.0,1572.0,463,335,19
2024,2024.04,4,Stadtquartiere,115,Oerlikon,4,4 Zimmer,1,Gemeinnützig,1,Wohnung,1,netto,1439.0,1396.0,1482.0,1228.0,1214.0,1240.0,1404.0,1338.0,1422.0,1572.0,1522.0,1723.0,475,357,17
2022,2022.04,4,Stadtquartiere,115,Oerlikon,2,2 Zimmer,2,Nicht gemeinnützig,1,Wohnung,1,netto,1580.0,1508.0,1653.0,1275.0,1203.0,1350.0,1450.0,1393.0,1498.0,1730.0,1650.0,2009.0,2522,473,46
2024,2024.04,4,Stadtquartiere,115,Oerlikon,2,2 Zimmer,2,Nicht gemeinnützig,1,Wohnung,1,netto,1587.0,1529.0,1645.0,1237.0,1200.0,1360.0,1530.0,1400.0,1600.0,1850.0,1795.0,1988.0,2408,500,64
2022,2022.04,4,Stadtquartiere,115,Oerlikon,3,3 Zimmer,2,Nicht gemeinnützig,1,Wohnung,1,netto,1785.0,1700.0,1870.0,1498.0,1300.0,1605.0,1736.0,1630.0,1801.0,2050.0,1869.0,2240.0,3418,562,46
2024,2024.04,4,Stadtquartiere,115,Oerlikon,3,3 Zimmer,2,Nicht gemeinnützig,1,Wohnung,1,netto,1900.0,1826.0,1974.0,1606.0,1467.0,1678.0,1869.0,1766.0,1970.0,2245.0,2052.0,2350.0,3186,569,63
2022,2022.04,4,Stadtquartiere,115,Oerlikon,4,4 Zimmer,2,Nicht gemeinnützig,1,Wohnung,1,netto,1986.0,1892.0,2080.0,1673.0,1536.0,1720.0,1892.0,1791.0,1973.0,2300.0,2115.0,2397.0,1669,383,44
2024,2024.04,4,Stadtquartiere,115,Oerlikon,4,4 Zimmer,2,Nicht gemeinnützig,1,Wohnung,1,netto,2322.0,2229.0,2415.0,1797.0,1639.0,1945.0,2292.0,2121.0,2447.0,2799.0,2600.0,2989.0,1570,385,52
2022,2022.04,4,Stadtquartiere,119,Seebach,2,2 Zimmer,1,Gemeinnützig,1,Wohnung,1,netto,989.0,958.0,1020.0,830.0,804.0,842.0,984.0,965.0,997.0,1110.0,1086.0,1135.0,480,369,21
2024,2024.04,4,Stadtquartiere,119,Seebach,2,2 Zimmer,1,Gemeinnützig,1,Wohnung,1,netto,1047.0,1028.0,1066.0,855.0,842.0,873.0,1053.0,1047.0,1079.0,1177.0,1153.0,1199.0,521,418,19
2022,2022.04,4,Stadtquartiere,119,Seebach,3,3 Zimmer,1,Gemeinnützig,1,Wohnung,1,netto,1070.0,1044.0,1097.0,878.0,851.0,886.0,1018.0,970.0,1066.0,1263.0,1225.0,1298.0,1054,757,23
2024,2024.04,4,Stadtquartiere,119,Seebach,3,3 Zimmer,1,Gemeinnützig,1,Wohnung,1,netto,1191.0,1168.0,1215.0,934.0,914.0,952.0,1190.0,1105.0,1251.0,1418.0,1398.0,1449.0,1055,818,29
2022,2022.04,4,Stadtquartiere,119,Seebach,4,4 Zimmer,1,Gemeinnützig,1,Wohnung,1,netto,1319.0,1289.0,1349.0,941.0,924.0,1080.0,1363.0,1344.0,1393.0,1591.0,1573.0,1628.0,853,593,36
2024,2024.04,4,Stadtquartiere,119,Seebach,4,4 Zimmer,1,Gemeinnützig,1,Wohnung,1,netto,1446.0,1430.0,1462.0,1184.0,1145.0,1208.0,1504.0,1492.0,1529.0,1716.0,1709.0,1733.0,849,675,31
2022,2022.04,4,Stadtquartiere,119,Seebach,2,2 Zimmer,2,Nicht gemeinnützig,1,Wohnung,1,netto,1371.0,1318.0,1425.0,1150.0,1056.0,1200.0,1340.0,1251.0,1470.0,1701.0,1570.0,1780.0,1857,377,40
2024,2024.04,4,Stadtquartiere,119,Seebach,2,2 Zimmer,2,Nicht gemeinnützig,1,Wohnung,1,netto,1525.0,1463.0,1587.0,1222.0,1146.0,1342.0,1504.0,1418.0,1599.0,1759.0,1675.0,1867.0,2024,384,57
2022,2022.04,4,Stadtquartiere,119,Seebach,3,3 Zimmer,2,Nicht gemeinnützig,1,Wohnung,1,netto,1670.0,1609.0,1731.0,1297.0,1250.0,1399.0,1523.0,1480.0,1617.0,1997.0,1898.0,2168.0,3013,603,54
2024,2024.04,4,Stadtquartiere,119,Seebach,3,3 Zimmer,2,Nicht gemeinnützig,1,Wohnung,1,netto,1756.0,1701.0,1810.0,1345.0,1262.0,1448.0,1700.0,1594.0,1775.0,2061.0,1978.0,2217.0,3030,573,80
2022,2022.04,4,Stadtquartiere,119,Seebach,4,4 Zimmer,2,Nicht gemeinnützig,1,Wohnung,1,netto,2054.0,1973.0,2136.0,1604.0,1500.0,1770.0,1951.0,1860.0,2120.0,2351.0,2310.0,2471.0,1591,398,43
2024,2024.04,4,Stadtquartiere,119,Seebach,4,4 Zimmer,2,Nicht gemeinnützig,1,Wohnung,1,netto,2210.0,2093.0,2328.0,1665.0,1546.0,1852.0,2128.0,1999.0,2369.0,2631.0,2500.0,2742.0,1552,322,52
2022,2022.04,4,Stadtquartiere,129,Schwamendingen (Kreis 12),2,2 Zimmer,1,Gemeinnützig,1,Wohnung,1,netto,874.0,859.0,890.0,672.0,667.0,682.0,812.0,795.0,842.0,1075.0,1054.0,1117.0,1355,962,59
2024,2024.04,4,Stadtquartiere,129,Schwamendingen (Kreis 12),2,2 Zimmer,1,Gemeinnützig,1,Wohnung,1,netto,920.0,910.0,929.0,752.0,724.0,761.0,887.0,859.0,911.0,1105.0,1090.0,1135.0,1396,952,51
2022,2022.04,4,Stadtquartiere,129,Schwamendingen (Kreis 12),3,3 Zimmer,1,Gemeinnützig,1,Wohnung,1,netto,1005.0,994.0,1015.0,711.0,701.0,730.0,911.0,876.0,943.0,1282.0,1243.0,1326.0,2932,2025,88
2024,2024.04,4,Stadtquartiere,129,Schwamendingen (Kreis 12),3,3 Zimmer,1,Gemeinnützig,1,Wohnung,1,netto,1085.0,1074.0,1096.0,764.0,750.0,766.0,1022.0,1005.0,1045.0,1387.0,1346.0,1419.0,3035,2003,91
2022,2022.04,4,Stadtquartiere,129,Schwamendingen (Kreis 12),4,4 Zimmer,1,Gemeinnützig,1,Wohnung,1,netto,1305.0,1283.0,1327.0,921.0,894.0,1016.0,1245.0,1236.0,1288.0,1613.0,1565.0,1674.0,2104,1302,73
2024,2024.04,4,Stadtquartiere,129,Schwamendingen (Kreis 12),4,4 Zimmer,1,Gemeinnützig,1,Wohnung,1,netto,1406.0,1380.0,1432.0,1077.0,996.0,1157.0,1375.0,1337.0,1472.0,1705.0,1666.0,1726.0,2158,1240,73
2022,2022.04,4,Stadtquartiere,129,Schwamendingen (Kreis 12),2,2 Zimmer,2,Nicht gemeinnützig,1,Wohnung,1,netto,1291.0,1228.0,1354.0,1087.0,1043.0,1184.0,1311.0,1255.0,1390.0,1480.0,1443.0,1570.0,1713,426,64
2024,2024.04,4,Stadtquartiere,129,Schwamendingen (Kreis 12),2,2 Zimmer,2,Nicht gemeinnützig,1,Wohnung,1,netto,1332.0,1274.0,1389.0,1160.0,1060.0,1240.0,1312.0,1249.0,1375.0,1535.0,1478.0,1595.0,1626,385,105
2022,2022.04,4,Stadtquartiere,129,Schwamendingen (Kreis 12),3,3 Zimmer,2,Nicht gemeinnützig,1,Wohnung,1,netto,1404.0,1359.0,1449.0,1253.0,1157.0,1325.0,1435.0,1402.0,1450.0,1530.0,1490.0,1586.0,2933,582,93
2024,2024.04,4,Stadtquartiere,129,Schwamendingen (Kreis 12),3,3 Zimmer,2,Nicht gemeinnützig,1,Wohnung,1,netto,1543.0,1502.0,1583.0,1300.0,1212.0,1351.0,1528.0,1466.0,1570.0,1734.0,1680.0,1803.0,2752,504,132
2022,2022.04,4,Stadtquartiere,129,Schwamendingen (Kreis 12),4,4 Zimmer,2,Nicht gemeinnützig,1,Wohnung,1,netto,1724.0,1665.0,1784.0,1371.0,1255.0,1440.0,1595.0,1520.0,1698.0,2050.0,1920.0,2249.0,1107,274,68
2024,2024.04,4,Stadtquartiere,129,Schwamendingen (Kreis 12),4,4 Zimmer,2,Nicht gemeinnützig,1,Wohnung,1,netto,1858.0,1811.0,1904.0,1467.0,1398.0,1530.0,1717.0,1667.0,1816.0,2248.0,2149.0,2317.0,1000,256,106
2022,2022.04,4,Stadtquartiere,0,Ganze Stadt,2,2 Zimmer,1,Gemeinnützig,2,Quadratmeter,1,netto,16.14,16.0,16.27,13.07,12.97,13.2,15.34,15.15,15.56,18.11,17.87,18.39,11106,7152,504
2024,2024.04,4,Stadtquartiere,0,Ganze Stadt,2,2 Zimmer,1,Gemeinnützig,2,Quadratmeter,1,netto,17.22,17.07,17.37,14.04,13.87,14.2,16.54,16.32,16.7,19.58,19.39,19.71,11437,7430,461
2022,2022.04,4,Stadtquartiere,0,Ganze Stadt,3,3 Zimmer,1,Gemeinnützig,2,Quadratmeter,1,netto,14.14,14.04,14.25,11.69,11.6,11.79,13.48,13.38,13.59,15.97,15.81,16.11,22955,14593,605
2024,2024.04,4,Stadtquartiere,0,Ganze Stadt,3,3 Zimmer,1,Gemeinnützig,2,Quadratmeter,1,netto,15.07,14.98,15.15,12.58,12.47,12.68,14.53,14.44,14.62,16.94,16.82,17.07,23071,15107,620
2022,2022.04,4,Stadtquartiere,0,Ganze Stadt,4,4 Zimmer,1,Gemeinnützig,2,Quadratmeter,1,netto,13.98,13.89,14.07,11.83,11.74,11.96,13.72,13.63,13.82,15.67,15.53,15.79,14925,9246,604
2024,2024.04,4,Stadtquartiere,0,Ganze Stadt,4,4 Zimmer,1,Gemeinnützig,2,Quadratmeter,1,netto,14.99,14.88,15.09,12.69,12.58,12.81,14.52,14.45,14.62,16.83,16.67,17.0,14957,9478,580
2022,2022.04,4,Stadtquartiere,0,Ganze Stadt,9,"2 , 3  und 4 Zimmer",1,Gemeinnützig,2,Quadratmeter,1,netto,14.54,14.48,14.61,12.0,11.96,12.06,13.93,13.84,13.99,16.36,16.29,16.48,48986,30991,1713
2024,2024.04,4,Stadtquartiere,0,Ganze Stadt,9,"2 , 3  und 4 Zimmer",1,Gemeinnützig,2,Quadratmeter,1,netto,15.54,15.47,15.61,12.89,12.83,12.95,14.88,14.8,14.95,17.48,17.37,17.6,49465,32015,1661
2022,2022.04,4,Stadtquartiere,0,Ganze Stadt,2,2 Zimmer,2,Nicht gemeinnützig,2,Quadratmeter,1,netto,27.59,27.28,27.91,21.82,21.48,22.22,26.39,26.09,26.7,32.06,31.51,32.77,35586,6336,1210
2024,2024.04,4,Stadtquartiere,0,Ganze Stadt,2,2 Zimmer,2,Nicht gemeinnützig,2,Quadratmeter,1,netto,29.48,29.25,29.72,23.07,22.82,23.38,28.45,28.13,28.75,34.42,33.88,34.85,35728,7237,1786
2022,2022.04,4,Stadtquartiere,0,Ganze Stadt,3,3 Zimmer,2,Nicht gemeinnützig,2,Quadratmeter,1,netto,23.94,23.66,24.22,19.11,18.67,19.36,22.89,22.57,23.17,27.8,27.45,28.25,51225,8700,1260
2024,2024.04,4,Stadtquartiere,0,Ganze Stadt,3,3 Zimmer,2,Nicht gemeinnützig,2,Quadratmeter,1,netto,25.79,25.56,26.02,20.21,20.0,20.61,25.0,24.76,25.36,30.0,29.69,30.49,50539,9132,1836
2022,2022.04,4,Stadtquartiere,0,Ganze Stadt,4,4 Zimmer,2,Nicht gemeinnützig,2,Quadratmeter,1,netto,22.66,22.37,22.95,17.79,17.46,18.05,21.46,21.1,21.92,26.61,26.09,27.25,25972,4545,1053
2024,2024.04,4,Stadtquartiere,0,Ganze Stadt,4,4 Zimmer,2,Nicht gemeinnützig,2,Quadratmeter,1,netto,23.87,23.62,24.12,18.71,18.45,19.03,22.78,22.57,23.11,28.19,27.85,28.62,25502,4670,1514
2022,2022.04,4,Stadtquartiere,0,Ganze Stadt,9,"2 , 3  und 4 Zimmer",2,Nicht gemeinnützig,2,Quadratmeter,1,netto,24.8,24.62,24.97,19.4,19.25,19.6,23.58,23.37,23.78,28.98,28.64,29.29,112783,19581,3523
2024,2024.04,4,Stadtquartiere,0,Ganze Stadt,9,"2 , 3  und 4 Zimmer",2,Nicht gemeinnützig,2,Quadratmeter,1,netto,26.53,26.39,26.67,20.57,20.34,20.76,25.53,25.34,25.69,31.31,31.06,31.59,111769,21039,5136
2022,2022.04,4,Stadtquartiere,19,Altstadt (Kreis 1),2,2 Zimmer,1,Gemeinnützig,2,Quadratmeter,1,netto,18.92,18.71,19.13,14.45,14.26,14.82,17.81,17.62,17.97,22.31,21.65,22.59,302,274,0
2024,2024.04,4,Stadtquartiere,19,Altstadt (Kreis 1),2,2 Zimmer,1,Gemeinnützig,2,Quadratmeter,1,netto,19.92,19.68,20.16,15.57,15.21,15.82,19.02,18.88,19.17,23.62,23.1,23.95,307,269,7
2022,2022.04,4,Stadtquartiere,19,Altstadt (Kreis 1),3,3 Zimmer,1,Gemeinnützig,2,Quadratmeter,1,netto,17.0,16.83,17.17,12.82,12.73,13.06,16.26,16.06,16.47,19.76,19.54,19.92,201,191,0
2024,2024.04,4,Stadtquartiere,19,Altstadt (Kreis 1),3,3 Zimmer,1,Gemeinnützig,2,Quadratmeter,1,netto,19.39,19.24,19.55,14.07,14.04,14.13,18.06,17.8,18.21,22.34,22.13,22.67,208,189,11
2022,2022.04,4,Stadtquartiere,19,Altstadt (Kreis 1),4,4 Zimmer,1,Gemeinnützig,2,Quadratmeter,1,netto,15.77,15.43,16.11,10.68,10.56,10.74,15.16,14.93,15.43,18.94,18.72,19.4,136,124,0
2024,2024.04,4,Stadtquartiere,19,Altstadt (Kreis 1),4,4 Zimmer,1,Gemeinnützig,2,Quadratmeter,1,netto,17.55,17.15,17.95,11.81,11.7,12.2,16.71,16.42,17.18,20.29,20.04,20.84,134,123,0
2022,2022.04,4,Stadtquartiere,19,Altstadt (Kreis 1),9,"2 , 3  und 4 Zimmer",1,Gemeinnützig,2,Quadratmeter,1,netto,17.69,17.56,17.82,13.22,13.04,13.29,16.73,16.6,16.96,20.74,20.49,20.88,639,589,0
2024,2024.04,4,Stadtquartiere,19,Altstadt (Kreis 1),9,"2 , 3  und 4 Zimmer",1,Gemeinnützig,2,Quadratmeter,1,netto,19.29,19.14,19.44,14.29,14.17,14.52,18.29,18.13,18.37,22.41,22.27,22.62,649,581,18
2022,2022.04,4,Stadtquartiere,19,Altstadt (Kreis 1),2,2 Zimmer,2,Nicht gemeinnützig,2,Quadratmeter,1,netto,37.58,35.82,39.34,32.31,29.37,34.81,37.28,36.01,38.76,44.35,41.5,45.88,774,81,99
2024,2024.04,4,Stadtquartiere,19,Altstadt (Kreis 1),2,2 Zimmer,2,Nicht gemeinnützig,2,Quadratmeter,1,netto,39.66,38.18,41.15,30.89,28.74,32.67,38.67,37.05,40.93,46.46,44.27,49.94,743,76,144
2022,2022.04,4,Stadtquartiere,19,Altstadt (Kreis 1),3,3 Zimmer,2,Nicht gemeinnützig,2,Quadratmeter,1,netto,31.61,30.41,32.82,25.95,22.74,26.83,31.17,28.88,34.34,37.85,36.46,38.67,635,69,97
2024,2024.04,4,Stadtquartiere,19,Altstadt (Kreis 1),3,3 Zimmer,2,Nicht gemeinnützig,2,Quadratmeter,1,netto,35.29,33.92,36.66,26.07,24.57,28.26,34.7,33.38,36.91,43.36,41.34,45.22,621,70,154
2022,2022.04,4,Stadtquartiere,19,Altstadt (Kreis 1),4,4 Zimmer,2,Nicht gemeinnützig,2,Quadratmeter,1,netto,30.82,29.03,32.61,21.37,18.66,26.22,29.93,27.94,32.75,39.17,35.0,41.58,323,27,69
2024,2024.04,4,Stadtquartiere,19,Altstadt (Kreis 1),4,4 Zimmer,2,Nicht gemeinnützig,2,Quadratmeter,1,netto,32.48,30.64,34.32,24.35,19.61,26.63,33.24,31.43,34.53,39.95,37.11,41.64,316,25,91
2022,2022.04,4,Stadtquartiere,19,Altstadt (Kreis 1),9,"2 , 3  und 4 Zimmer",2,Nicht gemeinnützig,2,Quadratmeter,1,netto,34.12,33.16,35.08,27.09,25.98,28.5,34.64,33.3,36.4,40.3,38.67,41.67,1732,177,265
2024,2024.04,4,Stadtquartiere,19,Altstadt (Kreis 1),9,"2 , 3  und 4 Zimmer",2,Nicht gemeinnützig,2,Quadratmeter,1,netto,36.69,35.8,37.59,27.66,26.6,29.24,36.33,34.74,37.14,44.1,42.92,45.54,1680,171,389
2022,2022.04,4,Stadtquartiere,21,Wollishofen,2,2 Zimmer,1,Gemeinnützig,2,Quadratmeter,1,netto,14.71,14.14,15.28,12.27,11.71,12.68,14.58,13.17,15.56,17.05,16.14,18.06,641,295,21
2024,2024.04,4,Stadtquartiere,21,Wollishofen,2,2 Zimmer,1,Gemeinnützig,2,Quadratmeter,1,netto,17.34,16.8,17.89,14.25,13.47,14.88,16.66,15.88,17.25,20.56,19.33,21.24,673,346,22
2022,2022.04,4,Stadtquartiere,21,Wollishofen,3,3 Zimmer,1,Gemeinnützig,2,Quadratmeter,1,netto,14.0,13.05,14.94,11.51,11.25,11.97,13.3,12.68,14.31,15.56,14.72,15.79,1171,500,35
2024,2024.04,4,Stadtquartiere,21,Wollishofen,3,3 Zimmer,1,Gemeinnützig,2,Quadratmeter,1,netto,15.67,15.16,16.18,13.16,12.78,13.85,15.25,14.84,15.47,17.05,16.84,18.52,1201,556,32
2022,2022.04,4,Stadtquartiere,21,Wollishofen,4,4 Zimmer,1,Gemeinnützig,2,Quadratmeter,1,netto,13.86,13.51,14.2,11.62,11.34,12.93,13.78,13.44,14.3,15.59,15.09,15.85,844,368,25
2024,2024.04,4,Stadtquartiere,21,Wollishofen,4,4 Zimmer,1,Gemeinnützig,2,Quadratmeter,1,netto,15.19,14.6,15.78,12.81,12.04,13.83,14.91,14.41,16.24,17.94,16.51,18.52,832,425,20
2022,2022.04,4,Stadtquartiere,21,Wollishofen,9,"2 , 3  und 4 Zimmer",1,Gemeinnützig,2,Quadratmeter,1,netto,14.12,13.66,14.59,11.62,11.44,12.12,13.79,13.42,14.3,15.67,15.54,16.23,2656,1163,81
2024,2024.04,4,Stadtquartiere,21,Wollishofen,9,"2 , 3  und 4 Zimmer",1,Gemeinnützig,2,Quadratmeter,1,netto,15.94,15.62,16.26,13.18,12.96,13.82,15.32,15.15,15.97,18.23,17.56,18.59,2706,1327,74
2022,2022.04,4,Stadtquartiere,21,Wollishofen,2,2 Zimmer,2,Nicht gemeinnützig,2,Quadratmeter,1,netto,26.58,25.56,27.59,21.13,19.75,22.78,25.71,24.32,26.71,30.31,28.64,33.08,1552,290,54
2024,2024.04,4,Stadtquartiere,21,Wollishofen,2,2 Zimmer,2,Nicht gemeinnützig,2,Quadratmeter,1,netto,30.48,29.37,31.59,24.55,23.54,26.22,28.44,27.25,30.15,37.58,34.31,39.15,1646,303,82
2022,2022.04,4,Stadtquartiere,21,Wollishofen,3,3 Zimmer,2,Nicht gemeinnützig,2,Quadratmeter,1,netto,25.76,24.13,27.4,21.31,19.57,23.33,25.56,24.66,26.75,29.16,27.04,30.69,2174,515,44
2024,2024.04,4,Stadtquartiere,21,Wollishofen,3,3 Zimmer,2,Nicht gemeinnützig,2,Quadratmeter,1,netto,26.51,25.53,27.49,21.47,20.34,22.66,26.5,25.36,27.32,30.37,29.22,32.73,2271,509,68
2022,2022.04,4,Stadtquartiere,21,Wollishofen,4,4 Zimmer,2,Nicht gemeinnützig,2,Quadratmeter,1,netto,23.57,22.35,24.78,18.54,17.5,20.81,23.5,22.38,25.1,28.42,26.18,31.14,1133,230,46
2024,2024.04,4,Stadtquartiere,21,Wollishofen,4,4 Zimmer,2,Nicht gemeinnützig,2,Quadratmeter,1,netto,24.72,23.53,25.91,20.51,19.34,21.61,24.31,23.37,25.33,28.03,26.32,30.48,1167,245,62
2022,2022.04,4,Stadtquartiere,21,Wollishofen,9,"2 , 3  und 4 Zimmer",2,Nicht gemeinnützig,2,Quadratmeter,1,netto,25.51,24.66,26.36,20.78,19.95,22.0,25.2,24.36,25.95,29.21,28.23,30.67,4859,1035,144
2024,2024.04,4,Stadtquartiere,21,Wollishofen,9,"2 , 3  und 4 Zimmer",2,Nicht gemeinnützig,2,Quadratmeter,1,netto,27.38,26.75,28.01,21.78,21.29,22.64,26.55,25.94,27.06,31.65,30.21,33.33,5084,1057,212
2022,2022.04,4,Stadtquartiere,23,Leimbach,2,2 Zimmer,1,Gemeinnützig,2,Quadratmeter,1,netto,19.5,18.37,20.63,15.75,15.32,16.02,20.05,19.29,20.43,21.77,21.51,22.1,272,227,12
2024,2024.04,4,Stadtquartiere,23,Leimbach,2,2 Zimmer,1,Gemeinnützig,2,Quadratmeter,1,netto,19.45,19.32,19.59,16.7,16.56,16.84,19.75,19.49,20.17,22.07,22.06,22.1,267,232,12
2022,2022.04,4,Stadtquartiere,23,Leimbach,3,3 Zimmer,1,Gemeinnützig,2,Quadratmeter,1,netto,17.42,17.03,17.81,13.57,13.2,14.01,17.35,16.52,17.73,20.68,20.03,21.5,376,325,8
2024,2024.04,4,Stadtquartiere,23,Leimbach,3,3 Zimmer,1,Gemeinnützig,2,Quadratmeter,1,netto,18.03,17.95,18.11,14.37,14.25,14.76,17.91,17.44,18.41,21.03,21.01,21.17,363,323,18
2022,2022.04,4,Stadtquartiere,23,Leimbach,4,4 Zimmer,1,Gemeinnützig,2,Quadratmeter,1,netto,15.99,15.56,16.41,13.63,13.22,14.17,15.71,14.17,16.16,18.45,16.46,19.93,505,369,7
2024,2024.04,4,Stadtquartiere,23,Leimbach,4,4 Zimmer,1,Gemeinnützig,2,Quadratmeter,1,netto,17.37,17.16,17.57,15.12,14.63,15.54,16.88,16.71,17.62,19.43,19.43,20.15,487,375,23
2022,2022.04,4,Stadtquartiere,23,Leimbach,9,"2 , 3  und 4 Zimmer",1,Gemeinnützig,2,Quadratmeter,1,netto,17.28,16.93,17.64,13.79,13.56,14.18,16.34,16.06,16.92,20.45,20.17,20.61,1153,921,27
2024,2024.04,4,Stadtquartiere,23,Leimbach,9,"2 , 3  und 4 Zimmer",1,Gemeinnützig,2,Quadratmeter,1,netto,18.08,17.98,18.18,15.41,15.07,15.54,17.82,17.63,17.92,21.04,20.98,21.07,1117,930,53
2022,2022.04,4,Stadtquartiere,23,Leimbach,2,2 Zimmer,2,Nicht gemeinnützig,2,Quadratmeter,1,netto,25.94,23.49,28.39,22.37,19.89,27.3,23.28,22.81,29.99,29.95,22.88,30.94,246,15,11
2024,2024.04,4,Stadtquartiere,23,Leimbach,2,2 Zimmer,2,Nicht gemeinnützig,2,Quadratmeter,1,netto,25.96,25.06,26.86,22.37,19.22,24.51,26.08,23.79,27.6,28.34,27.57,29.84,251,15,19
2022,2022.04,4,Stadtquartiere,23,Leimbach,3,3 Zimmer,2,Nicht gemeinnützig,2,Quadratmeter,1,netto,20.02,18.9,21.15,17.44,16.17,18.81,18.84,18.48,19.92,20.02,19.36,20.51,336,41,17
2024,2024.04,4,Stadtquartiere,23,Leimbach,3,3 Zimmer,2,Nicht gemeinnützig,2,Quadratmeter,1,netto,21.46,20.34,22.58,18.42,17.34,19.35,20.13,19.36,21.42,22.75,21.48,25.41,323,44,35
2022,2022.04,4,Stadtquartiere,23,Leimbach,4,4 Zimmer,2,Nicht gemeinnützig,2,Quadratmeter,1,netto,20.44,19.11,21.76,17.18,14.92,18.07,18.52,17.48,20.7,22.99,19.57,26.61,208,30,28
2024,2024.04,4,Stadtquartiere,23,Leimbach,4,4 Zimmer,2,Nicht gemeinnützig,2,Quadratmeter,1,netto,20.77,19.76,21.78,17.89,16.78,19.13,20.21,19.92,21.11,23.35,22.28,24.69,218,32,40
2022,2022.04,4,Stadtquartiere,23,Leimbach,9,"2 , 3  und 4 Zimmer",2,Nicht gemeinnützig,2,Quadratmeter,1,netto,21.98,21.01,22.94,18.0,16.71,18.68,19.96,19.13,21.16,23.48,22.0,28.62,790,86,56
2024,2024.04,4,Stadtquartiere,23,Leimbach,9,"2 , 3  und 4 Zimmer",2,Nicht gemeinnützig,2,Quadratmeter,1,netto,22.71,22.1,23.31,18.84,18.06,19.45,21.59,20.91,22.68,25.77,24.52,26.62,792,91,94
2022,2022.04,4,Stadtquartiere,24,Enge,2,2 Zimmer,1,Gemeinnützig,2,Quadratmeter,1,netto,15.33,14.71,15.96,12.23,11.11,13.24,14.21,13.8,16.16,17.16,16.23,19.2,58,13,20
2024,2024.04,4,Stadtquartiere,24,Enge,2,2 Zimmer,1,Gemeinnützig,2,Quadratmeter,1,netto,15.17,14.59,15.74,11.97,11.11,12.83,13.09,12.61,15.01,16.16,15.68,20.63,57,13,19
2022,2022.04,4,Stadtquartiere,24,Enge,3,3 Zimmer,1,Gemeinnützig,2,Quadratmeter,1,netto,13.51,12.99,14.03,11.53,11.31,12.56,13.84,12.25,14.73,15.06,14.41,15.84,189,48,20
2024,2024.04,4,Stadtquartiere,24,Enge,3,3 Zimmer,1,Gemeinnützig,2,Quadratmeter,1,netto,13.83,13.04,14.62,11.63,10.13,12.5,13.02,12.37,14.78,15.97,14.81,16.15,181,49,19
2022,2022.04,4,Stadtquartiere,24,Enge,4,4 Zimmer,1,Gemeinnützig,2,Quadratmeter,1,netto,12.86,12.53,13.19,11.07,10.78,11.35,11.71,11.53,12.52,13.39,13.12,15.33,86,26,20
2024,2024.04,4,Stadtquartiere,24,Enge,4,4 Zimmer,1,Gemeinnützig,2,Quadratmeter,1,netto,13.89,13.35,14.43,11.05,10.51,12.09,12.48,12.07,13.09,14.51,13.25,16.5,94,27,20
2022,2022.04,4,Stadtquartiere,24,Enge,9,"2 , 3  und 4 Zimmer",1,Gemeinnützig,2,Quadratmeter,1,netto,13.69,13.36,14.01,11.52,11.11,11.67,13.27,12.34,14.21,15.22,14.84,15.94,333,87,60
2024,2024.04,4,Stadtquartiere,24,Enge,9,"2 , 3  und 4 Zimmer",1,Gemeinnützig,2,Quadratmeter,1,netto,14.09,13.62,14.55,11.69,11.03,12.29,12.99,12.49,13.83,15.94,15.02,16.15,332,89,58
2022,2022.04,4,Stadtquartiere,24,Enge,2,2 Zimmer,2,Nicht gemeinnützig,2,Quadratmeter,1,netto,31.42,29.46,33.38,23.18,21.61,25.55,29.08,27.9,34.34,40.36,35.37,43.58,951,155,36
2024,2024.04,4,Stadtquartiere,24,Enge,2,2 Zimmer,2,Nicht gemeinnützig,2,Quadratmeter,1,netto,33.15,31.02,35.28,25.37,22.79,27.62,31.57,28.01,36.12,42.17,37.4,43.59,962,150,52
2022,2022.04,4,Stadtquartiere,24,Enge,3,3 Zimmer,2,Nicht gemeinnützig,2,Quadratmeter,1,netto,27.97,26.01,29.94,21.7,18.66,25.0,27.24,25.0,30.39,32.91,30.74,35.0,1323,259,39
2024,2024.04,4,Stadtquartiere,24,Enge,3,3 Zimmer,2,Nicht gemeinnützig,2,Quadratmeter,1,netto,30.05,28.43,31.67,25.27,23.42,26.33,29.29,27.25,32.14,35.82,33.56,38.13,1323,278,52
2022,2022.04,4,Stadtquartiere,24,Enge,4,4 Zimmer,2,Nicht gemeinnützig,2,Quadratmeter,1,netto,27.27,25.19,29.36,20.56,20.17,23.46,26.39,23.54,28.48,32.32,28.49,36.21,944,201,38
2024,2024.04,4,Stadtquartiere,24,Enge,4,4 Zimmer,2,Nicht gemeinnützig,2,Quadratmeter,1,netto,27.96,26.36,29.55,20.54,19.7,23.76,26.98,25.25,30.25,33.21,31.82,36.0,952,209,60
2022,2022.04,4,Stadtquartiere,24,Enge,9,"2 , 3  und 4 Zimmer",2,Nicht gemeinnützig,2,Quadratmeter,1,netto,28.78,27.62,29.95,22.48,20.54,23.33,27.63,26.25,28.76,34.63,32.72,36.48,3218,615,113
2024,2024.04,4,Stadtquartiere,24,Enge,9,"2 , 3  und 4 Zimmer",2,Nicht gemeinnützig,2,Quadratmeter,1,netto,30.35,29.33,31.38,23.82,22.59,25.28,29.4,27.7,31.27,37.08,34.74,38.49,3237,637,164
2022,2022.04,4,Stadtquartiere,39,Wiedikon (Kreis 3),2,2 Zimmer,1,Gemeinnützig,2,Quadratmeter,1,netto,14.92,14.67,15.17,12.65,12.32,12.84,14.85,14.34,15.33,16.72,16.26,17.16,1432,855,64
2024,2024.04,4,Stadtquartiere,39,Wiedikon (Kreis 3),2,2 Zimmer,1,Gemeinnützig,2,Quadratmeter,1,netto,15.71,15.22,16.21,12.96,12.41,13.39,14.91,14.46,15.37,18.34,17.39,18.93,1442,866,66
2022,2022.04,4,Stadtquartiere,39,Wiedikon (Kreis 3),3,3 Zimmer,1,Gemeinnützig,2,Quadratmeter,1,netto,13.1,12.78,13.41,11.04,10.92,11.19,12.19,11.93,12.63,14.55,13.95,15.04,3050,1850,67
2024,2024.04,4,Stadtquartiere,39,Wiedikon (Kreis 3),3,3 Zimmer,1,Gemeinnützig,2,Quadratmeter,1,netto,13.69,13.39,13.99,11.42,11.13,11.72,12.87,12.58,13.26,15.47,14.89,16.36,2990,1891,63
2022,2022.04,4,Stadtquartiere,39,Wiedikon (Kreis 3),4,4 Zimmer,1,Gemeinnützig,2,Quadratmeter,1,netto,13.61,13.41,13.81,11.37,11.02,11.88,13.19,13.0,13.63,15.31,14.88,15.77,1886,1175,84
2024,2024.04,4,Stadtquartiere,39,Wiedikon (Kreis 3),4,4 Zimmer,1,Gemeinnützig,2,Quadratmeter,1,netto,14.26,13.83,14.69,12.03,11.84,12.29,13.44,13.19,13.76,15.37,14.96,17.09,1871,1218,82
2022,2022.04,4,Stadtquartiere,39,Wiedikon (Kreis 3),9,"2 , 3  und 4 Zimmer",1,Gemeinnützig,2,Quadratmeter,1,netto,13.66,13.49,13.83,11.33,11.17,11.53,13.02,12.84,13.24,15.62,15.26,15.85,6368,3880,215
2024,2024.04,4,Stadtquartiere,39,Wiedikon (Kreis 3),9,"2 , 3  und 4 Zimmer",1,Gemeinnützig,2,Quadratmeter,1,netto,14.32,14.08,14.56,11.89,11.72,12.03,13.48,13.27,13.81,16.39,15.84,16.75,6303,3975,211
2022,2022.04,4,Stadtquartiere,39,Wiedikon (Kreis 3),2,2 Zimmer,2,Nicht gemeinnützig,2,Quadratmeter,1,netto,26.96,26.18,27.74,22.0,21.37,23.04,25.89,25.23,27.17,31.34,30.0,32.33,4921,850,122
2024,2024.04,4,Stadtquartiere,39,Wiedikon (Kreis 3),2,2 Zimmer,2,Nicht gemeinnützig,2,Quadratmeter,1,netto,30.03,29.22,30.85,23.75,22.76,25.0,29.11,28.54,30.24,33.86,32.77,34.92,4912,863,187
2022,2022.04,4,Stadtquartiere,39,Wiedikon (Kreis 3),3,3 Zimmer,2,Nicht gemeinnützig,2,Quadratmeter,1,netto,24.22,23.19,25.26,19.85,18.68,20.7,22.59,21.79,24.51,27.58,26.87,29.2,6901,920,110
2024,2024.04,4,Stadtquartiere,39,Wiedikon (Kreis 3),3,3 Zimmer,2,Nicht gemeinnützig,2,Quadratmeter,1,netto,25.51,24.69,26.33,20.27,19.67,21.39,24.46,23.65,25.33,29.7,28.13,31.84,6785,864,181
2022,2022.04,4,Stadtquartiere,39,Wiedikon (Kreis 3),4,4 Zimmer,2,Nicht gemeinnützig,2,Quadratmeter,1,netto,22.85,21.81,23.9,18.54,17.96,19.33,21.37,20.15,22.26,25.94,23.56,27.89,2300,269,102
2024,2024.04,4,Stadtquartiere,39,Wiedikon (Kreis 3),4,4 Zimmer,2,Nicht gemeinnützig,2,Quadratmeter,1,netto,23.2,22.44,23.96,18.59,17.73,19.23,23.08,21.84,24.07,27.93,25.82,29.19,2296,249,139
2022,2022.04,4,Stadtquartiere,39,Wiedikon (Kreis 3),9,"2 , 3  und 4 Zimmer",2,Nicht gemeinnützig,2,Quadratmeter,1,netto,24.95,24.35,25.55,20.0,19.33,20.7,23.63,22.84,24.65,28.56,27.83,30.0,14122,2039,334
2024,2024.04,4,Stadtquartiere,39,Wiedikon (Kreis 3),9,"2 , 3  und 4 Zimmer",2,Nicht gemeinnützig,2,Quadratmeter,1,netto,26.71,26.21,27.22,20.93,20.26,21.41,25.66,25.14,26.58,31.62,30.54,32.39,13993,1976,507
2022,2022.04,4,Stadtquartiere,49,Aussersihl (Kreis 4),2,2 Zimmer,1,Gemeinnützig,2,Quadratmeter,1,netto,16.66,16.29,17.04,13.18,13.0,13.33,14.59,14.32,14.91,18.67,18.43,20.24,1218,858,55
2024,2024.04,4,Stadtquartiere,49,Aussersihl (Kreis 4),2,2 Zimmer,1,Gemeinnützig,2,Quadratmeter,1,netto,17.92,17.49,18.34,14.14,14.05,14.33,15.78,15.52,15.93,20.28,19.62,21.09,1213,898,47
2022,2022.04,4,Stadtquartiere,49,Aussersihl (Kreis 4),3,3 Zimmer,1,Gemeinnützig,2,Quadratmeter,1,netto,14.19,13.76,14.62,11.34,11.22,11.49,12.49,12.33,12.81,15.78,14.75,16.51,2066,1512,50
2024,2024.04,4,Stadtquartiere,49,Aussersihl (Kreis 4),3,3 Zimmer,1,Gemeinnützig,2,Quadratmeter,1,netto,15.15,14.84,15.47,12.65,12.44,12.85,14.08,13.9,14.27,15.97,15.68,16.5,2116,1647,49
2022,2022.04,4,Stadtquartiere,49,Aussersihl (Kreis 4),4,4 Zimmer,1,Gemeinnützig,2,Quadratmeter,1,netto,13.75,13.38,14.12,10.9,10.78,11.04,12.95,12.71,13.12,15.14,14.76,15.39,713,478,57
2024,2024.04,4,Stadtquartiere,49,Aussersihl (Kreis 4),4,4 Zimmer,1,Gemeinnützig,2,Quadratmeter,1,netto,15.59,15.14,16.04,12.06,11.93,12.25,13.74,13.56,14.0,17.19,16.59,17.92,760,553,40
2022,2022.04,4,Stadtquartiere,49,Aussersihl (Kreis 4),9,"2 , 3  und 4 Zimmer",1,Gemeinnützig,2,Quadratmeter,1,netto,14.87,14.61,15.13,11.73,11.61,11.85,13.48,13.31,13.71,16.21,15.83,16.74,3997,2848,162
2024,2024.04,4,Stadtquartiere,49,Aussersihl (Kreis 4),9,"2 , 3  und 4 Zimmer",1,Gemeinnützig,2,Quadratmeter,1,netto,16.06,15.83,16.28,13.04,12.9,13.14,14.5,14.4,14.65,17.3,16.85,17.71,4089,3098,136
2022,2022.04,4,Stadtquartiere,49,Aussersihl (Kreis 4),2,2 Zimmer,2,Nicht gemeinnützig,2,Quadratmeter,1,netto,29.55,28.79,30.3,22.71,21.55,24.57,29.89,28.2,31.13,35.48,34.25,36.32,2857,507,158
2024,2024.04,4,Stadtquartiere,49,Aussersihl (Kreis 4),2,2 Zimmer,2,Nicht gemeinnützig,2,Quadratmeter,1,netto,31.03,30.27,31.79,24.13,22.67,25.1,30.72,29.23,31.49,36.07,35.07,37.6,2880,648,226
2022,2022.04,4,Stadtquartiere,49,Aussersihl (Kreis 4),3,3 Zimmer,2,Nicht gemeinnützig,2,Quadratmeter,1,netto,25.01,24.16,25.85,19.37,17.94,21.31,24.3,23.53,25.78,30.96,28.21,32.13,4073,631,120
2024,2024.04,4,Stadtquartiere,49,Aussersihl (Kreis 4),3,3 Zimmer,2,Nicht gemeinnützig,2,Quadratmeter,1,netto,27.36,26.67,28.05,21.42,20.48,22.64,26.7,26.12,28.16,32.62,31.31,33.23,4013,803,160
2022,2022.04,4,Stadtquartiere,49,Aussersihl (Kreis 4),4,4 Zimmer,2,Nicht gemeinnützig,2,Quadratmeter,1,netto,22.73,21.95,23.5,17.25,16.46,18.49,22.15,20.78,23.33,27.01,26.4,28.71,1483,184,82
2024,2024.04,4,Stadtquartiere,49,Aussersihl (Kreis 4),4,4 Zimmer,2,Nicht gemeinnützig,2,Quadratmeter,1,netto,25.95,24.95,26.96,20.12,18.33,20.54,26.04,24.04,27.53,31.13,29.64,33.02,1467,263,120
2022,2022.04,4,Stadtquartiere,49,Aussersihl (Kreis 4),9,"2 , 3  und 4 Zimmer",2,Nicht gemeinnützig,2,Quadratmeter,1,netto,26.15,25.65,26.65,20.0,19.08,20.92,25.85,24.92,26.4,31.75,31.17,32.58,8413,1322,360
2024,2024.04,4,Stadtquartiere,49,Aussersihl (Kreis 4),9,"2 , 3  und 4 Zimmer",2,Nicht gemeinnützig,2,Quadratmeter,1,netto,28.38,27.92,28.84,21.75,21.3,22.52,28.01,27.12,28.57,33.89,33.02,34.6,8360,1714,506
2022,2022.04,4,Stadtquartiere,59,Industriequartier (Kreis 5),2,2 Zimmer,1,Gemeinnützig,2,Quadratmeter,1,netto,14.87,14.67,15.07,12.28,11.65,12.49,13.98,13.96,14.18,17.1,16.38,17.73,340,263,16
2024,2024.04,4,Stadtquartiere,59,Industriequartier (Kreis 5),2,2 Zimmer,1,Gemeinnützig,2,Quadratmeter,1,netto,15.71,14.92,16.5,12.12,11.37,12.83,15.09,14.54,15.33,17.48,16.96,17.95,331,252,20
2022,2022.04,4,Stadtquartiere,59,Industriequartier (Kreis 5),3,3 Zimmer,1,Gemeinnützig,2,Quadratmeter,1,netto,13.42,13.13,13.71,11.36,11.03,11.72,12.62,12.56,13.1,15.04,14.52,15.56,917,631,19
2024,2024.04,4,Stadtquartiere,59,Industriequartier (Kreis 5),3,3 Zimmer,1,Gemeinnützig,2,Quadratmeter,1,netto,14.72,14.48,14.97,12.3,12.18,12.44,14.13,14.05,14.92,16.88,16.2,17.25,924,643,20
2022,2022.04,4,Stadtquartiere,59,Industriequartier (Kreis 5),4,4 Zimmer,1,Gemeinnützig,2,Quadratmeter,1,netto,13.7,13.44,13.96,11.05,10.65,11.4,13.09,12.88,13.82,16.25,15.59,16.93,423,294,22
2024,2024.04,4,Stadtquartiere,59,Industriequartier (Kreis 5),4,4 Zimmer,1,Gemeinnützig,2,Quadratmeter,1,netto,14.88,14.71,15.06,12.25,12.12,12.44,15.04,14.5,15.78,17.08,16.94,17.84,407,279,19
2022,2022.04,4,Stadtquartiere,59,Industriequartier (Kreis 5),9,"2 , 3  und 4 Zimmer",1,Gemeinnützig,2,Quadratmeter,1,netto,13.78,13.61,13.96,11.36,11.2,11.71,13.08,12.88,13.27,15.74,15.42,16.26,1680,1188,57
2024,2024.04,4,Stadtquartiere,59,Industriequartier (Kreis 5),9,"2 , 3  und 4 Zimmer",1,Gemeinnützig,2,Quadratmeter,1,netto,14.96,14.75,15.18,12.26,12.14,12.42,14.65,14.26,14.97,17.03,16.95,17.42,1662,1174,59
2022,2022.04,4,Stadtquartiere,59,Industriequartier (Kreis 5),2,2 Zimmer,2,Nicht gemeinnützig,2,Quadratmeter,1,netto,30.01,28.95,31.06,24.57,23.54,25.89,29.74,28.21,30.37,34.78,33.08,36.5,1355,363,77
2024,2024.04,4,Stadtquartiere,59,Industriequartier (Kreis 5),2,2 Zimmer,2,Nicht gemeinnützig,2,Quadratmeter,1,netto,31.34,30.44,32.24,24.69,23.47,25.74,31.23,29.55,32.28,37.04,35.11,38.13,1317,343,94
2022,2022.04,4,Stadtquartiere,59,Industriequartier (Kreis 5),3,3 Zimmer,2,Nicht gemeinnützig,2,Quadratmeter,1,netto,25.6,24.3,26.89,21.22,19.74,22.63,25.27,23.09,26.31,29.88,28.12,32.36,1904,416,66
2024,2024.04,4,Stadtquartiere,59,Industriequartier (Kreis 5),3,3 Zimmer,2,Nicht gemeinnützig,2,Quadratmeter,1,netto,27.65,26.45,28.86,22.71,21.37,24.15,27.07,26.03,29.2,32.81,31.39,33.8,1819,408,85
2022,2022.04,4,Stadtquartiere,59,Industriequartier (Kreis 5),4,4 Zimmer,2,Nicht gemeinnützig,2,Quadratmeter,1,netto,22.49,21.18,23.8,17.17,15.93,18.6,20.67,19.8,23.5,27.88,25.75,30.16,965,189,46
2024,2024.04,4,Stadtquartiere,59,Industriequartier (Kreis 5),4,4 Zimmer,2,Nicht gemeinnützig,2,Quadratmeter,1,netto,23.67,22.43,24.9,19.14,17.65,20.96,23.15,21.47,25.61,28.4,27.68,29.39,914,221,52
2022,2022.04,4,Stadtquartiere,59,Industriequartier (Kreis 5),9,"2 , 3  und 4 Zimmer",2,Nicht gemeinnützig,2,Quadratmeter,1,netto,26.31,25.57,27.04,20.89,20.02,22.17,25.75,25.05,26.84,30.8,30.06,32.53,4224,968,189
2024,2024.04,4,Stadtquartiere,59,Industriequartier (Kreis 5),9,"2 , 3  und 4 Zimmer",2,Nicht gemeinnützig,2,Quadratmeter,1,netto,27.95,27.27,28.63,22.29,21.34,23.14,27.52,26.4,28.34,33.23,32.28,33.87,4050,972,231
2022,2022.04,4,Stadtquartiere,61,Unterstrass,2,2 Zimmer,1,Gemeinnützig,2,Quadratmeter,1,netto,17.13,15.89,18.37,13.91,13.58,14.5,15.89,14.18,16.76,18.36,16.85,20.68,617,290,12
2024,2024.04,4,Stadtquartiere,61,Unterstrass,2,2 Zimmer,1,Gemeinnützig,2,Quadratmeter,1,netto,17.0,16.37,17.63,14.69,14.05,15.21,16.49,15.85,17.22,18.26,17.63,19.76,671,342,20
2022,2022.04,4,Stadtquartiere,61,Unterstrass,3,3 Zimmer,1,Gemeinnützig,2,Quadratmeter,1,netto,14.01,13.77,14.26,12.93,11.97,13.17,14.16,13.64,14.3,14.97,14.75,15.15,1705,946,23
2024,2024.04,4,Stadtquartiere,61,Unterstrass,3,3 Zimmer,1,Gemeinnützig,2,Quadratmeter,1,netto,14.96,14.77,15.15,13.75,13.59,13.93,14.89,14.59,15.39,16.05,15.87,16.45,1770,1074,27
2022,2022.04,4,Stadtquartiere,61,Unterstrass,4,4 Zimmer,1,Gemeinnützig,2,Quadratmeter,1,netto,14.36,14.07,14.64,13.27,13.04,13.51,13.87,13.61,14.21,14.81,14.65,16.01,977,552,20
2024,2024.04,4,Stadtquartiere,61,Unterstrass,4,4 Zimmer,1,Gemeinnützig,2,Quadratmeter,1,netto,15.28,14.94,15.63,13.99,13.79,14.1,14.86,14.57,15.61,16.72,16.49,17.45,1005,593,22
2022,2022.04,4,Stadtquartiere,61,Unterstrass,9,"2 , 3  und 4 Zimmer",1,Gemeinnützig,2,Quadratmeter,1,netto,14.7,14.41,14.98,13.21,13.08,13.41,14.14,13.97,14.29,15.35,15.03,15.91,3299,1788,55
2024,2024.04,4,Stadtquartiere,61,Unterstrass,9,"2 , 3  und 4 Zimmer",1,Gemeinnützig,2,Quadratmeter,1,netto,15.45,15.27,15.64,13.94,13.79,14.03,15.2,14.89,15.54,16.73,16.51,17.07,3446,2009,69
2022,2022.04,4,Stadtquartiere,61,Unterstrass,2,2 Zimmer,2,Nicht gemeinnützig,2,Quadratmeter,1,netto,26.43,24.97,27.89,22.82,20.07,25.02,26.62,25.1,28.43,31.22,28.76,32.96,1710,278,40
2024,2024.04,4,Stadtquartiere,61,Unterstrass,2,2 Zimmer,2,Nicht gemeinnützig,2,Quadratmeter,1,netto,29.16,28.07,30.26,23.75,21.22,25.72,29.42,27.83,30.0,34.37,31.76,36.11,1675,303,60
2022,2022.04,4,Stadtquartiere,61,Unterstrass,3,3 Zimmer,2,Nicht gemeinnützig,2,Quadratmeter,1,netto,25.0,23.27,26.72,19.33,16.61,21.36,24.96,22.01,27.86,30.71,27.88,33.82,2508,378,43
2024,2024.04,4,Stadtquartiere,61,Unterstrass,3,3 Zimmer,2,Nicht gemeinnützig,2,Quadratmeter,1,netto,26.61,25.19,28.03,20.95,18.63,23.39,26.48,25.0,28.4,31.09,29.51,33.9,2432,380,61
2022,2022.04,4,Stadtquartiere,61,Unterstrass,4,4 Zimmer,2,Nicht gemeinnützig,2,Quadratmeter,1,netto,23.87,22.82,24.92,20.15,17.12,20.89,23.75,23.2,24.48,27.9,25.58,30.61,1465,262,51
2024,2024.04,4,Stadtquartiere,61,Unterstrass,4,4 Zimmer,2,Nicht gemeinnützig,2,Quadratmeter,1,netto,25.53,24.46,26.59,20.98,18.41,22.45,25.0,23.52,26.49,30.45,28.82,32.22,1422,262,75
2022,2022.04,4,Stadtquartiere,61,Unterstrass,9,"2 , 3  und 4 Zimmer",2,Nicht gemeinnützig,2,Quadratmeter,1,netto,25.13,24.21,26.05,19.87,19.16,21.43,25.0,24.12,26.34,30.52,28.68,31.57,5683,918,134
2024,2024.04,4,Stadtquartiere,61,Unterstrass,9,"2 , 3  und 4 Zimmer",2,Nicht gemeinnützig,2,Quadratmeter,1,netto,27.1,26.34,27.86,21.78,20.0,22.85,26.99,25.66,28.38,32.02,30.53,32.94,5529,945,196
2022,2022.04,4,Stadtquartiere,63,Oberstrass,2,2 Zimmer,1,Gemeinnützig,2,Quadratmeter,1,netto,18.02,17.69,18.35,15.2,15.1,15.42,16.47,16.09,16.52,18.0,17.7,19.15,59,38,19
2024,2024.04,4,Stadtquartiere,63,Oberstrass,2,2 Zimmer,1,Gemeinnützig,2,Quadratmeter,1,netto,19.02,18.63,19.41,15.62,15.61,15.97,17.55,17.5,17.62,19.36,18.53,19.73,60,38,19
2022,2022.04,4,Stadtquartiere,63,Oberstrass,3,3 Zimmer,1,Gemeinnützig,2,Quadratmeter,1,netto,15.57,15.23,15.9,12.35,12.29,12.39,14.56,14.49,14.69,16.69,16.6,17.28,234,185,20
2024,2024.04,4,Stadtquartiere,63,Oberstrass,3,3 Zimmer,1,Gemeinnützig,2,Quadratmeter,1,netto,16.13,15.77,16.5,12.47,12.4,12.52,15.36,15.1,15.49,17.69,17.43,17.88,235,187,20
2022,2022.04,4,Stadtquartiere,63,Oberstrass,4,4 Zimmer,1,Gemeinnützig,2,Quadratmeter,1,netto,14.96,14.85,15.08,13.18,13.1,13.26,14.64,14.53,14.72,16.33,16.12,16.62,179,153,17
2024,2024.04,4,Stadtquartiere,63,Oberstrass,4,4 Zimmer,1,Gemeinnützig,2,Quadratmeter,1,netto,15.93,15.77,16.09,13.99,13.98,14.08,15.42,15.29,15.51,17.11,17.01,17.2,183,159,19
2022,2022.04,4,Stadtquartiere,63,Oberstrass,9,"2 , 3  und 4 Zimmer",1,Gemeinnützig,2,Quadratmeter,1,netto,15.66,15.48,15.84,12.93,12.86,13.02,14.82,14.75,14.86,16.7,16.66,16.97,472,376,56
2024,2024.04,4,Stadtquartiere,63,Oberstrass,9,"2 , 3  und 4 Zimmer",1,Gemeinnützig,2,Quadratmeter,1,netto,16.42,16.22,16.61,13.65,13.61,13.7,15.61,15.58,15.68,17.76,17.59,17.87,478,384,58
2022,2022.04,4,Stadtquartiere,63,Oberstrass,2,2 Zimmer,2,Nicht gemeinnützig,2,Quadratmeter,1,netto,29.61,27.32,31.9,23.42,22.83,25.63,28.07,25.73,30.9,35.18,30.75,38.95,868,71,35
2024,2024.04,4,Stadtquartiere,63,Oberstrass,2,2 Zimmer,2,Nicht gemeinnützig,2,Quadratmeter,1,netto,30.55,28.75,32.35,23.52,21.94,26.05,28.95,27.86,30.33,36.15,32.0,39.69,869,81,57
2022,2022.04,4,Stadtquartiere,63,Oberstrass,3,3 Zimmer,2,Nicht gemeinnützig,2,Quadratmeter,1,netto,27.38,25.65,29.11,22.37,19.75,24.76,27.32,24.78,29.4,32.07,29.37,37.0,966,64,44
2024,2024.04,4,Stadtquartiere,63,Oberstrass,3,3 Zimmer,2,Nicht gemeinnützig,2,Quadratmeter,1,netto,30.12,28.18,32.07,23.18,19.99,27.76,30.0,28.77,32.87,37.08,33.36,40.96,937,71,56
2022,2022.04,4,Stadtquartiere,63,Oberstrass,4,4 Zimmer,2,Nicht gemeinnützig,2,Quadratmeter,1,netto,23.72,21.66,25.77,16.84,13.75,21.59,23.29,21.67,27.06,31.92,27.88,33.31,888,48,42
2024,2024.04,4,Stadtquartiere,63,Oberstrass,4,4 Zimmer,2,Nicht gemeinnützig,2,Quadratmeter,1,netto,26.15,24.67,27.63,20.39,18.56,21.65,25.56,22.57,27.88,31.86,29.14,35.12,868,39,58
2022,2022.04,4,Stadtquartiere,63,Oberstrass,9,"2 , 3  und 4 Zimmer",2,Nicht gemeinnützig,2,Quadratmeter,1,netto,26.9,25.74,28.07,21.71,20.42,22.98,26.78,25.45,28.19,32.44,30.64,33.9,2722,183,121
2024,2024.04,4,Stadtquartiere,63,Oberstrass,9,"2 , 3  und 4 Zimmer",2,Nicht gemeinnützig,2,Quadratmeter,1,netto,28.96,27.94,29.98,21.82,20.26,22.87,28.73,27.59,29.5,35.65,33.28,36.33,2674,191,171
2022,2022.04,4,Stadtquartiere,71,Fluntern,2,2 Zimmer,1,Gemeinnützig,2,Quadratmeter,1,netto,18.04,18.04,18.04,16.11,16.11,16.11,16.67,16.67,16.67,18.41,18.41,18.41,48,48,0
2024,2024.04,4,Stadtquartiere,71,Fluntern,2,2 Zimmer,1,Gemeinnützig,2,Quadratmeter,1,netto,19.77,19.56,19.97,16.31,16.31,16.32,17.22,17.08,17.42,19.52,19.29,19.58,53,52,0
2022,2022.04,4,Stadtquartiere,71,Fluntern,3,3 Zimmer,1,Gemeinnützig,2,Quadratmeter,1,netto,15.66,15.39,15.92,14.51,14.49,14.54,15.01,14.97,15.04,16.74,16.47,16.79,75,61,12
2024,2024.04,4,Stadtquartiere,71,Fluntern,3,3 Zimmer,1,Gemeinnützig,2,Quadratmeter,1,netto,18.17,17.92,18.43,15.12,15.12,15.17,15.81,15.62,15.97,17.39,17.2,17.59,81,78,0
2022,2022.04,4,Stadtquartiere,71,Fluntern,4,4 Zimmer,1,Gemeinnützig,2,Quadratmeter,1,netto,13.63,13.55,13.71,13.06,13.04,13.23,13.8,13.8,13.94,14.55,14.39,14.58,51,49,0
2024,2024.04,4,Stadtquartiere,71,Fluntern,4,4 Zimmer,1,Gemeinnützig,2,Quadratmeter,1,netto,16.51,16.29,16.73,14.06,14.06,14.29,14.56,14.56,14.58,15.77,15.76,15.79,51,50,0
2022,2022.04,4,Stadtquartiere,71,Fluntern,9,"2 , 3  und 4 Zimmer",1,Gemeinnützig,2,Quadratmeter,1,netto,15.84,15.72,15.96,14.15,14.1,14.16,15.33,15.07,15.53,16.75,16.71,16.86,174,158,12
2024,2024.04,4,Stadtquartiere,71,Fluntern,9,"2 , 3  und 4 Zimmer",1,Gemeinnützig,2,Quadratmeter,1,netto,18.15,18.01,18.29,14.97,14.92,15.0,16.07,16.05,16.12,17.93,17.79,18.07,185,180,0
2022,2022.04,4,Stadtquartiere,71,Fluntern,2,2 Zimmer,2,Nicht gemeinnützig,2,Quadratmeter,1,netto,29.99,27.85,32.12,22.8,19.77,26.21,30.9,25.0,33.23,35.39,33.23,38.43,520,65,34
2024,2024.04,4,Stadtquartiere,71,Fluntern,2,2 Zimmer,2,Nicht gemeinnützig,2,Quadratmeter,1,netto,33.12,30.92,35.32,26.15,22.52,27.96,29.48,28.05,32.46,40.9,33.21,43.95,507,51,44
2022,2022.04,4,Stadtquartiere,71,Fluntern,3,3 Zimmer,2,Nicht gemeinnützig,2,Quadratmeter,1,netto,30.12,28.49,31.75,26.24,24.11,27.82,31.15,27.94,32.7,33.87,33.03,37.88,695,121,39
2024,2024.04,4,Stadtquartiere,71,Fluntern,3,3 Zimmer,2,Nicht gemeinnützig,2,Quadratmeter,1,netto,30.66,29.03,32.29,24.44,22.11,26.4,29.71,28.35,32.86,35.55,34.49,37.05,667,108,58
2022,2022.04,4,Stadtquartiere,71,Fluntern,4,4 Zimmer,2,Nicht gemeinnützig,2,Quadratmeter,1,netto,26.0,24.35,27.65,20.22,19.66,23.28,26.33,23.21,28.46,30.86,29.47,31.96,693,100,35
2024,2024.04,4,Stadtquartiere,71,Fluntern,4,4 Zimmer,2,Nicht gemeinnützig,2,Quadratmeter,1,netto,27.5,26.26,28.73,21.45,20.69,22.93,26.19,24.62,28.83,32.11,30.7,33.02,663,89,54
2022,2022.04,4,Stadtquartiere,71,Fluntern,9,"2 , 3  und 4 Zimmer",2,Nicht gemeinnützig,2,Quadratmeter,1,netto,28.59,27.56,29.61,22.86,20.26,24.1,29.44,27.07,30.51,33.62,32.79,35.33,1908,286,108
2024,2024.04,4,Stadtquartiere,71,Fluntern,9,"2 , 3  und 4 Zimmer",2,Nicht gemeinnützig,2,Quadratmeter,1,netto,30.22,29.26,31.18,22.96,22.13,24.46,28.73,27.72,29.6,35.28,33.79,36.27,1837,248,156
2022,2022.04,4,Stadtquartiere,72,Hottingen,2,2 Zimmer,1,Gemeinnützig,2,Quadratmeter,1,netto,22.65,22.33,22.97,20.85,20.38,21.48,23.08,22.9,23.3,25.15,24.61,25.62,122,91,18
2024,2024.04,4,Stadtquartiere,72,Hottingen,2,2 Zimmer,1,Gemeinnützig,2,Quadratmeter,1,netto,24.25,23.8,24.7,21.78,21.54,22.15,23.47,23.25,23.73,26.24,25.68,26.83,125,92,20
2022,2022.04,4,Stadtquartiere,72,Hottingen,3,3 Zimmer,1,Gemeinnützig,2,Quadratmeter,1,netto,20.08,19.8,20.36,17.9,17.3,18.21,21.02,20.86,21.23,22.28,22.05,22.6,132,90,28
2024,2024.04,4,Stadtquartiere,72,Hottingen,3,3 Zimmer,1,Gemeinnützig,2,Quadratmeter,1,netto,22.78,22.35,23.22,20.55,20.46,20.7,21.96,21.8,22.05,23.75,23.48,24.7,133,96,26
2022,2022.04,4,Stadtquartiere,72,Hottingen,4,4 Zimmer,1,Gemeinnützig,2,Quadratmeter,1,netto,18.45,18.03,18.87,15.04,14.7,15.34,17.57,17.34,17.97,20.97,20.22,21.62,123,91,23
2024,2024.04,4,Stadtquartiere,72,Hottingen,4,4 Zimmer,1,Gemeinnützig,2,Quadratmeter,1,netto,19.46,18.95,19.97,16.27,16.04,16.68,19.1,18.92,19.55,22.01,21.24,22.99,121,87,20
2022,2022.04,4,Stadtquartiere,72,Hottingen,9,"2 , 3  und 4 Zimmer",1,Gemeinnützig,2,Quadratmeter,1,netto,20.38,20.18,20.58,17.06,16.79,17.21,20.93,20.71,21.15,23.48,23.31,23.72,377,272,69
2024,2024.04,4,Stadtquartiere,72,Hottingen,9,"2 , 3  und 4 Zimmer",1,Gemeinnützig,2,Quadratmeter,1,netto,22.22,21.96,22.49,19.11,18.93,19.43,21.96,21.79,22.14,24.91,24.55,25.12,379,275,66
2022,2022.04,4,Stadtquartiere,72,Hottingen,2,2 Zimmer,2,Nicht gemeinnützig,2,Quadratmeter,1,netto,29.46,27.61,31.3,23.54,21.49,27.87,29.68,27.87,31.08,34.57,30.93,37.32,865,89,37
2024,2024.04,4,Stadtquartiere,72,Hottingen,2,2 Zimmer,2,Nicht gemeinnützig,2,Quadratmeter,1,netto,33.66,32.27,35.04,27.4,25.63,28.91,32.78,30.99,35.89,39.23,36.94,44.38,864,85,51
2022,2022.04,4,Stadtquartiere,72,Hottingen,3,3 Zimmer,2,Nicht gemeinnützig,2,Quadratmeter,1,netto,28.52,25.69,31.35,22.15,20.18,23.62,29.13,23.49,31.18,32.83,31.21,33.91,1169,108,41
2024,2024.04,4,Stadtquartiere,72,Hottingen,3,3 Zimmer,2,Nicht gemeinnützig,2,Quadratmeter,1,netto,29.85,28.49,31.22,25.02,23.51,27.06,29.7,28.22,31.42,34.4,31.95,37.67,1160,102,60
2022,2022.04,4,Stadtquartiere,72,Hottingen,4,4 Zimmer,2,Nicht gemeinnützig,2,Quadratmeter,1,netto,26.27,24.02,28.52,20.04,18.62,24.09,25.74,23.8,28.61,30.77,28.49,32.83,971,54,42
2024,2024.04,4,Stadtquartiere,72,Hottingen,4,4 Zimmer,2,Nicht gemeinnützig,2,Quadratmeter,1,netto,27.45,25.73,29.16,21.84,20.8,24.16,28.49,24.68,29.96,31.97,30.52,34.06,936,49,49
2022,2022.04,4,Stadtquartiere,72,Hottingen,9,"2 , 3  und 4 Zimmer",2,Nicht gemeinnützig,2,Quadratmeter,1,netto,28.06,26.63,29.49,22.29,20.18,23.62,28.18,25.8,29.33,32.63,31.1,33.57,3005,251,120
2024,2024.04,4,Stadtquartiere,72,Hottingen,9,"2 , 3  und 4 Zimmer",2,Nicht gemeinnützig,2,Quadratmeter,1,netto,30.22,29.36,31.09,24.69,23.54,26.25,29.75,28.95,31.14,35.53,33.18,36.86,2960,236,160
2022,2022.04,4,Stadtquartiere,73,Hirslanden,2,2 Zimmer,1,Gemeinnützig,2,Quadratmeter,1,netto,16.52,16.09,16.96,15.16,13.39,15.61,16.05,15.42,17.64,18.36,16.98,19.43,78,30,10
2024,2024.04,4,Stadtquartiere,73,Hirslanden,2,2 Zimmer,1,Gemeinnützig,2,Quadratmeter,1,netto,17.19,16.47,17.91,13.87,13.47,16.07,16.58,15.38,17.59,19.83,17.59,20.32,81,30,11
2022,2022.04,4,Stadtquartiere,73,Hirslanden,3,3 Zimmer,1,Gemeinnützig,2,Quadratmeter,1,netto,14.01,13.56,14.46,11.71,11.57,12.91,13.39,12.55,14.23,15.21,14.71,16.1,221,72,12
2024,2024.04,4,Stadtquartiere,73,Hirslanden,3,3 Zimmer,1,Gemeinnützig,2,Quadratmeter,1,netto,14.69,14.46,14.91,12.07,11.64,12.99,13.11,12.15,14.0,16.84,16.11,17.26,235,79,11
2022,2022.04,4,Stadtquartiere,73,Hirslanden,4,4 Zimmer,1,Gemeinnützig,2,Quadratmeter,1,netto,12.21,11.86,12.55,10.5,9.88,10.68,10.83,10.82,12.25,13.41,12.9,13.72,89,33,15
2024,2024.04,4,Stadtquartiere,73,Hirslanden,4,4 Zimmer,1,Gemeinnützig,2,Quadratmeter,1,netto,13.2,13.04,13.37,11.03,10.75,11.46,11.75,11.44,12.15,14.62,14.27,14.75,100,43,12
2022,2022.04,4,Stadtquartiere,73,Hirslanden,9,"2 , 3  und 4 Zimmer",1,Gemeinnützig,2,Quadratmeter,1,netto,14.07,13.78,14.35,11.6,11.26,11.92,13.41,12.61,14.32,16.33,15.6,16.8,388,135,37
2024,2024.04,4,Stadtquartiere,73,Hirslanden,9,"2 , 3  und 4 Zimmer",1,Gemeinnützig,2,Quadratmeter,1,netto,14.81,14.61,15.01,12.04,11.64,12.15,13.48,12.85,14.01,17.45,16.55,17.64,416,152,34
2022,2022.04,4,Stadtquartiere,73,Hirslanden,2,2 Zimmer,2,Nicht gemeinnützig,2,Quadratmeter,1,netto,29.25,27.48,31.02,22.59,20.21,26.28,28.66,26.56,30.08,35.12,32.23,42.09,588,84,34
2024,2024.04,4,Stadtquartiere,73,Hirslanden,2,2 Zimmer,2,Nicht gemeinnützig,2,Quadratmeter,1,netto,32.68,30.89,34.48,25.56,22.41,30.53,33.87,31.99,35.22,39.77,36.32,43.13,642,102,47
2022,2022.04,4,Stadtquartiere,73,Hirslanden,3,3 Zimmer,2,Nicht gemeinnützig,2,Quadratmeter,1,netto,24.56,23.06,26.06,20.48,18.78,23.54,25.0,23.76,27.01,29.23,27.02,32.92,1043,115,40
2024,2024.04,4,Stadtquartiere,73,Hirslanden,3,3 Zimmer,2,Nicht gemeinnützig,2,Quadratmeter,1,netto,26.95,25.46,28.43,20.71,18.14,24.18,27.92,25.32,28.8,32.43,30.07,34.14,1062,118,62
2022,2022.04,4,Stadtquartiere,73,Hirslanden,4,4 Zimmer,2,Nicht gemeinnützig,2,Quadratmeter,1,netto,22.08,19.66,24.51,17.77,14.46,22.53,23.08,17.83,25.29,26.23,24.3,29.43,674,46,26
2024,2024.04,4,Stadtquartiere,73,Hirslanden,4,4 Zimmer,2,Nicht gemeinnützig,2,Quadratmeter,1,netto,23.79,22.4,25.18,19.6,16.39,21.0,23.73,22.28,26.47,28.58,26.88,30.63,647,36,55
2022,2022.04,4,Stadtquartiere,73,Hirslanden,9,"2 , 3  und 4 Zimmer",2,Nicht gemeinnützig,2,Quadratmeter,1,netto,25.03,23.95,26.11,20.0,17.93,21.72,25.09,24.08,26.44,29.59,27.64,32.31,2305,245,100
2024,2024.04,4,Stadtquartiere,73,Hirslanden,9,"2 , 3  und 4 Zimmer",2,Nicht gemeinnützig,2,Quadratmeter,1,netto,27.63,26.72,28.55,20.95,19.99,22.95,27.8,26.7,28.78,33.79,32.44,34.98,2351,256,164
2022,2022.04,4,Stadtquartiere,74,Witikon,2,2 Zimmer,1,Gemeinnützig,2,Quadratmeter,1,netto,16.89,16.32,17.47,13.2,12.63,14.22,17.32,16.57,19.43,20.76,20.03,21.86,54,22,20
2024,2024.04,4,Stadtquartiere,74,Witikon,2,2 Zimmer,1,Gemeinnützig,2,Quadratmeter,1,netto,20.0,17.18,22.81,9.85,17.24,20.74,20.14,10.5,23.06,22.44,20.12,23.64,99,24,5
2022,2022.04,4,Stadtquartiere,74,Witikon,3,3 Zimmer,1,Gemeinnützig,2,Quadratmeter,1,netto,14.79,14.59,15.0,11.93,11.93,12.56,14.49,14.49,14.73,17.06,16.85,17.56,88,59,20
2024,2024.04,4,Stadtquartiere,74,Witikon,3,3 Zimmer,1,Gemeinnützig,2,Quadratmeter,1,netto,15.48,14.78,16.17,11.61,11.57,11.99,13.57,12.94,17.06,19.16,17.73,20.55,103,53,17
2022,2022.04,4,Stadtquartiere,74,Witikon,4,4 Zimmer,1,Gemeinnützig,2,Quadratmeter,1,netto,13.8,13.54,14.05,11.87,11.68,12.41,12.75,12.4,13.17,15.05,14.83,15.25,158,69,20
2024,2024.04,4,Stadtquartiere,74,Witikon,4,4 Zimmer,1,Gemeinnützig,2,Quadratmeter,1,netto,13.99,13.52,14.46,11.93,11.72,12.29,12.66,12.25,13.73,14.71,14.34,16.77,160,65,17
2022,2022.04,4,Stadtquartiere,74,Witikon,9,"2 , 3  und 4 Zimmer",1,Gemeinnützig,2,Quadratmeter,1,netto,14.6,14.42,14.78,11.83,11.64,12.14,13.85,13.17,14.45,16.72,16.46,16.96,300,150,60
2024,2024.04,4,Stadtquartiere,74,Witikon,9,"2 , 3  und 4 Zimmer",1,Gemeinnützig,2,Quadratmeter,1,netto,16.04,15.22,16.86,12.0,11.7,12.47,14.62,13.29,17.58,20.13,18.8,20.85,362,142,39
2022,2022.04,4,Stadtquartiere,74,Witikon,2,2 Zimmer,2,Nicht gemeinnützig,2,Quadratmeter,1,netto,23.38,21.94,24.82,17.52,15.35,20.71,23.0,21.79,25.48,30.04,27.21,31.43,678,156,33
2024,2024.04,4,Stadtquartiere,74,Witikon,2,2 Zimmer,2,Nicht gemeinnützig,2,Quadratmeter,1,netto,26.22,25.0,27.44,21.78,20.07,22.91,24.44,23.69,26.09,29.69,28.27,32.73,700,156,44
2022,2022.04,4,Stadtquartiere,74,Witikon,3,3 Zimmer,2,Nicht gemeinnützig,2,Quadratmeter,1,netto,19.97,19.09,20.86,16.76,15.68,18.94,20.34,19.24,22.28,22.98,22.31,24.43,1422,276,31
2024,2024.04,4,Stadtquartiere,74,Witikon,3,3 Zimmer,2,Nicht gemeinnützig,2,Quadratmeter,1,netto,23.39,22.5,24.27,18.35,17.76,19.65,22.9,21.57,24.47,26.81,25.24,27.8,1397,293,56
2022,2022.04,4,Stadtquartiere,74,Witikon,4,4 Zimmer,2,Nicht gemeinnützig,2,Quadratmeter,1,netto,22.35,20.87,23.84,18.87,17.3,19.56,21.38,19.65,22.47,23.44,22.27,28.71,1003,171,29
2024,2024.04,4,Stadtquartiere,74,Witikon,4,4 Zimmer,2,Nicht gemeinnützig,2,Quadratmeter,1,netto,22.24,21.09,23.38,17.58,16.0,19.09,21.48,20.4,22.83,27.49,25.74,28.12,947,186,47
2022,2022.04,4,Stadtquartiere,74,Witikon,9,"2 , 3  und 4 Zimmer",2,Nicht gemeinnützig,2,Quadratmeter,1,netto,21.49,20.78,22.19,17.51,16.49,18.94,21.21,20.17,22.26,23.77,22.95,25.96,3103,603,93
2024,2024.04,4,Stadtquartiere,74,Witikon,9,"2 , 3  und 4 Zimmer",2,Nicht gemeinnützig,2,Quadratmeter,1,netto,23.68,23.08,24.29,18.84,18.07,19.48,22.95,22.35,23.86,27.24,26.78,28.12,3044,635,147
2022,2022.04,4,Stadtquartiere,89,Riesbach (Kreis 8),2,2 Zimmer,1,Gemeinnützig,2,Quadratmeter,1,netto,19.05,18.51,19.59,14.9,14.83,15.4,17.3,17.19,17.75,21.79,21.37,24.34,98,80,0
2024,2024.04,4,Stadtquartiere,89,Riesbach (Kreis 8),2,2 Zimmer,1,Gemeinnützig,2,Quadratmeter,1,netto,19.97,19.62,20.33,15.06,14.9,15.38,18.04,17.72,18.72,23.35,22.43,24.93,93,86,0
2022,2022.04,4,Stadtquartiere,89,Riesbach (Kreis 8),3,3 Zimmer,1,Gemeinnützig,2,Quadratmeter,1,netto,15.9,15.76,16.05,13.12,13.1,13.21,14.75,14.71,15.03,16.86,16.52,16.98,253,235,0
2024,2024.04,4,Stadtquartiere,89,Riesbach (Kreis 8),3,3 Zimmer,1,Gemeinnützig,2,Quadratmeter,1,netto,16.83,16.71,16.95,13.77,13.7,13.79,15.35,15.3,15.41,18.03,17.88,18.16,246,214,24
2022,2022.04,4,Stadtquartiere,89,Riesbach (Kreis 8),4,4 Zimmer,1,Gemeinnützig,2,Quadratmeter,1,netto,14.45,14.34,14.57,12.37,12.35,12.39,13.8,13.72,13.89,15.29,15.25,15.34,244,232,0
2024,2024.04,4,Stadtquartiere,89,Riesbach (Kreis 8),4,4 Zimmer,1,Gemeinnützig,2,Quadratmeter,1,netto,15.42,15.35,15.5,12.71,12.68,12.78,14.79,14.56,14.82,16.23,16.21,16.25,246,227,14
2022,2022.04,4,Stadtquartiere,89,Riesbach (Kreis 8),9,"2 , 3  und 4 Zimmer",1,Gemeinnützig,2,Quadratmeter,1,netto,15.81,15.7,15.93,12.78,12.71,12.84,14.8,14.71,14.89,16.96,16.68,17.21,595,547,0
2024,2024.04,4,Stadtquartiere,89,Riesbach (Kreis 8),9,"2 , 3  und 4 Zimmer",1,Gemeinnützig,2,Quadratmeter,1,netto,16.71,16.64,16.79,13.57,13.52,13.6,15.42,15.4,15.5,18.0,17.86,18.08,585,527,38
2022,2022.04,4,Stadtquartiere,89,Riesbach (Kreis 8),2,2 Zimmer,2,Nicht gemeinnützig,2,Quadratmeter,1,netto,31.98,30.89,33.06,24.88,22.91,26.45,32.5,31.0,34.39,38.11,36.82,40.42,2213,477,113
2024,2024.04,4,Stadtquartiere,89,Riesbach (Kreis 8),2,2 Zimmer,2,Nicht gemeinnützig,2,Quadratmeter,1,netto,34.71,33.77,35.65,25.8,24.95,26.9,34.58,32.79,35.46,42.46,40.28,44.02,2192,497,176
2022,2022.04,4,Stadtquartiere,89,Riesbach (Kreis 8),3,3 Zimmer,2,Nicht gemeinnützig,2,Quadratmeter,1,netto,28.83,27.82,29.84,22.07,20.21,24.04,29.97,28.0,30.84,35.37,33.91,37.25,2773,472,125
2024,2024.04,4,Stadtquartiere,89,Riesbach (Kreis 8),3,3 Zimmer,2,Nicht gemeinnützig,2,Quadratmeter,1,netto,31.62,30.7,32.54,24.17,22.93,25.57,32.07,29.45,33.58,39.05,37.71,40.3,2751,493,185
2022,2022.04,4,Stadtquartiere,89,Riesbach (Kreis 8),4,4 Zimmer,2,Nicht gemeinnützig,2,Quadratmeter,1,netto,27.07,25.91,28.22,20.0,17.76,22.01,27.11,25.89,28.25,32.18,30.49,34.21,1393,166,99
2024,2024.04,4,Stadtquartiere,89,Riesbach (Kreis 8),4,4 Zimmer,2,Nicht gemeinnützig,2,Quadratmeter,1,netto,27.68,26.75,28.62,21.22,20.25,22.28,27.83,26.19,28.86,34.5,33.53,35.64,1367,176,142
2022,2022.04,4,Stadtquartiere,89,Riesbach (Kreis 8),9,"2 , 3  und 4 Zimmer",2,Nicht gemeinnützig,2,Quadratmeter,1,netto,29.54,28.91,30.17,22.5,21.33,23.69,29.7,28.71,30.65,35.85,34.95,37.16,6379,1115,337
2024,2024.04,4,Stadtquartiere,89,Riesbach (Kreis 8),9,"2 , 3  und 4 Zimmer",2,Nicht gemeinnützig,2,Quadratmeter,1,netto,31.85,31.3,32.41,24.07,23.26,24.66,31.84,30.87,32.73,38.96,38.12,39.99,6310,1166,503
2022,2022.04,4,Stadtquartiere,91,Albisrieden,2,2 Zimmer,1,Gemeinnützig,2,Quadratmeter,1,netto,16.73,16.24,17.22,12.58,12.26,13.41,16.09,14.86,16.91,19.82,18.99,20.85,838,493,25
2024,2024.04,4,Stadtquartiere,91,Albisrieden,2,2 Zimmer,1,Gemeinnützig,2,Quadratmeter,1,netto,18.06,17.1,19.02,14.03,12.94,15.39,18.29,17.12,19.6,20.78,20.22,21.9,816,497,17
2022,2022.04,4,Stadtquartiere,91,Albisrieden,3,3 Zimmer,1,Gemeinnützig,2,Quadratmeter,1,netto,13.96,13.62,14.29,11.24,10.92,11.64,13.67,12.77,14.03,16.13,15.77,16.56,1764,1006,40
2024,2024.04,4,Stadtquartiere,91,Albisrieden,3,3 Zimmer,1,Gemeinnützig,2,Quadratmeter,1,netto,14.84,14.51,15.17,12.09,11.64,12.5,14.61,13.83,15.05,16.95,16.7,17.72,1684,1036,29
2022,2022.04,4,Stadtquartiere,91,Albisrieden,4,4 Zimmer,1,Gemeinnützig,2,Quadratmeter,1,netto,14.74,14.37,15.12,12.22,11.95,13.75,14.68,14.35,14.99,16.69,15.65,17.68,1006,516,34
2024,2024.04,4,Stadtquartiere,91,Albisrieden,4,4 Zimmer,1,Gemeinnützig,2,Quadratmeter,1,netto,15.65,15.1,16.21,12.96,12.53,14.33,15.45,15.26,15.91,18.19,17.09,18.94,999,509,28
2022,2022.04,4,Stadtquartiere,91,Albisrieden,9,"2 , 3  und 4 Zimmer",1,Gemeinnützig,2,Quadratmeter,1,netto,14.82,14.59,15.04,11.95,11.7,12.07,14.38,14.29,14.63,17.23,16.69,17.62,3608,2015,99
2024,2024.04,4,Stadtquartiere,91,Albisrieden,9,"2 , 3  und 4 Zimmer",1,Gemeinnützig,2,Quadratmeter,1,netto,15.82,15.5,16.14,12.57,12.3,13.02,15.32,15.06,15.79,18.65,17.95,18.97,3499,2042,74
2022,2022.04,4,Stadtquartiere,91,Albisrieden,2,2 Zimmer,2,Nicht gemeinnützig,2,Quadratmeter,1,netto,26.4,25.18,27.61,21.58,20.33,22.57,24.51,23.13,27.06,31.21,29.15,33.12,1704,343,37
2024,2024.04,4,Stadtquartiere,91,Albisrieden,2,2 Zimmer,2,Nicht gemeinnützig,2,Quadratmeter,1,netto,28.27,27.61,28.92,23.02,21.96,24.09,28.46,26.73,29.27,32.96,31.79,34.66,1741,431,63
2022,2022.04,4,Stadtquartiere,91,Albisrieden,3,3 Zimmer,2,Nicht gemeinnützig,2,Quadratmeter,1,netto,22.27,21.32,23.21,17.64,16.93,19.89,22.57,21.25,24.44,26.23,24.67,27.19,2292,383,34
2024,2024.04,4,Stadtquartiere,91,Albisrieden,3,3 Zimmer,2,Nicht gemeinnützig,2,Quadratmeter,1,netto,25.92,25.05,26.8,20.6,19.47,22.0,25.44,23.49,26.46,30.03,28.2,32.43,2417,417,52
2022,2022.04,4,Stadtquartiere,91,Albisrieden,4,4 Zimmer,2,Nicht gemeinnützig,2,Quadratmeter,1,netto,22.1,21.19,23.01,17.16,16.81,20.43,21.47,20.48,22.83,24.83,23.63,26.15,1267,314,29
2024,2024.04,4,Stadtquartiere,91,Albisrieden,4,4 Zimmer,2,Nicht gemeinnützig,2,Quadratmeter,1,netto,23.15,22.32,23.97,18.36,18.14,19.59,21.83,20.16,23.25,26.09,24.35,27.29,1334,391,40
2022,2022.04,4,Stadtquartiere,91,Albisrieden,9,"2 , 3  und 4 Zimmer",2,Nicht gemeinnützig,2,Quadratmeter,1,netto,23.57,22.96,24.18,18.9,17.75,20.35,22.85,22.2,23.84,27.12,26.24,27.72,5263,1040,100
2024,2024.04,4,Stadtquartiere,91,Albisrieden,9,"2 , 3  und 4 Zimmer",2,Nicht gemeinnützig,2,Quadratmeter,1,netto,25.99,25.51,26.48,20.15,19.61,21.42,25.43,24.33,26.0,30.52,29.34,31.37,5492,1239,155
2022,2022.04,4,Stadtquartiere,92,Altstetten,2,2 Zimmer,1,Gemeinnützig,2,Quadratmeter,1,netto,15.95,15.16,16.75,12.91,12.3,13.39,14.42,14.09,16.43,18.09,17.37,18.96,819,502,21
2024,2024.04,4,Stadtquartiere,92,Altstetten,2,2 Zimmer,1,Gemeinnützig,2,Quadratmeter,1,netto,17.06,16.42,17.7,13.9,13.61,14.5,16.0,15.34,17.4,19.66,18.59,20.44,845,531,21
2022,2022.04,4,Stadtquartiere,92,Altstetten,3,3 Zimmer,1,Gemeinnützig,2,Quadratmeter,1,netto,14.09,13.71,14.46,11.99,11.49,12.63,13.94,13.36,14.48,16.04,15.55,16.55,2294,1209,34
2024,2024.04,4,Stadtquartiere,92,Altstetten,3,3 Zimmer,1,Gemeinnützig,2,Quadratmeter,1,netto,14.79,14.38,15.19,12.88,12.57,13.29,14.58,13.78,14.77,16.31,15.53,17.14,2233,1244,30
2022,2022.04,4,Stadtquartiere,92,Altstetten,4,4 Zimmer,1,Gemeinnützig,2,Quadratmeter,1,netto,13.65,13.08,14.23,11.71,11.4,12.26,13.13,12.77,13.84,15.32,14.42,15.66,1293,695,28
2024,2024.04,4,Stadtquartiere,92,Altstetten,4,4 Zimmer,1,Gemeinnützig,2,Quadratmeter,1,netto,14.35,13.95,14.76,12.76,12.49,12.94,14.12,13.5,14.59,15.53,15.1,16.47,1258,744,29
2022,2022.04,4,Stadtquartiere,92,Altstetten,9,"2 , 3  und 4 Zimmer",1,Gemeinnützig,2,Quadratmeter,1,netto,14.31,14.01,14.61,12.05,11.79,12.38,13.84,13.49,14.21,16.09,15.71,16.59,4406,2406,83
2024,2024.04,4,Stadtquartiere,92,Altstetten,9,"2 , 3  und 4 Zimmer",1,Gemeinnützig,2,Quadratmeter,1,netto,15.1,14.83,15.37,12.94,12.79,13.21,14.61,14.28,14.79,16.85,16.3,17.23,4336,2519,80
2022,2022.04,4,Stadtquartiere,92,Altstetten,2,2 Zimmer,2,Nicht gemeinnützig,2,Quadratmeter,1,netto,26.22,25.03,27.41,21.24,19.94,22.09,24.81,22.89,26.17,29.62,27.17,32.94,3611,479,41
2024,2024.04,4,Stadtquartiere,92,Altstetten,2,2 Zimmer,2,Nicht gemeinnützig,2,Quadratmeter,1,netto,27.71,26.96,28.47,22.99,21.61,23.84,27.52,26.06,28.59,31.99,30.7,33.78,3699,1150,64
2022,2022.04,4,Stadtquartiere,92,Altstetten,3,3 Zimmer,2,Nicht gemeinnützig,2,Quadratmeter,1,netto,21.86,21.06,22.66,17.13,16.15,18.71,21.76,20.83,22.09,25.0,22.85,27.12,4332,628,60
2024,2024.04,4,Stadtquartiere,92,Altstetten,3,3 Zimmer,2,Nicht gemeinnützig,2,Quadratmeter,1,netto,24.1,23.5,24.7,19.83,18.9,20.61,23.77,22.86,25.17,27.55,26.59,29.36,4414,1150,74
2022,2022.04,4,Stadtquartiere,92,Altstetten,4,4 Zimmer,2,Nicht gemeinnützig,2,Quadratmeter,1,netto,21.15,19.99,22.3,17.05,16.0,19.32,21.49,19.7,22.7,25.0,23.34,27.39,1761,273,34
2024,2024.04,4,Stadtquartiere,92,Altstetten,4,4 Zimmer,2,Nicht gemeinnützig,2,Quadratmeter,1,netto,22.46,21.62,23.29,18.15,16.96,19.57,20.78,20.21,22.07,26.55,23.4,27.41,1806,435,54
2022,2022.04,4,Stadtquartiere,92,Altstetten,9,"2 , 3  und 4 Zimmer",2,Nicht gemeinnützig,2,Quadratmeter,1,netto,23.34,22.73,23.95,19.24,17.97,19.68,22.09,21.67,22.71,26.92,25.89,28.06,9704,1380,135
2024,2024.04,4,Stadtquartiere,92,Altstetten,9,"2 , 3  und 4 Zimmer",2,Nicht gemeinnützig,2,Quadratmeter,1,netto,25.15,24.73,25.56,20.15,19.79,20.71,24.34,23.79,25.41,29.45,28.57,30.45,9919,2735,192
2022,2022.04,4,Stadtquartiere,101,Höngg,2,2 Zimmer,1,Gemeinnützig,2,Quadratmeter,1,netto,15.85,15.15,16.56,12.89,12.24,13.44,14.72,14.3,15.12,18.58,16.78,19.61,516,378,20
2024,2024.04,4,Stadtquartiere,101,Höngg,2,2 Zimmer,1,Gemeinnützig,2,Quadratmeter,1,netto,16.83,16.26,17.39,14.04,13.54,14.79,15.95,15.42,16.19,19.6,18.52,20.76,530,390,17
2022,2022.04,4,Stadtquartiere,101,Höngg,3,3 Zimmer,1,Gemeinnützig,2,Quadratmeter,1,netto,14.56,13.98,15.13,12.59,12.39,12.9,13.78,13.4,14.21,15.7,14.96,16.12,1012,776,17
2024,2024.04,4,Stadtquartiere,101,Höngg,3,3 Zimmer,1,Gemeinnützig,2,Quadratmeter,1,netto,15.28,14.99,15.57,13.29,13.06,13.56,14.49,14.21,14.89,16.72,16.07,17.15,982,781,18
2022,2022.04,4,Stadtquartiere,101,Höngg,4,4 Zimmer,1,Gemeinnützig,2,Quadratmeter,1,netto,14.2,13.74,14.66,12.33,12.03,12.56,13.65,13.33,14.23,15.34,14.73,15.66,817,609,23
2024,2024.04,4,Stadtquartiere,101,Höngg,4,4 Zimmer,1,Gemeinnützig,2,Quadratmeter,1,netto,14.92,14.39,15.45,12.77,12.5,13.21,14.22,13.88,14.45,16.59,15.98,17.09,808,614,19
2022,2022.04,4,Stadtquartiere,101,Höngg,9,"2 , 3  und 4 Zimmer",1,Gemeinnützig,2,Quadratmeter,1,netto,14.72,14.38,15.05,12.54,12.37,12.68,13.94,13.65,14.22,15.83,15.48,16.16,2345,1763,60
2024,2024.04,4,Stadtquartiere,101,Höngg,9,"2 , 3  und 4 Zimmer",1,Gemeinnützig,2,Quadratmeter,1,netto,15.51,15.25,15.76,13.28,13.1,13.41,14.65,14.45,14.87,16.95,16.68,17.25,2320,1785,54
2022,2022.04,4,Stadtquartiere,101,Höngg,2,2 Zimmer,2,Nicht gemeinnützig,2,Quadratmeter,1,netto,26.46,23.37,29.55,21.42,18.74,23.89,26.19,23.48,27.2,28.15,27.14,31.25,1459,287,29
2024,2024.04,4,Stadtquartiere,101,Höngg,2,2 Zimmer,2,Nicht gemeinnützig,2,Quadratmeter,1,netto,26.88,25.77,28.0,22.55,22.1,23.74,26.27,24.5,27.34,30.25,28.31,32.74,1463,296,48
2022,2022.04,4,Stadtquartiere,101,Höngg,3,3 Zimmer,2,Nicht gemeinnützig,2,Quadratmeter,1,netto,23.17,21.52,24.83,19.11,16.68,19.76,22.24,20.19,24.26,26.99,24.7,28.85,2672,608,37
2024,2024.04,4,Stadtquartiere,101,Höngg,3,3 Zimmer,2,Nicht gemeinnützig,2,Quadratmeter,1,netto,23.07,22.2,23.93,19.11,17.88,20.21,22.66,21.48,24.35,26.63,25.83,27.91,2646,591,55
2022,2022.04,4,Stadtquartiere,101,Höngg,4,4 Zimmer,2,Nicht gemeinnützig,2,Quadratmeter,1,netto,22.51,21.54,23.47,18.23,17.58,19.53,21.2,19.76,23.22,25.65,23.76,27.55,1776,380,38
2024,2024.04,4,Stadtquartiere,101,Höngg,4,4 Zimmer,2,Nicht gemeinnützig,2,Quadratmeter,1,netto,21.82,20.99,22.65,17.98,17.05,19.37,21.97,20.58,22.61,25.0,24.12,25.82,1768,380,67
2022,2022.04,4,Stadtquartiere,101,Höngg,9,"2 , 3  und 4 Zimmer",2,Nicht gemeinnützig,2,Quadratmeter,1,netto,23.78,22.68,24.89,19.2,18.12,19.54,22.76,21.26,24.17,27.15,26.23,28.15,5907,1275,104
2024,2024.04,4,Stadtquartiere,101,Höngg,9,"2 , 3  und 4 Zimmer",2,Nicht gemeinnützig,2,Quadratmeter,1,netto,23.64,23.1,24.18,19.36,18.76,20.16,23.28,22.57,24.14,27.14,26.36,27.9,5877,1267,170
2022,2022.04,4,Stadtquartiere,102,Wipkingen,2,2 Zimmer,1,Gemeinnützig,2,Quadratmeter,1,netto,16.07,15.75,16.39,13.89,13.32,14.58,15.9,15.33,16.49,18.38,17.53,18.82,699,423,32
2024,2024.04,4,Stadtquartiere,102,Wipkingen,2,2 Zimmer,1,Gemeinnützig,2,Quadratmeter,1,netto,17.5,17.09,17.9,15.25,14.4,15.84,16.89,16.63,17.71,19.57,19.02,20.59,716,438,27
2022,2022.04,4,Stadtquartiere,102,Wipkingen,3,3 Zimmer,1,Gemeinnützig,2,Quadratmeter,1,netto,14.29,13.68,14.89,11.71,11.22,12.25,13.43,12.79,13.75,16.77,15.52,17.94,1116,653,23
2024,2024.04,4,Stadtquartiere,102,Wipkingen,3,3 Zimmer,1,Gemeinnützig,2,Quadratmeter,1,netto,14.59,14.09,15.08,12.54,12.06,12.77,13.67,13.17,14.43,16.12,15.47,17.25,1116,643,23
2022,2022.04,4,Stadtquartiere,102,Wipkingen,4,4 Zimmer,1,Gemeinnützig,2,Quadratmeter,1,netto,14.03,13.57,14.49,11.07,10.75,11.48,13.77,12.76,14.89,16.73,15.99,17.41,523,262,30
2024,2024.04,4,Stadtquartiere,102,Wipkingen,4,4 Zimmer,1,Gemeinnützig,2,Quadratmeter,1,netto,15.02,14.62,15.42,12.13,11.72,12.92,15.39,14.69,15.53,17.09,16.35,17.84,517,262,29
2022,2022.04,4,Stadtquartiere,102,Wipkingen,9,"2 , 3  und 4 Zimmer",1,Gemeinnützig,2,Quadratmeter,1,netto,14.77,14.44,15.09,11.86,11.46,12.25,14.41,13.67,15.12,17.34,16.77,17.87,2338,1338,85
2024,2024.04,4,Stadtquartiere,102,Wipkingen,9,"2 , 3  und 4 Zimmer",1,Gemeinnützig,2,Quadratmeter,1,netto,15.57,15.29,15.85,12.79,12.64,13.1,15.32,14.83,15.58,17.72,17.29,18.2,2349,1343,79
2022,2022.04,4,Stadtquartiere,102,Wipkingen,2,2 Zimmer,2,Nicht gemeinnützig,2,Quadratmeter,1,netto,29.32,26.74,31.89,24.91,22.26,26.28,26.75,26.0,29.46,33.67,29.46,35.03,1339,139,37
2024,2024.04,4,Stadtquartiere,102,Wipkingen,2,2 Zimmer,2,Nicht gemeinnützig,2,Quadratmeter,1,netto,27.92,26.58,29.26,23.14,21.68,24.4,26.81,25.3,28.3,32.53,29.74,34.96,1341,133,52
2022,2022.04,4,Stadtquartiere,102,Wipkingen,3,3 Zimmer,2,Nicht gemeinnützig,2,Quadratmeter,1,netto,23.2,21.64,24.76,19.12,17.88,20.41,21.97,21.24,23.96,27.55,24.45,28.46,2284,313,43
2024,2024.04,4,Stadtquartiere,102,Wipkingen,3,3 Zimmer,2,Nicht gemeinnützig,2,Quadratmeter,1,netto,25.57,24.16,26.97,19.8,18.3,22.62,24.95,23.15,26.32,29.28,27.18,31.66,2247,237,54
2022,2022.04,4,Stadtquartiere,102,Wipkingen,4,4 Zimmer,2,Nicht gemeinnützig,2,Quadratmeter,1,netto,22.81,21.36,24.25,17.93,16.65,20.89,22.0,20.06,25.26,26.22,25.27,29.38,876,116,32
2024,2024.04,4,Stadtquartiere,102,Wipkingen,4,4 Zimmer,2,Nicht gemeinnützig,2,Quadratmeter,1,netto,23.62,22.22,25.01,19.04,17.85,20.02,23.64,21.16,25.37,28.68,25.63,30.92,859,70,52
2022,2022.04,4,Stadtquartiere,102,Wipkingen,9,"2 , 3  und 4 Zimmer",2,Nicht gemeinnützig,2,Quadratmeter,1,netto,24.95,23.81,26.08,19.63,18.11,20.72,24.26,23.04,25.72,28.47,27.6,30.52,4499,568,112
2024,2024.04,4,Stadtquartiere,102,Wipkingen,9,"2 , 3  und 4 Zimmer",2,Nicht gemeinnützig,2,Quadratmeter,1,netto,25.9,25.04,26.76,20.77,19.65,22.52,25.04,24.01,26.28,29.97,28.68,31.59,4447,440,158
2022,2022.04,4,Stadtquartiere,111,Affoltern,2,2 Zimmer,1,Gemeinnützig,2,Quadratmeter,1,netto,15.61,15.28,15.95,13.8,13.57,14.46,15.73,15.14,15.97,16.99,16.5,17.27,740,421,30
2024,2024.04,4,Stadtquartiere,111,Affoltern,2,2 Zimmer,1,Gemeinnützig,2,Quadratmeter,1,netto,17.08,16.37,17.78,14.88,13.46,15.79,17.34,16.85,17.7,18.8,18.15,19.6,804,426,28
2022,2022.04,4,Stadtquartiere,111,Affoltern,3,3 Zimmer,1,Gemeinnützig,2,Quadratmeter,1,netto,15.73,15.34,16.13,13.61,13.42,13.65,14.96,14.58,15.32,16.97,16.65,17.82,1547,1049,46
2024,2024.04,4,Stadtquartiere,111,Affoltern,3,3 Zimmer,1,Gemeinnützig,2,Quadratmeter,1,netto,16.58,16.22,16.95,14.31,14.1,14.53,15.92,15.49,16.36,18.71,17.63,19.71,1589,1024,45
2022,2022.04,4,Stadtquartiere,111,Affoltern,4,4 Zimmer,1,Gemeinnützig,2,Quadratmeter,1,netto,14.35,14.09,14.61,12.78,12.62,13.01,14.04,13.85,14.17,15.54,15.22,15.81,1452,921,51
2024,2024.04,4,Stadtquartiere,111,Affoltern,4,4 Zimmer,1,Gemeinnützig,2,Quadratmeter,1,netto,15.53,15.2,15.87,13.73,13.58,14.11,14.82,14.55,15.05,16.96,16.44,17.32,1442,853,46
2022,2022.04,4,Stadtquartiere,111,Affoltern,9,"2 , 3  und 4 Zimmer",1,Gemeinnützig,2,Quadratmeter,1,netto,15.17,14.97,15.38,13.4,13.29,13.49,14.5,14.37,14.72,16.49,16.33,16.64,3739,2391,127
2024,2024.04,4,Stadtquartiere,111,Affoltern,9,"2 , 3  und 4 Zimmer",1,Gemeinnützig,2,Quadratmeter,1,netto,16.29,16.05,16.54,14.09,13.88,14.24,15.71,15.43,16.11,18.03,17.62,18.32,3835,2303,119
2022,2022.04,4,Stadtquartiere,111,Affoltern,2,2 Zimmer,2,Nicht gemeinnützig,2,Quadratmeter,1,netto,23.39,22.05,24.72,17.92,16.63,20.12,22.99,20.57,25.21,27.78,25.68,28.36,1283,331,33
2024,2024.04,4,Stadtquartiere,111,Affoltern,2,2 Zimmer,2,Nicht gemeinnützig,2,Quadratmeter,1,netto,25.0,24.14,25.85,20.75,19.0,22.05,25.35,23.88,26.33,30.34,28.17,32.16,1266,285,50
2022,2022.04,4,Stadtquartiere,111,Affoltern,3,3 Zimmer,2,Nicht gemeinnützig,2,Quadratmeter,1,netto,20.38,19.62,21.13,17.09,16.3,18.06,20.62,18.72,21.75,23.21,22.97,23.69,2359,636,37
2024,2024.04,4,Stadtquartiere,111,Affoltern,3,3 Zimmer,2,Nicht gemeinnützig,2,Quadratmeter,1,netto,22.3,21.39,23.22,18.22,17.32,19.53,22.43,21.14,23.02,25.9,24.9,26.88,2286,550,53
2022,2022.04,4,Stadtquartiere,111,Affoltern,4,4 Zimmer,2,Nicht gemeinnützig,2,Quadratmeter,1,netto,18.62,17.7,19.53,16.2,14.25,17.13,18.56,17.33,20.33,21.82,20.44,22.06,1482,430,30
2024,2024.04,4,Stadtquartiere,111,Affoltern,4,4 Zimmer,2,Nicht gemeinnützig,2,Quadratmeter,1,netto,19.66,19.0,20.33,16.93,15.95,17.7,19.52,18.53,19.97,21.97,21.06,22.68,1433,350,47
2022,2022.04,4,Stadtquartiere,111,Affoltern,9,"2 , 3  und 4 Zimmer",2,Nicht gemeinnützig,2,Quadratmeter,1,netto,20.62,20.07,21.17,17.07,16.4,17.78,20.18,19.13,21.28,23.26,22.99,24.55,5124,1397,100
2024,2024.04,4,Stadtquartiere,111,Affoltern,9,"2 , 3  und 4 Zimmer",2,Nicht gemeinnützig,2,Quadratmeter,1,netto,22.23,21.72,22.74,18.15,17.33,18.92,21.95,21.37,22.54,25.77,25.07,26.48,4985,1185,150
2022,2022.04,4,Stadtquartiere,115,Oerlikon,2,2 Zimmer,1,Gemeinnützig,2,Quadratmeter,1,netto,15.33,14.76,15.9,12.65,12.16,13.06,14.21,13.94,14.44,16.8,16.1,17.51,320,220,29
2024,2024.04,4,Stadtquartiere,115,Oerlikon,2,2 Zimmer,1,Gemeinnützig,2,Quadratmeter,1,netto,17.05,15.94,18.16,13.94,13.6,14.33,15.39,15.16,16.1,18.76,17.45,19.92,337,238,13
2022,2022.04,4,Stadtquartiere,115,Oerlikon,3,3 Zimmer,1,Gemeinnützig,2,Quadratmeter,1,netto,14.51,14.19,14.82,12.72,12.58,12.95,13.65,13.38,14.11,15.84,15.27,17.13,558,413,20
2024,2024.04,4,Stadtquartiere,115,Oerlikon,3,3 Zimmer,1,Gemeinnützig,2,Quadratmeter,1,netto,15.83,15.52,16.15,13.94,13.8,14.04,14.81,14.59,15.08,17.46,16.47,17.99,591,479,18
2022,2022.04,4,Stadtquartiere,115,Oerlikon,4,4 Zimmer,1,Gemeinnützig,2,Quadratmeter,1,netto,12.91,12.33,13.48,11.39,10.85,11.61,12.34,12.11,12.63,14.25,13.49,14.84,463,335,19
2024,2024.04,4,Stadtquartiere,115,Oerlikon,4,4 Zimmer,1,Gemeinnützig,2,Quadratmeter,1,netto,14.87,14.41,15.33,12.45,12.36,12.69,13.83,13.55,14.06,16.52,15.63,18.67,475,357,17
2022,2022.04,4,Stadtquartiere,115,Oerlikon,9,"2 , 3  und 4 Zimmer",1,Gemeinnützig,2,Quadratmeter,1,netto,14.15,13.88,14.43,12.2,12.06,12.31,13.35,13.19,13.55,15.52,15.23,16.1,1341,968,68
2024,2024.04,4,Stadtquartiere,115,Oerlikon,9,"2 , 3  und 4 Zimmer",1,Gemeinnützig,2,Quadratmeter,1,netto,15.8,15.46,16.13,13.54,13.42,13.62,14.62,14.46,14.91,17.59,16.94,18.32,1403,1074,48
2022,2022.04,4,Stadtquartiere,115,Oerlikon,2,2 Zimmer,2,Nicht gemeinnützig,2,Quadratmeter,1,netto,27.26,26.03,28.48,23.27,22.09,24.14,25.4,24.67,27.12,30.51,28.33,32.5,2522,473,46
2024,2024.04,4,Stadtquartiere,115,Oerlikon,2,2 Zimmer,2,Nicht gemeinnützig,2,Quadratmeter,1,netto,27.7,26.71,28.7,22.02,20.37,22.94,26.93,26.1,28.7,32.71,31.17,34.55,2408,500,64
2022,2022.04,4,Stadtquartiere,115,Oerlikon,3,3 Zimmer,2,Nicht gemeinnützig,2,Quadratmeter,1,netto,22.96,21.95,23.98,19.22,17.9,21.08,22.24,21.37,23.46,26.67,24.41,27.76,3418,562,46
2024,2024.04,4,Stadtquartiere,115,Oerlikon,3,3 Zimmer,2,Nicht gemeinnützig,2,Quadratmeter,1,netto,24.51,23.62,25.4,20.33,19.75,21.51,24.34,23.01,24.78,28.43,27.59,29.52,3186,569,63
2022,2022.04,4,Stadtquartiere,115,Oerlikon,4,4 Zimmer,2,Nicht gemeinnützig,2,Quadratmeter,1,netto,19.78,18.76,20.8,16.76,15.59,17.7,19.26,18.22,19.89,21.56,20.69,23.0,1669,383,44
2024,2024.04,4,Stadtquartiere,115,Oerlikon,4,4 Zimmer,2,Nicht gemeinnützig,2,Quadratmeter,1,netto,22.59,21.68,23.5,18.99,17.31,20.15,23.33,22.61,24.53,25.88,25.08,28.57,1570,385,52
2022,2022.04,4,Stadtquartiere,115,Oerlikon,9,"2 , 3  und 4 Zimmer",2,Nicht gemeinnützig,2,Quadratmeter,1,netto,23.69,23.04,24.33,19.29,18.16,20.18,22.98,22.12,23.65,27.45,26.05,28.33,7609,1418,136
2024,2024.04,4,Stadtquartiere,115,Oerlikon,9,"2 , 3  und 4 Zimmer",2,Nicht gemeinnützig,2,Quadratmeter,1,netto,25.16,24.61,25.71,20.35,19.97,21.25,24.72,23.99,25.03,29.34,28.54,30.2,7164,1454,179
2022,2022.04,4,Stadtquartiere,119,Seebach,2,2 Zimmer,1,Gemeinnützig,2,Quadratmeter,1,netto,16.63,16.14,17.12,13.45,13.14,13.71,16.33,15.87,16.53,18.78,18.16,19.07,480,369,21
2024,2024.04,4,Stadtquartiere,119,Seebach,2,2 Zimmer,1,Gemeinnützig,2,Quadratmeter,1,netto,17.49,17.15,17.83,14.37,14.09,14.59,16.8,16.64,17.46,19.65,19.37,19.88,521,418,19
2022,2022.04,4,Stadtquartiere,119,Seebach,3,3 Zimmer,1,Gemeinnützig,2,Quadratmeter,1,netto,13.98,13.64,14.32,12.17,12.0,12.43,13.33,12.94,13.73,15.71,15.01,16.67,1054,757,23
2024,2024.04,4,Stadtquartiere,119,Seebach,3,3 Zimmer,1,Gemeinnützig,2,Quadratmeter,1,netto,15.18,14.89,15.48,12.62,12.41,12.81,14.59,14.09,14.88,17.62,17.04,17.84,1055,818,29
2022,2022.04,4,Stadtquartiere,119,Seebach,4,4 Zimmer,1,Gemeinnützig,2,Quadratmeter,1,netto,13.5,13.18,13.82,11.63,11.63,12.01,13.32,13.04,13.53,15.0,14.7,15.17,853,593,36
2024,2024.04,4,Stadtquartiere,119,Seebach,4,4 Zimmer,1,Gemeinnützig,2,Quadratmeter,1,netto,14.35,14.19,14.52,12.34,12.12,12.52,14.31,14.11,14.46,16.28,16.06,16.53,849,675,31
2022,2022.04,4,Stadtquartiere,119,Seebach,9,"2 , 3  und 4 Zimmer",1,Gemeinnützig,2,Quadratmeter,1,netto,14.34,14.13,14.56,12.05,12.02,12.31,13.61,13.43,13.9,16.36,15.77,16.72,2387,1719,80
2024,2024.04,4,Stadtquartiere,119,Seebach,9,"2 , 3  und 4 Zimmer",1,Gemeinnützig,2,Quadratmeter,1,netto,15.38,15.22,15.54,12.67,12.56,12.84,14.9,14.75,15.08,17.64,17.43,17.82,2425,1911,79
2022,2022.04,4,Stadtquartiere,119,Seebach,2,2 Zimmer,2,Nicht gemeinnützig,2,Quadratmeter,1,netto,24.17,23.32,25.01,19.62,19.11,21.41,23.68,22.61,25.01,27.89,27.18,29.41,1857,377,40
2024,2024.04,4,Stadtquartiere,119,Seebach,2,2 Zimmer,2,Nicht gemeinnützig,2,Quadratmeter,1,netto,26.73,25.75,27.71,20.99,19.47,22.82,26.1,24.61,27.88,31.66,30.2,33.39,2024,384,57
2022,2022.04,4,Stadtquartiere,119,Seebach,3,3 Zimmer,2,Nicht gemeinnützig,2,Quadratmeter,1,netto,21.73,20.93,22.53,18.69,17.86,19.69,21.15,20.58,22.42,24.71,23.7,25.47,3013,603,54
2024,2024.04,4,Stadtquartiere,119,Seebach,3,3 Zimmer,2,Nicht gemeinnützig,2,Quadratmeter,1,netto,22.83,22.12,23.55,18.87,18.36,20.0,22.9,21.96,23.86,26.59,25.9,27.28,3030,573,80
2022,2022.04,4,Stadtquartiere,119,Seebach,4,4 Zimmer,2,Nicht gemeinnützig,2,Quadratmeter,1,netto,20.49,19.68,21.3,17.45,16.66,17.84,19.64,18.09,20.85,22.17,21.23,23.14,1591,398,43
2024,2024.04,4,Stadtquartiere,119,Seebach,4,4 Zimmer,2,Nicht gemeinnützig,2,Quadratmeter,1,netto,22.12,20.92,23.33,17.67,16.43,18.98,21.02,19.46,22.37,24.02,23.27,26.99,1552,322,52
2022,2022.04,4,Stadtquartiere,119,Seebach,9,"2 , 3  und 4 Zimmer",2,Nicht gemeinnützig,2,Quadratmeter,1,netto,22.12,21.64,22.61,18.53,17.86,19.29,21.36,20.91,22.31,25.0,24.28,26.08,6461,1378,137
2024,2024.04,4,Stadtquartiere,119,Seebach,9,"2 , 3  und 4 Zimmer",2,Nicht gemeinnützig,2,Quadratmeter,1,netto,23.86,23.33,24.39,18.86,18.36,19.59,23.14,22.55,23.85,27.52,26.7,28.39,6606,1279,189
2022,2022.04,4,Stadtquartiere,129,Schwamendingen (Kreis 12),2,2 Zimmer,1,Gemeinnützig,2,Quadratmeter,1,netto,15.36,15.08,15.65,12.29,12.11,12.68,15.06,14.83,15.5,17.28,17.18,17.68,1355,962,59
2024,2024.04,4,Stadtquartiere,129,Schwamendingen (Kreis 12),2,2 Zimmer,1,Gemeinnützig,2,Quadratmeter,1,netto,16.05,15.88,16.21,13.36,13.19,13.59,16.35,16.07,16.64,18.17,17.88,18.5,1396,952,51
2022,2022.04,4,Stadtquartiere,129,Schwamendingen (Kreis 12),3,3 Zimmer,1,Gemeinnützig,2,Quadratmeter,1,netto,13.51,13.37,13.66,10.64,10.58,10.92,12.87,12.72,13.02,16.08,15.82,16.42,2932,2025,88
2024,2024.04,4,Stadtquartiere,129,Schwamendingen (Kreis 12),3,3 Zimmer,1,Gemeinnützig,2,Quadratmeter,1,netto,14.54,14.39,14.68,11.87,11.78,12.05,14.27,13.94,14.61,17.1,16.82,17.29,3035,2003,91
2022,2022.04,4,Stadtquartiere,129,Schwamendingen (Kreis 12),4,4 Zimmer,1,Gemeinnützig,2,Quadratmeter,1,netto,13.35,13.14,13.55,11.0,10.28,11.52,13.58,12.97,13.77,15.85,15.77,16.01,2104,1302,73
2024,2024.04,4,Stadtquartiere,129,Schwamendingen (Kreis 12),4,4 Zimmer,1,Gemeinnützig,2,Quadratmeter,1,netto,14.31,14.06,14.56,12.46,11.91,12.87,14.47,14.1,14.74,16.41,16.04,16.72,2158,1240,73
2022,2022.04,4,Stadtquartiere,129,Schwamendingen (Kreis 12),9,"2 , 3  und 4 Zimmer",1,Gemeinnützig,2,Quadratmeter,1,netto,13.85,13.74,13.97,11.29,11.15,11.41,13.46,13.25,13.66,16.33,16.16,16.47,6391,4289,220
2024,2024.04,4,Stadtquartiere,129,Schwamendingen (Kreis 12),9,"2 , 3  und 4 Zimmer",1,Gemeinnützig,2,Quadratmeter,1,netto,14.78,14.67,14.9,12.32,12.14,12.52,14.7,14.58,14.96,17.18,16.99,17.33,6589,4195,215
2022,2022.04,4,Stadtquartiere,129,Schwamendingen (Kreis 12),2,2 Zimmer,2,Nicht gemeinnützig,2,Quadratmeter,1,netto,23.7,22.71,24.69,20.27,19.28,22.32,24.21,23.2,25.0,26.56,25.96,28.61,1713,426,64
2024,2024.04,4,Stadtquartiere,129,Schwamendingen (Kreis 12),2,2 Zimmer,2,Nicht gemeinnützig,2,Quadratmeter,1,netto,24.22,23.34,25.1,20.0,19.37,22.14,24.35,23.17,25.49,28.01,26.94,29.3,1626,385,105
2022,2022.04,4,Stadtquartiere,129,Schwamendingen (Kreis 12),3,3 Zimmer,2,Nicht gemeinnützig,2,Quadratmeter,1,netto,20.0,19.41,20.59,17.5,16.69,18.63,20.29,19.41,21.41,22.66,22.17,23.33,2933,582,93
2024,2024.04,4,Stadtquartiere,129,Schwamendingen (Kreis 12),3,3 Zimmer,2,Nicht gemeinnützig,2,Quadratmeter,1,netto,21.55,20.98,22.11,18.6,17.59,19.55,21.83,21.07,22.77,25.0,24.11,25.55,2752,504,132
2022,2022.04,4,Stadtquartiere,129,Schwamendingen (Kreis 12),4,4 Zimmer,2,Nicht gemeinnützig,2,Quadratmeter,1,netto,19.07,18.46,19.68,14.9,14.09,16.59,18.47,17.36,19.57,22.0,20.99,23.26,1107,274,68
2024,2024.04,4,Stadtquartiere,129,Schwamendingen (Kreis 12),4,4 Zimmer,2,Nicht gemeinnützig,2,Quadratmeter,1,netto,19.9,19.41,20.39,16.98,15.99,17.78,19.83,19.23,20.42,22.28,21.84,23.19,1000,256,106
2022,2022.04,4,Stadtquartiere,129,Schwamendingen (Kreis 12),9,"2 , 3  und 4 Zimmer",2,Nicht gemeinnützig,2,Quadratmeter,1,netto,20.92,20.49,21.36,17.43,17.02,18.36,21.18,20.27,21.72,23.8,23.47,24.51,5753,1282,225
2024,2024.04,4,Stadtquartiere,129,Schwamendingen (Kreis 12),9,"2 , 3  und 4 Zimmer",2,Nicht gemeinnützig,2,Quadratmeter,1,netto,22.05,21.65,22.45,18.59,17.96,19.22,22.13,21.63,22.35,25.49,25.0,26.22,5378,1145,343
2022,2022.04,4,Stadtquartiere,0,Ganze Stadt,2,2 Zimmer,1,Gemeinnützig,1,Wohnung,2,brutto,1055.0,1046.0,1063.0,829.0,819.0,834.0,1000.0,986.0,1013.0,1212.0,1200.0,1225.0,11106,7184,492
2024,2024.04,4,Stadtquartiere,0,Ganze Stadt,2,2 Zimmer,1,Gemeinnützig,1,Wohnung,2,brutto,1134.0,1124.0,1143.0,907.0,897.0,916.0,1087.0,1077.0,1102.0,1288.0,1274.0,1305.0,11437,7442,463
2022,2022.04,4,Stadtquartiere,0,Ganze Stadt,3,3 Zimmer,1,Gemeinnützig,1,Wohnung,2,brutto,1181.0,1172.0,1190.0,919.0,913.0,927.0,1101.0,1093.0,1113.0,1369.0,1359.0,1380.0,22955,14636,597
2024,2024.04,4,Stadtquartiere,0,Ganze Stadt,3,3 Zimmer,1,Gemeinnützig,1,Wohnung,2,brutto,1268.0,1262.0,1275.0,1015.0,1007.0,1022.0,1196.0,1188.0,1207.0,1465.0,1452.0,1482.0,23071,15117,620
2022,2022.04,4,Stadtquartiere,0,Ganze Stadt,4,4 Zimmer,1,Gemeinnützig,1,Wohnung,2,brutto,1517.0,1509.0,1526.0,1208.0,1191.0,1227.0,1469.0,1450.0,1483.0,1777.0,1763.0,1795.0,14925,9288,606
2024,2024.04,4,Stadtquartiere,0,Ganze Stadt,4,4 Zimmer,1,Gemeinnützig,1,Wohnung,2,brutto,1636.0,1625.0,1648.0,1327.0,1311.0,1341.0,1601.0,1581.0,1617.0,1870.0,1862.0,1890.0,14957,9495,581
2022,2022.04,4,Stadtquartiere,0,Ganze Stadt,2,2 Zimmer,2,Nicht gemeinnützig,1,Wohnung,2,brutto,1749.0,1730.0,1768.0,1378.0,1360.0,1400.0,1639.0,1602.0,1658.0,2020.0,1980.0,2060.0,35586,6361,1250
2024,2024.04,4,Stadtquartiere,0,Ganze Stadt,2,2 Zimmer,2,Nicht gemeinnützig,1,Wohnung,2,brutto,1875.0,1861.0,1890.0,1483.0,1460.0,1495.0,1753.0,1740.0,1775.0,2180.0,2163.0,2209.0,35728,7659,1825
2022,2022.04,4,Stadtquartiere,0,Ganze Stadt,3,3 Zimmer,2,Nicht gemeinnützig,1,Wohnung,2,brutto,2062.0,2039.0,2085.0,1585.0,1560.0,1610.0,1920.0,1890.0,1950.0,2418.0,2370.0,2470.0,51225,8720,1311
2024,2024.04,4,Stadtquartiere,0,Ganze Stadt,3,3 Zimmer,2,Nicht gemeinnützig,1,Wohnung,2,brutto,2221.0,2202.0,2239.0,1692.0,1670.0,1712.0,2085.0,2055.0,2110.0,2618.0,2590.0,2661.0,50539,9673,1881
2022,2022.04,4,Stadtquartiere,0,Ganze Stadt,4,4 Zimmer,2,Nicht gemeinnützig,1,Wohnung,2,brutto,2568.0,2536.0,2601.0,1920.0,1887.0,1956.0,2400.0,2367.0,2467.0,3008.0,2950.0,3100.0,25972,4563,1107
2024,2024.04,4,Stadtquartiere,0,Ganze Stadt,4,4 Zimmer,2,Nicht gemeinnützig,1,Wohnung,2,brutto,2727.0,2699.0,2756.0,2042.0,2007.0,2077.0,2585.0,2530.0,2610.0,3250.0,3200.0,3298.0,25502,4969,1564
2022,2022.04,4,Stadtquartiere,19,Altstadt (Kreis 1),2,2 Zimmer,1,Gemeinnützig,1,Wohnung,2,brutto,1133.0,1128.0,1138.0,759.0,756.0,769.0,1026.0,1006.0,1027.0,1369.0,1363.0,1376.0,302,298,0
2024,2024.04,4,Stadtquartiere,19,Altstadt (Kreis 1),2,2 Zimmer,1,Gemeinnützig,1,Wohnung,2,brutto,1209.0,1201.0,1217.0,810.0,805.0,820.0,1096.0,1096.0,1100.0,1455.0,1434.0,1464.0,307,293,9
2022,2022.04,4,Stadtquartiere,19,Altstadt (Kreis 1),3,3 Zimmer,1,Gemeinnützig,1,Wohnung,2,brutto,1522.0,1514.0,1530.0,1044.0,1043.0,1047.0,1407.0,1396.0,1413.0,1868.0,1845.0,1882.0,201,198,0
2024,2024.04,4,Stadtquartiere,19,Altstadt (Kreis 1),3,3 Zimmer,1,Gemeinnützig,1,Wohnung,2,brutto,1760.0,1754.0,1765.0,1205.0,1203.0,1206.0,1537.0,1535.0,1542.0,2106.0,2071.0,2114.0,208,196,11
2022,2022.04,4,Stadtquartiere,19,Altstadt (Kreis 1),4,4 Zimmer,1,Gemeinnützig,1,Wohnung,2,brutto,1750.0,1737.0,1763.0,1181.0,1165.0,1198.0,1486.0,1463.0,1489.0,2162.0,2143.0,2178.0,136,133,0
2024,2024.04,4,Stadtquartiere,19,Altstadt (Kreis 1),4,4 Zimmer,1,Gemeinnützig,1,Wohnung,2,brutto,1999.0,1982.0,2016.0,1379.0,1337.0,1429.0,1742.0,1726.0,1804.0,2410.0,2388.0,2417.0,134,131,0
2022,2022.04,4,Stadtquartiere,19,Altstadt (Kreis 1),2,2 Zimmer,2,Nicht gemeinnützig,1,Wohnung,2,brutto,2204.0,2095.0,2314.0,1730.0,1600.0,1879.0,2220.0,2116.0,2383.0,2602.0,2430.0,2775.0,774,87,106
2024,2024.04,4,Stadtquartiere,19,Altstadt (Kreis 1),2,2 Zimmer,2,Nicht gemeinnützig,1,Wohnung,2,brutto,2387.0,2302.0,2472.0,1854.0,1737.0,1932.0,2271.0,2175.0,2377.0,2841.0,2719.0,3000.0,743,102,148
2022,2022.04,4,Stadtquartiere,19,Altstadt (Kreis 1),3,3 Zimmer,2,Nicht gemeinnützig,1,Wohnung,2,brutto,2853.0,2715.0,2991.0,2013.0,1875.0,2300.0,2668.0,2500.0,2943.0,3500.0,3290.0,3689.0,635,74,111
2024,2024.04,4,Stadtquartiere,19,Altstadt (Kreis 1),3,3 Zimmer,2,Nicht gemeinnützig,1,Wohnung,2,brutto,3102.0,2993.0,3211.0,2294.0,2122.0,2467.0,2975.0,2861.0,3073.0,3624.0,3488.0,3745.0,621,79,171
2022,2022.04,4,Stadtquartiere,19,Altstadt (Kreis 1),4,4 Zimmer,2,Nicht gemeinnützig,1,Wohnung,2,brutto,3386.0,3213.0,3559.0,2417.0,2042.0,2764.0,3303.0,2888.0,3594.0,4143.0,3800.0,4300.0,323,27,80
2024,2024.04,4,Stadtquartiere,19,Altstadt (Kreis 1),4,4 Zimmer,2,Nicht gemeinnützig,1,Wohnung,2,brutto,3728.0,3541.0,3915.0,2500.0,2340.0,2955.0,3730.0,3346.0,3897.0,4865.0,4444.0,4994.0,316,31,101
2022,2022.04,4,Stadtquartiere,21,Wollishofen,2,2 Zimmer,1,Gemeinnützig,1,Wohnung,2,brutto,952.0,915.0,989.0,745.0,710.0,830.0,938.0,849.0,1004.0,1129.0,1054.0,1247.0,641,295,20
2024,2024.04,4,Stadtquartiere,21,Wollishofen,2,2 Zimmer,1,Gemeinnützig,1,Wohnung,2,brutto,1143.0,1113.0,1173.0,908.0,859.0,992.0,1105.0,1077.0,1171.0,1343.0,1315.0,1453.0,673,338,22
2022,2022.04,4,Stadtquartiere,21,Wollishofen,3,3 Zimmer,1,Gemeinnützig,1,Wohnung,2,brutto,1154.0,1078.0,1229.0,909.0,881.0,949.0,1073.0,1001.0,1143.0,1268.0,1206.0,1342.0,1171,501,33
2024,2024.04,4,Stadtquartiere,21,Wollishofen,3,3 Zimmer,1,Gemeinnützig,1,Wohnung,2,brutto,1309.0,1273.0,1346.0,1078.0,1034.0,1109.0,1247.0,1214.0,1316.0,1485.0,1441.0,1585.0,1201,547,32
2022,2022.04,4,Stadtquartiere,21,Wollishofen,4,4 Zimmer,1,Gemeinnützig,1,Wohnung,2,brutto,1501.0,1467.0,1536.0,1187.0,1114.0,1333.0,1374.0,1359.0,1585.0,1808.0,1719.0,1839.0,844,369,24
2024,2024.04,4,Stadtquartiere,21,Wollishofen,4,4 Zimmer,1,Gemeinnützig,1,Wohnung,2,brutto,1648.0,1585.0,1711.0,1377.0,1182.0,1447.0,1507.0,1474.0,1718.0,1923.0,1860.0,2099.0,832,413,20
2022,2022.04,4,Stadtquartiere,21,Wollishofen,2,2 Zimmer,2,Nicht gemeinnützig,1,Wohnung,2,brutto,1713.0,1647.0,1778.0,1423.0,1280.0,1503.0,1659.0,1598.0,1819.0,2046.0,1939.0,2101.0,1552,290,54
2024,2024.04,4,Stadtquartiere,21,Wollishofen,2,2 Zimmer,2,Nicht gemeinnützig,1,Wohnung,2,brutto,1997.0,1918.0,2077.0,1556.0,1506.0,1639.0,1900.0,1781.0,2019.0,2320.0,2151.0,2420.0,1646,334,83
2022,2022.04,4,Stadtquartiere,21,Wollishofen,3,3 Zimmer,2,Nicht gemeinnützig,1,Wohnung,2,brutto,2246.0,2120.0,2372.0,1689.0,1620.0,1870.0,2146.0,1961.0,2258.0,2698.0,2300.0,2850.0,2174,515,44
2024,2024.04,4,Stadtquartiere,21,Wollishofen,3,3 Zimmer,2,Nicht gemeinnützig,1,Wohnung,2,brutto,2312.0,2236.0,2388.0,1831.0,1713.0,1995.0,2215.0,2106.0,2320.0,2628.0,2485.0,2734.0,2271,543,70
2022,2022.04,4,Stadtquartiere,21,Wollishofen,4,4 Zimmer,2,Nicht gemeinnützig,1,Wohnung,2,brutto,2776.0,2600.0,2951.0,1950.0,1755.0,2177.0,2509.0,2203.0,2791.0,3256.0,3132.0,3481.0,1133,230,47
2024,2024.04,4,Stadtquartiere,21,Wollishofen,4,4 Zimmer,2,Nicht gemeinnützig,1,Wohnung,2,brutto,2839.0,2698.0,2979.0,2232.0,2055.0,2364.0,2639.0,2480.0,2787.0,3336.0,3064.0,3456.0,1167,259,63
2022,2022.04,4,Stadtquartiere,23,Leimbach,2,2 Zimmer,1,Gemeinnützig,1,Wohnung,2,brutto,1367.0,1324.0,1410.0,1043.0,1035.0,1089.0,1342.0,1297.0,1365.0,1591.0,1568.0,1669.0,272,227,12
2024,2024.04,4,Stadtquartiere,23,Leimbach,2,2 Zimmer,1,Gemeinnützig,1,Wohnung,2,brutto,1406.0,1400.0,1413.0,1103.0,1075.0,1153.0,1338.0,1300.0,1362.0,1699.0,1658.0,1700.0,267,232,12
2022,2022.04,4,Stadtquartiere,23,Leimbach,3,3 Zimmer,1,Gemeinnützig,1,Wohnung,2,brutto,1555.0,1518.0,1593.0,1136.0,1124.0,1166.0,1340.0,1315.0,1549.0,2013.0,1929.0,2050.0,376,325,8
2024,2024.04,4,Stadtquartiere,23,Leimbach,3,3 Zimmer,1,Gemeinnützig,1,Wohnung,2,brutto,1623.0,1616.0,1631.0,1224.0,1222.0,1244.0,1448.0,1439.0,1462.0,2036.0,2012.0,2053.0,363,324,19
2022,2022.04,4,Stadtquartiere,23,Leimbach,4,4 Zimmer,1,Gemeinnützig,1,Wohnung,2,brutto,1647.0,1604.0,1689.0,1319.0,1297.0,1396.0,1487.0,1461.0,1600.0,1937.0,1805.0,1995.0,505,370,7
2024,2024.04,4,Stadtquartiere,23,Leimbach,4,4 Zimmer,1,Gemeinnützig,1,Wohnung,2,brutto,1823.0,1799.0,1847.0,1610.0,1610.0,1636.0,1717.0,1703.0,1749.0,2000.0,1974.0,2023.0,487,377,23
2022,2022.04,4,Stadtquartiere,23,Leimbach,2,2 Zimmer,2,Nicht gemeinnützig,1,Wohnung,2,brutto,1702.0,1538.0,1866.0,1110.0,942.0,1696.0,1546.0,1235.0,1882.0,1914.0,1702.0,2292.0,246,15,11
2024,2024.04,4,Stadtquartiere,23,Leimbach,2,2 Zimmer,2,Nicht gemeinnützig,1,Wohnung,2,brutto,1654.0,1575.0,1733.0,1325.0,1205.0,1469.0,1519.0,1418.0,1581.0,1644.0,1556.0,1981.0,251,15,19
2022,2022.04,4,Stadtquartiere,23,Leimbach,3,3 Zimmer,2,Nicht gemeinnützig,1,Wohnung,2,brutto,1794.0,1705.0,1882.0,1465.0,1312.0,1670.0,1690.0,1554.0,1750.0,1837.0,1728.0,2172.0,336,42,18
2024,2024.04,4,Stadtquartiere,23,Leimbach,3,3 Zimmer,2,Nicht gemeinnützig,1,Wohnung,2,brutto,1955.0,1853.0,2057.0,1585.0,1334.0,1681.0,1843.0,1745.0,1998.0,2247.0,2082.0,2407.0,323,44,35
2022,2022.04,4,Stadtquartiere,23,Leimbach,4,4 Zimmer,2,Nicht gemeinnützig,1,Wohnung,2,brutto,2348.0,2234.0,2461.0,1942.0,1790.0,2170.0,2248.0,2158.0,2337.0,2523.0,2367.0,2914.0,208,30,30
2024,2024.04,4,Stadtquartiere,23,Leimbach,4,4 Zimmer,2,Nicht gemeinnützig,1,Wohnung,2,brutto,2396.0,2292.0,2500.0,2130.0,1922.0,2200.0,2321.0,2226.0,2407.0,2620.0,2434.0,2790.0,218,32,43
2022,2022.04,4,Stadtquartiere,24,Enge,2,2 Zimmer,1,Gemeinnützig,1,Wohnung,2,brutto,993.0,947.0,1039.0,836.0,775.0,942.0,1010.0,958.0,1029.0,1175.0,1029.0,1212.0,58,13,20
2024,2024.04,4,Stadtquartiere,24,Enge,2,2 Zimmer,1,Gemeinnützig,1,Wohnung,2,brutto,1028.0,986.0,1070.0,846.0,796.0,911.0,994.0,917.0,1073.0,1198.0,1115.0,1227.0,57,13,19
2022,2022.04,4,Stadtquartiere,24,Enge,3,3 Zimmer,1,Gemeinnützig,1,Wohnung,2,brutto,1152.0,1095.0,1208.0,980.0,945.0,1023.0,1102.0,1022.0,1239.0,1331.0,1223.0,1451.0,189,48,20
2024,2024.04,4,Stadtquartiere,24,Enge,3,3 Zimmer,1,Gemeinnützig,1,Wohnung,2,brutto,1181.0,1111.0,1252.0,995.0,884.0,1065.0,1134.0,1040.0,1199.0,1262.0,1199.0,1353.0,181,49,20
2022,2022.04,4,Stadtquartiere,24,Enge,4,4 Zimmer,1,Gemeinnützig,1,Wohnung,2,brutto,1313.0,1283.0,1342.0,1157.0,1131.0,1225.0,1267.0,1236.0,1318.0,1459.0,1327.0,1507.0,86,29,20
2024,2024.04,4,Stadtquartiere,24,Enge,4,4 Zimmer,1,Gemeinnützig,1,Wohnung,2,brutto,1394.0,1343.0,1446.0,1229.0,1132.0,1273.0,1304.0,1268.0,1396.0,1439.0,1360.0,1524.0,94,28,20
2022,2022.04,4,Stadtquartiere,24,Enge,2,2 Zimmer,2,Nicht gemeinnützig,1,Wohnung,2,brutto,2071.0,1941.0,2202.0,1550.0,1418.0,1696.0,1971.0,1755.0,2150.0,2503.0,2429.0,2952.0,951,155,39
2024,2024.04,4,Stadtquartiere,24,Enge,2,2 Zimmer,2,Nicht gemeinnützig,1,Wohnung,2,brutto,2236.0,2092.0,2379.0,1601.0,1550.0,1678.0,2015.0,1810.0,2296.0,2634.0,2358.0,3027.0,962,160,53
2022,2022.04,4,Stadtquartiere,24,Enge,3,3 Zimmer,2,Nicht gemeinnützig,1,Wohnung,2,brutto,2612.0,2442.0,2781.0,1630.0,1552.0,2000.0,2440.0,2139.0,2737.0,3538.0,2912.0,3798.0,1323,264,42
2024,2024.04,4,Stadtquartiere,24,Enge,3,3 Zimmer,2,Nicht gemeinnützig,1,Wohnung,2,brutto,2740.0,2597.0,2883.0,2043.0,1843.0,2208.0,2661.0,2397.0,2959.0,3447.0,3200.0,3664.0,1323,293,54
2022,2022.04,4,Stadtquartiere,24,Enge,4,4 Zimmer,2,Nicht gemeinnützig,1,Wohnung,2,brutto,3154.0,2933.0,3374.0,2462.0,2247.0,2677.0,2911.0,2694.0,3350.0,3691.0,3500.0,3990.0,944,202,38
2024,2024.04,4,Stadtquartiere,24,Enge,4,4 Zimmer,2,Nicht gemeinnützig,1,Wohnung,2,brutto,3312.0,3137.0,3488.0,2484.0,2170.0,2621.0,3020.0,2850.0,3250.0,3900.0,3694.0,4131.0,952,223,63
2022,2022.04,4,Stadtquartiere,39,Wiedikon (Kreis 3),2,2 Zimmer,1,Gemeinnützig,1,Wohnung,2,brutto,941.0,922.0,960.0,773.0,748.0,793.0,904.0,875.0,925.0,1080.0,1060.0,1109.0,1432,853,58
2024,2024.04,4,Stadtquartiere,39,Wiedikon (Kreis 3),2,2 Zimmer,1,Gemeinnützig,1,Wohnung,2,brutto,1008.0,974.0,1041.0,841.0,824.0,869.0,978.0,952.0,1001.0,1155.0,1101.0,1185.0,1442,856,67
2022,2022.04,4,Stadtquartiere,39,Wiedikon (Kreis 3),3,3 Zimmer,1,Gemeinnützig,1,Wohnung,2,brutto,1088.0,1060.0,1117.0,876.0,859.0,914.0,1016.0,988.0,1052.0,1202.0,1162.0,1282.0,3050,1846,64
2024,2024.04,4,Stadtquartiere,39,Wiedikon (Kreis 3),3,3 Zimmer,1,Gemeinnützig,1,Wohnung,2,brutto,1156.0,1131.0,1180.0,954.0,924.0,973.0,1111.0,1071.0,1134.0,1298.0,1242.0,1346.0,2990,1876,63
2022,2022.04,4,Stadtquartiere,39,Wiedikon (Kreis 3),4,4 Zimmer,1,Gemeinnützig,1,Wohnung,2,brutto,1475.0,1454.0,1495.0,1161.0,1138.0,1186.0,1470.0,1422.0,1506.0,1763.0,1719.0,1809.0,1886,1176,78
2024,2024.04,4,Stadtquartiere,39,Wiedikon (Kreis 3),4,4 Zimmer,1,Gemeinnützig,1,Wohnung,2,brutto,1578.0,1531.0,1625.0,1225.0,1209.0,1250.0,1508.0,1475.0,1558.0,1813.0,1773.0,1878.0,1871,1210,82
2022,2022.04,4,Stadtquartiere,39,Wiedikon (Kreis 3),2,2 Zimmer,2,Nicht gemeinnützig,1,Wohnung,2,brutto,1640.0,1590.0,1691.0,1350.0,1301.0,1400.0,1559.0,1496.0,1601.0,1800.0,1744.0,1975.0,4921,858,124
2024,2024.04,4,Stadtquartiere,39,Wiedikon (Kreis 3),2,2 Zimmer,2,Nicht gemeinnützig,1,Wohnung,2,brutto,1823.0,1778.0,1867.0,1498.0,1420.0,1539.0,1720.0,1668.0,1780.0,2062.0,1988.0,2168.0,4912,984,189
2022,2022.04,4,Stadtquartiere,39,Wiedikon (Kreis 3),3,3 Zimmer,2,Nicht gemeinnützig,1,Wohnung,2,brutto,1964.0,1889.0,2038.0,1557.0,1509.0,1666.0,1920.0,1793.0,1980.0,2250.0,2108.0,2449.0,6901,922,114
2024,2024.04,4,Stadtquartiere,39,Wiedikon (Kreis 3),3,3 Zimmer,2,Nicht gemeinnützig,1,Wohnung,2,brutto,2101.0,2042.0,2161.0,1666.0,1595.0,1723.0,1967.0,1890.0,2045.0,2456.0,2350.0,2619.0,6785,1083,184
2022,2022.04,4,Stadtquartiere,39,Wiedikon (Kreis 3),4,4 Zimmer,2,Nicht gemeinnützig,1,Wohnung,2,brutto,2514.0,2416.0,2612.0,2007.0,1934.0,2115.0,2367.0,2253.0,2500.0,2950.0,2751.0,3178.0,2300,269,107
2024,2024.04,4,Stadtquartiere,39,Wiedikon (Kreis 3),4,4 Zimmer,2,Nicht gemeinnützig,1,Wohnung,2,brutto,2563.0,2474.0,2652.0,1927.0,1806.0,1990.0,2518.0,2358.0,2626.0,3063.0,2881.0,3275.0,2296,314,143
2022,2022.04,4,Stadtquartiere,49,Aussersihl (Kreis 4),2,2 Zimmer,1,Gemeinnützig,1,Wohnung,2,brutto,1108.0,1087.0,1128.0,843.0,814.0,877.0,1076.0,1071.0,1096.0,1256.0,1240.0,1271.0,1218,858,55
2024,2024.04,4,Stadtquartiere,49,Aussersihl (Kreis 4),2,2 Zimmer,1,Gemeinnützig,1,Wohnung,2,brutto,1199.0,1175.0,1223.0,905.0,890.0,936.0,1152.0,1142.0,1173.0,1333.0,1308.0,1349.0,1213,898,47
2022,2022.04,4,Stadtquartiere,49,Aussersihl (Kreis 4),3,3 Zimmer,1,Gemeinnützig,1,Wohnung,2,brutto,1156.0,1120.0,1192.0,896.0,885.0,905.0,1023.0,1010.0,1048.0,1324.0,1288.0,1353.0,2066,1513,50
2024,2024.04,4,Stadtquartiere,49,Aussersihl (Kreis 4),3,3 Zimmer,1,Gemeinnützig,1,Wohnung,2,brutto,1239.0,1216.0,1262.0,1007.0,991.0,1024.0,1143.0,1129.0,1155.0,1400.0,1370.0,1418.0,2116,1647,49
2022,2022.04,4,Stadtquartiere,49,Aussersihl (Kreis 4),4,4 Zimmer,1,Gemeinnützig,1,Wohnung,2,brutto,1437.0,1402.0,1472.0,1074.0,1057.0,1096.0,1343.0,1311.0,1370.0,1611.0,1582.0,1638.0,713,479,61
2024,2024.04,4,Stadtquartiere,49,Aussersihl (Kreis 4),4,4 Zimmer,1,Gemeinnützig,1,Wohnung,2,brutto,1621.0,1581.0,1661.0,1253.0,1223.0,1282.0,1447.0,1416.0,1473.0,1818.0,1750.0,1981.0,760,553,40
2022,2022.04,4,Stadtquartiere,49,Aussersihl (Kreis 4),2,2 Zimmer,2,Nicht gemeinnützig,1,Wohnung,2,brutto,1814.0,1774.0,1855.0,1398.0,1330.0,1495.0,1769.0,1720.0,1830.0,2075.0,2015.0,2140.0,2857,509,162
2024,2024.04,4,Stadtquartiere,49,Aussersihl (Kreis 4),2,2 Zimmer,2,Nicht gemeinnützig,1,Wohnung,2,brutto,1943.0,1896.0,1990.0,1438.0,1401.0,1532.0,1825.0,1768.0,1900.0,2300.0,2170.0,2390.0,2880,657,233
2022,2022.04,4,Stadtquartiere,49,Aussersihl (Kreis 4),3,3 Zimmer,2,Nicht gemeinnützig,1,Wohnung,2,brutto,2083.0,2015.0,2151.0,1538.0,1423.0,1652.0,1931.0,1826.0,2040.0,2439.0,2350.0,2650.0,4073,633,122
2024,2024.04,4,Stadtquartiere,49,Aussersihl (Kreis 4),3,3 Zimmer,2,Nicht gemeinnützig,1,Wohnung,2,brutto,2266.0,2212.0,2320.0,1723.0,1672.0,1811.0,2183.0,2110.0,2279.0,2661.0,2580.0,2720.0,4013,825,164
2022,2022.04,4,Stadtquartiere,49,Aussersihl (Kreis 4),4,4 Zimmer,2,Nicht gemeinnützig,1,Wohnung,2,brutto,2521.0,2434.0,2609.0,1809.0,1752.0,1951.0,2350.0,2199.0,2519.0,3055.0,2761.0,3261.0,1483,185,86
2024,2024.04,4,Stadtquartiere,49,Aussersihl (Kreis 4),4,4 Zimmer,2,Nicht gemeinnützig,1,Wohnung,2,brutto,2866.0,2766.0,2966.0,2104.0,1920.0,2188.0,2779.0,2551.0,2998.0,3514.0,3322.0,3662.0,1467,264,122
2022,2022.04,4,Stadtquartiere,59,Industriequartier (Kreis 5),2,2 Zimmer,1,Gemeinnützig,1,Wohnung,2,brutto,926.0,908.0,944.0,771.0,755.0,782.0,861.0,841.0,871.0,1047.0,1014.0,1089.0,340,263,18
2024,2024.04,4,Stadtquartiere,59,Industriequartier (Kreis 5),2,2 Zimmer,1,Gemeinnützig,1,Wohnung,2,brutto,998.0,965.0,1031.0,802.0,784.0,827.0,962.0,929.0,979.0,1089.0,1078.0,1140.0,331,255,20
2022,2022.04,4,Stadtquartiere,59,Industriequartier (Kreis 5),3,3 Zimmer,1,Gemeinnützig,1,Wohnung,2,brutto,1041.0,1021.0,1061.0,865.0,841.0,883.0,953.0,930.0,990.0,1124.0,1091.0,1214.0,917,631,20
2024,2024.04,4,Stadtquartiere,59,Industriequartier (Kreis 5),3,3 Zimmer,1,Gemeinnützig,1,Wohnung,2,brutto,1150.0,1137.0,1164.0,964.0,954.0,972.0,1110.0,1094.0,1138.0,1281.0,1196.0,1329.0,924,645,20
2022,2022.04,4,Stadtquartiere,59,Industriequartier (Kreis 5),4,4 Zimmer,1,Gemeinnützig,1,Wohnung,2,brutto,1405.0,1380.0,1430.0,1078.0,1051.0,1106.0,1337.0,1303.0,1416.0,1747.0,1709.0,1804.0,423,296,22
2024,2024.04,4,Stadtquartiere,59,Industriequartier (Kreis 5),4,4 Zimmer,1,Gemeinnützig,1,Wohnung,2,brutto,1533.0,1513.0,1553.0,1222.0,1179.0,1266.0,1455.0,1401.0,1533.0,1813.0,1770.0,1869.0,407,279,19
2022,2022.04,4,Stadtquartiere,59,Industriequartier (Kreis 5),2,2 Zimmer,2,Nicht gemeinnützig,1,Wohnung,2,brutto,1954.0,1886.0,2022.0,1505.0,1437.0,1583.0,1881.0,1760.0,1973.0,2300.0,2194.0,2546.0,1355,363,78
2024,2024.04,4,Stadtquartiere,59,Industriequartier (Kreis 5),2,2 Zimmer,2,Nicht gemeinnützig,1,Wohnung,2,brutto,2052.0,1988.0,2115.0,1562.0,1472.0,1656.0,1989.0,1850.0,2083.0,2449.0,2334.0,2611.0,1317,344,96
2022,2022.04,4,Stadtquartiere,59,Industriequartier (Kreis 5),3,3 Zimmer,2,Nicht gemeinnützig,1,Wohnung,2,brutto,2350.0,2236.0,2464.0,1818.0,1714.0,1940.0,2201.0,2049.0,2495.0,2820.0,2699.0,3010.0,1904,416,67
2024,2024.04,4,Stadtquartiere,59,Industriequartier (Kreis 5),3,3 Zimmer,2,Nicht gemeinnützig,1,Wohnung,2,brutto,2502.0,2408.0,2597.0,1861.0,1778.0,2006.0,2442.0,2250.0,2570.0,3013.0,2901.0,3084.0,1819,408,85
2022,2022.04,4,Stadtquartiere,59,Industriequartier (Kreis 5),4,4 Zimmer,2,Nicht gemeinnützig,1,Wohnung,2,brutto,2679.0,2550.0,2807.0,1862.0,1774.0,2235.0,2512.0,2208.0,2648.0,3154.0,2950.0,3483.0,965,189,47
2024,2024.04,4,Stadtquartiere,59,Industriequartier (Kreis 5),4,4 Zimmer,2,Nicht gemeinnützig,1,Wohnung,2,brutto,2858.0,2724.0,2992.0,2055.0,1910.0,2369.0,2709.0,2532.0,3049.0,3528.0,3241.0,3870.0,914,221,53
2022,2022.04,4,Stadtquartiere,61,Unterstrass,2,2 Zimmer,1,Gemeinnützig,1,Wohnung,2,brutto,1120.0,1038.0,1202.0,836.0,822.0,886.0,890.0,885.0,983.0,1217.0,1167.0,1452.0,617,291,12
2024,2024.04,4,Stadtquartiere,61,Unterstrass,2,2 Zimmer,1,Gemeinnützig,1,Wohnung,2,brutto,1125.0,1079.0,1172.0,961.0,936.0,978.0,1033.0,986.0,1057.0,1214.0,1133.0,1368.0,671,342,20
2022,2022.04,4,Stadtquartiere,61,Unterstrass,3,3 Zimmer,1,Gemeinnützig,1,Wohnung,2,brutto,1103.0,1083.0,1122.0,928.0,890.0,980.0,1085.0,1065.0,1109.0,1150.0,1146.0,1217.0,1705,957,23
2024,2024.04,4,Stadtquartiere,61,Unterstrass,3,3 Zimmer,1,Gemeinnützig,1,Wohnung,2,brutto,1202.0,1183.0,1222.0,1031.0,1013.0,1039.0,1163.0,1133.0,1194.0,1370.0,1272.0,1420.0,1770,1076,27
2022,2022.04,4,Stadtquartiere,61,Unterstrass,4,4 Zimmer,1,Gemeinnützig,1,Wohnung,2,brutto,1514.0,1492.0,1536.0,1300.0,1263.0,1340.0,1448.0,1404.0,1493.0,1636.0,1579.0,1723.0,977,560,20
2024,2024.04,4,Stadtquartiere,61,Unterstrass,4,4 Zimmer,1,Gemeinnützig,1,Wohnung,2,brutto,1629.0,1596.0,1661.0,1341.0,1283.0,1413.0,1531.0,1491.0,1577.0,1923.0,1836.0,1973.0,1005,601,23
2022,2022.04,4,Stadtquartiere,61,Unterstrass,2,2 Zimmer,2,Nicht gemeinnützig,1,Wohnung,2,brutto,1667.0,1565.0,1768.0,1390.0,1354.0,1467.0,1573.0,1520.0,1709.0,1950.0,1815.0,2208.0,1710,278,41
2024,2024.04,4,Stadtquartiere,61,Unterstrass,2,2 Zimmer,2,Nicht gemeinnützig,1,Wohnung,2,brutto,1843.0,1771.0,1915.0,1470.0,1410.0,1592.0,1768.0,1690.0,1916.0,2189.0,2078.0,2329.0,1675,318,61
2022,2022.04,4,Stadtquartiere,61,Unterstrass,3,3 Zimmer,2,Nicht gemeinnützig,1,Wohnung,2,brutto,2114.0,1981.0,2247.0,1600.0,1500.0,1734.0,2096.0,1775.0,2309.0,2500.0,2362.0,2800.0,2508,379,45
2024,2024.04,4,Stadtquartiere,61,Unterstrass,3,3 Zimmer,2,Nicht gemeinnützig,1,Wohnung,2,brutto,2231.0,2124.0,2338.0,1624.0,1550.0,1805.0,2200.0,1980.0,2402.0,2623.0,2543.0,2902.0,2432,387,65
2022,2022.04,4,Stadtquartiere,61,Unterstrass,4,4 Zimmer,2,Nicht gemeinnützig,1,Wohnung,2,brutto,2667.0,2563.0,2772.0,2130.0,1969.0,2355.0,2669.0,2500.0,2797.0,3022.0,2897.0,3410.0,1465,263,54
2024,2024.04,4,Stadtquartiere,61,Unterstrass,4,4 Zimmer,2,Nicht gemeinnützig,1,Wohnung,2,brutto,2803.0,2690.0,2917.0,2202.0,2115.0,2374.0,2674.0,2541.0,2880.0,3371.0,3200.0,3650.0,1422,270,78
2022,2022.04,4,Stadtquartiere,63,Oberstrass,2,2 Zimmer,1,Gemeinnützig,1,Wohnung,2,brutto,1257.0,1234.0,1280.0,1037.0,996.0,1062.0,1133.0,1125.0,1134.0,1442.0,1316.0,1526.0,59,38,19
2024,2024.04,4,Stadtquartiere,63,Oberstrass,2,2 Zimmer,1,Gemeinnützig,1,Wohnung,2,brutto,1302.0,1276.0,1328.0,1108.0,1099.0,1111.0,1218.0,1190.0,1221.0,1471.0,1384.0,1514.0,60,38,19
2022,2022.04,4,Stadtquartiere,63,Oberstrass,3,3 Zimmer,1,Gemeinnützig,1,Wohnung,2,brutto,1294.0,1265.0,1323.0,949.0,947.0,953.0,1225.0,1212.0,1237.0,1400.0,1376.0,1459.0,234,185,20
2024,2024.04,4,Stadtquartiere,63,Oberstrass,3,3 Zimmer,1,Gemeinnützig,1,Wohnung,2,brutto,1352.0,1320.0,1384.0,981.0,979.0,982.0,1288.0,1270.0,1305.0,1505.0,1474.0,1524.0,235,187,20
2022,2022.04,4,Stadtquartiere,63,Oberstrass,4,4 Zimmer,1,Gemeinnützig,1,Wohnung,2,brutto,1638.0,1625.0,1651.0,1383.0,1376.0,1397.0,1576.0,1570.0,1586.0,1756.0,1746.0,1758.0,179,153,17
2024,2024.04,4,Stadtquartiere,63,Oberstrass,4,4 Zimmer,1,Gemeinnützig,1,Wohnung,2,brutto,1763.0,1748.0,1778.0,1493.0,1491.0,1498.0,1663.0,1660.0,1669.0,1869.0,1858.0,1891.0,183,159,19
2022,2022.04,4,Stadtquartiere,63,Oberstrass,2,2 Zimmer,2,Nicht gemeinnützig,1,Wohnung,2,brutto,1863.0,1696.0,2029.0,1440.0,1398.0,1603.0,1808.0,1603.0,1896.0,1974.0,1880.0,2141.0,868,71,35
2024,2024.04,4,Stadtquartiere,63,Oberstrass,2,2 Zimmer,2,Nicht gemeinnützig,1,Wohnung,2,brutto,1902.0,1804.0,2001.0,1590.0,1393.0,1661.0,1868.0,1700.0,1963.0,2212.0,2024.0,2426.0,869,117,59
2022,2022.04,4,Stadtquartiere,63,Oberstrass,3,3 Zimmer,2,Nicht gemeinnützig,1,Wohnung,2,brutto,2423.0,2290.0,2556.0,1970.0,1777.0,2141.0,2349.0,2180.0,2652.0,2894.0,2700.0,3094.0,966,64,44
2024,2024.04,4,Stadtquartiere,63,Oberstrass,3,3 Zimmer,2,Nicht gemeinnützig,1,Wohnung,2,brutto,2665.0,2506.0,2825.0,2115.0,1642.0,2312.0,2721.0,2402.0,2954.0,3167.0,3078.0,3550.0,937,79,56
2022,2022.04,4,Stadtquartiere,63,Oberstrass,4,4 Zimmer,2,Nicht gemeinnützig,1,Wohnung,2,brutto,2920.0,2630.0,3210.0,2079.0,1455.0,2296.0,2637.0,2265.0,2907.0,3544.0,2928.0,3881.0,888,48,43
2024,2024.04,4,Stadtquartiere,63,Oberstrass,4,4 Zimmer,2,Nicht gemeinnützig,1,Wohnung,2,brutto,3060.0,2898.0,3222.0,2225.0,1981.0,2600.0,3141.0,2652.0,3400.0,3798.0,3497.0,4085.0,868,54,60
2022,2022.04,4,Stadtquartiere,71,Fluntern,2,2 Zimmer,1,Gemeinnützig,1,Wohnung,2,brutto,1203.0,1191.0,1215.0,1090.0,1085.0,1103.0,1145.0,1143.0,1156.0,1290.0,1250.0,1309.0,48,43,0
2024,2024.04,4,Stadtquartiere,71,Fluntern,2,2 Zimmer,1,Gemeinnützig,1,Wohnung,2,brutto,1336.0,1303.0,1369.0,1128.0,1121.0,1137.0,1176.0,1160.0,1203.0,1284.0,1266.0,1285.0,53,48,0
2022,2022.04,4,Stadtquartiere,71,Fluntern,3,3 Zimmer,1,Gemeinnützig,1,Wohnung,2,brutto,1586.0,1513.0,1658.0,1339.0,1339.0,1346.0,1467.0,1467.0,1511.0,1760.0,1610.0,1874.0,75,61,4
2024,2024.04,4,Stadtquartiere,71,Fluntern,3,3 Zimmer,1,Gemeinnützig,1,Wohnung,2,brutto,1730.0,1676.0,1783.0,1388.0,1386.0,1390.0,1474.0,1445.0,1495.0,1729.0,1620.0,1758.0,81,69,0
2022,2022.04,4,Stadtquartiere,71,Fluntern,4,4 Zimmer,1,Gemeinnützig,1,Wohnung,2,brutto,1452.0,1432.0,1472.0,1161.0,1156.0,1222.0,1538.0,1538.0,1599.0,1645.0,1624.0,1668.0,51,42,0
2024,2024.04,4,Stadtquartiere,71,Fluntern,4,4 Zimmer,1,Gemeinnützig,1,Wohnung,2,brutto,1820.0,1739.0,1901.0,1636.0,1636.0,1661.0,1689.0,1687.0,1711.0,1808.0,1733.0,1823.0,51,42,0
2022,2022.04,4,Stadtquartiere,71,Fluntern,2,2 Zimmer,2,Nicht gemeinnützig,1,Wohnung,2,brutto,2002.0,1871.0,2132.0,1523.0,1450.0,1753.0,1918.0,1744.0,2097.0,2319.0,2088.0,2596.0,520,65,38
2024,2024.04,4,Stadtquartiere,71,Fluntern,2,2 Zimmer,2,Nicht gemeinnützig,1,Wohnung,2,brutto,2176.0,2071.0,2280.0,1635.0,1577.0,1889.0,2169.0,1905.0,2497.0,2644.0,2550.0,2831.0,507,60,49
2022,2022.04,4,Stadtquartiere,71,Fluntern,3,3 Zimmer,2,Nicht gemeinnützig,1,Wohnung,2,brutto,3018.0,2836.0,3200.0,2135.0,2076.0,2490.0,2883.0,2577.0,3222.0,3713.0,3426.0,3905.0,695,121,41
2024,2024.04,4,Stadtquartiere,71,Fluntern,3,3 Zimmer,2,Nicht gemeinnützig,1,Wohnung,2,brutto,3068.0,2920.0,3216.0,2200.0,1876.0,2428.0,2991.0,2692.0,3100.0,3822.0,3511.0,3990.0,667,134,60
2022,2022.04,4,Stadtquartiere,71,Fluntern,4,4 Zimmer,2,Nicht gemeinnützig,1,Wohnung,2,brutto,3170.0,2945.0,3395.0,2445.0,2087.0,2742.0,3271.0,2959.0,3461.0,3875.0,3478.0,4225.0,693,101,37
2024,2024.04,4,Stadtquartiere,71,Fluntern,4,4 Zimmer,2,Nicht gemeinnützig,1,Wohnung,2,brutto,3388.0,3242.0,3534.0,2642.0,2500.0,2861.0,3210.0,3055.0,3519.0,3978.0,3638.0,4213.0,663,108,55
2022,2022.04,4,Stadtquartiere,72,Hottingen,2,2 Zimmer,1,Gemeinnützig,1,Wohnung,2,brutto,1401.0,1384.0,1418.0,1283.0,1249.0,1319.0,1464.0,1457.0,1467.0,1554.0,1537.0,1562.0,122,94,18
2024,2024.04,4,Stadtquartiere,72,Hottingen,2,2 Zimmer,1,Gemeinnützig,1,Wohnung,2,brutto,1531.0,1507.0,1556.0,1389.0,1372.0,1399.0,1513.0,1507.0,1516.0,1630.0,1611.0,1635.0,125,95,20
2022,2022.04,4,Stadtquartiere,72,Hottingen,3,3 Zimmer,1,Gemeinnützig,1,Wohnung,2,brutto,1756.0,1725.0,1788.0,1374.0,1348.0,1399.0,1517.0,1498.0,1530.0,1956.0,1807.0,2085.0,132,91,31
2024,2024.04,4,Stadtquartiere,72,Hottingen,3,3 Zimmer,1,Gemeinnützig,1,Wohnung,2,brutto,2026.0,1993.0,2059.0,1513.0,1504.0,1524.0,1692.0,1664.0,1706.0,2489.0,2307.0,2580.0,133,96,27
2022,2022.04,4,Stadtquartiere,72,Hottingen,4,4 Zimmer,1,Gemeinnützig,1,Wohnung,2,brutto,2120.0,2083.0,2156.0,1503.0,1447.0,1534.0,1795.0,1793.0,1805.0,2331.0,2294.0,2370.0,123,91,29
2024,2024.04,4,Stadtquartiere,72,Hottingen,4,4 Zimmer,1,Gemeinnützig,1,Wohnung,2,brutto,2416.0,2340.0,2491.0,1695.0,1662.0,1711.0,2129.0,2038.0,2166.0,2706.0,2547.0,3276.0,121,88,20
2022,2022.04,4,Stadtquartiere,72,Hottingen,2,2 Zimmer,2,Nicht gemeinnützig,1,Wohnung,2,brutto,1827.0,1712.0,1941.0,1420.0,1281.0,1660.0,1883.0,1677.0,2014.0,2185.0,2021.0,2350.0,865,89,40
2024,2024.04,4,Stadtquartiere,72,Hottingen,2,2 Zimmer,2,Nicht gemeinnützig,1,Wohnung,2,brutto,2115.0,2029.0,2201.0,1563.0,1524.0,1795.0,2114.0,1926.0,2320.0,2494.0,2380.0,2623.0,864,108,52
2022,2022.04,4,Stadtquartiere,72,Hottingen,3,3 Zimmer,2,Nicht gemeinnützig,1,Wohnung,2,brutto,2460.0,2264.0,2657.0,1956.0,1801.0,2255.0,2410.0,2286.0,2564.0,2916.0,2645.0,2990.0,1169,108,45
2024,2024.04,4,Stadtquartiere,72,Hottingen,3,3 Zimmer,2,Nicht gemeinnützig,1,Wohnung,2,brutto,2638.0,2531.0,2746.0,2209.0,2095.0,2360.0,2645.0,2485.0,2810.0,3027.0,2898.0,3069.0,1160,111,60
2022,2022.04,4,Stadtquartiere,72,Hottingen,4,4 Zimmer,2,Nicht gemeinnützig,1,Wohnung,2,brutto,3071.0,2834.0,3307.0,2300.0,1983.0,2635.0,3109.0,2622.0,3300.0,3424.0,3302.0,4191.0,971,56,42
2024,2024.04,4,Stadtquartiere,72,Hottingen,4,4 Zimmer,2,Nicht gemeinnützig,1,Wohnung,2,brutto,3284.0,2993.0,3575.0,2530.0,2358.0,2860.0,3118.0,2950.0,3449.0,3735.0,3450.0,3943.0,936,61,52
2022,2022.04,4,Stadtquartiere,73,Hirslanden,2,2 Zimmer,1,Gemeinnützig,1,Wohnung,2,brutto,1029.0,999.0,1059.0,909.0,862.0,972.0,981.0,955.0,1133.0,1168.0,1105.0,1212.0,78,31,10
2024,2024.04,4,Stadtquartiere,73,Hirslanden,2,2 Zimmer,1,Gemeinnützig,1,Wohnung,2,brutto,1105.0,1068.0,1143.0,925.0,909.0,995.0,1016.0,971.0,1190.0,1254.0,1071.0,1310.0,81,29,11
2022,2022.04,4,Stadtquartiere,73,Hirslanden,3,3 Zimmer,1,Gemeinnützig,1,Wohnung,2,brutto,1203.0,1169.0,1238.0,1053.0,1032.0,1115.0,1128.0,1101.0,1167.0,1207.0,1190.0,1281.0,221,79,12
2024,2024.04,4,Stadtquartiere,73,Hirslanden,3,3 Zimmer,1,Gemeinnützig,1,Wohnung,2,brutto,1282.0,1265.0,1298.0,1087.0,1072.0,1120.0,1161.0,1110.0,1243.0,1333.0,1327.0,1385.0,235,86,11
2022,2022.04,4,Stadtquartiere,73,Hirslanden,4,4 Zimmer,1,Gemeinnützig,1,Wohnung,2,brutto,1375.0,1319.0,1431.0,1205.0,1148.0,1240.0,1266.0,1264.0,1320.0,1490.0,1466.0,1595.0,89,33,15
2024,2024.04,4,Stadtquartiere,73,Hirslanden,4,4 Zimmer,1,Gemeinnützig,1,Wohnung,2,brutto,1479.0,1457.0,1500.0,1285.0,1191.0,1311.0,1366.0,1345.0,1430.0,1583.0,1547.0,1643.0,100,43,12
2022,2022.04,4,Stadtquartiere,73,Hirslanden,2,2 Zimmer,2,Nicht gemeinnützig,1,Wohnung,2,brutto,1859.0,1748.0,1969.0,1512.0,1344.0,1661.0,1751.0,1683.0,1811.0,2261.0,1814.0,2470.0,588,84,35
2024,2024.04,4,Stadtquartiere,73,Hirslanden,2,2 Zimmer,2,Nicht gemeinnützig,1,Wohnung,2,brutto,2094.0,1986.0,2202.0,1687.0,1468.0,1780.0,2100.0,1918.0,2217.0,2501.0,2329.0,2649.0,642,129,47
2022,2022.04,4,Stadtquartiere,73,Hirslanden,3,3 Zimmer,2,Nicht gemeinnützig,1,Wohnung,2,brutto,2088.0,1963.0,2212.0,1710.0,1586.0,1858.0,2030.0,1958.0,2223.0,2416.0,2221.0,2607.0,1043,115,42
2024,2024.04,4,Stadtquartiere,73,Hirslanden,3,3 Zimmer,2,Nicht gemeinnützig,1,Wohnung,2,brutto,2314.0,2178.0,2449.0,1765.0,1584.0,1989.0,2274.0,2156.0,2400.0,2703.0,2494.0,2933.0,1062,127,62
2022,2022.04,4,Stadtquartiere,73,Hirslanden,4,4 Zimmer,2,Nicht gemeinnützig,1,Wohnung,2,brutto,2520.0,2221.0,2819.0,1703.0,1450.0,2252.0,2404.0,2025.0,2791.0,3085.0,2671.0,3590.0,674,46,30
2024,2024.04,4,Stadtquartiere,73,Hirslanden,4,4 Zimmer,2,Nicht gemeinnützig,1,Wohnung,2,brutto,2605.0,2411.0,2799.0,1999.0,1680.0,2265.0,2475.0,2380.0,2759.0,3243.0,2858.0,3433.0,647,39,57
2022,2022.04,4,Stadtquartiere,74,Witikon,2,2 Zimmer,1,Gemeinnützig,1,Wohnung,2,brutto,1130.0,1091.0,1169.0,841.0,843.0,854.0,1137.0,978.0,1216.0,1286.0,1261.0,1377.0,54,22,20
2024,2024.04,4,Stadtquartiere,74,Witikon,2,2 Zimmer,1,Gemeinnützig,1,Wohnung,2,brutto,1310.0,1108.0,1512.0,916.0,802.0,1306.0,1273.0,1165.0,1487.0,1476.0,1010.0,1645.0,99,24,5
2022,2022.04,4,Stadtquartiere,74,Witikon,3,3 Zimmer,1,Gemeinnützig,1,Wohnung,2,brutto,1366.0,1350.0,1382.0,1083.0,1070.0,1085.0,1310.0,1258.0,1375.0,1514.0,1510.0,1568.0,88,61,20
2024,2024.04,4,Stadtquartiere,74,Witikon,3,3 Zimmer,1,Gemeinnützig,1,Wohnung,2,brutto,1462.0,1403.0,1521.0,1148.0,1070.0,1171.0,1470.0,1277.0,1541.0,1737.0,1586.0,1871.0,103,55,17
2022,2022.04,4,Stadtquartiere,74,Witikon,4,4 Zimmer,1,Gemeinnützig,1,Wohnung,2,brutto,1599.0,1575.0,1623.0,1367.0,1342.0,1381.0,1468.0,1405.0,1563.0,1848.0,1786.0,1875.0,158,69,20
2024,2024.04,4,Stadtquartiere,74,Witikon,4,4 Zimmer,1,Gemeinnützig,1,Wohnung,2,brutto,1632.0,1595.0,1669.0,1368.0,1340.0,1374.0,1434.0,1379.0,1739.0,1933.0,1845.0,2038.0,160,65,17
2022,2022.04,4,Stadtquartiere,74,Witikon,2,2 Zimmer,2,Nicht gemeinnützig,1,Wohnung,2,brutto,1546.0,1456.0,1636.0,1262.0,967.0,1432.0,1583.0,1468.0,1650.0,1806.0,1670.0,1900.0,678,156,33
2024,2024.04,4,Stadtquartiere,74,Witikon,2,2 Zimmer,2,Nicht gemeinnützig,1,Wohnung,2,brutto,1757.0,1677.0,1837.0,1456.0,1365.0,1589.0,1646.0,1626.0,1729.0,1953.0,1800.0,2034.0,700,170,44
2022,2022.04,4,Stadtquartiere,74,Witikon,3,3 Zimmer,2,Nicht gemeinnützig,1,Wohnung,2,brutto,1855.0,1774.0,1935.0,1480.0,1400.0,1660.0,1822.0,1714.0,1916.0,2088.0,1936.0,2220.0,1422,276,32
2024,2024.04,4,Stadtquartiere,74,Witikon,3,3 Zimmer,2,Nicht gemeinnützig,1,Wohnung,2,brutto,2165.0,2092.0,2237.0,1702.0,1629.0,1847.0,1998.0,1938.0,2021.0,2469.0,2249.0,2712.0,1397,319,56
2022,2022.04,4,Stadtquartiere,74,Witikon,4,4 Zimmer,2,Nicht gemeinnützig,1,Wohnung,2,brutto,2575.0,2381.0,2770.0,2033.0,1862.0,2149.0,2235.0,2150.0,2359.0,2723.0,2487.0,3461.0,1003,171,29
2024,2024.04,4,Stadtquartiere,74,Witikon,4,4 Zimmer,2,Nicht gemeinnützig,1,Wohnung,2,brutto,2662.0,2510.0,2813.0,1925.0,1710.0,2007.0,2312.0,2170.0,2526.0,3601.0,3024.0,3685.0,947,215,48
2022,2022.04,4,Stadtquartiere,89,Riesbach (Kreis 8),2,2 Zimmer,1,Gemeinnützig,1,Wohnung,2,brutto,1189.0,1162.0,1216.0,979.0,968.0,995.0,1059.0,1058.0,1108.0,1386.0,1268.0,1427.0,98,88,0
2024,2024.04,4,Stadtquartiere,89,Riesbach (Kreis 8),2,2 Zimmer,1,Gemeinnützig,1,Wohnung,2,brutto,1355.0,1333.0,1377.0,1055.0,1050.0,1058.0,1238.0,1209.0,1266.0,1553.0,1526.0,1628.0,93,87,0
2022,2022.04,4,Stadtquartiere,89,Riesbach (Kreis 8),3,3 Zimmer,1,Gemeinnützig,1,Wohnung,2,brutto,1289.0,1277.0,1301.0,1004.0,1001.0,1010.0,1216.0,1216.0,1226.0,1416.0,1408.0,1427.0,253,237,0
2024,2024.04,4,Stadtquartiere,89,Riesbach (Kreis 8),3,3 Zimmer,1,Gemeinnützig,1,Wohnung,2,brutto,1390.0,1379.0,1400.0,1101.0,1089.0,1106.0,1264.0,1263.0,1268.0,1532.0,1525.0,1537.0,246,215,24
2022,2022.04,4,Stadtquartiere,89,Riesbach (Kreis 8),4,4 Zimmer,1,Gemeinnützig,1,Wohnung,2,brutto,1515.0,1503.0,1526.0,1214.0,1194.0,1230.0,1490.0,1490.0,1502.0,1641.0,1640.0,1647.0,244,234,0
2024,2024.04,4,Stadtquartiere,89,Riesbach (Kreis 8),4,4 Zimmer,1,Gemeinnützig,1,Wohnung,2,brutto,1642.0,1634.0,1651.0,1339.0,1339.0,1344.0,1589.0,1578.0,1593.0,1782.0,1782.0,1799.0,246,227,14
2022,2022.04,4,Stadtquartiere,89,Riesbach (Kreis 8),2,2 Zimmer,2,Nicht gemeinnützig,1,Wohnung,2,brutto,2068.0,2004.0,2132.0,1560.0,1473.0,1670.0,2056.0,1977.0,2129.0,2516.0,2354.0,2593.0,2213,480,113
2024,2024.04,4,Stadtquartiere,89,Riesbach (Kreis 8),2,2 Zimmer,2,Nicht gemeinnützig,1,Wohnung,2,brutto,2249.0,2192.0,2305.0,1650.0,1600.0,1729.0,2181.0,2100.0,2250.0,2727.0,2623.0,2878.0,2192,530,177
2022,2022.04,4,Stadtquartiere,89,Riesbach (Kreis 8),3,3 Zimmer,2,Nicht gemeinnützig,1,Wohnung,2,brutto,2533.0,2442.0,2623.0,1819.0,1667.0,1980.0,2450.0,2311.0,2635.0,3024.0,2913.0,3169.0,2773,474,128
2024,2024.04,4,Stadtquartiere,89,Riesbach (Kreis 8),3,3 Zimmer,2,Nicht gemeinnützig,1,Wohnung,2,brutto,2811.0,2732.0,2890.0,2000.0,1900.0,2129.0,2660.0,2518.0,2816.0,3439.0,3274.0,3650.0,2751,529,187
2022,2022.04,4,Stadtquartiere,89,Riesbach (Kreis 8),4,4 Zimmer,2,Nicht gemeinnützig,1,Wohnung,2,brutto,3110.0,2964.0,3256.0,2196.0,1934.0,2400.0,2873.0,2700.0,3103.0,3900.0,3543.0,4094.0,1393,166,104
2024,2024.04,4,Stadtquartiere,89,Riesbach (Kreis 8),4,4 Zimmer,2,Nicht gemeinnützig,1,Wohnung,2,brutto,3219.0,3106.0,3332.0,2259.0,2034.0,2430.0,3045.0,2801.0,3281.0,4031.0,3779.0,4238.0,1367,201,148
2022,2022.04,4,Stadtquartiere,91,Albisrieden,2,2 Zimmer,1,Gemeinnützig,1,Wohnung,2,brutto,1146.0,1117.0,1176.0,862.0,810.0,881.0,1117.0,1035.0,1176.0,1415.0,1365.0,1476.0,838,493,25
2024,2024.04,4,Stadtquartiere,91,Albisrieden,2,2 Zimmer,1,Gemeinnützig,1,Wohnung,2,brutto,1250.0,1184.0,1316.0,953.0,889.0,1096.0,1244.0,1144.0,1335.0,1458.0,1378.0,1549.0,816,498,17
2022,2022.04,4,Stadtquartiere,91,Albisrieden,3,3 Zimmer,1,Gemeinnützig,1,Wohnung,2,brutto,1139.0,1112.0,1166.0,813.0,803.0,843.0,1072.0,1024.0,1118.0,1304.0,1270.0,1400.0,1764,1010,40
2024,2024.04,4,Stadtquartiere,91,Albisrieden,3,3 Zimmer,1,Gemeinnützig,1,Wohnung,2,brutto,1243.0,1219.0,1267.0,910.0,897.0,945.0,1157.0,1122.0,1207.0,1522.0,1383.0,1545.0,1684,1041,29
2022,2022.04,4,Stadtquartiere,91,Albisrieden,4,4 Zimmer,1,Gemeinnützig,1,Wohnung,2,brutto,1606.0,1572.0,1639.0,1342.0,1191.0,1368.0,1721.0,1515.0,1769.0,1887.0,1862.0,1935.0,1006,527,34
2024,2024.04,4,Stadtquartiere,91,Albisrieden,4,4 Zimmer,1,Gemeinnützig,1,Wohnung,2,brutto,1722.0,1666.0,1778.0,1413.0,1358.0,1442.0,1809.0,1749.0,1854.0,1945.0,1888.0,2035.0,999,520,28
2022,2022.04,4,Stadtquartiere,91,Albisrieden,2,2 Zimmer,2,Nicht gemeinnützig,1,Wohnung,2,brutto,1783.0,1692.0,1873.0,1374.0,1299.0,1431.0,1590.0,1507.0,1812.0,2105.0,1876.0,2340.0,1704,343,38
2024,2024.04,4,Stadtquartiere,91,Albisrieden,2,2 Zimmer,2,Nicht gemeinnützig,1,Wohnung,2,brutto,1863.0,1817.0,1908.0,1497.0,1463.0,1570.0,1730.0,1650.0,1802.0,2094.0,2035.0,2266.0,1741,434,63
2022,2022.04,4,Stadtquartiere,91,Albisrieden,3,3 Zimmer,2,Nicht gemeinnützig,1,Wohnung,2,brutto,1985.0,1922.0,2048.0,1559.0,1512.0,1711.0,1905.0,1797.0,2040.0,2330.0,2140.0,2515.0,2292,383,35
2024,2024.04,4,Stadtquartiere,91,Albisrieden,3,3 Zimmer,2,Nicht gemeinnützig,1,Wohnung,2,brutto,2295.0,2231.0,2358.0,1732.0,1645.0,1805.0,2132.0,2059.0,2280.0,2844.0,2670.0,2934.0,2417,425,53
2022,2022.04,4,Stadtquartiere,91,Albisrieden,4,4 Zimmer,2,Nicht gemeinnützig,1,Wohnung,2,brutto,2584.0,2461.0,2708.0,2100.0,1960.0,2254.0,2504.0,2265.0,2659.0,2996.0,2803.0,3125.0,1267,314,33
2024,2024.04,4,Stadtquartiere,91,Albisrieden,4,4 Zimmer,2,Nicht gemeinnützig,1,Wohnung,2,brutto,2751.0,2664.0,2839.0,2215.0,2078.0,2293.0,2699.0,2456.0,2755.0,3092.0,2952.0,3217.0,1334,396,41
2022,2022.04,4,Stadtquartiere,92,Altstetten,2,2 Zimmer,1,Gemeinnützig,1,Wohnung,2,brutto,1041.0,996.0,1085.0,819.0,799.0,847.0,1021.0,1007.0,1068.0,1208.0,1127.0,1248.0,819,502,21
2024,2024.04,4,Stadtquartiere,92,Altstetten,2,2 Zimmer,1,Gemeinnützig,1,Wohnung,2,brutto,1095.0,1057.0,1134.0,896.0,854.0,934.0,1124.0,1053.0,1190.0,1280.0,1234.0,1321.0,845,531,21
2022,2022.04,4,Stadtquartiere,92,Altstetten,3,3 Zimmer,1,Gemeinnützig,1,Wohnung,2,brutto,1178.0,1149.0,1207.0,943.0,891.0,987.0,1184.0,1129.0,1246.0,1370.0,1324.0,1438.0,2294,1209,34
2024,2024.04,4,Stadtquartiere,92,Altstetten,3,3 Zimmer,1,Gemeinnützig,1,Wohnung,2,brutto,1227.0,1198.0,1257.0,1018.0,1002.0,1068.0,1229.0,1179.0,1298.0,1440.0,1383.0,1511.0,2233,1247,30
2022,2022.04,4,Stadtquartiere,92,Altstetten,4,4 Zimmer,1,Gemeinnützig,1,Wohnung,2,brutto,1519.0,1470.0,1569.0,1132.0,1114.0,1243.0,1522.0,1466.0,1582.0,1847.0,1776.0,1908.0,1293,696,28
2024,2024.04,4,Stadtquartiere,92,Altstetten,4,4 Zimmer,1,Gemeinnützig,1,Wohnung,2,brutto,1586.0,1549.0,1624.0,1317.0,1273.0,1377.0,1617.0,1550.0,1675.0,1834.0,1818.0,1859.0,1258,745,29
2022,2022.04,4,Stadtquartiere,92,Altstetten,2,2 Zimmer,2,Nicht gemeinnützig,1,Wohnung,2,brutto,1715.0,1646.0,1783.0,1301.0,1289.0,1459.0,1606.0,1491.0,1698.0,1955.0,1760.0,2199.0,3611,481,43
2024,2024.04,4,Stadtquartiere,92,Altstetten,2,2 Zimmer,2,Nicht gemeinnützig,1,Wohnung,2,brutto,1802.0,1758.0,1846.0,1490.0,1450.0,1540.0,1700.0,1642.0,1815.0,2210.0,2085.0,2280.0,3699,1160,65
2022,2022.04,4,Stadtquartiere,92,Altstetten,3,3 Zimmer,2,Nicht gemeinnützig,1,Wohnung,2,brutto,1893.0,1809.0,1978.0,1424.0,1394.0,1589.0,1802.0,1665.0,1884.0,2265.0,2017.0,2480.0,4332,629,62
2024,2024.04,4,Stadtquartiere,92,Altstetten,3,3 Zimmer,2,Nicht gemeinnützig,1,Wohnung,2,brutto,2107.0,2041.0,2172.0,1667.0,1623.0,1729.0,2019.0,1845.0,2091.0,2450.0,2372.0,2599.0,4414,1178,75
2022,2022.04,4,Stadtquartiere,92,Altstetten,4,4 Zimmer,2,Nicht gemeinnützig,1,Wohnung,2,brutto,2432.0,2316.0,2548.0,2040.0,1663.0,2202.0,2497.0,2273.0,2623.0,2950.0,2673.0,3183.0,1761,277,34
2024,2024.04,4,Stadtquartiere,92,Altstetten,4,4 Zimmer,2,Nicht gemeinnützig,1,Wohnung,2,brutto,2583.0,2492.0,2674.0,1990.0,1890.0,2215.0,2400.0,2315.0,2620.0,3069.0,2883.0,3247.0,1806,462,54
2022,2022.04,4,Stadtquartiere,101,Höngg,2,2 Zimmer,1,Gemeinnützig,1,Wohnung,2,brutto,1054.0,998.0,1110.0,838.0,803.0,877.0,966.0,938.0,1020.0,1191.0,1161.0,1271.0,516,378,18
2024,2024.04,4,Stadtquartiere,101,Höngg,2,2 Zimmer,1,Gemeinnützig,1,Wohnung,2,brutto,1132.0,1097.0,1167.0,901.0,859.0,952.0,1096.0,1032.0,1170.0,1313.0,1268.0,1374.0,530,386,17
2022,2022.04,4,Stadtquartiere,101,Höngg,3,3 Zimmer,1,Gemeinnützig,1,Wohnung,2,brutto,1287.0,1241.0,1334.0,1021.0,1007.0,1095.0,1249.0,1191.0,1311.0,1479.0,1450.0,1516.0,1012,776,17
2024,2024.04,4,Stadtquartiere,101,Höngg,3,3 Zimmer,1,Gemeinnützig,1,Wohnung,2,brutto,1372.0,1346.0,1398.0,1136.0,1113.0,1184.0,1338.0,1290.0,1384.0,1573.0,1532.0,1615.0,982,781,18
2022,2022.04,4,Stadtquartiere,101,Höngg,4,4 Zimmer,1,Gemeinnützig,1,Wohnung,2,brutto,1621.0,1577.0,1665.0,1297.0,1265.0,1323.0,1533.0,1487.0,1613.0,1885.0,1799.0,1908.0,817,610,24
2024,2024.04,4,Stadtquartiere,101,Höngg,4,4 Zimmer,1,Gemeinnützig,1,Wohnung,2,brutto,1714.0,1660.0,1767.0,1397.0,1349.0,1451.0,1650.0,1601.0,1693.0,1968.0,1894.0,2006.0,808,612,19
2022,2022.04,4,Stadtquartiere,101,Höngg,2,2 Zimmer,2,Nicht gemeinnützig,1,Wohnung,2,brutto,1682.0,1525.0,1839.0,1462.0,1369.0,1550.0,1600.0,1566.0,1690.0,1746.0,1687.0,2162.0,1459,288,34
2024,2024.04,4,Stadtquartiere,101,Höngg,2,2 Zimmer,2,Nicht gemeinnützig,1,Wohnung,2,brutto,1718.0,1656.0,1781.0,1510.0,1397.0,1550.0,1635.0,1575.0,1750.0,1904.0,1795.0,1963.0,1463,313,48
2022,2022.04,4,Stadtquartiere,101,Höngg,3,3 Zimmer,2,Nicht gemeinnützig,1,Wohnung,2,brutto,2036.0,1903.0,2169.0,1637.0,1501.0,1800.0,1956.0,1850.0,2080.0,2320.0,2136.0,2553.0,2672,608,43
2024,2024.04,4,Stadtquartiere,101,Höngg,3,3 Zimmer,2,Nicht gemeinnützig,1,Wohnung,2,brutto,2052.0,1980.0,2123.0,1673.0,1600.0,1759.0,1953.0,1859.0,2039.0,2350.0,2213.0,2478.0,2646,614,56
2022,2022.04,4,Stadtquartiere,101,Höngg,4,4 Zimmer,2,Nicht gemeinnützig,1,Wohnung,2,brutto,2485.0,2387.0,2583.0,1985.0,1895.0,2126.0,2345.0,2160.0,2580.0,2830.0,2650.0,3031.0,1776,384,38
2024,2024.04,4,Stadtquartiere,101,Höngg,4,4 Zimmer,2,Nicht gemeinnützig,1,Wohnung,2,brutto,2466.0,2376.0,2557.0,1905.0,1849.0,2031.0,2346.0,2200.0,2481.0,2749.0,2638.0,3126.0,1768,412,67
2022,2022.04,4,Stadtquartiere,102,Wipkingen,2,2 Zimmer,1,Gemeinnützig,1,Wohnung,2,brutto,1012.0,989.0,1036.0,820.0,807.0,843.0,997.0,969.0,1031.0,1175.0,1124.0,1222.0,699,426,32
2024,2024.04,4,Stadtquartiere,102,Wipkingen,2,2 Zimmer,1,Gemeinnützig,1,Wohnung,2,brutto,1107.0,1083.0,1132.0,891.0,879.0,913.0,1081.0,1018.0,1105.0,1251.0,1214.0,1285.0,716,441,27
2022,2022.04,4,Stadtquartiere,102,Wipkingen,3,3 Zimmer,1,Gemeinnützig,1,Wohnung,2,brutto,1156.0,1111.0,1202.0,936.0,919.0,956.0,1060.0,1008.0,1102.0,1295.0,1195.0,1398.0,1116,659,23
2024,2024.04,4,Stadtquartiere,102,Wipkingen,3,3 Zimmer,1,Gemeinnützig,1,Wohnung,2,brutto,1190.0,1158.0,1223.0,1002.0,973.0,1028.0,1093.0,1077.0,1125.0,1281.0,1217.0,1410.0,1116,648,23
2022,2022.04,4,Stadtquartiere,102,Wipkingen,4,4 Zimmer,1,Gemeinnützig,1,Wohnung,2,brutto,1475.0,1439.0,1511.0,1155.0,1102.0,1225.0,1304.0,1266.0,1404.0,1768.0,1694.0,1822.0,523,262,31
2024,2024.04,4,Stadtquartiere,102,Wipkingen,4,4 Zimmer,1,Gemeinnützig,1,Wohnung,2,brutto,1584.0,1553.0,1614.0,1282.0,1268.0,1350.0,1487.0,1423.0,1581.0,1836.0,1754.0,1841.0,517,262,30
2022,2022.04,4,Stadtquartiere,102,Wipkingen,2,2 Zimmer,2,Nicht gemeinnützig,1,Wohnung,2,brutto,1780.0,1640.0,1919.0,1452.0,1300.0,1538.0,1649.0,1540.0,1881.0,2010.0,1884.0,2317.0,1339,139,38
2024,2024.04,4,Stadtquartiere,102,Wipkingen,2,2 Zimmer,2,Nicht gemeinnützig,1,Wohnung,2,brutto,1732.0,1650.0,1814.0,1388.0,1337.0,1493.0,1620.0,1519.0,1805.0,1955.0,1871.0,2069.0,1341,142,53
2022,2022.04,4,Stadtquartiere,102,Wipkingen,3,3 Zimmer,2,Nicht gemeinnützig,1,Wohnung,2,brutto,1905.0,1776.0,2033.0,1572.0,1442.0,1615.0,1769.0,1633.0,1946.0,2158.0,1980.0,2325.0,2284,313,43
2024,2024.04,4,Stadtquartiere,102,Wipkingen,3,3 Zimmer,2,Nicht gemeinnützig,1,Wohnung,2,brutto,2061.0,1956.0,2166.0,1670.0,1557.0,1888.0,2062.0,1942.0,2149.0,2281.0,2188.0,2578.0,2247,245,54
2022,2022.04,4,Stadtquartiere,102,Wipkingen,4,4 Zimmer,2,Nicht gemeinnützig,1,Wohnung,2,brutto,2445.0,2292.0,2598.0,1917.0,1814.0,2354.0,2400.0,2356.0,2553.0,2750.0,2553.0,3131.0,876,117,32
2024,2024.04,4,Stadtquartiere,102,Wipkingen,4,4 Zimmer,2,Nicht gemeinnützig,1,Wohnung,2,brutto,2568.0,2423.0,2712.0,2025.0,1878.0,2185.0,2580.0,2201.0,2750.0,3170.0,2754.0,3434.0,859,72,52
2022,2022.04,4,Stadtquartiere,111,Affoltern,2,2 Zimmer,1,Gemeinnützig,1,Wohnung,2,brutto,1053.0,1031.0,1075.0,927.0,915.0,947.0,1025.0,1006.0,1045.0,1127.0,1101.0,1149.0,740,421,30
2024,2024.04,4,Stadtquartiere,111,Affoltern,2,2 Zimmer,1,Gemeinnützig,1,Wohnung,2,brutto,1150.0,1103.0,1198.0,1009.0,995.0,1038.0,1101.0,1074.0,1132.0,1246.0,1213.0,1288.0,804,426,29
2022,2022.04,4,Stadtquartiere,111,Affoltern,3,3 Zimmer,1,Gemeinnützig,1,Wohnung,2,brutto,1348.0,1306.0,1391.0,1163.0,1152.0,1178.0,1317.0,1292.0,1347.0,1401.0,1396.0,1423.0,1547,1049,47
2024,2024.04,4,Stadtquartiere,111,Affoltern,3,3 Zimmer,1,Gemeinnützig,1,Wohnung,2,brutto,1428.0,1400.0,1457.0,1216.0,1191.0,1254.0,1388.0,1374.0,1420.0,1540.0,1518.0,1569.0,1589,1024,45
2022,2022.04,4,Stadtquartiere,111,Affoltern,4,4 Zimmer,1,Gemeinnützig,1,Wohnung,2,brutto,1529.0,1504.0,1555.0,1310.0,1268.0,1352.0,1505.0,1441.0,1546.0,1675.0,1661.0,1692.0,1452,923,52
2024,2024.04,4,Stadtquartiere,111,Affoltern,4,4 Zimmer,1,Gemeinnützig,1,Wohnung,2,brutto,1671.0,1640.0,1703.0,1415.0,1380.0,1431.0,1667.0,1618.0,1695.0,1834.0,1803.0,1870.0,1442,854,46
2022,2022.04,4,Stadtquartiere,111,Affoltern,2,2 Zimmer,2,Nicht gemeinnützig,1,Wohnung,2,brutto,1518.0,1425.0,1610.0,1241.0,1192.0,1321.0,1384.0,1325.0,1465.0,1631.0,1470.0,1770.0,1283,331,37
2024,2024.04,4,Stadtquartiere,111,Affoltern,2,2 Zimmer,2,Nicht gemeinnützig,1,Wohnung,2,brutto,1634.0,1570.0,1699.0,1350.0,1217.0,1421.0,1636.0,1490.0,1710.0,1910.0,1786.0,2032.0,1266,286,53
2022,2022.04,4,Stadtquartiere,111,Affoltern,3,3 Zimmer,2,Nicht gemeinnützig,1,Wohnung,2,brutto,1749.0,1678.0,1820.0,1458.0,1328.0,1520.0,1722.0,1570.0,1800.0,2057.0,1990.0,2151.0,2359,636,37
2024,2024.04,4,Stadtquartiere,111,Affoltern,3,3 Zimmer,2,Nicht gemeinnützig,1,Wohnung,2,brutto,1907.0,1830.0,1983.0,1547.0,1424.0,1703.0,1877.0,1790.0,1997.0,2301.0,2114.0,2363.0,2286,550,54
2022,2022.04,4,Stadtquartiere,111,Affoltern,4,4 Zimmer,2,Nicht gemeinnützig,1,Wohnung,2,brutto,2067.0,1958.0,2176.0,1700.0,1622.0,1899.0,2021.0,1900.0,2138.0,2400.0,2279.0,2520.0,1482,430,32
2024,2024.04,4,Stadtquartiere,111,Affoltern,4,4 Zimmer,2,Nicht gemeinnützig,1,Wohnung,2,brutto,2223.0,2155.0,2291.0,1836.0,1715.0,1892.0,2254.0,2099.0,2361.0,2648.0,2544.0,2749.0,1433,352,47
2022,2022.04,4,Stadtquartiere,115,Oerlikon,2,2 Zimmer,1,Gemeinnützig,1,Wohnung,2,brutto,1062.0,1025.0,1098.0,894.0,890.0,904.0,1025.0,1011.0,1035.0,1155.0,1125.0,1189.0,320,220,29
2024,2024.04,4,Stadtquartiere,115,Oerlikon,2,2 Zimmer,1,Gemeinnützig,1,Wohnung,2,brutto,1164.0,1093.0,1234.0,961.0,938.0,983.0,1120.0,1088.0,1136.0,1255.0,1170.0,1299.0,337,234,13
2022,2022.04,4,Stadtquartiere,115,Oerlikon,3,3 Zimmer,1,Gemeinnützig,1,Wohnung,2,brutto,1264.0,1237.0,1291.0,1003.0,995.0,1031.0,1220.0,1196.0,1240.0,1437.0,1382.0,1510.0,558,414,20
2024,2024.04,4,Stadtquartiere,115,Oerlikon,3,3 Zimmer,1,Gemeinnützig,1,Wohnung,2,brutto,1367.0,1342.0,1393.0,1112.0,1103.0,1118.0,1345.0,1322.0,1366.0,1504.0,1489.0,1521.0,591,477,18
2022,2022.04,4,Stadtquartiere,115,Oerlikon,4,4 Zimmer,1,Gemeinnützig,1,Wohnung,2,brutto,1488.0,1427.0,1549.0,1230.0,1156.0,1272.0,1378.0,1354.0,1478.0,1688.0,1615.0,1834.0,463,335,15
2024,2024.04,4,Stadtquartiere,115,Oerlikon,4,4 Zimmer,1,Gemeinnützig,1,Wohnung,2,brutto,1615.0,1572.0,1658.0,1414.0,1408.0,1428.0,1560.0,1499.0,1593.0,1754.0,1689.0,1858.0,475,354,17
2022,2022.04,4,Stadtquartiere,115,Oerlikon,2,2 Zimmer,2,Nicht gemeinnützig,1,Wohnung,2,brutto,1744.0,1669.0,1818.0,1460.0,1331.0,1500.0,1589.0,1523.0,1660.0,1939.0,1782.0,2145.0,2522,476,46
2024,2024.04,4,Stadtquartiere,115,Oerlikon,2,2 Zimmer,2,Nicht gemeinnützig,1,Wohnung,2,brutto,1763.0,1704.0,1822.0,1416.0,1365.0,1500.0,1703.0,1590.0,1780.0,2049.0,1943.0,2140.0,2408,518,69
2022,2022.04,4,Stadtquartiere,115,Oerlikon,3,3 Zimmer,2,Nicht gemeinnützig,1,Wohnung,2,brutto,2009.0,1926.0,2091.0,1723.0,1594.0,1800.0,1897.0,1822.0,1959.0,2266.0,2107.0,2412.0,3418,563,48
2024,2024.04,4,Stadtquartiere,115,Oerlikon,3,3 Zimmer,2,Nicht gemeinnützig,1,Wohnung,2,brutto,2114.0,2039.0,2188.0,1825.0,1696.0,1884.0,2055.0,1953.0,2179.0,2477.0,2321.0,2629.0,3186,584,63
2022,2022.04,4,Stadtquartiere,115,Oerlikon,4,4 Zimmer,2,Nicht gemeinnützig,1,Wohnung,2,brutto,2232.0,2133.0,2330.0,1854.0,1769.0,1936.0,2121.0,2025.0,2267.0,2562.0,2454.0,2681.0,1669,386,46
2024,2024.04,4,Stadtquartiere,115,Oerlikon,4,4 Zimmer,2,Nicht gemeinnützig,1,Wohnung,2,brutto,2569.0,2472.0,2666.0,2067.0,1890.0,2243.0,2518.0,2392.0,2696.0,3102.0,2837.0,3240.0,1570,391,53
2022,2022.04,4,Stadtquartiere,119,Seebach,2,2 Zimmer,1,Gemeinnützig,1,Wohnung,2,brutto,1107.0,1074.0,1139.0,938.0,925.0,963.0,1097.0,1086.0,1110.0,1226.0,1216.0,1260.0,480,369,21
2024,2024.04,4,Stadtquartiere,119,Seebach,2,2 Zimmer,1,Gemeinnützig,1,Wohnung,2,brutto,1168.0,1148.0,1187.0,996.0,976.0,1026.0,1169.0,1166.0,1189.0,1283.0,1266.0,1303.0,521,424,19
2022,2022.04,4,Stadtquartiere,119,Seebach,3,3 Zimmer,1,Gemeinnützig,1,Wohnung,2,brutto,1203.0,1175.0,1231.0,1004.0,984.0,1010.0,1151.0,1096.0,1203.0,1400.0,1363.0,1462.0,1054,760,23
2024,2024.04,4,Stadtquartiere,119,Seebach,3,3 Zimmer,1,Gemeinnützig,1,Wohnung,2,brutto,1337.0,1313.0,1362.0,1053.0,1035.0,1072.0,1346.0,1263.0,1375.0,1554.0,1531.0,1599.0,1055,821,29
2022,2022.04,4,Stadtquartiere,119,Seebach,4,4 Zimmer,1,Gemeinnützig,1,Wohnung,2,brutto,1474.0,1443.0,1505.0,1126.0,1111.0,1233.0,1493.0,1466.0,1529.0,1752.0,1730.0,1791.0,853,595,36
2024,2024.04,4,Stadtquartiere,119,Seebach,4,4 Zimmer,1,Gemeinnützig,1,Wohnung,2,brutto,1605.0,1589.0,1621.0,1327.0,1298.0,1343.0,1630.0,1615.0,1662.0,1885.0,1864.0,1905.0,849,678,31
2022,2022.04,4,Stadtquartiere,119,Seebach,2,2 Zimmer,2,Nicht gemeinnützig,1,Wohnung,2,brutto,1532.0,1479.0,1585.0,1268.0,1174.0,1395.0,1517.0,1420.0,1592.0,1855.0,1699.0,1898.0,1857,377,40
2024,2024.04,4,Stadtquartiere,119,Seebach,2,2 Zimmer,2,Nicht gemeinnützig,1,Wohnung,2,brutto,1690.0,1627.0,1753.0,1406.0,1270.0,1501.0,1688.0,1565.0,1750.0,1899.0,1801.0,2009.0,2024,391,57
2022,2022.04,4,Stadtquartiere,119,Seebach,3,3 Zimmer,2,Nicht gemeinnützig,1,Wohnung,2,brutto,1877.0,1810.0,1944.0,1510.0,1410.0,1626.0,1717.0,1670.0,1801.0,2194.0,2107.0,2380.0,3013,603,54
2024,2024.04,4,Stadtquartiere,119,Seebach,3,3 Zimmer,2,Nicht gemeinnützig,1,Wohnung,2,brutto,1923.0,1850.0,1995.0,1530.0,1441.0,1661.0,1824.0,1779.0,1967.0,2239.0,2122.0,2343.0,3030,605,85
2022,2022.04,4,Stadtquartiere,119,Seebach,4,4 Zimmer,2,Nicht gemeinnützig,1,Wohnung,2,brutto,2237.0,2112.0,2363.0,1776.0,1696.0,1883.0,2150.0,2017.0,2370.0,2650.0,2585.0,2757.0,1591,398,46
2024,2024.04,4,Stadtquartiere,119,Seebach,4,4 Zimmer,2,Nicht gemeinnützig,1,Wohnung,2,brutto,2469.0,2353.0,2585.0,1932.0,1830.0,2106.0,2433.0,2280.0,2624.0,2853.0,2747.0,3140.0,1552,332,54
2022,2022.04,4,Stadtquartiere,129,Schwamendingen (Kreis 12),2,2 Zimmer,1,Gemeinnützig,1,Wohnung,2,brutto,1000.0,982.0,1017.0,783.0,776.0,791.0,955.0,928.0,979.0,1191.0,1160.0,1229.0,1355,961,54
2024,2024.04,4,Stadtquartiere,129,Schwamendingen (Kreis 12),2,2 Zimmer,1,Gemeinnützig,1,Wohnung,2,brutto,1038.0,1028.0,1048.0,848.0,832.0,871.0,1010.0,996.0,1033.0,1210.0,1183.0,1248.0,1396,954,49
2022,2022.04,4,Stadtquartiere,129,Schwamendingen (Kreis 12),3,3 Zimmer,1,Gemeinnützig,1,Wohnung,2,brutto,1149.0,1137.0,1160.0,845.0,828.0,858.0,1047.0,1022.0,1064.0,1426.0,1405.0,1474.0,2932,2026,88
2024,2024.04,4,Stadtquartiere,129,Schwamendingen (Kreis 12),3,3 Zimmer,1,Gemeinnützig,1,Wohnung,2,brutto,1228.0,1216.0,1240.0,906.0,906.0,913.0,1152.0,1130.0,1178.0,1525.0,1502.0,1550.0,3035,2010,88
2022,2022.04,4,Stadtquartiere,129,Schwamendingen (Kreis 12),4,4 Zimmer,1,Gemeinnützig,1,Wohnung,2,brutto,1471.0,1449.0,1492.0,1086.0,1054.0,1164.0,1415.0,1395.0,1474.0,1762.0,1715.0,1843.0,2104,1306,73
2024,2024.04,4,Stadtquartiere,129,Schwamendingen (Kreis 12),4,4 Zimmer,1,Gemeinnützig,1,Wohnung,2,brutto,1570.0,1540.0,1600.0,1229.0,1160.0,1313.0,1562.0,1502.0,1627.0,1856.0,1806.0,1893.0,2158,1254,72
2022,2022.04,4,Stadtquartiere,129,Schwamendingen (Kreis 12),2,2 Zimmer,2,Nicht gemeinnützig,1,Wohnung,2,brutto,1471.0,1407.0,1535.0,1260.0,1202.0,1360.0,1490.0,1440.0,1562.0,1680.0,1650.0,1790.0,1713,426,65
2024,2024.04,4,Stadtquartiere,129,Schwamendingen (Kreis 12),2,2 Zimmer,2,Nicht gemeinnützig,1,Wohnung,2,brutto,1517.0,1464.0,1570.0,1342.0,1249.0,1410.0,1490.0,1490.0,1540.0,1716.0,1660.0,1762.0,1626,387,107
2022,2022.04,4,Stadtquartiere,129,Schwamendingen (Kreis 12),3,3 Zimmer,2,Nicht gemeinnützig,1,Wohnung,2,brutto,1612.0,1568.0,1656.0,1415.0,1355.0,1521.0,1620.0,1575.0,1650.0,1755.0,1732.0,1820.0,2933,582,94
2024,2024.04,4,Stadtquartiere,129,Schwamendingen (Kreis 12),3,3 Zimmer,2,Nicht gemeinnützig,1,Wohnung,2,brutto,1753.0,1713.0,1793.0,1469.0,1392.0,1536.0,1716.0,1677.0,1750.0,1950.0,1900.0,2052.0,2752,511,132
2022,2022.04,4,Stadtquartiere,129,Schwamendingen (Kreis 12),4,4 Zimmer,2,Nicht gemeinnützig,1,Wohnung,2,brutto,1955.0,1892.0,2018.0,1554.0,1455.0,1664.0,1852.0,1790.0,1941.0,2328.0,2080.0,2408.0,1107,274,72
2024,2024.04,4,Stadtquartiere,129,Schwamendingen (Kreis 12),4,4 Zimmer,2,Nicht gemeinnützig,1,Wohnung,2,brutto,2137.0,2088.0,2187.0,1732.0,1676.0,1785.0,2000.0,1930.0,2145.0,2493.0,2439.0,2652.0,1000,260,110
2022,2022.04,4,Stadtquartiere,0,Ganze Stadt,2,2 Zimmer,1,Gemeinnützig,2,Quadratmeter,2,brutto,18.43,18.28,18.58,15.24,15.09,15.34,17.58,17.39,17.72,20.62,20.37,20.84,11106,7184,492
2024,2024.04,4,Stadtquartiere,0,Ganze Stadt,2,2 Zimmer,1,Gemeinnützig,2,Quadratmeter,2,brutto,19.83,19.68,19.99,16.54,16.37,16.68,19.02,18.85,19.19,22.34,22.0,22.6,11437,7442,463
2022,2022.04,4,Stadtquartiere,0,Ganze Stadt,3,3 Zimmer,1,Gemeinnützig,2,Quadratmeter,2,brutto,16.33,16.21,16.45,13.76,13.67,13.86,15.61,15.51,15.7,18.17,17.97,18.34,22955,14636,597
2024,2024.04,4,Stadtquartiere,0,Ganze Stadt,3,3 Zimmer,1,Gemeinnützig,2,Quadratmeter,2,brutto,17.53,17.44,17.62,15.08,14.98,15.19,16.91,16.81,16.98,19.4,19.22,19.6,23071,15117,620
2022,2022.04,4,Stadtquartiere,0,Ganze Stadt,4,4 Zimmer,1,Gemeinnützig,2,Quadratmeter,2,brutto,15.87,15.77,15.96,13.75,13.67,13.86,15.5,15.41,15.58,17.59,17.38,17.72,14925,9288,606
2024,2024.04,4,Stadtquartiere,0,Ganze Stadt,4,4 Zimmer,1,Gemeinnützig,2,Quadratmeter,2,brutto,17.09,16.98,17.2,14.79,14.72,14.87,16.58,16.44,16.7,18.84,18.71,19.05,14957,9495,581
2022,2022.04,4,Stadtquartiere,0,Ganze Stadt,9,"2 , 3  und 4 Zimmer",1,Gemeinnützig,2,Quadratmeter,2,brutto,16.67,16.59,16.74,14.03,13.98,14.08,15.9,15.85,15.97,18.59,18.49,18.69,48986,31108,1695
2024,2024.04,4,Stadtquartiere,0,Ganze Stadt,9,"2 , 3  und 4 Zimmer",1,Gemeinnützig,2,Quadratmeter,2,brutto,17.93,17.86,18.0,15.24,15.17,15.3,17.24,17.15,17.33,19.9,19.82,20.03,49465,32054,1664
2022,2022.04,4,Stadtquartiere,0,Ganze Stadt,2,2 Zimmer,2,Nicht gemeinnützig,2,Quadratmeter,2,brutto,30.6,30.28,30.92,24.52,24.17,25.09,29.46,29.1,29.77,35.38,34.72,35.93,35586,6361,1250
2024,2024.04,4,Stadtquartiere,0,Ganze Stadt,2,2 Zimmer,2,Nicht gemeinnützig,2,Quadratmeter,2,brutto,32.71,32.47,32.95,26.27,25.85,26.61,31.6,31.35,31.88,37.82,37.38,38.22,35728,7659,1825
2022,2022.04,4,Stadtquartiere,0,Ganze Stadt,3,3 Zimmer,2,Nicht gemeinnützig,2,Quadratmeter,2,brutto,26.64,26.35,26.94,21.75,21.33,22.02,25.61,25.28,25.95,30.78,30.29,31.25,51225,8720,1311
2024,2024.04,4,Stadtquartiere,0,Ganze Stadt,3,3 Zimmer,2,Nicht gemeinnützig,2,Quadratmeter,2,brutto,28.59,28.36,28.83,23.0,22.7,23.28,27.92,27.58,28.2,33.04,32.6,33.52,50539,9673,1881
2022,2022.04,4,Stadtquartiere,0,Ganze Stadt,4,4 Zimmer,2,Nicht gemeinnützig,2,Quadratmeter,2,brutto,25.14,24.84,25.44,20.0,19.8,20.44,24.08,23.66,24.41,29.29,28.92,29.74,25972,4563,1107
2024,2024.04,4,Stadtquartiere,0,Ganze Stadt,4,4 Zimmer,2,Nicht gemeinnützig,2,Quadratmeter,2,brutto,26.61,26.34,26.88,21.35,21.07,21.69,25.46,25.14,25.74,31.19,30.61,31.57,25502,4969,1564
2022,2022.04,4,Stadtquartiere,0,Ganze Stadt,9,"2 , 3  und 4 Zimmer",2,Nicht gemeinnützig,2,Quadratmeter,2,brutto,27.55,27.37,27.73,21.99,21.82,22.21,26.42,26.22,26.63,31.87,31.58,32.13,112783,19644,3668
2024,2024.04,4,Stadtquartiere,0,Ganze Stadt,9,"2 , 3  und 4 Zimmer",2,Nicht gemeinnützig,2,Quadratmeter,2,brutto,29.46,29.31,29.6,23.29,23.13,23.54,28.4,28.24,28.6,34.31,34.08,34.56,111769,22301,5270
2022,2022.04,4,Stadtquartiere,19,Altstadt (Kreis 1),2,2 Zimmer,1,Gemeinnützig,2,Quadratmeter,2,brutto,20.08,20.0,20.16,15.4,15.26,15.52,19.02,18.79,19.09,23.65,23.56,23.66,302,298,0
2024,2024.04,4,Stadtquartiere,19,Altstadt (Kreis 1),2,2 Zimmer,1,Gemeinnützig,2,Quadratmeter,2,brutto,21.35,21.2,21.49,16.68,16.38,16.75,20.39,20.35,20.47,25.2,25.06,25.25,307,293,9
2022,2022.04,4,Stadtquartiere,19,Altstadt (Kreis 1),3,3 Zimmer,1,Gemeinnützig,2,Quadratmeter,2,brutto,18.57,18.47,18.66,14.47,14.29,14.55,17.7,17.62,17.75,21.85,21.67,21.89,201,198,0
2024,2024.04,4,Stadtquartiere,19,Altstadt (Kreis 1),3,3 Zimmer,1,Gemeinnützig,2,Quadratmeter,2,brutto,21.25,21.19,21.3,15.89,15.82,15.93,19.98,19.97,19.99,24.89,24.54,25.06,208,196,11
2022,2022.04,4,Stadtquartiere,19,Altstadt (Kreis 1),4,4 Zimmer,1,Gemeinnützig,2,Quadratmeter,2,brutto,17.06,16.91,17.22,12.1,12.07,12.13,16.27,16.11,16.35,20.83,20.59,20.9,136,133,0
2024,2024.04,4,Stadtquartiere,19,Altstadt (Kreis 1),4,4 Zimmer,1,Gemeinnützig,2,Quadratmeter,2,brutto,19.14,18.95,19.33,13.62,13.57,13.71,18.37,17.88,18.44,22.56,22.44,22.7,134,131,0
2022,2022.04,4,Stadtquartiere,19,Altstadt (Kreis 1),9,"2 , 3  und 4 Zimmer",1,Gemeinnützig,2,Quadratmeter,2,brutto,18.97,18.91,19.03,14.44,14.4,14.49,17.97,17.87,18.07,22.41,22.37,22.45,639,629,0
2024,2024.04,4,Stadtquartiere,19,Altstadt (Kreis 1),9,"2 , 3  und 4 Zimmer",1,Gemeinnützig,2,Quadratmeter,2,brutto,20.87,20.79,20.95,15.84,15.78,15.93,19.9,19.8,19.96,24.37,24.32,24.45,649,620,20
2022,2022.04,4,Stadtquartiere,19,Altstadt (Kreis 1),2,2 Zimmer,2,Nicht gemeinnützig,2,Quadratmeter,2,brutto,39.46,37.65,41.26,32.97,29.22,36.79,39.94,38.36,42.17,46.29,43.27,48.58,774,87,106
2024,2024.04,4,Stadtquartiere,19,Altstadt (Kreis 1),2,2 Zimmer,2,Nicht gemeinnützig,2,Quadratmeter,2,brutto,42.86,41.32,44.41,33.16,31.5,35.43,41.71,39.89,43.85,50.9,48.25,55.0,743,102,148
2022,2022.04,4,Stadtquartiere,19,Altstadt (Kreis 1),3,3 Zimmer,2,Nicht gemeinnützig,2,Quadratmeter,2,brutto,33.62,32.11,35.13,26.31,23.21,28.35,33.25,31.57,35.72,40.57,39.14,42.39,635,74,111
2024,2024.04,4,Stadtquartiere,19,Altstadt (Kreis 1),3,3 Zimmer,2,Nicht gemeinnützig,2,Quadratmeter,2,brutto,37.19,35.91,38.47,28.37,26.76,29.81,36.42,34.54,37.96,45.79,43.88,47.69,621,79,171
2022,2022.04,4,Stadtquartiere,19,Altstadt (Kreis 1),4,4 Zimmer,2,Nicht gemeinnützig,2,Quadratmeter,2,brutto,32.38,30.6,34.16,23.28,20.41,25.96,32.04,29.11,33.75,41.49,36.43,42.68,323,27,80
2024,2024.04,4,Stadtquartiere,19,Altstadt (Kreis 1),4,4 Zimmer,2,Nicht gemeinnützig,2,Quadratmeter,2,brutto,34.62,32.83,36.4,26.02,22.54,29.38,34.99,33.32,36.75,43.19,40.07,44.84,316,31,101
2022,2022.04,4,Stadtquartiere,19,Altstadt (Kreis 1),9,"2 , 3  und 4 Zimmer",2,Nicht gemeinnützig,2,Quadratmeter,2,brutto,36.0,34.97,37.03,27.84,26.17,29.54,36.67,34.9,38.08,43.08,42.02,45.55,1732,188,297
2024,2024.04,4,Stadtquartiere,19,Altstadt (Kreis 1),9,"2 , 3  und 4 Zimmer",2,Nicht gemeinnützig,2,Quadratmeter,2,brutto,39.22,38.32,40.11,29.99,28.93,31.25,38.59,37.67,39.82,47.32,45.92,48.74,1680,212,420
2022,2022.04,4,Stadtquartiere,21,Wollishofen,2,2 Zimmer,1,Gemeinnützig,2,Quadratmeter,2,brutto,16.93,16.28,17.58,14.49,14.03,14.84,16.48,15.85,17.86,18.7,18.47,20.77,641,295,20
2024,2024.04,4,Stadtquartiere,21,Wollishofen,2,2 Zimmer,1,Gemeinnützig,2,Quadratmeter,2,brutto,20.18,19.61,20.75,16.96,16.33,17.87,19.26,18.79,20.33,23.51,22.55,24.36,673,338,22
2022,2022.04,4,Stadtquartiere,21,Wollishofen,3,3 Zimmer,1,Gemeinnützig,2,Quadratmeter,2,brutto,16.2,15.18,17.22,13.97,13.41,14.32,15.33,14.8,16.53,17.31,17.17,18.31,1171,501,33
2024,2024.04,4,Stadtquartiere,21,Wollishofen,3,3 Zimmer,1,Gemeinnützig,2,Quadratmeter,2,brutto,18.19,17.65,18.74,15.83,15.43,16.39,17.56,16.96,17.89,19.83,19.0,20.85,1201,547,32
2022,2022.04,4,Stadtquartiere,21,Wollishofen,4,4 Zimmer,1,Gemeinnützig,2,Quadratmeter,2,brutto,15.81,15.42,16.19,13.95,13.33,14.76,15.79,15.12,16.6,17.17,17.0,17.98,844,369,24
2024,2024.04,4,Stadtquartiere,21,Wollishofen,4,4 Zimmer,1,Gemeinnützig,2,Quadratmeter,2,brutto,17.35,16.7,18.0,15.04,14.54,16.02,17.1,16.38,18.15,19.9,18.49,20.95,832,413,20
2022,2022.04,4,Stadtquartiere,21,Wollishofen,9,"2 , 3  und 4 Zimmer",1,Gemeinnützig,2,Quadratmeter,2,brutto,16.25,15.75,16.75,14.11,13.67,14.29,15.87,15.17,16.44,17.64,17.23,18.4,2656,1165,77
2024,2024.04,4,Stadtquartiere,21,Wollishofen,9,"2 , 3  und 4 Zimmer",1,Gemeinnützig,2,Quadratmeter,2,brutto,18.43,18.08,18.78,15.91,15.57,16.22,17.83,17.45,18.28,20.57,19.91,21.15,2706,1298,74
2022,2022.04,4,Stadtquartiere,21,Wollishofen,2,2 Zimmer,2,Nicht gemeinnützig,2,Quadratmeter,2,brutto,29.52,28.46,30.57,23.73,22.6,25.36,28.57,27.68,30.6,33.14,31.66,35.69,1552,290,54
2024,2024.04,4,Stadtquartiere,21,Wollishofen,2,2 Zimmer,2,Nicht gemeinnützig,2,Quadratmeter,2,brutto,33.7,32.49,34.91,27.21,26.36,28.84,32.01,30.8,33.12,40.97,37.41,42.73,1646,334,83
2022,2022.04,4,Stadtquartiere,21,Wollishofen,3,3 Zimmer,2,Nicht gemeinnützig,2,Quadratmeter,2,brutto,28.46,26.75,30.16,24.66,22.51,26.3,28.39,26.75,28.75,32.09,29.44,33.41,2174,515,44
2024,2024.04,4,Stadtquartiere,21,Wollishofen,3,3 Zimmer,2,Nicht gemeinnützig,2,Quadratmeter,2,brutto,29.29,28.32,30.26,23.43,22.96,26.25,29.12,28.02,30.61,33.11,32.07,35.62,2271,543,70
2022,2022.04,4,Stadtquartiere,21,Wollishofen,4,4 Zimmer,2,Nicht gemeinnützig,2,Quadratmeter,2,brutto,26.21,24.98,27.45,20.74,19.15,22.88,25.81,24.7,27.7,31.37,29.33,33.72,1133,230,47
2024,2024.04,4,Stadtquartiere,21,Wollishofen,4,4 Zimmer,2,Nicht gemeinnützig,2,Quadratmeter,2,brutto,27.47,26.23,28.7,22.59,21.98,24.18,27.05,25.19,28.1,30.91,29.17,32.83,1167,259,63
2022,2022.04,4,Stadtquartiere,21,Wollishofen,9,"2 , 3  und 4 Zimmer",2,Nicht gemeinnützig,2,Quadratmeter,2,brutto,28.27,27.39,29.15,23.49,22.6,24.68,27.9,27.23,28.67,32.22,31.18,33.39,4859,1035,145
2024,2024.04,4,Stadtquartiere,21,Wollishofen,9,"2 , 3  und 4 Zimmer",2,Nicht gemeinnützig,2,Quadratmeter,2,brutto,30.3,29.65,30.95,24.46,23.67,25.67,29.51,28.8,30.45,34.59,33.11,36.36,5084,1136,216
2022,2022.04,4,Stadtquartiere,23,Leimbach,2,2 Zimmer,1,Gemeinnützig,2,Quadratmeter,2,brutto,21.72,20.64,22.79,17.71,17.26,17.77,22.07,21.37,22.36,24.4,23.9,24.82,272,227,12
2024,2024.04,4,Stadtquartiere,23,Leimbach,2,2 Zimmer,1,Gemeinnützig,2,Quadratmeter,2,brutto,21.93,21.8,22.05,18.87,18.55,19.0,22.24,21.9,22.38,25.17,25.19,25.26,267,232,12
2022,2022.04,4,Stadtquartiere,23,Leimbach,3,3 Zimmer,1,Gemeinnützig,2,Quadratmeter,2,brutto,19.3,18.91,19.7,15.37,15.09,15.71,19.12,18.61,19.36,22.42,21.93,22.83,376,325,8
2024,2024.04,4,Stadtquartiere,23,Leimbach,3,3 Zimmer,1,Gemeinnützig,2,Quadratmeter,2,brutto,20.12,20.03,20.2,16.55,16.43,16.75,20.09,19.92,20.28,23.3,23.3,23.45,363,324,19
2022,2022.04,4,Stadtquartiere,23,Leimbach,4,4 Zimmer,1,Gemeinnützig,2,Quadratmeter,2,brutto,17.67,17.27,18.07,15.53,14.44,16.05,17.09,16.41,17.8,20.26,18.4,21.21,505,370,7
2024,2024.04,4,Stadtquartiere,23,Leimbach,4,4 Zimmer,1,Gemeinnützig,2,Quadratmeter,2,brutto,19.46,19.2,19.72,16.77,16.39,17.15,19.24,18.77,19.7,22.36,21.91,22.99,487,377,23
2022,2022.04,4,Stadtquartiere,23,Leimbach,9,"2 , 3  und 4 Zimmer",1,Gemeinnützig,2,Quadratmeter,2,brutto,19.16,18.82,19.5,15.87,15.38,16.15,18.05,17.84,18.54,22.3,21.99,22.43,1153,922,27
2024,2024.04,4,Stadtquartiere,23,Leimbach,9,"2 , 3  und 4 Zimmer",1,Gemeinnützig,2,Quadratmeter,2,brutto,20.27,20.14,20.39,17.19,16.91,17.48,20.06,19.77,20.25,23.23,23.09,23.44,1117,933,54
2022,2022.04,4,Stadtquartiere,23,Leimbach,2,2 Zimmer,2,Nicht gemeinnützig,2,Quadratmeter,2,brutto,29.44,27.07,31.81,24.7,21.53,28.46,28.24,24.42,32.03,32.22,31.24,35.17,246,15,11
2024,2024.04,4,Stadtquartiere,23,Leimbach,2,2 Zimmer,2,Nicht gemeinnützig,2,Quadratmeter,2,brutto,29.28,28.18,30.38,26.45,22.19,27.53,28.2,26.8,29.88,31.43,29.08,33.76,251,15,19
2022,2022.04,4,Stadtquartiere,23,Leimbach,3,3 Zimmer,2,Nicht gemeinnützig,2,Quadratmeter,2,brutto,22.8,21.64,23.95,20.14,19.99,21.24,21.28,20.47,22.56,22.67,21.92,24.09,336,42,18
2024,2024.04,4,Stadtquartiere,23,Leimbach,3,3 Zimmer,2,Nicht gemeinnützig,2,Quadratmeter,2,brutto,24.4,23.18,25.62,21.0,20.09,22.24,23.74,22.22,24.91,26.04,25.01,28.84,323,44,35
2022,2022.04,4,Stadtquartiere,23,Leimbach,4,4 Zimmer,2,Nicht gemeinnützig,2,Quadratmeter,2,brutto,23.55,22.34,24.75,19.31,17.64,22.04,22.53,19.84,22.74,26.95,23.33,29.49,208,30,30
2024,2024.04,4,Stadtquartiere,23,Leimbach,4,4 Zimmer,2,Nicht gemeinnützig,2,Quadratmeter,2,brutto,23.93,22.91,24.96,20.97,20.49,22.46,23.72,22.73,24.3,27.37,25.03,27.74,218,32,43
2022,2022.04,4,Stadtquartiere,23,Leimbach,9,"2 , 3  und 4 Zimmer",2,Nicht gemeinnützig,2,Quadratmeter,2,brutto,25.07,24.13,26.01,20.47,20.06,21.82,22.63,21.86,23.98,27.54,24.91,31.28,790,87,59
2024,2024.04,4,Stadtquartiere,23,Leimbach,9,"2 , 3  und 4 Zimmer",2,Nicht gemeinnützig,2,Quadratmeter,2,brutto,25.83,25.16,26.51,21.65,21.07,22.45,25.1,24.42,26.28,28.41,27.5,29.39,792,91,97
2022,2022.04,4,Stadtquartiere,24,Enge,2,2 Zimmer,1,Gemeinnützig,2,Quadratmeter,2,brutto,17.81,17.11,18.52,14.63,14.15,15.66,16.51,15.75,18.05,20.8,18.05,21.2,58,13,20
2024,2024.04,4,Stadtquartiere,24,Enge,2,2 Zimmer,1,Gemeinnützig,2,Quadratmeter,2,brutto,18.28,17.62,18.94,14.93,14.64,15.3,16.87,15.22,18.05,20.51,19.43,23.84,57,13,19
2022,2022.04,4,Stadtquartiere,24,Enge,3,3 Zimmer,1,Gemeinnützig,2,Quadratmeter,2,brutto,16.08,15.31,16.85,12.95,12.57,15.16,16.19,15.04,17.71,18.88,16.93,19.67,189,48,20
2024,2024.04,4,Stadtquartiere,24,Enge,3,3 Zimmer,1,Gemeinnützig,2,Quadratmeter,2,brutto,16.46,15.67,17.25,14.18,12.13,15.69,16.71,15.48,17.3,18.3,17.78,19.09,181,49,20
2022,2022.04,4,Stadtquartiere,24,Enge,4,4 Zimmer,1,Gemeinnützig,2,Quadratmeter,2,brutto,14.79,14.52,15.06,12.74,12.36,13.23,14.05,13.67,14.24,16.14,15.05,17.49,86,29,20
2024,2024.04,4,Stadtquartiere,24,Enge,4,4 Zimmer,1,Gemeinnützig,2,Quadratmeter,2,brutto,16.12,15.6,16.63,13.07,12.54,14.07,14.82,14.15,15.87,16.77,15.99,19.36,94,28,20
2022,2022.04,4,Stadtquartiere,24,Enge,9,"2 , 3  und 4 Zimmer",1,Gemeinnützig,2,Quadratmeter,2,brutto,16.05,15.59,16.51,13.24,12.58,13.9,15.72,14.54,16.17,18.7,17.16,19.39,333,90,60
2024,2024.04,4,Stadtquartiere,24,Enge,9,"2 , 3  und 4 Zimmer",1,Gemeinnützig,2,Quadratmeter,2,brutto,16.68,16.21,17.15,14.05,12.93,14.75,15.9,15.22,16.89,18.44,18.2,19.16,332,90,59
2022,2022.04,4,Stadtquartiere,24,Enge,2,2 Zimmer,2,Nicht gemeinnützig,2,Quadratmeter,2,brutto,34.34,32.5,36.18,26.02,24.74,28.9,32.0,29.44,37.0,45.36,38.96,47.47,951,155,39
2024,2024.04,4,Stadtquartiere,24,Enge,2,2 Zimmer,2,Nicht gemeinnützig,2,Quadratmeter,2,brutto,36.16,34.07,38.24,27.93,25.8,31.05,34.49,31.98,38.84,45.25,40.66,46.92,962,160,53
2022,2022.04,4,Stadtquartiere,24,Enge,3,3 Zimmer,2,Nicht gemeinnützig,2,Quadratmeter,2,brutto,30.58,28.7,32.46,23.47,21.02,27.63,30.05,27.89,32.7,35.61,32.74,37.64,1323,264,42
2024,2024.04,4,Stadtquartiere,24,Enge,3,3 Zimmer,2,Nicht gemeinnützig,2,Quadratmeter,2,brutto,32.37,30.61,34.14,27.37,24.6,28.98,31.63,29.41,35.24,38.95,36.63,40.69,1323,293,54
2022,2022.04,4,Stadtquartiere,24,Enge,4,4 Zimmer,2,Nicht gemeinnützig,2,Quadratmeter,2,brutto,29.88,27.7,32.07,22.91,22.35,25.33,29.17,25.42,31.77,34.86,31.78,38.26,944,202,38
2024,2024.04,4,Stadtquartiere,24,Enge,4,4 Zimmer,2,Nicht gemeinnützig,2,Quadratmeter,2,brutto,30.89,29.33,32.44,24.27,22.29,26.85,29.7,28.34,32.77,36.67,35.08,39.62,952,223,63
2022,2022.04,4,Stadtquartiere,24,Enge,9,"2 , 3  und 4 Zimmer",2,Nicht gemeinnützig,2,Quadratmeter,2,brutto,31.49,30.34,32.63,24.69,22.86,25.78,30.66,28.99,31.94,37.62,35.62,39.52,3218,621,119
2024,2024.04,4,Stadtquartiere,24,Enge,9,"2 , 3  und 4 Zimmer",2,Nicht gemeinnützig,2,Quadratmeter,2,brutto,33.06,32.0,34.11,26.58,25.0,28.12,32.2,30.46,34.09,39.88,37.42,41.36,3237,676,170
2022,2022.04,4,Stadtquartiere,39,Wiedikon (Kreis 3),2,2 Zimmer,1,Gemeinnützig,2,Quadratmeter,2,brutto,17.02,16.68,17.36,14.39,13.99,14.83,16.94,16.43,17.38,19.28,18.63,19.4,1432,853,58
2024,2024.04,4,Stadtquartiere,39,Wiedikon (Kreis 3),2,2 Zimmer,1,Gemeinnützig,2,Quadratmeter,2,brutto,18.52,18.0,19.03,15.37,14.79,15.99,17.86,17.33,18.38,20.45,20.33,21.05,1442,856,67
2022,2022.04,4,Stadtquartiere,39,Wiedikon (Kreis 3),3,3 Zimmer,1,Gemeinnützig,2,Quadratmeter,2,brutto,15.39,15.01,15.77,12.98,12.88,13.15,14.59,14.25,14.99,17.1,16.59,17.58,3050,1846,64
2024,2024.04,4,Stadtquartiere,39,Wiedikon (Kreis 3),3,3 Zimmer,1,Gemeinnützig,2,Quadratmeter,2,brutto,16.36,16.04,16.67,14.13,13.59,14.51,15.94,15.55,16.33,18.19,17.73,19.1,2990,1876,63
2022,2022.04,4,Stadtquartiere,39,Wiedikon (Kreis 3),4,4 Zimmer,1,Gemeinnützig,2,Quadratmeter,2,brutto,15.68,15.44,15.91,13.15,12.93,13.53,15.62,15.48,15.93,17.43,17.29,18.25,1886,1176,78
2024,2024.04,4,Stadtquartiere,39,Wiedikon (Kreis 3),4,4 Zimmer,1,Gemeinnützig,2,Quadratmeter,2,brutto,16.64,16.18,17.1,14.16,13.83,14.53,16.03,15.77,16.38,18.6,17.94,19.06,1871,1210,82
2022,2022.04,4,Stadtquartiere,39,Wiedikon (Kreis 3),9,"2 , 3  und 4 Zimmer",1,Gemeinnützig,2,Quadratmeter,2,brutto,15.84,15.63,16.06,13.15,13.05,13.41,15.29,15.13,15.61,17.87,17.47,18.26,6368,3875,200
2024,2024.04,4,Stadtquartiere,39,Wiedikon (Kreis 3),9,"2 , 3  und 4 Zimmer",1,Gemeinnützig,2,Quadratmeter,2,brutto,16.93,16.68,17.19,14.39,14.15,14.6,16.33,16.16,16.58,19.07,18.71,19.57,6303,3942,212
2022,2022.04,4,Stadtquartiere,39,Wiedikon (Kreis 3),2,2 Zimmer,2,Nicht gemeinnützig,2,Quadratmeter,2,brutto,29.93,29.13,30.72,24.31,23.99,25.54,29.45,28.6,30.3,34.56,33.33,35.75,4921,858,124
2024,2024.04,4,Stadtquartiere,39,Wiedikon (Kreis 3),2,2 Zimmer,2,Nicht gemeinnützig,2,Quadratmeter,2,brutto,33.22,32.4,34.04,26.8,25.56,28.1,32.4,31.61,33.7,37.83,36.6,38.9,4912,984,189
2022,2022.04,4,Stadtquartiere,39,Wiedikon (Kreis 3),3,3 Zimmer,2,Nicht gemeinnützig,2,Quadratmeter,2,brutto,26.56,25.47,27.65,21.74,21.18,22.4,25.36,24.21,26.46,30.54,29.48,31.88,6901,922,114
2024,2024.04,4,Stadtquartiere,39,Wiedikon (Kreis 3),3,3 Zimmer,2,Nicht gemeinnützig,2,Quadratmeter,2,brutto,28.24,27.4,29.09,22.89,22.2,23.43,26.99,26.0,28.53,32.77,30.99,34.0,6785,1083,184
2022,2022.04,4,Stadtquartiere,39,Wiedikon (Kreis 3),4,4 Zimmer,2,Nicht gemeinnützig,2,Quadratmeter,2,brutto,25.1,24.04,26.16,21.0,20.26,21.28,23.36,22.24,24.65,29.17,26.05,30.34,2300,269,107
2024,2024.04,4,Stadtquartiere,39,Wiedikon (Kreis 3),4,4 Zimmer,2,Nicht gemeinnützig,2,Quadratmeter,2,brutto,25.58,24.81,26.35,20.63,19.7,21.95,25.26,24.3,25.96,30.56,28.7,31.52,2296,314,143
2022,2022.04,4,Stadtquartiere,39,Wiedikon (Kreis 3),9,"2 , 3  und 4 Zimmer",2,Nicht gemeinnützig,2,Quadratmeter,2,brutto,27.5,26.87,28.12,22.0,21.64,22.43,26.04,25.39,26.99,31.78,30.67,33.33,14122,2049,345
2024,2024.04,4,Stadtquartiere,39,Wiedikon (Kreis 3),9,"2 , 3  und 4 Zimmer",2,Nicht gemeinnützig,2,Quadratmeter,2,brutto,29.55,29.04,30.07,23.24,22.82,24.08,28.7,28.1,29.33,34.46,33.77,35.73,13993,2381,516
2022,2022.04,4,Stadtquartiere,49,Aussersihl (Kreis 4),2,2 Zimmer,1,Gemeinnützig,2,Quadratmeter,2,brutto,19.15,18.73,19.57,15.46,15.32,15.78,16.85,16.59,17.12,21.88,21.13,22.7,1218,858,55
2024,2024.04,4,Stadtquartiere,49,Aussersihl (Kreis 4),2,2 Zimmer,1,Gemeinnützig,2,Quadratmeter,2,brutto,20.82,20.36,21.28,16.66,16.43,16.98,18.68,18.46,19.08,23.36,22.99,23.91,1213,898,47
2022,2022.04,4,Stadtquartiere,49,Aussersihl (Kreis 4),3,3 Zimmer,1,Gemeinnützig,2,Quadratmeter,2,brutto,16.43,15.95,16.91,13.39,13.24,13.54,14.76,14.51,15.0,18.26,17.55,19.0,2066,1513,50
2024,2024.04,4,Stadtquartiere,49,Aussersihl (Kreis 4),3,3 Zimmer,1,Gemeinnützig,2,Quadratmeter,2,brutto,17.75,17.42,18.08,15.29,15.1,15.45,16.69,16.59,16.85,18.89,18.2,19.13,2116,1647,49
2022,2022.04,4,Stadtquartiere,49,Aussersihl (Kreis 4),4,4 Zimmer,1,Gemeinnützig,2,Quadratmeter,2,brutto,15.91,15.54,16.29,13.03,12.73,13.34,15.14,14.78,15.52,17.3,16.96,17.63,713,479,61
2024,2024.04,4,Stadtquartiere,49,Aussersihl (Kreis 4),4,4 Zimmer,1,Gemeinnützig,2,Quadratmeter,2,brutto,18.03,17.59,18.47,14.71,14.56,14.89,16.46,16.15,16.7,19.53,18.92,20.21,760,553,40
2022,2022.04,4,Stadtquartiere,49,Aussersihl (Kreis 4),9,"2 , 3  und 4 Zimmer",1,Gemeinnützig,2,Quadratmeter,2,brutto,17.17,16.88,17.46,13.74,13.66,13.84,15.66,15.51,15.81,18.91,18.5,19.28,3997,2850,166
2024,2024.04,4,Stadtquartiere,49,Aussersihl (Kreis 4),9,"2 , 3  und 4 Zimmer",1,Gemeinnützig,2,Quadratmeter,2,brutto,18.71,18.48,18.95,15.54,15.41,15.69,17.11,16.98,17.27,20.35,19.93,20.78,4089,3098,136
2022,2022.04,4,Stadtquartiere,49,Aussersihl (Kreis 4),2,2 Zimmer,2,Nicht gemeinnützig,2,Quadratmeter,2,brutto,32.51,31.73,33.3,25.2,23.73,27.15,32.83,31.39,33.85,38.58,37.76,40.08,2857,509,162
2024,2024.04,4,Stadtquartiere,49,Aussersihl (Kreis 4),2,2 Zimmer,2,Nicht gemeinnützig,2,Quadratmeter,2,brutto,34.58,33.82,35.33,27.14,25.91,28.1,33.91,32.95,34.88,40.37,39.37,41.22,2880,657,233
2022,2022.04,4,Stadtquartiere,49,Aussersihl (Kreis 4),3,3 Zimmer,2,Nicht gemeinnützig,2,Quadratmeter,2,brutto,27.77,26.88,28.66,22.15,21.22,23.5,27.2,25.9,28.44,33.09,31.3,35.56,4073,633,122
2024,2024.04,4,Stadtquartiere,49,Aussersihl (Kreis 4),3,3 Zimmer,2,Nicht gemeinnützig,2,Quadratmeter,2,brutto,30.28,29.57,30.99,24.23,23.07,25.15,29.95,29.19,30.91,35.74,34.62,37.0,4013,825,164
2022,2022.04,4,Stadtquartiere,49,Aussersihl (Kreis 4),4,4 Zimmer,2,Nicht gemeinnützig,2,Quadratmeter,2,brutto,25.24,24.42,26.07,20.01,19.36,21.32,24.38,23.31,26.19,29.27,28.85,31.28,1483,185,86
2024,2024.04,4,Stadtquartiere,49,Aussersihl (Kreis 4),4,4 Zimmer,2,Nicht gemeinnützig,2,Quadratmeter,2,brutto,28.79,27.77,29.8,22.81,21.92,23.68,28.97,27.04,30.0,34.42,32.47,36.41,1467,264,122
2022,2022.04,4,Stadtquartiere,49,Aussersihl (Kreis 4),9,"2 , 3  und 4 Zimmer",2,Nicht gemeinnützig,2,Quadratmeter,2,brutto,28.94,28.41,29.46,22.5,21.6,23.21,28.5,27.68,29.2,35.0,33.98,36.22,8413,1327,370
2024,2024.04,4,Stadtquartiere,49,Aussersihl (Kreis 4),9,"2 , 3  und 4 Zimmer",2,Nicht gemeinnützig,2,Quadratmeter,2,brutto,31.5,31.04,31.97,24.7,24.12,25.6,30.92,30.27,31.76,37.2,36.49,37.99,8360,1746,519
2022,2022.04,4,Stadtquartiere,59,Industriequartier (Kreis 5),2,2 Zimmer,1,Gemeinnützig,2,Quadratmeter,2,brutto,17.08,16.68,17.48,13.87,13.48,14.41,16.23,15.87,16.42,19.46,19.07,20.54,340,263,18
2024,2024.04,4,Stadtquartiere,59,Industriequartier (Kreis 5),2,2 Zimmer,1,Gemeinnützig,2,Quadratmeter,2,brutto,18.41,17.57,19.24,14.85,14.42,15.21,17.45,16.8,18.16,20.41,19.92,20.94,331,255,20
2022,2022.04,4,Stadtquartiere,59,Industriequartier (Kreis 5),3,3 Zimmer,1,Gemeinnützig,2,Quadratmeter,2,brutto,15.63,15.32,15.95,13.34,13.06,13.86,15.03,14.89,15.53,17.08,16.55,18.18,917,631,20
2024,2024.04,4,Stadtquartiere,59,Industriequartier (Kreis 5),3,3 Zimmer,1,Gemeinnützig,2,Quadratmeter,2,brutto,17.51,17.29,17.73,14.77,14.61,14.91,17.56,16.83,17.66,20.31,19.07,20.6,924,645,20
2022,2022.04,4,Stadtquartiere,59,Industriequartier (Kreis 5),4,4 Zimmer,1,Gemeinnützig,2,Quadratmeter,2,brutto,15.79,15.51,16.08,12.93,12.46,13.25,15.35,15.14,16.07,18.31,17.73,18.94,423,296,22
2024,2024.04,4,Stadtquartiere,59,Industriequartier (Kreis 5),4,4 Zimmer,1,Gemeinnützig,2,Quadratmeter,2,brutto,17.36,17.17,17.54,14.57,14.37,14.76,17.72,17.68,18.01,19.86,19.54,20.47,407,279,19
2022,2022.04,4,Stadtquartiere,59,Industriequartier (Kreis 5),9,"2 , 3  und 4 Zimmer",1,Gemeinnützig,2,Quadratmeter,2,brutto,15.97,15.76,16.17,13.3,13.08,13.53,15.4,15.12,15.58,18.18,17.89,18.89,1680,1190,60
2024,2024.04,4,Stadtquartiere,59,Industriequartier (Kreis 5),9,"2 , 3  und 4 Zimmer",1,Gemeinnützig,2,Quadratmeter,2,brutto,17.65,17.44,17.87,14.75,14.61,14.87,17.64,17.24,17.72,20.22,19.58,20.59,1662,1179,59
2022,2022.04,4,Stadtquartiere,59,Industriequartier (Kreis 5),2,2 Zimmer,2,Nicht gemeinnützig,2,Quadratmeter,2,brutto,32.64,31.52,33.76,26.93,25.66,28.56,32.36,30.35,33.06,37.66,35.42,39.16,1355,363,78
2024,2024.04,4,Stadtquartiere,59,Industriequartier (Kreis 5),2,2 Zimmer,2,Nicht gemeinnützig,2,Quadratmeter,2,brutto,34.94,33.75,36.14,27.63,26.79,29.2,34.55,32.61,35.98,40.32,38.37,41.43,1317,344,96
2022,2022.04,4,Stadtquartiere,59,Industriequartier (Kreis 5),3,3 Zimmer,2,Nicht gemeinnützig,2,Quadratmeter,2,brutto,28.08,26.74,29.41,23.44,21.87,25.23,28.25,25.96,29.11,31.87,31.39,35.3,1904,416,67
2024,2024.04,4,Stadtquartiere,59,Industriequartier (Kreis 5),3,3 Zimmer,2,Nicht gemeinnützig,2,Quadratmeter,2,brutto,30.54,29.28,31.79,25.59,23.92,26.66,30.12,29.13,32.0,35.4,34.0,36.92,1819,408,85
2022,2022.04,4,Stadtquartiere,59,Industriequartier (Kreis 5),4,4 Zimmer,2,Nicht gemeinnützig,2,Quadratmeter,2,brutto,24.76,23.51,26.02,19.47,17.59,20.58,22.82,21.73,26.39,30.38,28.12,32.76,965,189,47
2024,2024.04,4,Stadtquartiere,59,Industriequartier (Kreis 5),4,4 Zimmer,2,Nicht gemeinnützig,2,Quadratmeter,2,brutto,26.14,24.85,27.44,21.4,19.72,23.01,25.69,23.91,28.7,31.09,29.53,32.54,914,221,53
2022,2022.04,4,Stadtquartiere,59,Industriequartier (Kreis 5),9,"2 , 3  und 4 Zimmer",2,Nicht gemeinnützig,2,Quadratmeter,2,brutto,28.79,28.03,29.54,23.11,22.27,24.47,28.33,27.68,29.25,33.25,32.78,35.0,4224,968,192
2024,2024.04,4,Stadtquartiere,59,Industriequartier (Kreis 5),9,"2 , 3  und 4 Zimmer",2,Nicht gemeinnützig,2,Quadratmeter,2,brutto,30.98,30.23,31.72,25.17,23.91,26.31,30.47,29.51,31.56,36.35,35.41,37.26,4050,973,234
2022,2022.04,4,Stadtquartiere,61,Unterstrass,2,2 Zimmer,1,Gemeinnützig,2,Quadratmeter,2,brutto,19.49,18.15,20.84,16.27,15.37,16.53,18.12,16.67,20.17,20.76,20.17,22.37,617,291,12
2024,2024.04,4,Stadtquartiere,61,Unterstrass,2,2 Zimmer,1,Gemeinnützig,2,Quadratmeter,2,brutto,19.81,19.09,20.53,17.28,16.94,17.74,18.88,17.98,19.79,23.24,20.72,23.85,671,342,20
2022,2022.04,4,Stadtquartiere,61,Unterstrass,3,3 Zimmer,1,Gemeinnützig,2,Quadratmeter,2,brutto,15.84,15.58,16.09,14.44,13.53,14.69,15.66,15.48,16.19,17.15,16.67,17.19,1705,957,23
2024,2024.04,4,Stadtquartiere,61,Unterstrass,3,3 Zimmer,1,Gemeinnützig,2,Quadratmeter,2,brutto,17.24,16.98,17.49,15.81,15.67,15.94,17.14,16.74,17.47,18.43,17.95,18.92,1770,1076,27
2022,2022.04,4,Stadtquartiere,61,Unterstrass,4,4 Zimmer,1,Gemeinnützig,2,Quadratmeter,2,brutto,16.03,15.75,16.3,14.78,14.61,15.08,15.55,15.44,15.72,16.46,16.11,17.44,977,560,20
2024,2024.04,4,Stadtquartiere,61,Unterstrass,4,4 Zimmer,1,Gemeinnützig,2,Quadratmeter,2,brutto,17.09,16.77,17.42,15.49,15.32,15.67,16.81,16.4,17.63,18.44,18.12,19.5,1005,601,23
2022,2022.04,4,Stadtquartiere,61,Unterstrass,9,"2 , 3  und 4 Zimmer",1,Gemeinnützig,2,Quadratmeter,2,brutto,16.58,16.27,16.88,14.79,14.63,15.1,15.87,15.66,16.24,17.2,17.17,17.7,3299,1808,55
2024,2024.04,4,Stadtquartiere,61,Unterstrass,9,"2 , 3  und 4 Zimmer",1,Gemeinnützig,2,Quadratmeter,2,brutto,17.7,17.48,17.91,15.85,15.68,15.97,17.33,17.16,17.66,18.97,18.45,19.56,3446,2019,70
2022,2022.04,4,Stadtquartiere,61,Unterstrass,2,2 Zimmer,2,Nicht gemeinnützig,2,Quadratmeter,2,brutto,29.28,27.75,30.81,25.94,21.77,27.62,29.5,28.38,31.24,32.84,31.86,36.36,1710,278,41
2024,2024.04,4,Stadtquartiere,61,Unterstrass,2,2 Zimmer,2,Nicht gemeinnützig,2,Quadratmeter,2,brutto,32.16,31.03,33.28,25.87,23.96,28.29,32.49,30.85,33.75,37.56,36.65,40.54,1675,318,61
2022,2022.04,4,Stadtquartiere,61,Unterstrass,3,3 Zimmer,2,Nicht gemeinnützig,2,Quadratmeter,2,brutto,27.7,25.96,29.44,21.97,19.95,23.57,27.32,24.44,30.67,33.09,30.87,36.93,2508,379,45
2024,2024.04,4,Stadtquartiere,61,Unterstrass,3,3 Zimmer,2,Nicht gemeinnützig,2,Quadratmeter,2,brutto,29.18,27.74,30.61,23.31,20.75,25.39,29.0,27.62,31.37,33.92,32.79,36.54,2432,387,65
2022,2022.04,4,Stadtquartiere,61,Unterstrass,4,4 Zimmer,2,Nicht gemeinnützig,2,Quadratmeter,2,brutto,26.41,25.34,27.48,21.41,19.71,23.45,25.98,24.76,27.55,30.36,28.96,33.4,1465,263,54
2024,2024.04,4,Stadtquartiere,61,Unterstrass,4,4 Zimmer,2,Nicht gemeinnützig,2,Quadratmeter,2,brutto,27.72,26.59,28.85,22.37,21.32,24.55,26.75,26.12,28.81,33.45,31.44,34.64,1422,270,78
2022,2022.04,4,Stadtquartiere,61,Unterstrass,9,"2 , 3  und 4 Zimmer",2,Nicht gemeinnützig,2,Quadratmeter,2,brutto,27.84,26.9,28.78,22.61,21.43,23.99,27.72,26.42,28.57,32.71,31.79,34.46,5683,920,140
2024,2024.04,4,Stadtquartiere,61,Unterstrass,9,"2 , 3  und 4 Zimmer",2,Nicht gemeinnützig,2,Quadratmeter,2,brutto,29.7,28.93,30.48,23.67,22.51,25.29,29.94,28.3,30.87,34.85,33.82,36.03,5529,975,204
2022,2022.04,4,Stadtquartiere,63,Oberstrass,2,2 Zimmer,1,Gemeinnützig,2,Quadratmeter,2,brutto,19.96,19.56,20.37,16.55,16.48,16.7,17.77,17.71,17.98,19.37,18.98,19.76,59,38,19
2024,2024.04,4,Stadtquartiere,63,Oberstrass,2,2 Zimmer,1,Gemeinnützig,2,Quadratmeter,2,brutto,21.3,20.85,21.75,17.43,17.41,17.48,18.93,18.84,19.28,21.98,21.57,22.36,60,38,19
2022,2022.04,4,Stadtquartiere,63,Oberstrass,3,3 Zimmer,1,Gemeinnützig,2,Quadratmeter,2,brutto,17.44,17.03,17.85,14.14,14.13,14.2,16.12,16.02,16.36,18.37,18.1,18.85,234,185,20
2024,2024.04,4,Stadtquartiere,63,Oberstrass,3,3 Zimmer,1,Gemeinnützig,2,Quadratmeter,2,brutto,18.21,17.79,18.63,14.55,14.48,14.57,16.96,16.72,17.4,19.7,19.22,19.93,235,187,20
2022,2022.04,4,Stadtquartiere,63,Oberstrass,4,4 Zimmer,1,Gemeinnützig,2,Quadratmeter,2,brutto,16.56,16.43,16.69,14.54,14.47,14.69,16.14,16.03,16.25,18.08,17.85,18.39,179,153,17
2024,2024.04,4,Stadtquartiere,63,Oberstrass,4,4 Zimmer,1,Gemeinnützig,2,Quadratmeter,2,brutto,17.91,17.75,18.07,15.82,15.75,15.89,17.15,16.99,17.3,18.79,18.65,19.25,183,159,19
2022,2022.04,4,Stadtquartiere,63,Oberstrass,9,"2 , 3  und 4 Zimmer",1,Gemeinnützig,2,Quadratmeter,2,brutto,17.44,17.22,17.65,14.43,14.36,14.47,16.39,16.35,16.45,18.48,18.27,18.64,472,376,56
2024,2024.04,4,Stadtquartiere,63,Oberstrass,9,"2 , 3  und 4 Zimmer",1,Gemeinnützig,2,Quadratmeter,2,brutto,18.48,18.26,18.7,15.29,15.25,15.37,17.46,17.41,17.53,19.72,19.56,19.93,478,384,58
2022,2022.04,4,Stadtquartiere,63,Oberstrass,2,2 Zimmer,2,Nicht gemeinnützig,2,Quadratmeter,2,brutto,32.88,30.48,35.27,27.58,26.09,28.7,30.89,28.46,33.86,37.98,33.75,41.35,868,71,35
2024,2024.04,4,Stadtquartiere,63,Oberstrass,2,2 Zimmer,2,Nicht gemeinnützig,2,Quadratmeter,2,brutto,33.63,31.78,35.49,26.32,22.83,28.44,32.29,30.82,33.68,39.63,35.84,40.97,869,117,59
2022,2022.04,4,Stadtquartiere,63,Oberstrass,3,3 Zimmer,2,Nicht gemeinnützig,2,Quadratmeter,2,brutto,30.32,28.58,32.05,25.51,22.45,26.8,30.44,27.96,32.0,35.73,32.12,39.33,966,64,44
2024,2024.04,4,Stadtquartiere,63,Oberstrass,3,3 Zimmer,2,Nicht gemeinnützig,2,Quadratmeter,2,brutto,33.12,31.08,35.16,25.96,21.97,30.87,32.54,31.19,35.16,39.9,36.83,44.9,937,79,56
2022,2022.04,4,Stadtquartiere,63,Oberstrass,4,4 Zimmer,2,Nicht gemeinnützig,2,Quadratmeter,2,brutto,27.3,24.91,29.69,21.03,18.22,23.15,26.18,23.16,30.94,34.79,30.94,37.61,888,48,43
2024,2024.04,4,Stadtquartiere,63,Oberstrass,4,4 Zimmer,2,Nicht gemeinnützig,2,Quadratmeter,2,brutto,28.9,27.36,30.43,22.16,21.42,24.32,29.23,25.59,32.35,35.28,32.84,36.96,868,54,60
2022,2022.04,4,Stadtquartiere,63,Oberstrass,9,"2 , 3  und 4 Zimmer",2,Nicht gemeinnützig,2,Quadratmeter,2,brutto,30.15,28.9,31.41,23.97,22.58,25.78,30.04,28.07,31.17,35.81,33.74,37.76,2722,183,122
2024,2024.04,4,Stadtquartiere,63,Oberstrass,9,"2 , 3  und 4 Zimmer",2,Nicht gemeinnützig,2,Quadratmeter,2,brutto,31.91,30.85,32.97,24.08,22.18,25.75,31.87,30.85,32.62,37.78,36.21,39.4,2674,250,175
2022,2022.04,4,Stadtquartiere,71,Fluntern,2,2 Zimmer,1,Gemeinnützig,2,Quadratmeter,2,brutto,19.66,19.45,19.86,17.63,17.58,17.85,19.13,18.81,19.51,20.54,20.28,20.81,48,43,0
2024,2024.04,4,Stadtquartiere,71,Fluntern,2,2 Zimmer,1,Gemeinnützig,2,Quadratmeter,2,brutto,22.04,21.51,22.57,18.01,17.92,18.02,19.28,19.06,19.48,22.63,21.37,22.76,53,48,0
2022,2022.04,4,Stadtquartiere,71,Fluntern,3,3 Zimmer,1,Gemeinnützig,2,Quadratmeter,2,brutto,19.27,18.5,20.03,16.33,16.3,16.33,17.96,17.97,18.01,22.5,20.6,25.34,75,61,4
2024,2024.04,4,Stadtquartiere,71,Fluntern,3,3 Zimmer,1,Gemeinnützig,2,Quadratmeter,2,brutto,20.66,20.04,21.28,16.61,16.42,16.8,17.86,17.73,18.03,19.85,18.81,20.62,81,69,0
2022,2022.04,4,Stadtquartiere,71,Fluntern,4,4 Zimmer,1,Gemeinnützig,2,Quadratmeter,2,brutto,14.91,14.71,15.11,14.6,14.24,14.81,15.23,15.21,15.42,15.74,15.64,15.82,51,42,0
2024,2024.04,4,Stadtquartiere,71,Fluntern,4,4 Zimmer,1,Gemeinnützig,2,Quadratmeter,2,brutto,18.28,17.51,19.05,15.6,15.22,15.64,16.18,16.03,16.53,17.55,17.24,17.83,51,42,0
2022,2022.04,4,Stadtquartiere,71,Fluntern,9,"2 , 3  und 4 Zimmer",1,Gemeinnützig,2,Quadratmeter,2,brutto,18.2,17.85,18.55,15.72,15.69,15.77,17.32,17.27,17.57,19.63,19.51,20.05,174,146,4
2024,2024.04,4,Stadtquartiere,71,Fluntern,9,"2 , 3  und 4 Zimmer",1,Gemeinnützig,2,Quadratmeter,2,brutto,20.39,20.0,20.78,16.54,16.37,16.71,17.95,17.84,18.02,19.9,19.54,20.16,185,159,0
2022,2022.04,4,Stadtquartiere,71,Fluntern,2,2 Zimmer,2,Nicht gemeinnützig,2,Quadratmeter,2,brutto,33.53,31.33,35.73,26.2,23.97,30.5,34.08,30.42,36.04,40.17,35.99,43.84,520,65,38
2024,2024.04,4,Stadtquartiere,71,Fluntern,2,2 Zimmer,2,Nicht gemeinnützig,2,Quadratmeter,2,brutto,36.74,34.56,38.91,29.6,26.39,31.57,33.7,31.81,36.09,46.58,38.29,48.57,507,60,49
2022,2022.04,4,Stadtquartiere,71,Fluntern,3,3 Zimmer,2,Nicht gemeinnützig,2,Quadratmeter,2,brutto,33.86,31.86,35.85,28.74,27.6,31.16,34.03,31.38,35.6,37.53,35.66,40.92,695,121,41
2024,2024.04,4,Stadtquartiere,71,Fluntern,3,3 Zimmer,2,Nicht gemeinnützig,2,Quadratmeter,2,brutto,33.78,32.13,35.43,27.16,24.88,29.66,33.06,31.91,36.19,38.57,37.64,40.66,667,134,60
2022,2022.04,4,Stadtquartiere,71,Fluntern,4,4 Zimmer,2,Nicht gemeinnützig,2,Quadratmeter,2,brutto,27.84,25.68,29.99,22.02,20.43,25.71,28.42,25.72,32.11,33.35,32.11,34.74,693,101,37
2024,2024.04,4,Stadtquartiere,71,Fluntern,4,4 Zimmer,2,Nicht gemeinnützig,2,Quadratmeter,2,brutto,30.17,28.88,31.45,23.75,22.94,25.9,28.69,26.7,31.41,35.26,33.6,36.48,663,108,55
2022,2022.04,4,Stadtquartiere,71,Fluntern,9,"2 , 3  und 4 Zimmer",2,Nicht gemeinnützig,2,Quadratmeter,2,brutto,31.58,30.35,32.81,25.79,23.13,27.3,32.0,30.18,33.52,36.19,35.59,38.15,1908,287,116
2024,2024.04,4,Stadtquartiere,71,Fluntern,9,"2 , 3  und 4 Zimmer",2,Nicht gemeinnützig,2,Quadratmeter,2,brutto,33.29,32.32,34.25,25.91,25.0,27.45,32.18,31.25,33.16,38.09,36.79,39.53,1837,302,164
2022,2022.04,4,Stadtquartiere,72,Hottingen,2,2 Zimmer,1,Gemeinnützig,2,Quadratmeter,2,brutto,25.14,24.82,25.45,23.11,22.78,23.92,25.3,25.2,25.45,27.45,27.11,28.19,122,94,18
2024,2024.04,4,Stadtquartiere,72,Hottingen,2,2 Zimmer,1,Gemeinnützig,2,Quadratmeter,2,brutto,27.27,26.82,27.72,24.31,24.23,24.71,26.41,26.17,26.63,29.77,29.13,30.16,125,95,20
2022,2022.04,4,Stadtquartiere,72,Hottingen,3,3 Zimmer,1,Gemeinnützig,2,Quadratmeter,2,brutto,22.09,21.8,22.38,19.9,19.68,20.33,23.08,22.8,23.23,24.55,24.36,24.83,132,91,31
2024,2024.04,4,Stadtquartiere,72,Hottingen,3,3 Zimmer,1,Gemeinnützig,2,Quadratmeter,2,brutto,25.75,25.32,26.18,23.19,23.13,23.45,25.11,25.02,25.28,27.05,26.77,27.14,133,96,27
2022,2022.04,4,Stadtquartiere,72,Hottingen,4,4 Zimmer,1,Gemeinnützig,2,Quadratmeter,2,brutto,19.74,19.46,20.02,16.33,15.67,16.8,19.24,19.12,19.5,22.33,22.21,22.54,123,91,29
2024,2024.04,4,Stadtquartiere,72,Hottingen,4,4 Zimmer,1,Gemeinnützig,2,Quadratmeter,2,brutto,21.94,21.37,22.5,18.43,18.29,18.93,21.74,21.34,22.11,24.73,24.16,26.26,121,88,20
2022,2022.04,4,Stadtquartiere,72,Hottingen,9,"2 , 3  und 4 Zimmer",1,Gemeinnützig,2,Quadratmeter,2,brutto,22.31,22.14,22.48,19.05,18.95,19.13,22.87,22.68,23.11,25.49,25.36,25.69,377,276,78
2024,2024.04,4,Stadtquartiere,72,Hottingen,9,"2 , 3  und 4 Zimmer",1,Gemeinnützig,2,Quadratmeter,2,brutto,25.04,24.76,25.31,21.9,21.6,22.12,24.91,24.71,25.11,27.41,27.12,27.66,379,279,67
2022,2022.04,4,Stadtquartiere,72,Hottingen,2,2 Zimmer,2,Nicht gemeinnützig,2,Quadratmeter,2,brutto,31.67,29.78,33.56,25.7,21.57,29.53,31.24,29.53,33.79,36.68,33.82,40.17,865,89,40
2024,2024.04,4,Stadtquartiere,72,Hottingen,2,2 Zimmer,2,Nicht gemeinnützig,2,Quadratmeter,2,brutto,36.65,35.18,38.11,29.94,28.39,31.5,35.51,33.04,39.09,43.68,40.46,48.96,864,108,52
2022,2022.04,4,Stadtquartiere,72,Hottingen,3,3 Zimmer,2,Nicht gemeinnützig,2,Quadratmeter,2,brutto,31.27,28.4,34.14,24.26,22.84,26.34,31.62,26.76,34.18,36.0,34.15,36.77,1169,108,45
2024,2024.04,4,Stadtquartiere,72,Hottingen,3,3 Zimmer,2,Nicht gemeinnützig,2,Quadratmeter,2,brutto,32.78,31.41,34.15,27.55,26.44,30.0,32.63,30.65,34.46,38.39,35.15,40.51,1160,111,60
2022,2022.04,4,Stadtquartiere,72,Hottingen,4,4 Zimmer,2,Nicht gemeinnützig,2,Quadratmeter,2,brutto,28.77,26.5,31.04,22.71,18.82,26.22,28.46,26.31,31.84,33.73,30.87,35.51,971,56,42
2024,2024.04,4,Stadtquartiere,72,Hottingen,4,4 Zimmer,2,Nicht gemeinnützig,2,Quadratmeter,2,brutto,31.46,28.66,34.27,23.64,22.55,25.67,30.75,26.73,33.18,35.91,33.22,36.63,936,61,52
2022,2022.04,4,Stadtquartiere,72,Hottingen,9,"2 , 3  und 4 Zimmer",2,Nicht gemeinnützig,2,Quadratmeter,2,brutto,30.58,29.13,32.03,24.27,22.7,26.19,30.68,28.38,31.85,35.29,33.87,36.62,3005,253,127
2024,2024.04,4,Stadtquartiere,72,Hottingen,9,"2 , 3  und 4 Zimmer",2,Nicht gemeinnützig,2,Quadratmeter,2,brutto,33.49,32.36,34.61,27.24,25.6,28.53,32.96,31.43,33.8,38.66,36.37,39.37,2960,280,164
2022,2022.04,4,Stadtquartiere,73,Hirslanden,2,2 Zimmer,1,Gemeinnützig,2,Quadratmeter,2,brutto,18.89,18.42,19.37,17.14,15.47,17.84,19.13,17.63,19.97,21.01,19.45,21.95,78,31,10
2024,2024.04,4,Stadtquartiere,73,Hirslanden,2,2 Zimmer,1,Gemeinnützig,2,Quadratmeter,2,brutto,20.28,19.51,21.04,16.52,16.29,18.95,19.71,18.96,20.82,22.84,21.96,26.41,81,29,11
2022,2022.04,4,Stadtquartiere,73,Hirslanden,3,3 Zimmer,1,Gemeinnützig,2,Quadratmeter,2,brutto,16.32,15.86,16.77,14.4,13.75,14.67,15.3,14.66,16.71,18.63,16.7,19.2,221,79,12
2024,2024.04,4,Stadtquartiere,73,Hirslanden,3,3 Zimmer,1,Gemeinnützig,2,Quadratmeter,2,brutto,17.31,17.08,17.54,14.53,14.11,15.39,15.45,14.62,16.58,19.33,18.89,20.0,235,86,11
2022,2022.04,4,Stadtquartiere,73,Hirslanden,4,4 Zimmer,1,Gemeinnützig,2,Quadratmeter,2,brutto,14.32,13.87,14.77,12.17,11.83,12.57,12.73,12.53,14.6,16.38,16.39,16.67,89,33,15
2024,2024.04,4,Stadtquartiere,73,Hirslanden,4,4 Zimmer,1,Gemeinnützig,2,Quadratmeter,2,brutto,15.47,15.31,15.62,13.13,12.77,13.52,13.9,13.47,14.36,16.45,16.21,17.41,100,43,12
2022,2022.04,4,Stadtquartiere,73,Hirslanden,9,"2 , 3  und 4 Zimmer",1,Gemeinnützig,2,Quadratmeter,2,brutto,16.37,16.07,16.66,13.76,13.59,14.67,15.41,14.77,16.68,19.13,17.69,19.44,388,143,37
2024,2024.04,4,Stadtquartiere,73,Hirslanden,9,"2 , 3  und 4 Zimmer",1,Gemeinnützig,2,Quadratmeter,2,brutto,17.45,17.24,17.65,14.17,14.11,14.62,15.54,14.99,16.54,19.99,19.5,20.65,416,158,34
2022,2022.04,4,Stadtquartiere,73,Hirslanden,2,2 Zimmer,2,Nicht gemeinnützig,2,Quadratmeter,2,brutto,31.98,30.19,33.78,25.73,22.81,28.76,31.41,28.82,33.6,38.45,33.73,43.76,588,84,35
2024,2024.04,4,Stadtquartiere,73,Hirslanden,2,2 Zimmer,2,Nicht gemeinnützig,2,Quadratmeter,2,brutto,35.46,33.66,37.25,29.03,24.93,32.87,36.88,33.82,38.46,42.48,39.01,44.46,642,129,47
2022,2022.04,4,Stadtquartiere,73,Hirslanden,3,3 Zimmer,2,Nicht gemeinnützig,2,Quadratmeter,2,brutto,27.07,25.56,28.59,22.52,19.73,25.95,27.9,26.44,29.42,30.73,29.55,35.71,1043,115,42
2024,2024.04,4,Stadtquartiere,73,Hirslanden,3,3 Zimmer,2,Nicht gemeinnützig,2,Quadratmeter,2,brutto,29.6,28.05,31.15,22.98,19.97,27.27,30.63,28.86,31.97,35.57,33.25,37.03,1062,127,62
2022,2022.04,4,Stadtquartiere,73,Hirslanden,4,4 Zimmer,2,Nicht gemeinnützig,2,Quadratmeter,2,brutto,24.81,22.51,27.12,19.31,16.04,24.27,26.32,20.71,28.62,29.56,27.63,32.03,674,46,30
2024,2024.04,4,Stadtquartiere,73,Hirslanden,4,4 Zimmer,2,Nicht gemeinnützig,2,Quadratmeter,2,brutto,26.25,24.81,27.68,21.36,18.39,23.72,25.83,25.05,29.11,32.12,29.28,33.04,647,39,57
2022,2022.04,4,Stadtquartiere,73,Hirslanden,9,"2 , 3  und 4 Zimmer",2,Nicht gemeinnützig,2,Quadratmeter,2,brutto,27.66,26.6,28.73,22.21,20.69,24.38,28.22,26.7,29.23,32.59,30.44,35.37,2305,245,107
2024,2024.04,4,Stadtquartiere,73,Hirslanden,9,"2 , 3  und 4 Zimmer",2,Nicht gemeinnützig,2,Quadratmeter,2,brutto,30.28,29.34,31.23,23.69,22.28,25.27,30.59,29.3,31.68,36.62,35.07,37.69,2351,295,166
2022,2022.04,4,Stadtquartiere,74,Witikon,2,2 Zimmer,1,Gemeinnützig,2,Quadratmeter,2,brutto,19.39,18.7,20.08,15.79,15.55,16.21,20.2,19.04,21.47,22.93,22.64,24.44,54,22,20
2024,2024.04,4,Stadtquartiere,74,Witikon,2,2 Zimmer,1,Gemeinnützig,2,Quadratmeter,2,brutto,22.3,19.38,25.23,11.82,16.36,22.79,22.75,12.45,25.76,24.64,22.08,26.92,99,24,5
2022,2022.04,4,Stadtquartiere,74,Witikon,3,3 Zimmer,1,Gemeinnützig,2,Quadratmeter,2,brutto,16.51,16.32,16.7,13.31,12.89,13.55,15.68,15.26,15.97,18.84,18.49,19.02,88,61,20
2024,2024.04,4,Stadtquartiere,74,Witikon,3,3 Zimmer,1,Gemeinnützig,2,Quadratmeter,2,brutto,17.61,16.89,18.33,13.23,13.17,13.32,15.41,14.45,18.71,21.94,20.29,22.31,103,55,17
2022,2022.04,4,Stadtquartiere,74,Witikon,4,4 Zimmer,1,Gemeinnützig,2,Quadratmeter,2,brutto,15.67,15.4,15.94,13.52,13.33,13.97,14.44,14.05,15.4,16.9,16.47,17.18,158,69,20
2024,2024.04,4,Stadtquartiere,74,Witikon,4,4 Zimmer,1,Gemeinnützig,2,Quadratmeter,2,brutto,15.95,15.51,16.39,13.44,13.33,13.95,14.41,13.88,15.68,16.12,15.82,17.27,160,65,17
2022,2022.04,4,Stadtquartiere,74,Witikon,9,"2 , 3  und 4 Zimmer",1,Gemeinnützig,2,Quadratmeter,2,brutto,16.59,16.39,16.78,13.53,13.28,13.85,15.4,14.82,15.95,19.2,18.66,19.57,300,152,60
2024,2024.04,4,Stadtquartiere,74,Witikon,9,"2 , 3  und 4 Zimmer",1,Gemeinnützig,2,Quadratmeter,2,brutto,18.16,17.31,19.01,13.45,13.29,14.18,16.19,15.04,19.1,22.46,21.46,23.27,362,144,39
2022,2022.04,4,Stadtquartiere,74,Witikon,2,2 Zimmer,2,Nicht gemeinnützig,2,Quadratmeter,2,brutto,26.32,24.79,27.84,20.54,18.0,24.33,26.04,24.78,28.6,32.66,29.72,34.52,678,156,33
2024,2024.04,4,Stadtquartiere,74,Witikon,2,2 Zimmer,2,Nicht gemeinnützig,2,Quadratmeter,2,brutto,29.74,28.46,31.01,25.12,24.72,26.52,27.36,26.78,29.37,32.86,30.93,36.33,700,170,44
2022,2022.04,4,Stadtquartiere,74,Witikon,3,3 Zimmer,2,Nicht gemeinnützig,2,Quadratmeter,2,brutto,23.15,22.26,24.05,20.12,19.36,21.97,23.99,22.17,24.92,25.28,25.11,28.23,1422,276,32
2024,2024.04,4,Stadtquartiere,74,Witikon,3,3 Zimmer,2,Nicht gemeinnützig,2,Quadratmeter,2,brutto,26.84,25.97,27.71,22.46,21.18,23.5,26.14,25.35,27.58,29.73,28.54,30.67,1397,319,56
2022,2022.04,4,Stadtquartiere,74,Witikon,4,4 Zimmer,2,Nicht gemeinnützig,2,Quadratmeter,2,brutto,25.07,23.51,26.64,21.56,20.17,22.43,23.67,22.64,24.91,26.55,25.18,32.49,1003,171,29
2024,2024.04,4,Stadtquartiere,74,Witikon,4,4 Zimmer,2,Nicht gemeinnützig,2,Quadratmeter,2,brutto,25.54,24.13,26.95,20.56,18.57,22.03,24.59,23.56,26.85,30.07,28.28,32.48,947,215,48
2022,2022.04,4,Stadtquartiere,74,Witikon,9,"2 , 3  und 4 Zimmer",2,Nicht gemeinnützig,2,Quadratmeter,2,brutto,24.46,23.73,25.2,20.29,19.47,21.82,24.0,23.42,24.94,27.1,25.36,29.12,3103,603,94
2024,2024.04,4,Stadtquartiere,74,Witikon,9,"2 , 3  und 4 Zimmer",2,Nicht gemeinnützig,2,Quadratmeter,2,brutto,27.1,26.44,27.77,22.24,21.69,23.18,26.56,25.96,27.08,30.33,29.61,31.62,3044,704,148
2022,2022.04,4,Stadtquartiere,89,Riesbach (Kreis 8),2,2 Zimmer,1,Gemeinnützig,2,Quadratmeter,2,brutto,20.38,19.93,20.83,15.11,15.07,15.74,18.47,17.26,18.92,24.1,23.89,25.68,98,88,0
2024,2024.04,4,Stadtquartiere,89,Riesbach (Kreis 8),2,2 Zimmer,1,Gemeinnützig,2,Quadratmeter,2,brutto,22.72,22.36,23.07,16.79,16.74,16.92,20.8,20.63,21.11,27.62,26.6,27.63,93,87,0
2022,2022.04,4,Stadtquartiere,89,Riesbach (Kreis 8),3,3 Zimmer,1,Gemeinnützig,2,Quadratmeter,2,brutto,17.86,17.71,18.01,15.12,15.11,15.2,16.67,16.61,16.71,18.44,18.31,19.35,253,237,0
2024,2024.04,4,Stadtquartiere,89,Riesbach (Kreis 8),3,3 Zimmer,1,Gemeinnützig,2,Quadratmeter,2,brutto,19.37,19.24,19.5,16.13,16.12,16.15,18.27,18.23,18.3,21.11,20.95,21.24,246,215,24
2022,2022.04,4,Stadtquartiere,89,Riesbach (Kreis 8),4,4 Zimmer,1,Gemeinnützig,2,Quadratmeter,2,brutto,16.26,16.14,16.38,13.93,13.9,13.98,15.69,15.51,15.9,16.95,16.93,17.02,244,234,0
2024,2024.04,4,Stadtquartiere,89,Riesbach (Kreis 8),4,4 Zimmer,1,Gemeinnützig,2,Quadratmeter,2,brutto,17.68,17.59,17.76,14.58,14.58,14.72,17.48,17.47,17.52,18.69,18.64,18.75,246,227,14
2022,2022.04,4,Stadtquartiere,89,Riesbach (Kreis 8),9,"2 , 3  und 4 Zimmer",1,Gemeinnützig,2,Quadratmeter,2,brutto,17.61,17.5,17.72,14.5,14.38,14.58,16.49,16.46,16.55,18.44,18.31,18.72,595,559,0
2024,2024.04,4,Stadtquartiere,89,Riesbach (Kreis 8),9,"2 , 3  und 4 Zimmer",1,Gemeinnützig,2,Quadratmeter,2,brutto,19.16,19.08,19.24,15.71,15.66,15.73,17.9,17.86,17.92,20.95,20.88,21.12,585,529,38
2022,2022.04,4,Stadtquartiere,89,Riesbach (Kreis 8),2,2 Zimmer,2,Nicht gemeinnützig,2,Quadratmeter,2,brutto,35.17,34.02,36.32,27.71,25.31,29.13,35.74,33.89,36.61,41.56,40.0,44.02,2213,480,113
2024,2024.04,4,Stadtquartiere,89,Riesbach (Kreis 8),2,2 Zimmer,2,Nicht gemeinnützig,2,Quadratmeter,2,brutto,38.0,37.02,38.99,29.29,28.46,30.82,37.15,36.19,38.43,45.63,43.92,47.46,2192,530,177
2022,2022.04,4,Stadtquartiere,89,Riesbach (Kreis 8),3,3 Zimmer,2,Nicht gemeinnützig,2,Quadratmeter,2,brutto,31.45,30.4,32.5,24.93,22.38,25.94,32.44,30.51,33.47,38.27,36.78,40.18,2773,474,128
2024,2024.04,4,Stadtquartiere,89,Riesbach (Kreis 8),3,3 Zimmer,2,Nicht gemeinnützig,2,Quadratmeter,2,brutto,34.65,33.71,35.6,26.42,25.5,28.01,35.57,32.61,36.13,42.72,40.74,43.53,2751,529,187
2022,2022.04,4,Stadtquartiere,89,Riesbach (Kreis 8),4,4 Zimmer,2,Nicht gemeinnützig,2,Quadratmeter,2,brutto,29.44,28.2,30.69,22.3,20.92,24.17,30.17,27.95,30.61,35.36,33.32,37.21,1393,166,104
2024,2024.04,4,Stadtquartiere,89,Riesbach (Kreis 8),4,4 Zimmer,2,Nicht gemeinnützig,2,Quadratmeter,2,brutto,30.4,29.44,31.37,23.2,21.8,24.32,30.66,28.73,31.83,37.78,36.51,38.77,1367,201,148
2022,2022.04,4,Stadtquartiere,89,Riesbach (Kreis 8),9,"2 , 3  und 4 Zimmer",2,Nicht gemeinnützig,2,Quadratmeter,2,brutto,32.3,31.64,32.97,25.0,24.15,25.94,32.49,31.78,33.28,38.91,37.96,40.13,6379,1120,345
2024,2024.04,4,Stadtquartiere,89,Riesbach (Kreis 8),9,"2 , 3  und 4 Zimmer",2,Nicht gemeinnützig,2,Quadratmeter,2,brutto,34.9,34.32,35.48,26.5,25.73,27.5,35.25,33.99,35.79,42.48,41.23,43.21,6310,1260,512
2022,2022.04,4,Stadtquartiere,91,Albisrieden,2,2 Zimmer,1,Gemeinnützig,2,Quadratmeter,2,brutto,19.33,18.86,19.8,14.99,14.53,16.12,18.64,17.92,19.85,22.06,21.5,23.45,838,493,25
2024,2024.04,4,Stadtquartiere,91,Albisrieden,2,2 Zimmer,1,Gemeinnützig,2,Quadratmeter,2,brutto,21.06,20.05,22.07,16.95,15.91,18.41,20.99,20.17,21.95,23.63,23.26,24.75,816,498,17
2022,2022.04,4,Stadtquartiere,91,Albisrieden,3,3 Zimmer,1,Gemeinnützig,2,Quadratmeter,2,brutto,16.13,15.81,16.45,13.49,13.19,13.83,15.68,15.13,16.02,18.33,17.83,18.77,1764,1010,40
2024,2024.04,4,Stadtquartiere,91,Albisrieden,3,3 Zimmer,1,Gemeinnützig,2,Quadratmeter,2,brutto,17.5,17.18,17.81,14.98,14.62,15.65,17.15,16.78,17.48,19.84,19.23,20.3,1684,1041,29
2022,2022.04,4,Stadtquartiere,91,Albisrieden,4,4 Zimmer,1,Gemeinnützig,2,Quadratmeter,2,brutto,16.5,16.15,16.84,13.97,13.68,15.55,16.54,16.21,16.81,18.68,17.28,19.06,1006,527,34
2024,2024.04,4,Stadtquartiere,91,Albisrieden,4,4 Zimmer,1,Gemeinnützig,2,Quadratmeter,2,brutto,17.68,17.15,18.21,15.32,14.56,16.38,17.45,17.02,17.94,20.08,18.96,20.69,999,520,28
2022,2022.04,4,Stadtquartiere,91,Albisrieden,9,"2 , 3  und 4 Zimmer",1,Gemeinnützig,2,Quadratmeter,2,brutto,16.98,16.76,17.19,13.96,13.7,14.39,16.37,16.11,16.59,19.17,18.79,19.44,3608,2030,99
2024,2024.04,4,Stadtquartiere,91,Albisrieden,9,"2 , 3  und 4 Zimmer",1,Gemeinnützig,2,Quadratmeter,2,brutto,18.38,18.06,18.7,15.33,14.97,15.91,17.67,17.36,18.08,20.94,20.42,21.29,3499,2059,74
2022,2022.04,4,Stadtquartiere,91,Albisrieden,2,2 Zimmer,2,Nicht gemeinnützig,2,Quadratmeter,2,brutto,29.96,28.32,31.61,24.06,23.08,25.97,27.96,26.56,29.75,34.19,31.75,38.61,1704,343,38
2024,2024.04,4,Stadtquartiere,91,Albisrieden,2,2 Zimmer,2,Nicht gemeinnützig,2,Quadratmeter,2,brutto,31.62,30.93,32.3,25.89,25.33,27.97,31.44,30.0,33.36,36.53,35.04,38.22,1741,434,63
2022,2022.04,4,Stadtquartiere,91,Albisrieden,3,3 Zimmer,2,Nicht gemeinnützig,2,Quadratmeter,2,brutto,24.89,23.98,25.81,20.51,19.37,22.98,24.52,22.99,26.8,29.29,27.11,30.3,2292,383,35
2024,2024.04,4,Stadtquartiere,91,Albisrieden,3,3 Zimmer,2,Nicht gemeinnützig,2,Quadratmeter,2,brutto,28.98,28.13,29.82,23.41,21.88,24.75,28.18,26.99,29.36,33.95,30.87,36.37,2417,425,53
2022,2022.04,4,Stadtquartiere,91,Albisrieden,4,4 Zimmer,2,Nicht gemeinnützig,2,Quadratmeter,2,brutto,24.23,23.04,25.43,19.93,18.79,21.99,23.9,22.32,25.59,27.67,26.87,29.58,1267,314,33
2024,2024.04,4,Stadtquartiere,91,Albisrieden,4,4 Zimmer,2,Nicht gemeinnützig,2,Quadratmeter,2,brutto,25.95,25.11,26.78,21.92,20.47,22.35,24.42,23.08,26.25,29.5,27.43,30.83,1334,396,41
2022,2022.04,4,Stadtquartiere,91,Albisrieden,9,"2 , 3  und 4 Zimmer",2,Nicht gemeinnützig,2,Quadratmeter,2,brutto,26.38,25.66,27.1,21.67,20.51,22.79,25.89,24.6,26.87,30.26,29.0,30.79,5263,1040,106
2024,2024.04,4,Stadtquartiere,91,Albisrieden,9,"2 , 3  und 4 Zimmer",2,Nicht gemeinnützig,2,Quadratmeter,2,brutto,29.08,28.61,29.56,23.08,22.28,23.87,28.2,27.71,28.93,34.29,32.78,34.98,5492,1255,157
2022,2022.04,4,Stadtquartiere,92,Altstetten,2,2 Zimmer,1,Gemeinnützig,2,Quadratmeter,2,brutto,18.66,17.9,19.42,15.35,14.84,15.85,17.02,16.56,18.68,21.73,20.42,22.56,819,502,21
2024,2024.04,4,Stadtquartiere,92,Altstetten,2,2 Zimmer,1,Gemeinnützig,2,Quadratmeter,2,brutto,19.83,19.21,20.46,16.67,16.31,17.35,19.01,18.48,19.68,22.1,21.02,22.69,845,531,21
2022,2022.04,4,Stadtquartiere,92,Altstetten,3,3 Zimmer,1,Gemeinnützig,2,Quadratmeter,2,brutto,16.68,16.28,17.09,14.32,13.88,15.18,16.74,15.9,17.22,18.32,17.92,18.84,2294,1209,34
2024,2024.04,4,Stadtquartiere,92,Altstetten,3,3 Zimmer,1,Gemeinnützig,2,Quadratmeter,2,brutto,17.53,17.17,17.9,15.39,15.13,16.03,17.08,16.76,17.67,19.0,18.42,19.76,2233,1247,30
2022,2022.04,4,Stadtquartiere,92,Altstetten,4,4 Zimmer,1,Gemeinnützig,2,Quadratmeter,2,brutto,16.06,15.48,16.64,14.0,13.36,14.47,15.39,14.81,15.98,17.97,17.23,18.75,1293,696,28
2024,2024.04,4,Stadtquartiere,92,Altstetten,4,4 Zimmer,1,Gemeinnützig,2,Quadratmeter,2,brutto,16.89,16.46,17.31,15.08,14.82,15.47,16.49,15.99,17.04,18.26,17.83,18.8,1258,745,29
2022,2022.04,4,Stadtquartiere,92,Altstetten,9,"2 , 3  und 4 Zimmer",1,Gemeinnützig,2,Quadratmeter,2,brutto,16.87,16.56,17.18,14.38,14.08,14.64,16.29,15.9,16.94,18.72,18.25,19.11,4406,2407,83
2024,2024.04,4,Stadtquartiere,92,Altstetten,9,"2 , 3  und 4 Zimmer",1,Gemeinnützig,2,Quadratmeter,2,brutto,17.79,17.54,18.05,15.41,15.23,15.68,17.13,16.89,17.61,19.45,18.84,19.82,4336,2523,80
2022,2022.04,4,Stadtquartiere,92,Altstetten,2,2 Zimmer,2,Nicht gemeinnützig,2,Quadratmeter,2,brutto,29.29,28.11,30.46,23.46,23.09,24.82,28.12,26.24,29.07,32.25,30.94,34.92,3611,481,43
2024,2024.04,4,Stadtquartiere,92,Altstetten,2,2 Zimmer,2,Nicht gemeinnützig,2,Quadratmeter,2,brutto,30.84,30.12,31.55,26.16,24.83,27.45,30.91,29.3,31.49,34.82,33.64,37.3,3699,1160,65
2022,2022.04,4,Stadtquartiere,92,Altstetten,3,3 Zimmer,2,Nicht gemeinnützig,2,Quadratmeter,2,brutto,24.69,23.87,25.52,20.21,18.07,22.27,24.28,23.19,25.22,27.77,26.41,29.45,4332,629,62
2024,2024.04,4,Stadtquartiere,92,Altstetten,3,3 Zimmer,2,Nicht gemeinnützig,2,Quadratmeter,2,brutto,26.92,26.21,27.62,22.23,21.95,23.76,26.73,25.0,27.66,30.75,29.86,32.91,4414,1178,75
2022,2022.04,4,Stadtquartiere,92,Altstetten,4,4 Zimmer,2,Nicht gemeinnützig,2,Quadratmeter,2,brutto,23.83,22.61,25.05,19.58,18.75,21.19,23.61,21.95,25.59,28.14,26.0,29.56,1761,277,34
2024,2024.04,4,Stadtquartiere,92,Altstetten,4,4 Zimmer,2,Nicht gemeinnützig,2,Quadratmeter,2,brutto,25.27,24.41,26.13,20.5,20.12,22.62,23.62,22.98,25.1,29.36,26.84,30.42,1806,462,54
2022,2022.04,4,Stadtquartiere,92,Altstetten,9,"2 , 3  und 4 Zimmer",2,Nicht gemeinnützig,2,Quadratmeter,2,brutto,26.23,25.61,26.85,22.02,21.19,22.85,25.02,24.41,26.22,29.48,28.57,31.29,9704,1387,139
2024,2024.04,4,Stadtquartiere,92,Altstetten,9,"2 , 3  und 4 Zimmer",2,Nicht gemeinnützig,2,Quadratmeter,2,brutto,28.08,27.64,28.52,23.05,22.23,23.76,27.5,26.82,28.09,32.82,31.78,33.7,9919,2800,194
2022,2022.04,4,Stadtquartiere,101,Höngg,2,2 Zimmer,1,Gemeinnützig,2,Quadratmeter,2,brutto,18.45,17.59,19.3,15.16,14.64,15.74,17.29,16.67,17.91,21.45,19.96,22.26,516,378,18
2024,2024.04,4,Stadtquartiere,101,Höngg,2,2 Zimmer,1,Gemeinnützig,2,Quadratmeter,2,brutto,19.62,19.05,20.19,16.66,16.25,17.4,18.89,18.21,19.45,22.85,21.38,23.5,530,386,17
2022,2022.04,4,Stadtquartiere,101,Höngg,3,3 Zimmer,1,Gemeinnützig,2,Quadratmeter,2,brutto,16.88,16.26,17.49,14.71,14.4,14.99,15.93,15.68,16.26,18.04,17.66,18.94,1012,776,17
2024,2024.04,4,Stadtquartiere,101,Höngg,3,3 Zimmer,1,Gemeinnützig,2,Quadratmeter,2,brutto,17.94,17.6,18.27,15.58,15.41,15.95,17.24,16.87,17.69,19.61,19.01,20.11,982,781,18
2022,2022.04,4,Stadtquartiere,101,Höngg,4,4 Zimmer,1,Gemeinnützig,2,Quadratmeter,2,brutto,16.05,15.59,16.51,14.28,14.17,14.43,15.31,14.96,15.54,17.28,16.78,18.0,817,610,24
2024,2024.04,4,Stadtquartiere,101,Höngg,4,4 Zimmer,1,Gemeinnützig,2,Quadratmeter,2,brutto,16.98,16.44,17.53,14.85,14.66,15.14,16.24,15.83,16.64,18.77,18.24,19.2,808,612,19
2022,2022.04,4,Stadtquartiere,101,Höngg,9,"2 , 3  und 4 Zimmer",1,Gemeinnützig,2,Quadratmeter,2,brutto,16.93,16.57,17.3,14.58,14.38,14.71,15.85,15.7,16.1,18.26,17.9,18.65,2345,1764,59
2024,2024.04,4,Stadtquartiere,101,Höngg,9,"2 , 3  und 4 Zimmer",1,Gemeinnützig,2,Quadratmeter,2,brutto,17.99,17.72,18.26,15.44,15.32,15.66,17.39,17.03,17.64,19.67,19.28,20.1,2320,1779,54
2022,2022.04,4,Stadtquartiere,101,Höngg,2,2 Zimmer,2,Nicht gemeinnützig,2,Quadratmeter,2,brutto,29.82,27.19,32.45,25.56,21.84,26.49,29.51,27.63,30.21,31.96,30.3,33.75,1459,288,34
2024,2024.04,4,Stadtquartiere,101,Höngg,2,2 Zimmer,2,Nicht gemeinnützig,2,Quadratmeter,2,brutto,30.2,28.98,31.42,25.0,24.32,27.32,30.19,28.22,30.73,32.82,31.75,35.04,1463,313,48
2022,2022.04,4,Stadtquartiere,101,Höngg,3,3 Zimmer,2,Nicht gemeinnützig,2,Quadratmeter,2,brutto,25.72,24.01,27.44,21.81,19.28,23.47,25.1,23.58,26.43,29.75,27.11,32.33,2672,608,43
2024,2024.04,4,Stadtquartiere,101,Höngg,3,3 Zimmer,2,Nicht gemeinnützig,2,Quadratmeter,2,brutto,25.81,24.93,26.69,21.67,20.8,23.01,25.49,24.0,26.93,29.75,28.44,31.27,2646,614,56
2022,2022.04,4,Stadtquartiere,101,Höngg,4,4 Zimmer,2,Nicht gemeinnützig,2,Quadratmeter,2,brutto,25.17,24.18,26.17,21.04,19.98,21.95,24.19,22.06,25.75,28.8,27.08,30.7,1776,384,38
2024,2024.04,4,Stadtquartiere,101,Höngg,4,4 Zimmer,2,Nicht gemeinnützig,2,Quadratmeter,2,brutto,24.43,23.57,25.29,20.96,19.15,21.78,24.06,23.26,25.29,27.97,26.54,28.82,1768,412,67
2022,2022.04,4,Stadtquartiere,101,Höngg,9,"2 , 3  und 4 Zimmer",2,Nicht gemeinnützig,2,Quadratmeter,2,brutto,26.57,25.52,27.62,21.77,21.0,22.78,25.64,24.79,26.71,30.18,29.45,31.15,5907,1280,115
2024,2024.04,4,Stadtquartiere,101,Höngg,9,"2 , 3  und 4 Zimmer",2,Nicht gemeinnützig,2,Quadratmeter,2,brutto,26.49,25.92,27.05,22.02,21.28,22.86,25.84,25.05,26.87,30.6,29.72,31.25,5877,1339,171
2022,2022.04,4,Stadtquartiere,102,Wipkingen,2,2 Zimmer,1,Gemeinnützig,2,Quadratmeter,2,brutto,18.66,18.31,19.0,16.72,15.62,17.3,18.45,18.01,18.68,20.75,20.36,21.22,699,426,32
2024,2024.04,4,Stadtquartiere,102,Wipkingen,2,2 Zimmer,1,Gemeinnützig,2,Quadratmeter,2,brutto,20.32,19.94,20.71,18.17,17.4,18.51,19.69,19.21,20.3,22.74,21.67,23.13,716,441,27
2022,2022.04,4,Stadtquartiere,102,Wipkingen,3,3 Zimmer,1,Gemeinnützig,2,Quadratmeter,2,brutto,16.84,16.22,17.46,14.37,13.95,14.88,15.87,15.29,16.63,19.08,17.81,20.59,1116,659,23
2024,2024.04,4,Stadtquartiere,102,Wipkingen,3,3 Zimmer,1,Gemeinnützig,2,Quadratmeter,2,brutto,17.38,16.92,17.84,15.04,14.37,16.05,16.85,16.32,17.33,19.03,18.12,19.74,1116,648,23
2022,2022.04,4,Stadtquartiere,102,Wipkingen,4,4 Zimmer,1,Gemeinnützig,2,Quadratmeter,2,brutto,16.28,15.86,16.71,13.46,13.09,13.78,16.02,14.95,17.09,18.98,18.6,19.79,523,262,31
2024,2024.04,4,Stadtquartiere,102,Wipkingen,4,4 Zimmer,1,Gemeinnützig,2,Quadratmeter,2,brutto,17.61,17.26,17.97,15.64,14.67,16.39,17.24,16.83,17.78,19.45,18.55,19.94,517,262,30
2022,2022.04,4,Stadtquartiere,102,Wipkingen,9,"2 , 3  und 4 Zimmer",1,Gemeinnützig,2,Quadratmeter,2,brutto,17.26,16.93,17.59,14.44,14.03,14.85,17.11,16.36,17.59,19.69,19.04,20.24,2338,1347,86
2024,2024.04,4,Stadtquartiere,102,Wipkingen,9,"2 , 3  und 4 Zimmer",1,Gemeinnützig,2,Quadratmeter,2,brutto,18.33,18.07,18.59,15.98,15.47,16.16,17.64,17.35,18.12,20.26,19.81,21.03,2349,1351,80
2022,2022.04,4,Stadtquartiere,102,Wipkingen,2,2 Zimmer,2,Nicht gemeinnützig,2,Quadratmeter,2,brutto,32.62,29.9,35.34,27.46,24.43,29.13,30.46,29.14,32.88,37.9,33.0,40.94,1339,139,38
2024,2024.04,4,Stadtquartiere,102,Wipkingen,2,2 Zimmer,2,Nicht gemeinnützig,2,Quadratmeter,2,brutto,31.21,29.81,32.61,25.89,24.66,27.96,30.19,28.8,31.48,36.5,33.44,38.8,1341,142,53
2022,2022.04,4,Stadtquartiere,102,Wipkingen,3,3 Zimmer,2,Nicht gemeinnützig,2,Quadratmeter,2,brutto,25.71,24.1,27.31,21.73,20.29,22.97,24.37,23.72,26.13,29.58,27.33,31.4,2284,313,43
2024,2024.04,4,Stadtquartiere,102,Wipkingen,3,3 Zimmer,2,Nicht gemeinnützig,2,Quadratmeter,2,brutto,28.21,26.73,29.68,22.79,20.76,25.28,27.2,25.68,28.97,32.24,30.44,34.75,2247,245,54
2022,2022.04,4,Stadtquartiere,102,Wipkingen,4,4 Zimmer,2,Nicht gemeinnützig,2,Quadratmeter,2,brutto,25.2,23.72,26.68,20.14,17.71,23.52,24.26,21.63,26.78,29.35,27.66,32.58,876,117,32
2024,2024.04,4,Stadtquartiere,102,Wipkingen,4,4 Zimmer,2,Nicht gemeinnützig,2,Quadratmeter,2,brutto,26.4,24.93,27.87,21.78,20.77,23.15,26.11,23.56,28.31,31.37,28.95,33.51,859,72,52
2022,2022.04,4,Stadtquartiere,102,Wipkingen,9,"2 , 3  und 4 Zimmer",2,Nicht gemeinnützig,2,Quadratmeter,2,brutto,27.67,26.48,28.85,22.05,21.29,23.73,26.87,25.22,28.22,31.4,30.46,33.03,4499,569,113
2024,2024.04,4,Stadtquartiere,102,Wipkingen,9,"2 , 3  und 4 Zimmer",2,Nicht gemeinnützig,2,Quadratmeter,2,brutto,28.76,27.86,29.67,23.88,22.33,25.1,28.03,26.99,29.17,33.15,31.43,34.54,4447,459,159
2022,2022.04,4,Stadtquartiere,111,Affoltern,2,2 Zimmer,1,Gemeinnützig,2,Quadratmeter,2,brutto,17.75,17.4,18.1,15.67,15.27,16.5,17.58,16.94,17.85,19.08,18.8,19.47,740,421,30
2024,2024.04,4,Stadtquartiere,111,Affoltern,2,2 Zimmer,1,Gemeinnützig,2,Quadratmeter,2,brutto,19.54,18.82,20.26,17.26,15.74,17.98,19.24,18.79,20.16,21.61,21.28,22.59,804,426,29
2022,2022.04,4,Stadtquartiere,111,Affoltern,3,3 Zimmer,1,Gemeinnützig,2,Quadratmeter,2,brutto,17.77,17.38,18.16,15.3,15.24,15.41,16.55,16.2,16.88,19.14,18.98,19.47,1547,1049,47
2024,2024.04,4,Stadtquartiere,111,Affoltern,3,3 Zimmer,1,Gemeinnützig,2,Quadratmeter,2,brutto,18.93,18.54,19.32,16.09,15.93,16.47,17.97,17.57,18.38,20.63,20.0,21.62,1589,1024,45
2022,2022.04,4,Stadtquartiere,111,Affoltern,4,4 Zimmer,1,Gemeinnützig,2,Quadratmeter,2,brutto,15.93,15.67,16.18,14.24,14.11,14.41,15.45,15.28,15.71,17.05,16.61,17.53,1452,923,52
2024,2024.04,4,Stadtquartiere,111,Affoltern,4,4 Zimmer,1,Gemeinnützig,2,Quadratmeter,2,brutto,17.56,17.21,17.9,15.62,15.42,15.77,16.62,16.36,17.2,18.88,18.47,19.22,1442,854,46
2022,2022.04,4,Stadtquartiere,111,Affoltern,9,"2 , 3  und 4 Zimmer",1,Gemeinnützig,2,Quadratmeter,2,brutto,17.05,16.85,17.26,15.03,14.93,15.15,16.13,15.93,16.38,18.75,18.37,18.88,3739,2393,129
2024,2024.04,4,Stadtquartiere,111,Affoltern,9,"2 , 3  und 4 Zimmer",1,Gemeinnützig,2,Quadratmeter,2,brutto,18.54,18.28,18.8,15.87,15.78,16.03,17.86,17.63,18.13,20.29,19.91,20.8,3835,2304,120
2022,2022.04,4,Stadtquartiere,111,Affoltern,2,2 Zimmer,2,Nicht gemeinnützig,2,Quadratmeter,2,brutto,26.28,24.9,27.66,20.87,18.94,22.32,26.09,23.85,27.94,29.7,28.05,31.52,1283,331,37
2024,2024.04,4,Stadtquartiere,111,Affoltern,2,2 Zimmer,2,Nicht gemeinnützig,2,Quadratmeter,2,brutto,28.38,27.41,29.35,24.46,22.54,25.59,28.94,27.29,29.96,33.31,31.88,35.05,1266,286,53
2022,2022.04,4,Stadtquartiere,111,Affoltern,3,3 Zimmer,2,Nicht gemeinnützig,2,Quadratmeter,2,brutto,23.4,22.57,24.23,20.02,18.42,20.97,23.68,22.01,24.89,26.92,25.54,28.02,2359,636,37
2024,2024.04,4,Stadtquartiere,111,Affoltern,3,3 Zimmer,2,Nicht gemeinnützig,2,Quadratmeter,2,brutto,25.37,24.43,26.31,21.39,20.17,23.09,25.28,24.33,26.42,29.2,27.78,29.93,2286,550,54
2022,2022.04,4,Stadtquartiere,111,Affoltern,4,4 Zimmer,2,Nicht gemeinnützig,2,Quadratmeter,2,brutto,21.11,20.12,22.09,17.78,16.54,19.42,21.35,19.72,22.95,24.41,23.53,25.33,1482,430,32
2024,2024.04,4,Stadtquartiere,111,Affoltern,4,4 Zimmer,2,Nicht gemeinnützig,2,Quadratmeter,2,brutto,22.64,21.97,23.3,19.97,18.76,20.55,22.22,21.51,23.21,24.95,24.03,25.35,1433,352,47
2022,2022.04,4,Stadtquartiere,111,Affoltern,9,"2 , 3  und 4 Zimmer",2,Nicht gemeinnützig,2,Quadratmeter,2,brutto,23.46,22.87,24.05,19.65,18.8,20.41,23.47,22.32,24.26,26.88,25.6,27.45,5124,1397,106
2024,2024.04,4,Stadtquartiere,111,Affoltern,9,"2 , 3  und 4 Zimmer",2,Nicht gemeinnützig,2,Quadratmeter,2,brutto,25.35,24.82,25.88,21.0,20.45,22.03,24.96,24.45,25.29,29.01,28.0,29.86,4985,1188,154
2022,2022.04,4,Stadtquartiere,115,Oerlikon,2,2 Zimmer,1,Gemeinnützig,2,Quadratmeter,2,brutto,17.5,16.94,18.06,14.82,14.35,15.08,16.68,16.39,16.9,18.91,18.24,19.83,320,220,29
2024,2024.04,4,Stadtquartiere,115,Oerlikon,2,2 Zimmer,1,Gemeinnützig,2,Quadratmeter,2,brutto,19.25,18.17,20.34,16.24,15.79,16.59,17.89,17.53,18.51,21.31,19.53,22.01,337,234,13
2022,2022.04,4,Stadtquartiere,115,Oerlikon,3,3 Zimmer,1,Gemeinnützig,2,Quadratmeter,2,brutto,16.7,16.4,17.01,15.15,14.69,15.46,16.07,15.91,16.27,18.15,16.88,19.16,558,414,20
2024,2024.04,4,Stadtquartiere,115,Oerlikon,3,3 Zimmer,1,Gemeinnützig,2,Quadratmeter,2,brutto,18.09,17.8,18.38,16.31,16.14,16.45,17.13,17.0,17.33,19.59,19.09,20.31,591,477,18
2022,2022.04,4,Stadtquartiere,115,Oerlikon,4,4 Zimmer,1,Gemeinnützig,2,Quadratmeter,2,brutto,15.1,14.44,15.76,13.4,13.29,13.74,14.39,14.13,14.84,15.89,15.58,16.89,463,335,15
2024,2024.04,4,Stadtquartiere,115,Oerlikon,4,4 Zimmer,1,Gemeinnützig,2,Quadratmeter,2,brutto,16.72,16.26,17.17,14.27,14.08,14.59,15.71,15.58,16.04,18.52,17.43,20.76,475,354,17
2022,2022.04,4,Stadtquartiere,115,Oerlikon,9,"2 , 3  und 4 Zimmer",1,Gemeinnützig,2,Quadratmeter,2,brutto,16.34,16.05,16.63,14.29,14.03,14.39,15.76,15.58,15.91,17.83,17.02,18.37,1341,969,64
2024,2024.04,4,Stadtquartiere,115,Oerlikon,9,"2 , 3  und 4 Zimmer",1,Gemeinnützig,2,Quadratmeter,2,brutto,17.91,17.58,18.23,15.58,15.41,15.7,16.92,16.85,17.13,19.88,19.29,20.63,1403,1065,48
2022,2022.04,4,Stadtquartiere,115,Oerlikon,2,2 Zimmer,2,Nicht gemeinnützig,2,Quadratmeter,2,brutto,30.13,28.91,31.35,25.61,24.03,26.63,29.39,27.23,30.19,32.76,31.0,35.93,2522,476,46
2024,2024.04,4,Stadtquartiere,115,Oerlikon,2,2 Zimmer,2,Nicht gemeinnützig,2,Quadratmeter,2,brutto,30.79,29.81,31.78,24.78,23.5,26.5,30.09,28.4,31.81,35.86,34.22,37.43,2408,518,69
2022,2022.04,4,Stadtquartiere,115,Oerlikon,3,3 Zimmer,2,Nicht gemeinnützig,2,Quadratmeter,2,brutto,25.85,24.88,26.82,22.49,20.65,23.26,25.71,24.08,26.64,29.11,27.57,31.17,3418,563,48
2024,2024.04,4,Stadtquartiere,115,Oerlikon,3,3 Zimmer,2,Nicht gemeinnützig,2,Quadratmeter,2,brutto,27.25,26.34,28.16,23.08,22.81,24.12,26.71,25.65,28.1,31.55,29.97,32.49,3186,584,63
2022,2022.04,4,Stadtquartiere,115,Oerlikon,4,4 Zimmer,2,Nicht gemeinnützig,2,Quadratmeter,2,brutto,22.24,21.19,23.3,18.59,17.19,19.73,21.42,20.19,22.69,24.81,23.37,26.42,1669,386,46
2024,2024.04,4,Stadtquartiere,115,Oerlikon,4,4 Zimmer,2,Nicht gemeinnützig,2,Quadratmeter,2,brutto,25.06,24.13,25.99,21.15,20.0,22.28,25.97,25.08,26.96,29.13,27.34,31.07,1570,391,53
2022,2022.04,4,Stadtquartiere,115,Oerlikon,9,"2 , 3  und 4 Zimmer",2,Nicht gemeinnützig,2,Quadratmeter,2,brutto,26.48,25.84,27.11,22.37,21.35,23.14,25.92,25.17,26.61,29.82,29.38,31.17,7609,1425,140
2024,2024.04,4,Stadtquartiere,115,Oerlikon,9,"2 , 3  und 4 Zimmer",2,Nicht gemeinnützig,2,Quadratmeter,2,brutto,27.96,27.4,28.52,23.11,22.68,23.8,27.29,26.58,28.09,32.28,31.55,33.14,7164,1493,185
2022,2022.04,4,Stadtquartiere,119,Seebach,2,2 Zimmer,1,Gemeinnützig,2,Quadratmeter,2,brutto,18.65,18.13,19.17,14.82,14.67,15.45,18.44,18.23,18.9,20.6,20.25,21.07,480,369,21
2024,2024.04,4,Stadtquartiere,119,Seebach,2,2 Zimmer,1,Gemeinnützig,2,Quadratmeter,2,brutto,19.55,19.19,19.91,15.77,15.64,16.03,19.13,18.88,19.29,21.94,21.42,22.42,521,424,19
2022,2022.04,4,Stadtquartiere,119,Seebach,3,3 Zimmer,1,Gemeinnützig,2,Quadratmeter,2,brutto,15.76,15.4,16.13,13.71,13.6,13.87,15.05,14.56,15.44,17.42,16.63,18.69,1054,760,23
2024,2024.04,4,Stadtquartiere,119,Seebach,3,3 Zimmer,1,Gemeinnützig,2,Quadratmeter,2,brutto,17.09,16.78,17.41,14.36,14.0,14.58,15.99,15.83,16.44,19.44,18.77,19.75,1055,821,29
2022,2022.04,4,Stadtquartiere,119,Seebach,4,4 Zimmer,1,Gemeinnützig,2,Quadratmeter,2,brutto,15.14,14.81,15.47,13.13,12.76,13.67,14.67,14.44,14.82,16.25,16.03,16.64,853,595,36
2024,2024.04,4,Stadtquartiere,119,Seebach,4,4 Zimmer,1,Gemeinnützig,2,Quadratmeter,2,brutto,15.99,15.82,16.15,13.71,13.58,14.07,15.86,15.79,15.96,17.81,17.62,18.17,849,678,31
2022,2022.04,4,Stadtquartiere,119,Seebach,9,"2 , 3  und 4 Zimmer",1,Gemeinnützig,2,Quadratmeter,2,brutto,16.12,15.9,16.35,13.83,13.68,14.0,15.22,15.01,15.51,18.36,17.64,18.69,2387,1724,80
2024,2024.04,4,Stadtquartiere,119,Seebach,9,"2 , 3  und 4 Zimmer",1,Gemeinnützig,2,Quadratmeter,2,brutto,17.23,17.07,17.4,14.36,14.22,14.48,16.3,16.09,16.57,19.43,19.12,19.68,2425,1923,79
2022,2022.04,4,Stadtquartiere,119,Seebach,2,2 Zimmer,2,Nicht gemeinnützig,2,Quadratmeter,2,brutto,27.01,26.21,27.81,22.76,22.09,24.93,27.18,25.55,28.04,30.47,29.06,31.48,1857,377,40
2024,2024.04,4,Stadtquartiere,119,Seebach,2,2 Zimmer,2,Nicht gemeinnützig,2,Quadratmeter,2,brutto,29.6,28.62,30.58,23.69,22.36,25.43,28.39,26.96,30.69,34.01,32.38,36.85,2024,391,57
2022,2022.04,4,Stadtquartiere,119,Seebach,3,3 Zimmer,2,Nicht gemeinnützig,2,Quadratmeter,2,brutto,24.55,23.68,25.41,21.97,20.78,22.72,24.07,23.24,25.31,26.95,26.5,29.06,3013,603,54
2024,2024.04,4,Stadtquartiere,119,Seebach,3,3 Zimmer,2,Nicht gemeinnützig,2,Quadratmeter,2,brutto,25.19,24.36,26.01,21.84,20.83,22.39,25.69,24.51,26.88,28.84,28.32,29.97,3030,605,85
2022,2022.04,4,Stadtquartiere,119,Seebach,4,4 Zimmer,2,Nicht gemeinnützig,2,Quadratmeter,2,brutto,22.63,21.64,23.62,19.25,18.39,19.92,21.93,20.13,23.37,24.9,24.09,26.21,1591,398,46
2024,2024.04,4,Stadtquartiere,119,Seebach,4,4 Zimmer,2,Nicht gemeinnützig,2,Quadratmeter,2,brutto,24.8,23.59,26.0,20.22,19.09,21.29,24.13,21.71,25.39,27.2,25.87,28.75,1552,332,54
2022,2022.04,4,Stadtquartiere,119,Seebach,9,"2 , 3  und 4 Zimmer",2,Nicht gemeinnützig,2,Quadratmeter,2,brutto,24.78,24.26,25.31,21.3,20.21,21.98,24.21,23.67,24.92,27.97,26.96,29.06,6461,1378,140
2024,2024.04,4,Stadtquartiere,119,Seebach,9,"2 , 3  und 4 Zimmer",2,Nicht gemeinnützig,2,Quadratmeter,2,brutto,26.45,25.89,27.0,21.69,21.09,22.2,25.83,25.35,26.65,30.23,29.25,31.25,6606,1328,196
2022,2022.04,4,Stadtquartiere,129,Schwamendingen (Kreis 12),2,2 Zimmer,1,Gemeinnützig,2,Quadratmeter,2,brutto,17.57,17.26,17.89,14.49,14.25,14.79,17.06,16.61,17.41,19.83,19.55,20.15,1355,961,54
2024,2024.04,4,Stadtquartiere,129,Schwamendingen (Kreis 12),2,2 Zimmer,1,Gemeinnützig,2,Quadratmeter,2,brutto,18.14,17.95,18.32,15.73,15.42,15.96,18.15,17.88,18.6,20.31,20.06,20.66,1396,954,49
2022,2022.04,4,Stadtquartiere,129,Schwamendingen (Kreis 12),3,3 Zimmer,1,Gemeinnützig,2,Quadratmeter,2,brutto,15.53,15.38,15.67,12.74,12.74,13.06,14.85,14.61,15.08,18.05,17.79,18.2,2932,2026,88
2024,2024.04,4,Stadtquartiere,129,Schwamendingen (Kreis 12),3,3 Zimmer,1,Gemeinnützig,2,Quadratmeter,2,brutto,16.53,16.37,16.69,13.94,13.94,14.13,15.99,15.69,16.33,18.74,18.64,19.01,3035,2010,88
2022,2022.04,4,Stadtquartiere,129,Schwamendingen (Kreis 12),4,4 Zimmer,1,Gemeinnützig,2,Quadratmeter,2,brutto,15.09,14.88,15.29,12.75,12.01,13.19,15.0,14.77,15.31,17.65,17.33,17.78,2104,1306,73
2024,2024.04,4,Stadtquartiere,129,Schwamendingen (Kreis 12),4,4 Zimmer,1,Gemeinnützig,2,Quadratmeter,2,brutto,16.05,15.76,16.33,14.24,13.52,14.73,15.87,15.55,16.34,17.94,17.53,18.64,2158,1254,72
2022,2022.04,4,Stadtquartiere,129,Schwamendingen (Kreis 12),9,"2 , 3  und 4 Zimmer",1,Gemeinnützig,2,Quadratmeter,2,brutto,15.82,15.7,15.93,13.2,13.01,13.36,15.26,15.1,15.46,18.2,18.1,18.37,6391,4293,215
2024,2024.04,4,Stadtquartiere,129,Schwamendingen (Kreis 12),9,"2 , 3  und 4 Zimmer",1,Gemeinnützig,2,Quadratmeter,2,brutto,16.71,16.58,16.84,14.35,14.19,14.56,16.44,16.21,16.59,18.97,18.8,19.16,6589,4218,209
2022,2022.04,4,Stadtquartiere,129,Schwamendingen (Kreis 12),2,2 Zimmer,2,Nicht gemeinnützig,2,Quadratmeter,2,brutto,27.05,26.04,28.06,23.45,21.45,25.45,27.2,26.51,28.64,30.61,29.1,31.76,1713,426,65
2024,2024.04,4,Stadtquartiere,129,Schwamendingen (Kreis 12),2,2 Zimmer,2,Nicht gemeinnützig,2,Quadratmeter,2,brutto,27.59,26.79,28.39,24.03,23.29,25.73,27.49,26.61,28.28,31.05,30.23,32.33,1626,387,107
2022,2022.04,4,Stadtquartiere,129,Schwamendingen (Kreis 12),3,3 Zimmer,2,Nicht gemeinnützig,2,Quadratmeter,2,brutto,22.98,22.4,23.56,20.34,19.55,21.1,23.22,22.31,24.55,25.97,25.17,26.61,2933,582,94
2024,2024.04,4,Stadtquartiere,129,Schwamendingen (Kreis 12),3,3 Zimmer,2,Nicht gemeinnützig,2,Quadratmeter,2,brutto,24.53,23.98,25.07,21.29,20.1,21.87,24.59,23.77,25.62,28.08,27.27,28.52,2752,511,132
2022,2022.04,4,Stadtquartiere,129,Schwamendingen (Kreis 12),4,4 Zimmer,2,Nicht gemeinnützig,2,Quadratmeter,2,brutto,21.63,20.98,22.28,17.4,15.83,19.07,21.22,20.22,22.42,25.17,24.38,26.14,1107,274,72
2024,2024.04,4,Stadtquartiere,129,Schwamendingen (Kreis 12),4,4 Zimmer,2,Nicht gemeinnützig,2,Quadratmeter,2,brutto,22.93,22.4,23.45,20.32,18.82,20.98,22.78,22.24,23.42,25.31,25.03,26.34,1000,260,110
2022,2022.04,4,Stadtquartiere,129,Schwamendingen (Kreis 12),9,"2 , 3  und 4 Zimmer",2,Nicht gemeinnützig,2,Quadratmeter,2,brutto,23.93,23.49,24.37,20.39,19.77,20.83,24.21,23.29,24.77,27.29,26.61,27.75,5753,1282,231
2024,2024.04,4,Stadtquartiere,129,Schwamendingen (Kreis 12),9,"2 , 3  und 4 Zimmer",2,Nicht gemeinnützig,2,Quadratmeter,2,brutto,25.16,24.77,25.54,21.66,21.13,21.99,25.26,24.58,25.75,28.41,28.04,29.2,5378,1158,349
2022,2022.04,5,Statistische Quartiere,0,Ganze Stadt,9,"2 , 3  und 4 Zimmer",1,Gemeinnützig,2,Quadratmeter,1,netto,14.54,14.48,14.61,12.0,11.96,12.06,13.93,13.84,13.99,16.36,16.29,16.48,48986,30991,1713
2024,2024.04,5,Statistische Quartiere,0,Ganze Stadt,9,"2 , 3  und 4 Zimmer",1,Gemeinnützig,2,Quadratmeter,1,netto,15.54,15.47,15.61,12.89,12.83,12.95,14.88,14.8,14.95,17.48,17.37,17.6,49465,32015,1661
2022,2022.04,5,Statistische Quartiere,0,Ganze Stadt,9,"2 , 3  und 4 Zimmer",2,Nicht gemeinnützig,2,Quadratmeter,1,netto,24.8,24.62,24.97,19.4,19.25,19.6,23.58,23.37,23.78,28.98,28.64,29.29,112783,19581,3523
2024,2024.04,5,Statistische Quartiere,0,Ganze Stadt,9,"2 , 3  und 4 Zimmer",2,Nicht gemeinnützig,2,Quadratmeter,1,netto,26.53,26.39,26.67,20.57,20.34,20.76,25.53,25.34,25.69,31.31,31.06,31.59,111769,21039,5136
2022,2022.04,5,Statistische Quartiere,11,Rathaus,9,"2 , 3  und 4 Zimmer",1,Gemeinnützig,2,Quadratmeter,1,netto,18.12,17.96,18.27,13.29,13.2,13.37,17.19,17.01,17.29,21.43,21.19,21.54,415,387,0
2024,2024.04,5,Statistische Quartiere,11,Rathaus,9,"2 , 3  und 4 Zimmer",1,Gemeinnützig,2,Quadratmeter,1,netto,19.37,19.21,19.54,14.39,14.23,14.61,18.71,18.42,18.78,23.0,22.86,23.1,421,375,18
2022,2022.04,5,Statistische Quartiere,11,Rathaus,9,"2 , 3  und 4 Zimmer",2,Nicht gemeinnützig,2,Quadratmeter,1,netto,34.5,33.07,35.93,27.93,26.01,29.76,35.78,33.26,37.24,40.01,38.45,42.53,1000,90,90
2024,2024.04,5,Statistische Quartiere,11,Rathaus,9,"2 , 3  und 4 Zimmer",2,Nicht gemeinnützig,2,Quadratmeter,1,netto,36.95,35.63,38.26,28.18,26.1,31.01,36.99,34.53,38.38,44.11,42.21,46.35,972,99,140
2022,2022.04,5,Statistische Quartiere,12,Hochschulen,9,"2 , 3  und 4 Zimmer",1,Gemeinnützig,2,Quadratmeter,1,netto,18.09,17.91,18.28,14.95,14.85,15.41,17.68,17.6,18.24,20.48,20.3,20.5,31,30,0
2024,2024.04,5,Statistische Quartiere,12,Hochschulen,9,"2 , 3  und 4 Zimmer",1,Gemeinnützig,2,Quadratmeter,1,netto,24.35,24.05,24.64,18.11,18.04,18.19,21.06,20.84,21.54,30.45,25.44,31.86,38,36,0
2022,2022.04,5,Statistische Quartiere,12,Hochschulen,9,"2 , 3  und 4 Zimmer",2,Nicht gemeinnützig,2,Quadratmeter,1,netto,27.87,26.57,29.17,20.21,19.07,21.44,28.19,26.69,29.84,36.59,32.38,37.61,126,23,50
2024,2024.04,5,Statistische Quartiere,12,Hochschulen,9,"2 , 3  und 4 Zimmer",2,Nicht gemeinnützig,2,Quadratmeter,1,netto,30.53,29.58,31.47,21.79,20.87,23.7,31.36,30.25,32.78,37.33,36.53,38.5,115,5,78
2022,2022.04,5,Statistische Quartiere,13,Lindenhof,9,"2 , 3  und 4 Zimmer",1,Gemeinnützig,2,Quadratmeter,1,netto,17.83,17.5,18.17,15.03,14.22,15.58,17.22,17.13,17.58,20.5,20.0,21.97,115,95,0
2024,2024.04,5,Statistische Quartiere,13,Lindenhof,9,"2 , 3  und 4 Zimmer",1,Gemeinnützig,2,Quadratmeter,1,netto,19.18,18.83,19.52,16.47,15.9,16.63,18.64,18.34,18.88,21.9,21.73,23.06,114,95,0
2022,2022.04,5,Statistische Quartiere,13,Lindenhof,9,"2 , 3  und 4 Zimmer",2,Nicht gemeinnützig,2,Quadratmeter,1,netto,36.95,35.08,38.81,30.18,26.09,32.69,36.99,35.32,38.67,45.7,41.64,47.47,429,47,73
2024,2024.04,5,Statistische Quartiere,13,Lindenhof,9,"2 , 3  und 4 Zimmer",2,Nicht gemeinnützig,2,Quadratmeter,1,netto,40.52,38.64,42.4,31.47,28.79,34.63,40.44,38.0,42.96,46.38,45.34,49.16,410,42,98
2022,2022.04,5,Statistische Quartiere,14,City,9,"2 , 3  und 4 Zimmer",1,Gemeinnützig,2,Quadratmeter,1,netto,14.46,14.39,14.54,10.93,10.92,11.06,14.62,14.48,14.69,16.49,16.4,16.53,78,77,0
2024,2024.04,5,Statistische Quartiere,14,City,9,"2 , 3  und 4 Zimmer",1,Gemeinnützig,2,Quadratmeter,1,netto,15.79,15.65,15.94,11.81,11.79,11.91,15.01,14.47,15.24,17.5,17.44,17.62,76,75,0
2022,2022.04,5,Statistische Quartiere,14,City,9,"2 , 3  und 4 Zimmer",2,Nicht gemeinnützig,2,Quadratmeter,1,netto,29.49,28.02,30.97,23.3,20.8,25.97,29.56,26.44,32.73,35.86,33.5,36.5,177,17,52
2024,2024.04,5,Statistische Quartiere,14,City,9,"2 , 3  und 4 Zimmer",2,Nicht gemeinnützig,2,Quadratmeter,1,netto,30.87,29.64,32.1,24.65,22.18,26.01,29.71,27.84,30.68,35.62,34.19,38.0,183,25,73
2022,2022.04,5,Statistische Quartiere,21,Wollishofen,9,"2 , 3  und 4 Zimmer",1,Gemeinnützig,2,Quadratmeter,1,netto,14.12,13.66,14.59,11.62,11.44,12.12,13.79,13.42,14.3,15.67,15.54,16.23,2656,1163,81
2024,2024.04,5,Statistische Quartiere,21,Wollishofen,9,"2 , 3  und 4 Zimmer",1,Gemeinnützig,2,Quadratmeter,1,netto,15.94,15.62,16.26,13.18,12.96,13.82,15.32,15.15,15.97,18.23,17.56,18.59,2706,1327,74
2022,2022.04,5,Statistische Quartiere,21,Wollishofen,9,"2 , 3  und 4 Zimmer",2,Nicht gemeinnützig,2,Quadratmeter,1,netto,25.51,24.66,26.36,20.78,19.95,22.0,25.2,24.36,25.95,29.21,28.23,30.67,4859,1035,144
2024,2024.04,5,Statistische Quartiere,21,Wollishofen,9,"2 , 3  und 4 Zimmer",2,Nicht gemeinnützig,2,Quadratmeter,1,netto,27.38,26.75,28.01,21.78,21.29,22.64,26.55,25.94,27.06,31.65,30.21,33.33,5084,1057,212
2022,2022.04,5,Statistische Quartiere,23,Leimbach,9,"2 , 3  und 4 Zimmer",1,Gemeinnützig,2,Quadratmeter,1,netto,17.28,16.93,17.64,13.79,13.56,14.18,16.34,16.06,16.92,20.45,20.17,20.61,1153,921,27
2024,2024.04,5,Statistische Quartiere,23,Leimbach,9,"2 , 3  und 4 Zimmer",1,Gemeinnützig,2,Quadratmeter,1,netto,18.08,17.98,18.18,15.41,15.07,15.54,17.82,17.63,17.92,21.04,20.98,21.07,1117,930,53
2022,2022.04,5,Statistische Quartiere,23,Leimbach,9,"2 , 3  und 4 Zimmer",2,Nicht gemeinnützig,2,Quadratmeter,1,netto,21.98,21.01,22.94,18.0,16.71,18.68,19.96,19.13,21.16,23.48,22.0,28.62,790,86,56
2024,2024.04,5,Statistische Quartiere,23,Leimbach,9,"2 , 3  und 4 Zimmer",2,Nicht gemeinnützig,2,Quadratmeter,1,netto,22.71,22.1,23.31,18.84,18.06,19.45,21.59,20.91,22.68,25.77,24.52,26.62,792,91,94
2022,2022.04,5,Statistische Quartiere,24,Enge,9,"2 , 3  und 4 Zimmer",1,Gemeinnützig,2,Quadratmeter,1,netto,13.69,13.36,14.01,11.52,11.11,11.67,13.27,12.34,14.21,15.22,14.84,15.94,333,87,60
2024,2024.04,5,Statistische Quartiere,24,Enge,9,"2 , 3  und 4 Zimmer",1,Gemeinnützig,2,Quadratmeter,1,netto,14.09,13.62,14.55,11.69,11.03,12.29,12.99,12.49,13.83,15.94,15.02,16.15,332,89,58
2022,2022.04,5,Statistische Quartiere,24,Enge,9,"2 , 3  und 4 Zimmer",2,Nicht gemeinnützig,2,Quadratmeter,1,netto,28.78,27.62,29.95,22.48,20.54,23.33,27.63,26.25,28.76,34.63,32.72,36.48,3218,615,113
2024,2024.04,5,Statistische Quartiere,24,Enge,9,"2 , 3  und 4 Zimmer",2,Nicht gemeinnützig,2,Quadratmeter,1,netto,30.35,29.33,31.38,23.82,22.59,25.28,29.4,27.7,31.27,37.08,34.74,38.49,3237,637,164
2022,2022.04,5,Statistische Quartiere,31,Alt-Wiedikon,9,"2 , 3  und 4 Zimmer",1,Gemeinnützig,2,Quadratmeter,1,netto,14.0,13.81,14.2,12.03,11.75,12.42,13.63,13.08,14.22,15.69,15.43,15.87,701,378,64
2024,2024.04,5,Statistische Quartiere,31,Alt-Wiedikon,9,"2 , 3  und 4 Zimmer",1,Gemeinnützig,2,Quadratmeter,1,netto,15.26,14.75,15.78,12.03,12.0,12.4,14.23,13.62,14.85,16.68,16.65,16.92,715,375,67
2022,2022.04,5,Statistische Quartiere,31,Alt-Wiedikon,9,"2 , 3  und 4 Zimmer",2,Nicht gemeinnützig,2,Quadratmeter,1,netto,24.82,24.08,25.55,20.07,19.22,21.0,23.95,22.81,25.0,28.53,27.07,30.33,6265,1041,130
2024,2024.04,5,Statistische Quartiere,31,Alt-Wiedikon,9,"2 , 3  und 4 Zimmer",2,Nicht gemeinnützig,2,Quadratmeter,1,netto,26.5,25.79,27.22,20.62,19.74,21.41,25.37,24.72,26.05,30.7,29.95,31.73,6308,944,204
2022,2022.04,5,Statistische Quartiere,33,Friesenberg,9,"2 , 3  und 4 Zimmer",1,Gemeinnützig,2,Quadratmeter,1,netto,13.77,13.67,13.87,11.95,11.94,11.99,13.23,13.14,13.27,15.37,15.26,15.62,2637,2238,68
2024,2024.04,5,Statistische Quartiere,33,Friesenberg,9,"2 , 3  und 4 Zimmer",1,Gemeinnützig,2,Quadratmeter,1,netto,13.89,13.84,13.95,12.04,12.03,12.1,13.31,13.31,13.32,15.0,14.97,15.06,2618,2339,69
2022,2022.04,5,Statistische Quartiere,33,Friesenberg,9,"2 , 3  und 4 Zimmer",2,Nicht gemeinnützig,2,Quadratmeter,1,netto,23.7,22.91,24.48,19.4,18.54,21.05,23.12,22.07,24.64,27.66,26.41,28.8,792,195,61
2024,2024.04,5,Statistische Quartiere,33,Friesenberg,9,"2 , 3  und 4 Zimmer",2,Nicht gemeinnützig,2,Quadratmeter,1,netto,25.48,24.74,26.22,20.03,19.48,21.63,24.58,23.82,25.83,30.76,29.43,31.64,842,194,98
2022,2022.04,5,Statistische Quartiere,34,Sihlfeld,9,"2 , 3  und 4 Zimmer",1,Gemeinnützig,2,Quadratmeter,1,netto,13.48,13.13,13.83,10.98,10.7,11.13,12.67,11.91,13.21,15.62,14.89,16.38,3030,1264,83
2024,2024.04,5,Statistische Quartiere,34,Sihlfeld,9,"2 , 3  und 4 Zimmer",1,Gemeinnützig,2,Quadratmeter,1,netto,14.47,13.98,14.97,11.47,11.13,11.96,14.19,13.02,14.73,17.17,16.6,17.77,2970,1261,75
2022,2022.04,5,Statistische Quartiere,34,Sihlfeld,9,"2 , 3  und 4 Zimmer",2,Nicht gemeinnützig,2,Quadratmeter,1,netto,25.22,24.22,26.21,20.0,18.91,20.89,23.32,22.23,25.05,28.97,27.92,31.48,7065,803,143
2024,2024.04,5,Statistische Quartiere,34,Sihlfeld,9,"2 , 3  und 4 Zimmer",2,Nicht gemeinnützig,2,Quadratmeter,1,netto,27.08,26.29,27.86,21.3,20.26,22.0,26.54,25.0,27.47,32.43,30.63,34.16,6843,838,205
2022,2022.04,5,Statistische Quartiere,41,Werd,9,"2 , 3  und 4 Zimmer",1,Gemeinnützig,2,Quadratmeter,1,netto,16.04,15.85,16.22,13.65,13.39,14.19,15.16,15.01,15.51,17.93,17.71,18.07,161,58,59
2024,2024.04,5,Statistische Quartiere,41,Werd,9,"2 , 3  und 4 Zimmer",1,Gemeinnützig,2,Quadratmeter,1,netto,18.61,16.98,20.24,14.42,13.23,15.77,17.66,16.2,18.95,21.88,18.62,24.98,154,55,31
2022,2022.04,5,Statistische Quartiere,41,Werd,9,"2 , 3  und 4 Zimmer",2,Nicht gemeinnützig,2,Quadratmeter,1,netto,27.36,26.42,28.3,21.83,20.98,23.14,26.61,25.85,27.67,32.99,30.94,33.92,1700,326,99
2024,2024.04,5,Statistische Quartiere,41,Werd,9,"2 , 3  und 4 Zimmer",2,Nicht gemeinnützig,2,Quadratmeter,1,netto,28.82,27.93,29.71,21.77,20.73,24.09,28.76,27.19,29.32,35.13,33.8,36.42,1696,353,130
2022,2022.04,5,Statistische Quartiere,42,Langstrasse,9,"2 , 3  und 4 Zimmer",1,Gemeinnützig,2,Quadratmeter,1,netto,17.63,16.97,18.28,12.67,12.1,13.4,15.8,15.31,16.25,19.33,19.1,21.11,846,583,38
2024,2024.04,5,Statistische Quartiere,42,Langstrasse,9,"2 , 3  und 4 Zimmer",1,Gemeinnützig,2,Quadratmeter,1,netto,18.65,18.09,19.2,13.52,13.42,14.19,16.14,15.88,16.69,19.67,19.63,20.48,850,601,42
2022,2022.04,5,Statistische Quartiere,42,Langstrasse,9,"2 , 3  und 4 Zimmer",2,Nicht gemeinnützig,2,Quadratmeter,1,netto,26.72,25.95,27.49,20.95,19.51,21.74,26.31,25.11,27.45,32.27,31.33,33.54,4174,629,132
2024,2024.04,5,Statistische Quartiere,42,Langstrasse,9,"2 , 3  und 4 Zimmer",2,Nicht gemeinnützig,2,Quadratmeter,1,netto,29.03,28.29,29.77,21.89,20.34,23.14,28.52,27.5,29.31,34.55,33.44,36.0,4180,1092,186
2022,2022.04,5,Statistische Quartiere,44,Hard,9,"2 , 3  und 4 Zimmer",1,Gemeinnützig,2,Quadratmeter,1,netto,14.02,13.72,14.31,11.46,11.32,11.61,12.97,12.76,13.09,14.91,14.59,15.17,2990,2207,65
2024,2024.04,5,Statistische Quartiere,44,Hard,9,"2 , 3  und 4 Zimmer",1,Gemeinnützig,2,Quadratmeter,1,netto,15.22,14.98,15.46,12.71,12.53,12.86,14.2,14.06,14.31,16.07,15.8,16.35,3085,2442,63
2022,2022.04,5,Statistische Quartiere,44,Hard,9,"2 , 3  und 4 Zimmer",2,Nicht gemeinnützig,2,Quadratmeter,1,netto,24.4,23.54,25.27,18.13,17.5,19.34,23.79,22.03,25.22,30.16,28.59,32.05,2539,367,129
2024,2024.04,5,Statistische Quartiere,44,Hard,9,"2 , 3  und 4 Zimmer",2,Nicht gemeinnützig,2,Quadratmeter,1,netto,26.98,26.31,27.65,21.66,21.13,22.6,26.69,26.05,28.08,32.3,30.72,33.01,2484,269,190
2022,2022.04,5,Statistische Quartiere,51,Gewerbeschule,9,"2 , 3  und 4 Zimmer",1,Gemeinnützig,2,Quadratmeter,1,netto,14.12,13.91,14.32,11.71,11.4,11.98,13.26,13.05,13.6,16.23,15.61,16.87,1463,975,57
2024,2024.04,5,Statistische Quartiere,51,Gewerbeschule,9,"2 , 3  und 4 Zimmer",1,Gemeinnützig,2,Quadratmeter,1,netto,15.38,15.13,15.62,12.8,12.7,12.93,15.02,14.79,15.51,17.05,16.95,17.47,1480,996,59
2022,2022.04,5,Statistische Quartiere,51,Gewerbeschule,9,"2 , 3  und 4 Zimmer",2,Nicht gemeinnützig,2,Quadratmeter,1,netto,26.34,25.2,27.49,20.36,19.73,22.6,25.42,23.77,27.98,30.47,29.16,33.26,2537,326,84
2024,2024.04,5,Statistische Quartiere,51,Gewerbeschule,9,"2 , 3  und 4 Zimmer",2,Nicht gemeinnützig,2,Quadratmeter,1,netto,28.01,26.95,29.07,22.32,20.94,23.31,26.32,25.23,28.1,33.27,31.63,34.83,2475,327,129
2022,2022.04,5,Statistische Quartiere,52,Escher Wyss,9,"2 , 3  und 4 Zimmer",1,Gemeinnützig,2,Quadratmeter,1,netto,11.55,11.52,11.57,9.34,9.28,9.43,10.78,10.73,10.82,13.25,13.12,13.26,217,213,0
2024,2024.04,5,Statistische Quartiere,52,Escher Wyss,9,"2 , 3  und 4 Zimmer",1,Gemeinnützig,2,Quadratmeter,1,netto,11.58,11.54,11.62,9.26,9.26,9.38,10.23,10.23,10.4,13.89,13.79,13.92,182,178,0
2022,2022.04,5,Statistische Quartiere,52,Escher Wyss,9,"2 , 3  und 4 Zimmer",2,Nicht gemeinnützig,2,Quadratmeter,1,netto,26.25,25.57,26.93,21.16,20.15,22.19,26.34,25.47,27.17,30.84,30.24,32.05,1687,642,105
2024,2024.04,5,Statistische Quartiere,52,Escher Wyss,9,"2 , 3  und 4 Zimmer",2,Nicht gemeinnützig,2,Quadratmeter,1,netto,27.86,27.34,28.38,22.25,21.39,23.75,28.52,27.92,29.24,33.05,32.3,33.7,1575,645,102
2022,2022.04,5,Statistische Quartiere,61,Unterstrass,9,"2 , 3  und 4 Zimmer",1,Gemeinnützig,2,Quadratmeter,1,netto,14.7,14.41,14.98,13.21,13.08,13.41,14.14,13.97,14.29,15.35,15.03,15.91,3299,1788,55
2024,2024.04,5,Statistische Quartiere,61,Unterstrass,9,"2 , 3  und 4 Zimmer",1,Gemeinnützig,2,Quadratmeter,1,netto,15.45,15.27,15.64,13.94,13.79,14.03,15.2,14.89,15.54,16.73,16.51,17.07,3446,2009,69
2022,2022.04,5,Statistische Quartiere,61,Unterstrass,9,"2 , 3  und 4 Zimmer",2,Nicht gemeinnützig,2,Quadratmeter,1,netto,25.13,24.21,26.05,19.87,19.16,21.43,25.0,24.12,26.34,30.52,28.68,31.57,5683,918,134
2024,2024.04,5,Statistische Quartiere,61,Unterstrass,9,"2 , 3  und 4 Zimmer",2,Nicht gemeinnützig,2,Quadratmeter,1,netto,27.1,26.34,27.86,21.78,20.0,22.85,26.99,25.66,28.38,32.02,30.53,32.94,5529,945,196
2022,2022.04,5,Statistische Quartiere,63,Oberstrass,9,"2 , 3  und 4 Zimmer",1,Gemeinnützig,2,Quadratmeter,1,netto,15.66,15.48,15.84,12.93,12.86,13.02,14.82,14.75,14.86,16.7,16.66,16.97,472,376,56
2024,2024.04,5,Statistische Quartiere,63,Oberstrass,9,"2 , 3  und 4 Zimmer",1,Gemeinnützig,2,Quadratmeter,1,netto,16.42,16.22,16.61,13.65,13.61,13.7,15.61,15.58,15.68,17.76,17.59,17.87,478,384,58
2022,2022.04,5,Statistische Quartiere,63,Oberstrass,9,"2 , 3  und 4 Zimmer",2,Nicht gemeinnützig,2,Quadratmeter,1,netto,26.9,25.74,28.07,21.71,20.42,22.98,26.78,25.45,28.19,32.44,30.64,33.9,2722,183,121
2024,2024.04,5,Statistische Quartiere,63,Oberstrass,9,"2 , 3  und 4 Zimmer",2,Nicht gemeinnützig,2,Quadratmeter,1,netto,28.96,27.94,29.98,21.82,20.26,22.87,28.73,27.59,29.5,35.65,33.28,36.33,2674,191,171
2022,2022.04,5,Statistische Quartiere,71,Fluntern,9,"2 , 3  und 4 Zimmer",1,Gemeinnützig,2,Quadratmeter,1,netto,15.84,15.72,15.96,14.15,14.1,14.16,15.33,15.07,15.53,16.75,16.71,16.86,174,158,12
2024,2024.04,5,Statistische Quartiere,71,Fluntern,9,"2 , 3  und 4 Zimmer",1,Gemeinnützig,2,Quadratmeter,1,netto,18.15,18.01,18.29,14.97,14.92,15.0,16.07,16.05,16.12,17.93,17.79,18.07,185,180,0
2022,2022.04,5,Statistische Quartiere,71,Fluntern,9,"2 , 3  und 4 Zimmer",2,Nicht gemeinnützig,2,Quadratmeter,1,netto,28.59,27.56,29.61,22.86,20.26,24.1,29.44,27.07,30.51,33.62,32.79,35.33,1908,286,108
2024,2024.04,5,Statistische Quartiere,71,Fluntern,9,"2 , 3  und 4 Zimmer",2,Nicht gemeinnützig,2,Quadratmeter,1,netto,30.22,29.26,31.18,22.96,22.13,24.46,28.73,27.72,29.6,35.28,33.79,36.27,1837,248,156
2022,2022.04,5,Statistische Quartiere,72,Hottingen,9,"2 , 3  und 4 Zimmer",1,Gemeinnützig,2,Quadratmeter,1,netto,20.38,20.18,20.58,17.06,16.79,17.21,20.93,20.71,21.15,23.48,23.31,23.72,377,272,69
2024,2024.04,5,Statistische Quartiere,72,Hottingen,9,"2 , 3  und 4 Zimmer",1,Gemeinnützig,2,Quadratmeter,1,netto,22.22,21.96,22.49,19.11,18.93,19.43,21.96,21.79,22.14,24.91,24.55,25.12,379,275,66
2022,2022.04,5,Statistische Quartiere,72,Hottingen,9,"2 , 3  und 4 Zimmer",2,Nicht gemeinnützig,2,Quadratmeter,1,netto,28.06,26.63,29.49,22.29,20.18,23.62,28.18,25.8,29.33,32.63,31.1,33.57,3005,251,120
2024,2024.04,5,Statistische Quartiere,72,Hottingen,9,"2 , 3  und 4 Zimmer",2,Nicht gemeinnützig,2,Quadratmeter,1,netto,30.22,29.36,31.09,24.69,23.54,26.25,29.75,28.95,31.14,35.53,33.18,36.86,2960,236,160
2022,2022.04,5,Statistische Quartiere,73,Hirslanden,9,"2 , 3  und 4 Zimmer",1,Gemeinnützig,2,Quadratmeter,1,netto,14.07,13.78,14.35,11.6,11.26,11.92,13.41,12.61,14.32,16.33,15.6,16.8,388,135,37
2024,2024.04,5,Statistische Quartiere,73,Hirslanden,9,"2 , 3  und 4 Zimmer",1,Gemeinnützig,2,Quadratmeter,1,netto,14.81,14.61,15.01,12.04,11.64,12.15,13.48,12.85,14.01,17.45,16.55,17.64,416,152,34
2022,2022.04,5,Statistische Quartiere,73,Hirslanden,9,"2 , 3  und 4 Zimmer",2,Nicht gemeinnützig,2,Quadratmeter,1,netto,25.03,23.95,26.11,20.0,17.93,21.72,25.09,24.08,26.44,29.59,27.64,32.31,2305,245,100
2024,2024.04,5,Statistische Quartiere,73,Hirslanden,9,"2 , 3  und 4 Zimmer",2,Nicht gemeinnützig,2,Quadratmeter,1,netto,27.63,26.72,28.55,20.95,19.99,22.95,27.8,26.7,28.78,33.79,32.44,34.98,2351,256,164
2022,2022.04,5,Statistische Quartiere,74,Witikon,9,"2 , 3  und 4 Zimmer",1,Gemeinnützig,2,Quadratmeter,1,netto,14.6,14.42,14.78,11.83,11.64,12.14,13.85,13.17,14.45,16.72,16.46,16.96,300,150,60
2024,2024.04,5,Statistische Quartiere,74,Witikon,9,"2 , 3  und 4 Zimmer",1,Gemeinnützig,2,Quadratmeter,1,netto,16.04,15.22,16.86,12.0,11.7,12.47,14.62,13.29,17.58,20.13,18.8,20.85,362,142,39
2022,2022.04,5,Statistische Quartiere,74,Witikon,9,"2 , 3  und 4 Zimmer",2,Nicht gemeinnützig,2,Quadratmeter,1,netto,21.49,20.78,22.19,17.51,16.49,18.94,21.21,20.17,22.26,23.77,22.95,25.96,3103,603,93
2024,2024.04,5,Statistische Quartiere,74,Witikon,9,"2 , 3  und 4 Zimmer",2,Nicht gemeinnützig,2,Quadratmeter,1,netto,23.68,23.08,24.29,18.84,18.07,19.48,22.95,22.35,23.86,27.24,26.78,28.12,3044,635,147
2022,2022.04,5,Statistische Quartiere,81,Seefeld,9,"2 , 3  und 4 Zimmer",1,Gemeinnützig,2,Quadratmeter,1,netto,16.88,16.73,17.02,14.62,14.53,14.78,15.37,15.34,15.4,17.85,17.52,17.96,189,179,0
2024,2024.04,5,Statistische Quartiere,81,Seefeld,9,"2 , 3  und 4 Zimmer",1,Gemeinnützig,2,Quadratmeter,1,netto,17.79,17.64,17.94,15.09,15.07,15.15,16.22,16.18,16.24,19.11,18.95,19.2,180,163,10
2022,2022.04,5,Statistische Quartiere,81,Seefeld,9,"2 , 3  und 4 Zimmer",2,Nicht gemeinnützig,2,Quadratmeter,1,netto,31.78,30.69,32.87,25.4,23.5,27.0,32.58,30.53,33.95,38.1,36.02,39.11,2484,418,126
2024,2024.04,5,Statistische Quartiere,81,Seefeld,9,"2 , 3  und 4 Zimmer",2,Nicht gemeinnützig,2,Quadratmeter,1,netto,33.86,32.87,34.86,25.87,24.7,27.99,34.47,33.15,35.28,40.08,38.74,41.87,2429,418,181
2022,2022.04,5,Statistische Quartiere,82,Mühlebach,9,"2 , 3  und 4 Zimmer",1,Gemeinnützig,2,Quadratmeter,1,netto,15.62,15.48,15.76,12.42,12.4,12.53,13.57,13.53,13.68,16.92,16.63,17.16,249,235,0
2024,2024.04,5,Statistische Quartiere,82,Mühlebach,9,"2 , 3  und 4 Zimmer",1,Gemeinnützig,2,Quadratmeter,1,netto,16.81,16.73,16.9,13.44,13.44,13.51,14.84,14.75,14.85,18.57,18.31,18.78,245,240,0
2022,2022.04,5,Statistische Quartiere,82,Mühlebach,9,"2 , 3  und 4 Zimmer",2,Nicht gemeinnützig,2,Quadratmeter,1,netto,30.26,29.19,31.32,23.78,22.32,25.02,30.26,28.7,31.85,36.92,34.72,38.95,2232,542,115
2024,2024.04,5,Statistische Quartiere,82,Mühlebach,9,"2 , 3  und 4 Zimmer",2,Nicht gemeinnützig,2,Quadratmeter,1,netto,31.77,30.87,32.67,24.06,22.88,25.26,31.83,29.95,33.26,40.26,38.6,41.29,2249,602,164
2022,2022.04,5,Statistische Quartiere,83,Weinegg,9,"2 , 3  und 4 Zimmer",1,Gemeinnützig,2,Quadratmeter,1,netto,14.7,14.49,14.92,12.41,11.84,12.62,14.2,14.19,14.46,15.45,15.41,15.65,157,133,0
2024,2024.04,5,Statistische Quartiere,83,Weinegg,9,"2 , 3  und 4 Zimmer",1,Gemeinnützig,2,Quadratmeter,1,netto,15.45,15.3,15.6,12.93,12.89,13.11,14.71,14.67,14.94,16.51,16.43,16.6,160,124,28
2022,2022.04,5,Statistische Quartiere,83,Weinegg,9,"2 , 3  und 4 Zimmer",2,Nicht gemeinnützig,2,Quadratmeter,1,netto,25.2,24.14,26.26,18.1,16.68,19.78,25.0,23.68,26.49,30.88,29.96,32.21,1663,155,96
2024,2024.04,5,Statistische Quartiere,83,Weinegg,9,"2 , 3  und 4 Zimmer",2,Nicht gemeinnützig,2,Quadratmeter,1,netto,28.95,28.02,29.88,22.05,21.27,23.11,27.62,26.54,29.17,35.0,33.68,36.14,1632,146,158
2022,2022.04,5,Statistische Quartiere,91,Albisrieden,9,"2 , 3  und 4 Zimmer",1,Gemeinnützig,2,Quadratmeter,1,netto,14.82,14.59,15.04,11.95,11.7,12.07,14.38,14.29,14.63,17.23,16.69,17.62,3608,2015,99
2024,2024.04,5,Statistische Quartiere,91,Albisrieden,9,"2 , 3  und 4 Zimmer",1,Gemeinnützig,2,Quadratmeter,1,netto,15.82,15.5,16.14,12.57,12.3,13.02,15.32,15.06,15.79,18.65,17.95,18.97,3499,2042,74
2022,2022.04,5,Statistische Quartiere,91,Albisrieden,9,"2 , 3  und 4 Zimmer",2,Nicht gemeinnützig,2,Quadratmeter,1,netto,23.57,22.96,24.18,18.9,17.75,20.35,22.85,22.2,23.84,27.12,26.24,27.72,5263,1040,100
2024,2024.04,5,Statistische Quartiere,91,Albisrieden,9,"2 , 3  und 4 Zimmer",2,Nicht gemeinnützig,2,Quadratmeter,1,netto,25.99,25.51,26.48,20.15,19.61,21.42,25.43,24.33,26.0,30.52,29.34,31.37,5492,1239,155
2022,2022.04,5,Statistische Quartiere,92,Altstetten,9,"2 , 3  und 4 Zimmer",1,Gemeinnützig,2,Quadratmeter,1,netto,14.31,14.01,14.61,12.05,11.79,12.38,13.84,13.49,14.21,16.09,15.71,16.59,4406,2406,83
2024,2024.04,5,Statistische Quartiere,92,Altstetten,9,"2 , 3  und 4 Zimmer",1,Gemeinnützig,2,Quadratmeter,1,netto,15.1,14.83,15.37,12.94,12.79,13.21,14.61,14.28,14.79,16.85,16.3,17.23,4336,2519,80
2022,2022.04,5,Statistische Quartiere,92,Altstetten,9,"2 , 3  und 4 Zimmer",2,Nicht gemeinnützig,2,Quadratmeter,1,netto,23.34,22.73,23.95,19.24,17.97,19.68,22.09,21.67,22.71,26.92,25.89,28.06,9704,1380,135
2024,2024.04,5,Statistische Quartiere,92,Altstetten,9,"2 , 3  und 4 Zimmer",2,Nicht gemeinnützig,2,Quadratmeter,1,netto,25.15,24.73,25.56,20.15,19.79,20.71,24.34,23.79,25.41,29.45,28.57,30.45,9919,2735,192
2022,2022.04,5,Statistische Quartiere,101,Höngg,9,"2 , 3  und 4 Zimmer",1,Gemeinnützig,2,Quadratmeter,1,netto,14.72,14.38,15.05,12.54,12.37,12.68,13.94,13.65,14.22,15.83,15.48,16.16,2345,1763,60
2024,2024.04,5,Statistische Quartiere,101,Höngg,9,"2 , 3  und 4 Zimmer",1,Gemeinnützig,2,Quadratmeter,1,netto,15.51,15.25,15.76,13.28,13.1,13.41,14.65,14.45,14.87,16.95,16.68,17.25,2320,1785,54
2022,2022.04,5,Statistische Quartiere,101,Höngg,9,"2 , 3  und 4 Zimmer",2,Nicht gemeinnützig,2,Quadratmeter,1,netto,23.78,22.68,24.89,19.2,18.12,19.54,22.76,21.26,24.17,27.15,26.23,28.15,5907,1275,104
2024,2024.04,5,Statistische Quartiere,101,Höngg,9,"2 , 3  und 4 Zimmer",2,Nicht gemeinnützig,2,Quadratmeter,1,netto,23.64,23.1,24.18,19.36,18.76,20.16,23.28,22.57,24.14,27.14,26.36,27.9,5877,1267,170
2022,2022.04,5,Statistische Quartiere,102,Wipkingen,9,"2 , 3  und 4 Zimmer",1,Gemeinnützig,2,Quadratmeter,1,netto,14.77,14.44,15.09,11.86,11.46,12.25,14.41,13.67,15.12,17.34,16.77,17.87,2338,1338,85
2024,2024.04,5,Statistische Quartiere,102,Wipkingen,9,"2 , 3  und 4 Zimmer",1,Gemeinnützig,2,Quadratmeter,1,netto,15.57,15.29,15.85,12.79,12.64,13.1,15.32,14.83,15.58,17.72,17.29,18.2,2349,1343,79
2022,2022.04,5,Statistische Quartiere,102,Wipkingen,9,"2 , 3  und 4 Zimmer",2,Nicht gemeinnützig,2,Quadratmeter,1,netto,24.95,23.81,26.08,19.63,18.11,20.72,24.26,23.04,25.72,28.47,27.6,30.52,4499,568,112
2024,2024.04,5,Statistische Quartiere,102,Wipkingen,9,"2 , 3  und 4 Zimmer",2,Nicht gemeinnützig,2,Quadratmeter,1,netto,25.9,25.04,26.76,20.77,19.65,22.52,25.04,24.01,26.28,29.97,28.68,31.59,4447,440,158
2022,2022.04,5,Statistische Quartiere,111,Affoltern,9,"2 , 3  und 4 Zimmer",1,Gemeinnützig,2,Quadratmeter,1,netto,15.17,14.97,15.38,13.4,13.29,13.49,14.5,14.37,14.72,16.49,16.33,16.64,3739,2391,127
2024,2024.04,5,Statistische Quartiere,111,Affoltern,9,"2 , 3  und 4 Zimmer",1,Gemeinnützig,2,Quadratmeter,1,netto,16.29,16.05,16.54,14.09,13.88,14.24,15.71,15.43,16.11,18.03,17.62,18.32,3835,2303,119
2022,2022.04,5,Statistische Quartiere,111,Affoltern,9,"2 , 3  und 4 Zimmer",2,Nicht gemeinnützig,2,Quadratmeter,1,netto,20.62,20.07,21.17,17.07,16.4,17.78,20.18,19.13,21.28,23.26,22.99,24.55,5124,1397,100
2024,2024.04,5,Statistische Quartiere,111,Affoltern,9,"2 , 3  und 4 Zimmer",2,Nicht gemeinnützig,2,Quadratmeter,1,netto,22.23,21.72,22.74,18.15,17.33,18.92,21.95,21.37,22.54,25.77,25.07,26.48,4985,1185,150
2022,2022.04,5,Statistische Quartiere,115,Oerlikon,9,"2 , 3  und 4 Zimmer",1,Gemeinnützig,2,Quadratmeter,1,netto,14.15,13.88,14.43,12.2,12.06,12.31,13.35,13.19,13.55,15.52,15.23,16.1,1341,968,68
2024,2024.04,5,Statistische Quartiere,115,Oerlikon,9,"2 , 3  und 4 Zimmer",1,Gemeinnützig,2,Quadratmeter,1,netto,15.8,15.46,16.13,13.54,13.42,13.62,14.62,14.46,14.91,17.59,16.94,18.32,1403,1074,48
2022,2022.04,5,Statistische Quartiere,115,Oerlikon,9,"2 , 3  und 4 Zimmer",2,Nicht gemeinnützig,2,Quadratmeter,1,netto,23.69,23.04,24.33,19.29,18.16,20.18,22.98,22.12,23.65,27.45,26.05,28.33,7609,1418,136
2024,2024.04,5,Statistische Quartiere,115,Oerlikon,9,"2 , 3  und 4 Zimmer",2,Nicht gemeinnützig,2,Quadratmeter,1,netto,25.16,24.61,25.71,20.35,19.97,21.25,24.72,23.99,25.03,29.34,28.54,30.2,7164,1454,179
2022,2022.04,5,Statistische Quartiere,119,Seebach,9,"2 , 3  und 4 Zimmer",1,Gemeinnützig,2,Quadratmeter,1,netto,14.34,14.13,14.56,12.05,12.02,12.31,13.61,13.43,13.9,16.36,15.77,16.72,2387,1719,80
2024,2024.04,5,Statistische Quartiere,119,Seebach,9,"2 , 3  und 4 Zimmer",1,Gemeinnützig,2,Quadratmeter,1,netto,15.38,15.22,15.54,12.67,12.56,12.84,14.9,14.75,15.08,17.64,17.43,17.82,2425,1911,79
2022,2022.04,5,Statistische Quartiere,119,Seebach,9,"2 , 3  und 4 Zimmer",2,Nicht gemeinnützig,2,Quadratmeter,1,netto,22.12,21.64,22.61,18.53,17.86,19.29,21.36,20.91,22.31,25.0,24.28,26.08,6461,1378,137
2024,2024.04,5,Statistische Quartiere,119,Seebach,9,"2 , 3  und 4 Zimmer",2,Nicht gemeinnützig,2,Quadratmeter,1,netto,23.86,23.33,24.39,18.86,18.36,19.59,23.14,22.55,23.85,27.52,26.7,28.39,6606,1279,189
2022,2022.04,5,Statistische Quartiere,121,Saatlen,9,"2 , 3  und 4 Zimmer",1,Gemeinnützig,2,Quadratmeter,1,netto,14.07,13.89,14.24,11.76,11.43,12.04,13.86,13.71,14.06,16.32,16.06,16.7,2351,1642,57
2024,2024.04,5,Statistische Quartiere,121,Saatlen,9,"2 , 3  und 4 Zimmer",1,Gemeinnützig,2,Quadratmeter,1,netto,14.75,14.52,14.98,12.71,12.19,13.07,14.63,14.3,14.94,16.94,16.52,17.55,2350,1458,57
2022,2022.04,5,Statistische Quartiere,121,Saatlen,9,"2 , 3  und 4 Zimmer",2,Nicht gemeinnützig,2,Quadratmeter,1,netto,22.06,21.2,22.93,18.08,15.9,20.03,22.48,21.93,23.19,24.97,23.67,26.56,517,48,57
2024,2024.04,5,Statistische Quartiere,121,Saatlen,9,"2 , 3  und 4 Zimmer",2,Nicht gemeinnützig,2,Quadratmeter,1,netto,22.92,22.19,23.65,19.46,17.57,19.98,23.16,22.09,24.04,25.82,25.22,26.71,480,50,81
2022,2022.04,5,Statistische Quartiere,122,Schwamendingen-Mitte,9,"2 , 3  und 4 Zimmer",1,Gemeinnützig,2,Quadratmeter,1,netto,13.51,13.25,13.77,10.51,10.43,10.92,12.87,12.62,13.39,15.79,15.3,16.12,1652,927,94
2024,2024.04,5,Statistische Quartiere,122,Schwamendingen-Mitte,9,"2 , 3  und 4 Zimmer",1,Gemeinnützig,2,Quadratmeter,1,netto,14.66,14.43,14.88,11.97,11.49,12.32,14.35,13.89,14.77,17.36,16.89,17.71,1768,932,90
2022,2022.04,5,Statistische Quartiere,122,Schwamendingen-Mitte,9,"2 , 3  und 4 Zimmer",2,Nicht gemeinnützig,2,Quadratmeter,1,netto,20.31,19.57,21.06,17.01,16.36,17.78,21.18,19.68,21.82,23.44,22.31,24.37,2760,346,92
2024,2024.04,5,Statistische Quartiere,122,Schwamendingen-Mitte,9,"2 , 3  und 4 Zimmer",2,Nicht gemeinnützig,2,Quadratmeter,1,netto,21.41,20.7,22.12,17.84,16.82,18.6,21.23,20.37,22.14,24.09,23.4,26.02,2753,306,138
2022,2022.04,5,Statistische Quartiere,123,Hirzenbach,9,"2 , 3  und 4 Zimmer",1,Gemeinnützig,2,Quadratmeter,1,netto,13.87,13.7,14.03,11.23,10.92,11.38,13.13,12.87,13.6,16.54,16.45,16.7,2388,1720,69
2024,2024.04,5,Statistische Quartiere,123,Hirzenbach,9,"2 , 3  und 4 Zimmer",1,Gemeinnützig,2,Quadratmeter,1,netto,14.88,14.75,15.01,12.31,12.14,12.5,15.3,14.9,15.54,17.19,17.14,17.26,2471,1805,68
2022,2022.04,5,Statistische Quartiere,123,Hirzenbach,9,"2 , 3  und 4 Zimmer",2,Nicht gemeinnützig,2,Quadratmeter,1,netto,21.37,20.81,21.92,18.28,17.43,18.92,20.76,20.0,21.84,24.22,23.64,25.0,2476,888,76
2024,2024.04,5,Statistische Quartiere,123,Hirzenbach,9,"2 , 3  und 4 Zimmer",2,Nicht gemeinnützig,2,Quadratmeter,1,netto,22.68,22.28,23.08,19.57,18.79,19.99,23.18,22.39,23.7,26.14,25.66,26.51,2145,789,124
2022,2022.04,5,Statistische Quartiere,0,Ganze Stadt,9,"2 , 3  und 4 Zimmer",1,Gemeinnützig,2,Quadratmeter,2,brutto,16.67,16.59,16.74,14.03,13.98,14.08,15.9,15.85,15.97,18.59,18.49,18.69,48986,31108,1695
2024,2024.04,5,Statistische Quartiere,0,Ganze Stadt,9,"2 , 3  und 4 Zimmer",1,Gemeinnützig,2,Quadratmeter,2,brutto,17.93,17.86,18.0,15.24,15.17,15.3,17.24,17.15,17.33,19.9,19.82,20.03,49465,32054,1664
2022,2022.04,5,Statistische Quartiere,0,Ganze Stadt,9,"2 , 3  und 4 Zimmer",2,Nicht gemeinnützig,2,Quadratmeter,2,brutto,27.55,27.37,27.73,21.99,21.82,22.21,26.42,26.22,26.63,31.87,31.58,32.13,112783,19644,3668
2024,2024.04,5,Statistische Quartiere,0,Ganze Stadt,9,"2 , 3  und 4 Zimmer",2,Nicht gemeinnützig,2,Quadratmeter,2,brutto,29.46,29.31,29.6,23.29,23.13,23.54,28.4,28.24,28.6,34.31,34.08,34.56,111769,22301,5270
2022,2022.04,5,Statistische Quartiere,11,Rathaus,9,"2 , 3  und 4 Zimmer",1,Gemeinnützig,2,Quadratmeter,2,brutto,19.4,19.32,19.48,14.55,14.52,14.6,18.36,18.28,18.52,22.76,22.68,22.89,415,408,0
2024,2024.04,5,Statistische Quartiere,11,Rathaus,9,"2 , 3  und 4 Zimmer",1,Gemeinnützig,2,Quadratmeter,2,brutto,20.96,20.85,21.07,15.98,15.95,16.09,20.04,20.0,20.17,24.57,24.55,24.67,421,395,20
2022,2022.04,5,Statistische Quartiere,11,Rathaus,9,"2 , 3  und 4 Zimmer",2,Nicht gemeinnützig,2,Quadratmeter,2,brutto,36.31,34.74,37.87,28.82,26.21,30.97,37.3,34.22,39.52,42.85,41.67,46.02,1000,95,112
2024,2024.04,5,Statistische Quartiere,11,Rathaus,9,"2 , 3  und 4 Zimmer",2,Nicht gemeinnützig,2,Quadratmeter,2,brutto,39.59,38.29,40.88,30.15,28.59,33.09,39.01,37.67,40.36,47.85,45.49,49.54,972,121,158
2022,2022.04,5,Statistische Quartiere,12,Hochschulen,9,"2 , 3  und 4 Zimmer",1,Gemeinnützig,2,Quadratmeter,2,brutto,20.26,20.26,20.26,17.4,17.4,17.4,20.86,21.19,21.19,23.1,23.06,23.06,31,31,0
2024,2024.04,5,Statistische Quartiere,12,Hochschulen,9,"2 , 3  und 4 Zimmer",1,Gemeinnützig,2,Quadratmeter,2,brutto,27.06,26.84,27.28,21.46,21.46,21.93,25.15,24.97,25.18,32.85,27.36,32.5,38,37,0
2022,2022.04,5,Statistische Quartiere,12,Hochschulen,9,"2 , 3  und 4 Zimmer",2,Nicht gemeinnützig,2,Quadratmeter,2,brutto,30.27,29.1,31.44,21.94,20.4,22.62,30.46,29.47,33.19,39.53,35.37,40.74,126,23,54
2024,2024.04,5,Statistische Quartiere,12,Hochschulen,9,"2 , 3  und 4 Zimmer",2,Nicht gemeinnützig,2,Quadratmeter,2,brutto,33.61,32.68,34.54,23.7,22.85,26.72,35.35,34.0,35.96,40.64,39.88,42.72,115,5,83
2022,2022.04,5,Statistische Quartiere,13,Lindenhof,9,"2 , 3  und 4 Zimmer",1,Gemeinnützig,2,Quadratmeter,2,brutto,19.0,18.9,19.11,15.18,14.99,15.71,18.65,18.5,18.76,22.68,22.29,22.69,115,113,0
2024,2024.04,5,Statistische Quartiere,13,Lindenhof,9,"2 , 3  und 4 Zimmer",1,Gemeinnützig,2,Quadratmeter,2,brutto,20.47,20.39,20.55,16.59,16.34,16.68,19.96,19.95,19.97,24.21,24.11,24.21,114,113,0
2022,2022.04,5,Statistische Quartiere,13,Lindenhof,9,"2 , 3  und 4 Zimmer",2,Nicht gemeinnützig,2,Quadratmeter,2,brutto,38.61,36.72,40.5,29.62,25.87,34.39,39.04,37.59,41.38,49.16,44.38,50.38,429,53,79
2024,2024.04,5,Statistische Quartiere,13,Lindenhof,9,"2 , 3  und 4 Zimmer",2,Nicht gemeinnützig,2,Quadratmeter,2,brutto,42.65,40.75,44.55,32.47,30.81,36.43,43.37,40.02,45.81,50.0,48.64,52.83,410,60,105
2022,2022.04,5,Statistische Quartiere,14,City,9,"2 , 3  und 4 Zimmer",1,Gemeinnützig,2,Quadratmeter,2,brutto,15.95,15.87,16.03,12.48,12.44,12.63,15.99,15.91,16.02,17.59,17.55,17.61,78,77,0
2024,2024.04,5,Statistische Quartiere,14,City,9,"2 , 3  und 4 Zimmer",1,Gemeinnützig,2,Quadratmeter,2,brutto,17.67,17.52,17.83,13.59,13.59,13.62,16.66,16.31,16.82,19.13,18.94,19.42,76,75,0
2022,2022.04,5,Statistische Quartiere,14,City,9,"2 , 3  und 4 Zimmer",2,Nicht gemeinnützig,2,Quadratmeter,2,brutto,31.99,30.5,33.48,25.36,23.22,28.24,31.4,28.95,35.65,38.3,36.67,39.07,177,17,52
2024,2024.04,5,Statistische Quartiere,14,City,9,"2 , 3  und 4 Zimmer",2,Nicht gemeinnützig,2,Quadratmeter,2,brutto,33.12,31.78,34.45,26.22,23.91,28.02,31.92,30.22,33.49,39.12,36.67,40.5,183,26,74
2022,2022.04,5,Statistische Quartiere,21,Wollishofen,9,"2 , 3  und 4 Zimmer",1,Gemeinnützig,2,Quadratmeter,2,brutto,16.25,15.75,16.75,14.11,13.67,14.29,15.87,15.17,16.44,17.64,17.23,18.4,2656,1165,77
2024,2024.04,5,Statistische Quartiere,21,Wollishofen,9,"2 , 3  und 4 Zimmer",1,Gemeinnützig,2,Quadratmeter,2,brutto,18.43,18.08,18.78,15.91,15.57,16.22,17.83,17.45,18.28,20.57,19.91,21.15,2706,1298,74
2022,2022.04,5,Statistische Quartiere,21,Wollishofen,9,"2 , 3  und 4 Zimmer",2,Nicht gemeinnützig,2,Quadratmeter,2,brutto,28.27,27.39,29.15,23.49,22.6,24.68,27.9,27.23,28.67,32.22,31.18,33.39,4859,1035,145
2024,2024.04,5,Statistische Quartiere,21,Wollishofen,9,"2 , 3  und 4 Zimmer",2,Nicht gemeinnützig,2,Quadratmeter,2,brutto,30.3,29.65,30.95,24.46,23.67,25.67,29.51,28.8,30.45,34.59,33.11,36.36,5084,1136,216
2022,2022.04,5,Statistische Quartiere,23,Leimbach,9,"2 , 3  und 4 Zimmer",1,Gemeinnützig,2,Quadratmeter,2,brutto,19.16,18.82,19.5,15.87,15.38,16.15,18.05,17.84,18.54,22.3,21.99,22.43,1153,922,27
2024,2024.04,5,Statistische Quartiere,23,Leimbach,9,"2 , 3  und 4 Zimmer",1,Gemeinnützig,2,Quadratmeter,2,brutto,20.27,20.14,20.39,17.19,16.91,17.48,20.06,19.77,20.25,23.23,23.09,23.44,1117,933,54
2022,2022.04,5,Statistische Quartiere,23,Leimbach,9,"2 , 3  und 4 Zimmer",2,Nicht gemeinnützig,2,Quadratmeter,2,brutto,25.07,24.13,26.01,20.47,20.06,21.82,22.63,21.86,23.98,27.54,24.91,31.28,790,87,59
2024,2024.04,5,Statistische Quartiere,23,Leimbach,9,"2 , 3  und 4 Zimmer",2,Nicht gemeinnützig,2,Quadratmeter,2,brutto,25.83,25.16,26.51,21.65,21.07,22.45,25.1,24.42,26.28,28.41,27.5,29.39,792,91,97
2022,2022.04,5,Statistische Quartiere,24,Enge,9,"2 , 3  und 4 Zimmer",1,Gemeinnützig,2,Quadratmeter,2,brutto,16.05,15.59,16.51,13.24,12.58,13.9,15.72,14.54,16.17,18.7,17.16,19.39,333,90,60
2024,2024.04,5,Statistische Quartiere,24,Enge,9,"2 , 3  und 4 Zimmer",1,Gemeinnützig,2,Quadratmeter,2,brutto,16.68,16.21,17.15,14.05,12.93,14.75,15.9,15.22,16.89,18.44,18.2,19.16,332,90,59
2022,2022.04,5,Statistische Quartiere,24,Enge,9,"2 , 3  und 4 Zimmer",2,Nicht gemeinnützig,2,Quadratmeter,2,brutto,31.49,30.34,32.63,24.69,22.86,25.78,30.66,28.99,31.94,37.62,35.62,39.52,3218,621,119
2024,2024.04,5,Statistische Quartiere,24,Enge,9,"2 , 3  und 4 Zimmer",2,Nicht gemeinnützig,2,Quadratmeter,2,brutto,33.06,32.0,34.11,26.58,25.0,28.12,32.2,30.46,34.09,39.88,37.42,41.36,3237,676,170
2022,2022.04,5,Statistische Quartiere,31,Alt-Wiedikon,9,"2 , 3  und 4 Zimmer",1,Gemeinnützig,2,Quadratmeter,2,brutto,16.14,15.9,16.38,14.1,13.93,14.34,15.76,15.16,16.12,17.48,17.14,18.12,701,377,66
2024,2024.04,5,Statistische Quartiere,31,Alt-Wiedikon,9,"2 , 3  und 4 Zimmer",1,Gemeinnützig,2,Quadratmeter,2,brutto,18.19,17.63,18.75,14.31,14.05,14.82,16.96,16.38,17.39,19.84,19.08,20.36,715,376,68
2022,2022.04,5,Statistische Quartiere,31,Alt-Wiedikon,9,"2 , 3  und 4 Zimmer",2,Nicht gemeinnützig,2,Quadratmeter,2,brutto,27.4,26.6,28.2,21.97,21.3,23.0,26.37,24.91,27.66,31.73,30.06,33.6,6265,1041,131
2024,2024.04,5,Statistische Quartiere,31,Alt-Wiedikon,9,"2 , 3  und 4 Zimmer",2,Nicht gemeinnützig,2,Quadratmeter,2,brutto,29.29,28.58,30.01,22.82,22.28,24.02,28.36,27.3,29.12,33.93,32.78,34.98,6308,1087,209
2022,2022.04,5,Statistische Quartiere,33,Friesenberg,9,"2 , 3  und 4 Zimmer",1,Gemeinnützig,2,Quadratmeter,2,brutto,15.87,15.73,16.0,13.7,13.63,13.75,15.6,15.55,15.66,17.8,17.61,17.86,2637,2233,48
2024,2024.04,5,Statistische Quartiere,33,Friesenberg,9,"2 , 3  und 4 Zimmer",1,Gemeinnützig,2,Quadratmeter,2,brutto,16.42,16.35,16.48,14.43,14.41,14.44,16.06,16.04,16.1,18.04,17.97,18.11,2618,2296,69
2022,2022.04,5,Statistische Quartiere,33,Friesenberg,9,"2 , 3  und 4 Zimmer",2,Nicht gemeinnützig,2,Quadratmeter,2,brutto,26.14,25.32,26.97,21.2,20.22,23.39,25.93,25.17,27.54,30.11,28.65,31.16,792,195,66
2024,2024.04,5,Statistische Quartiere,33,Friesenberg,9,"2 , 3  und 4 Zimmer",2,Nicht gemeinnützig,2,Quadratmeter,2,brutto,28.48,27.73,29.23,22.92,21.8,24.36,27.9,26.79,29.31,33.64,33.02,34.77,842,194,99
2022,2022.04,5,Statistische Quartiere,34,Sihlfeld,9,"2 , 3  und 4 Zimmer",1,Gemeinnützig,2,Quadratmeter,2,brutto,15.75,15.32,16.19,12.96,12.68,13.08,14.75,14.13,15.61,18.01,17.38,18.91,3030,1265,86
2024,2024.04,5,Statistische Quartiere,34,Sihlfeld,9,"2 , 3  und 4 Zimmer",1,Gemeinnützig,2,Quadratmeter,2,brutto,17.07,16.54,17.59,14.34,13.54,14.79,16.46,16.01,17.24,19.86,19.06,20.41,2970,1270,75
2022,2022.04,5,Statistische Quartiere,34,Sihlfeld,9,"2 , 3  und 4 Zimmer",2,Nicht gemeinnützig,2,Quadratmeter,2,brutto,27.74,26.71,28.76,22.2,21.6,23.13,26.0,24.67,27.67,32.5,30.54,34.0,7065,813,148
2024,2024.04,5,Statistische Quartiere,34,Sihlfeld,9,"2 , 3  und 4 Zimmer",2,Nicht gemeinnützig,2,Quadratmeter,2,brutto,29.91,29.09,30.73,23.88,22.97,24.86,28.96,28.26,30.33,36.0,33.97,37.59,6843,1100,208
2022,2022.04,5,Statistische Quartiere,41,Werd,9,"2 , 3  und 4 Zimmer",1,Gemeinnützig,2,Quadratmeter,2,brutto,18.78,18.51,19.04,16.14,15.85,16.58,17.98,17.39,18.18,20.76,20.39,21.33,161,58,59
2024,2024.04,5,Statistische Quartiere,41,Werd,9,"2 , 3  und 4 Zimmer",1,Gemeinnützig,2,Quadratmeter,2,brutto,21.68,20.29,23.08,16.62,15.82,19.11,21.22,19.09,23.55,24.59,22.29,26.4,154,55,31
2022,2022.04,5,Statistische Quartiere,41,Werd,9,"2 , 3  und 4 Zimmer",2,Nicht gemeinnützig,2,Quadratmeter,2,brutto,30.25,29.3,31.2,24.4,23.27,26.11,29.47,28.55,30.8,36.12,34.35,37.35,1700,329,101
2024,2024.04,5,Statistische Quartiere,41,Werd,9,"2 , 3  und 4 Zimmer",2,Nicht gemeinnützig,2,Quadratmeter,2,brutto,32.12,31.21,33.03,24.82,24.01,26.76,31.51,30.22,33.12,39.05,37.38,39.91,1696,362,134
2022,2022.04,5,Statistische Quartiere,42,Langstrasse,9,"2 , 3  und 4 Zimmer",1,Gemeinnützig,2,Quadratmeter,2,brutto,20.3,19.57,21.02,14.67,14.2,15.3,18.93,18.26,19.45,22.63,21.88,24.52,846,583,42
2024,2024.04,5,Statistische Quartiere,42,Langstrasse,9,"2 , 3  und 4 Zimmer",1,Gemeinnützig,2,Quadratmeter,2,brutto,21.94,21.38,22.51,17.19,16.97,17.45,19.58,19.08,20.04,23.62,23.36,24.59,850,601,42
2022,2022.04,5,Statistische Quartiere,42,Langstrasse,9,"2 , 3  und 4 Zimmer",2,Nicht gemeinnützig,2,Quadratmeter,2,brutto,29.33,28.53,30.13,22.89,21.77,23.98,28.69,27.51,30.18,35.63,33.71,37.0,4174,631,138
2024,2024.04,5,Statistische Quartiere,42,Langstrasse,9,"2 , 3  und 4 Zimmer",2,Nicht gemeinnützig,2,Quadratmeter,2,brutto,32.07,31.32,32.82,24.9,23.81,26.4,31.76,30.36,32.47,37.99,36.94,39.57,4180,1106,192
2022,2022.04,5,Statistische Quartiere,44,Hard,9,"2 , 3  und 4 Zimmer",1,Gemeinnützig,2,Quadratmeter,2,brutto,16.19,15.87,16.51,13.57,13.43,13.73,15.18,14.94,15.35,17.05,16.81,17.43,2990,2209,65
2024,2024.04,5,Statistische Quartiere,44,Hard,9,"2 , 3  und 4 Zimmer",1,Gemeinnützig,2,Quadratmeter,2,brutto,17.68,17.42,17.94,15.23,15.08,15.35,16.67,16.59,16.76,18.89,18.58,19.16,3085,2442,63
2022,2022.04,5,Statistische Quartiere,44,Hard,9,"2 , 3  und 4 Zimmer",2,Nicht gemeinnützig,2,Quadratmeter,2,brutto,27.42,26.46,28.38,21.07,19.89,22.04,26.73,24.52,28.39,33.41,31.72,35.4,2539,367,131
2024,2024.04,5,Statistische Quartiere,44,Hard,9,"2 , 3  und 4 Zimmer",2,Nicht gemeinnützig,2,Quadratmeter,2,brutto,30.12,29.42,30.81,24.56,23.67,25.64,29.99,29.2,30.74,35.0,33.92,36.5,2484,278,193
2022,2022.04,5,Statistische Quartiere,51,Gewerbeschule,9,"2 , 3  und 4 Zimmer",1,Gemeinnützig,2,Quadratmeter,2,brutto,16.31,16.08,16.55,13.68,13.34,14.1,15.66,15.41,16.09,18.41,18.11,19.07,1463,976,60
2024,2024.04,5,Statistische Quartiere,51,Gewerbeschule,9,"2 , 3  und 4 Zimmer",1,Gemeinnützig,2,Quadratmeter,2,brutto,18.12,17.88,18.36,15.41,15.25,15.54,17.85,17.65,18.25,20.47,20.07,20.61,1480,997,59
2022,2022.04,5,Statistische Quartiere,51,Gewerbeschule,9,"2 , 3  und 4 Zimmer",2,Nicht gemeinnützig,2,Quadratmeter,2,brutto,28.85,27.68,30.03,23.12,21.61,24.85,28.27,25.96,29.25,33.07,31.51,36.46,2537,326,86
2024,2024.04,5,Statistische Quartiere,51,Gewerbeschule,9,"2 , 3  und 4 Zimmer",2,Nicht gemeinnützig,2,Quadratmeter,2,brutto,31.24,30.07,32.4,25.17,23.53,26.53,29.51,28.06,31.17,36.43,34.68,38.59,2475,327,131
2022,2022.04,5,Statistische Quartiere,52,Escher Wyss,9,"2 , 3  und 4 Zimmer",1,Gemeinnützig,2,Quadratmeter,2,brutto,13.64,13.61,13.66,11.62,11.61,11.65,12.9,12.85,13.0,15.49,15.39,15.55,217,214,0
2024,2024.04,5,Statistische Quartiere,52,Escher Wyss,9,"2 , 3  und 4 Zimmer",1,Gemeinnützig,2,Quadratmeter,2,brutto,13.87,13.87,13.87,11.82,11.85,11.85,12.55,12.55,12.55,15.83,15.78,15.78,182,182,0
2022,2022.04,5,Statistische Quartiere,52,Escher Wyss,9,"2 , 3  und 4 Zimmer",2,Nicht gemeinnützig,2,Quadratmeter,2,brutto,28.69,28.0,29.38,23.2,22.73,24.43,28.8,28.1,29.79,33.33,32.96,34.91,1687,642,106
2024,2024.04,5,Statistische Quartiere,52,Escher Wyss,9,"2 , 3  und 4 Zimmer",2,Nicht gemeinnützig,2,Quadratmeter,2,brutto,30.57,30.02,31.11,25.25,23.78,26.4,31.57,30.75,32.19,36.06,35.22,36.9,1575,646,103
2022,2022.04,5,Statistische Quartiere,61,Unterstrass,9,"2 , 3  und 4 Zimmer",1,Gemeinnützig,2,Quadratmeter,2,brutto,16.58,16.27,16.88,14.79,14.63,15.1,15.87,15.66,16.24,17.2,17.17,17.7,3299,1808,55
2024,2024.04,5,Statistische Quartiere,61,Unterstrass,9,"2 , 3  und 4 Zimmer",1,Gemeinnützig,2,Quadratmeter,2,brutto,17.7,17.48,17.91,15.85,15.68,15.97,17.33,17.16,17.66,18.97,18.45,19.56,3446,2019,70
2022,2022.04,5,Statistische Quartiere,61,Unterstrass,9,"2 , 3  und 4 Zimmer",2,Nicht gemeinnützig,2,Quadratmeter,2,brutto,27.84,26.9,28.78,22.61,21.43,23.99,27.72,26.42,28.57,32.71,31.79,34.46,5683,920,140
2024,2024.04,5,Statistische Quartiere,61,Unterstrass,9,"2 , 3  und 4 Zimmer",2,Nicht gemeinnützig,2,Quadratmeter,2,brutto,29.7,28.93,30.48,23.67,22.51,25.29,29.94,28.3,30.87,34.85,33.82,36.03,5529,975,204
2022,2022.04,5,Statistische Quartiere,63,Oberstrass,9,"2 , 3  und 4 Zimmer",1,Gemeinnützig,2,Quadratmeter,2,brutto,17.44,17.22,17.65,14.43,14.36,14.47,16.39,16.35,16.45,18.48,18.27,18.64,472,376,56
2024,2024.04,5,Statistische Quartiere,63,Oberstrass,9,"2 , 3  und 4 Zimmer",1,Gemeinnützig,2,Quadratmeter,2,brutto,18.48,18.26,18.7,15.29,15.25,15.37,17.46,17.41,17.53,19.72,19.56,19.93,478,384,58
2022,2022.04,5,Statistische Quartiere,63,Oberstrass,9,"2 , 3  und 4 Zimmer",2,Nicht gemeinnützig,2,Quadratmeter,2,brutto,30.15,28.9,31.41,23.97,22.58,25.78,30.04,28.07,31.17,35.81,33.74,37.76,2722,183,122
2024,2024.04,5,Statistische Quartiere,63,Oberstrass,9,"2 , 3  und 4 Zimmer",2,Nicht gemeinnützig,2,Quadratmeter,2,brutto,31.91,30.85,32.97,24.08,22.18,25.75,31.87,30.85,32.62,37.78,36.21,39.4,2674,250,175
2022,2022.04,5,Statistische Quartiere,71,Fluntern,9,"2 , 3  und 4 Zimmer",1,Gemeinnützig,2,Quadratmeter,2,brutto,18.2,17.85,18.55,15.72,15.69,15.77,17.32,17.27,17.57,19.63,19.51,20.05,174,146,4
2024,2024.04,5,Statistische Quartiere,71,Fluntern,9,"2 , 3  und 4 Zimmer",1,Gemeinnützig,2,Quadratmeter,2,brutto,20.39,20.0,20.78,16.54,16.37,16.71,17.95,17.84,18.02,19.9,19.54,20.16,185,159,0
2022,2022.04,5,Statistische Quartiere,71,Fluntern,9,"2 , 3  und 4 Zimmer",2,Nicht gemeinnützig,2,Quadratmeter,2,brutto,31.58,30.35,32.81,25.79,23.13,27.3,32.0,30.18,33.52,36.19,35.59,38.15,1908,287,116
2024,2024.04,5,Statistische Quartiere,71,Fluntern,9,"2 , 3  und 4 Zimmer",2,Nicht gemeinnützig,2,Quadratmeter,2,brutto,33.29,32.32,34.25,25.91,25.0,27.45,32.18,31.25,33.16,38.09,36.79,39.53,1837,302,164
2022,2022.04,5,Statistische Quartiere,72,Hottingen,9,"2 , 3  und 4 Zimmer",1,Gemeinnützig,2,Quadratmeter,2,brutto,22.31,22.14,22.48,19.05,18.95,19.13,22.87,22.68,23.11,25.49,25.36,25.69,377,276,78
2024,2024.04,5,Statistische Quartiere,72,Hottingen,9,"2 , 3  und 4 Zimmer",1,Gemeinnützig,2,Quadratmeter,2,brutto,25.04,24.76,25.31,21.9,21.6,22.12,24.91,24.71,25.11,27.41,27.12,27.66,379,279,67
2022,2022.04,5,Statistische Quartiere,72,Hottingen,9,"2 , 3  und 4 Zimmer",2,Nicht gemeinnützig,2,Quadratmeter,2,brutto,30.58,29.13,32.03,24.27,22.7,26.19,30.68,28.38,31.85,35.29,33.87,36.62,3005,253,127
2024,2024.04,5,Statistische Quartiere,72,Hottingen,9,"2 , 3  und 4 Zimmer",2,Nicht gemeinnützig,2,Quadratmeter,2,brutto,33.49,32.36,34.61,27.24,25.6,28.53,32.96,31.43,33.8,38.66,36.37,39.37,2960,280,164
2022,2022.04,5,Statistische Quartiere,73,Hirslanden,9,"2 , 3  und 4 Zimmer",1,Gemeinnützig,2,Quadratmeter,2,brutto,16.37,16.07,16.66,13.76,13.59,14.67,15.41,14.77,16.68,19.13,17.69,19.44,388,143,37
2024,2024.04,5,Statistische Quartiere,73,Hirslanden,9,"2 , 3  und 4 Zimmer",1,Gemeinnützig,2,Quadratmeter,2,brutto,17.45,17.24,17.65,14.17,14.11,14.62,15.54,14.99,16.54,19.99,19.5,20.65,416,158,34
2022,2022.04,5,Statistische Quartiere,73,Hirslanden,9,"2 , 3  und 4 Zimmer",2,Nicht gemeinnützig,2,Quadratmeter,2,brutto,27.66,26.6,28.73,22.21,20.69,24.38,28.22,26.7,29.23,32.59,30.44,35.37,2305,245,107
2024,2024.04,5,Statistische Quartiere,73,Hirslanden,9,"2 , 3  und 4 Zimmer",2,Nicht gemeinnützig,2,Quadratmeter,2,brutto,30.28,29.34,31.23,23.69,22.28,25.27,30.59,29.3,31.68,36.62,35.07,37.69,2351,295,166
2022,2022.04,5,Statistische Quartiere,74,Witikon,9,"2 , 3  und 4 Zimmer",1,Gemeinnützig,2,Quadratmeter,2,brutto,16.59,16.39,16.78,13.53,13.28,13.85,15.4,14.82,15.95,19.2,18.66,19.57,300,152,60
2024,2024.04,5,Statistische Quartiere,74,Witikon,9,"2 , 3  und 4 Zimmer",1,Gemeinnützig,2,Quadratmeter,2,brutto,18.16,17.31,19.01,13.45,13.29,14.18,16.19,15.04,19.1,22.46,21.46,23.27,362,144,39
2022,2022.04,5,Statistische Quartiere,74,Witikon,9,"2 , 3  und 4 Zimmer",2,Nicht gemeinnützig,2,Quadratmeter,2,brutto,24.46,23.73,25.2,20.29,19.47,21.82,24.0,23.42,24.94,27.1,25.36,29.12,3103,603,94
2024,2024.04,5,Statistische Quartiere,74,Witikon,9,"2 , 3  und 4 Zimmer",2,Nicht gemeinnützig,2,Quadratmeter,2,brutto,27.1,26.44,27.77,22.24,21.69,23.18,26.56,25.96,27.08,30.33,29.61,31.62,3044,704,148
2022,2022.04,5,Statistische Quartiere,81,Seefeld,9,"2 , 3  und 4 Zimmer",1,Gemeinnützig,2,Quadratmeter,2,brutto,18.68,18.56,18.81,16.43,16.14,16.46,17.09,16.97,17.09,20.06,19.93,20.25,189,182,0
2024,2024.04,5,Statistische Quartiere,81,Seefeld,9,"2 , 3  und 4 Zimmer",1,Gemeinnützig,2,Quadratmeter,2,brutto,20.13,19.96,20.31,17.46,17.45,17.52,18.37,18.31,18.41,21.74,21.65,22.16,180,163,10
2022,2022.04,5,Statistische Quartiere,81,Seefeld,9,"2 , 3  und 4 Zimmer",2,Nicht gemeinnützig,2,Quadratmeter,2,brutto,34.45,33.31,35.6,27.49,25.11,29.34,35.47,33.04,36.61,40.68,38.72,41.93,2484,418,127
2024,2024.04,5,Statistische Quartiere,81,Seefeld,9,"2 , 3  und 4 Zimmer",2,Nicht gemeinnützig,2,Quadratmeter,2,brutto,36.88,35.84,37.92,28.5,26.79,30.48,36.98,35.98,38.33,43.25,41.56,44.85,2429,480,183
2022,2022.04,5,Statistische Quartiere,82,Mühlebach,9,"2 , 3  und 4 Zimmer",1,Gemeinnützig,2,Quadratmeter,2,brutto,17.4,17.31,17.49,14.2,14.19,14.24,15.91,15.9,15.98,18.29,18.13,18.37,249,244,0
2024,2024.04,5,Statistische Quartiere,82,Mühlebach,9,"2 , 3  und 4 Zimmer",1,Gemeinnützig,2,Quadratmeter,2,brutto,19.46,19.38,19.53,15.98,15.92,16.02,18.11,18.09,18.15,21.18,20.86,21.2,245,242,0
2022,2022.04,5,Statistische Quartiere,82,Mühlebach,9,"2 , 3  und 4 Zimmer",2,Nicht gemeinnützig,2,Quadratmeter,2,brutto,33.27,32.14,34.4,26.14,24.68,27.14,33.9,31.92,34.77,40.0,38.61,42.5,2232,542,117
2024,2024.04,5,Statistische Quartiere,82,Mühlebach,9,"2 , 3  und 4 Zimmer",2,Nicht gemeinnützig,2,Quadratmeter,2,brutto,34.75,33.82,35.67,26.25,25.58,27.79,35.17,32.88,36.44,43.25,41.66,44.45,2249,618,168
2022,2022.04,5,Statistische Quartiere,83,Weinegg,9,"2 , 3  und 4 Zimmer",1,Gemeinnützig,2,Quadratmeter,2,brutto,16.57,16.33,16.8,13.56,13.35,13.89,16.13,15.89,16.15,17.93,17.14,18.02,157,133,0
2024,2024.04,5,Statistische Quartiere,83,Weinegg,9,"2 , 3  und 4 Zimmer",1,Gemeinnützig,2,Quadratmeter,2,brutto,17.74,17.58,17.9,14.19,14.19,14.58,16.25,16.21,16.45,19.95,19.53,20.13,160,124,28
2022,2022.04,5,Statistische Quartiere,83,Weinegg,9,"2 , 3  und 4 Zimmer",2,Nicht gemeinnützig,2,Quadratmeter,2,brutto,27.79,26.65,28.93,20.63,19.09,22.57,27.65,26.63,29.74,33.5,32.22,34.3,1663,160,101
2024,2024.04,5,Statistische Quartiere,83,Weinegg,9,"2 , 3  und 4 Zimmer",2,Nicht gemeinnützig,2,Quadratmeter,2,brutto,32.17,31.2,33.14,24.88,23.32,26.11,31.32,29.79,33.04,38.16,36.76,40.1,1632,162,161
2022,2022.04,5,Statistische Quartiere,91,Albisrieden,9,"2 , 3  und 4 Zimmer",1,Gemeinnützig,2,Quadratmeter,2,brutto,16.98,16.76,17.19,13.96,13.7,14.39,16.37,16.11,16.59,19.17,18.79,19.44,3608,2030,99
2024,2024.04,5,Statistische Quartiere,91,Albisrieden,9,"2 , 3  und 4 Zimmer",1,Gemeinnützig,2,Quadratmeter,2,brutto,18.38,18.06,18.7,15.33,14.97,15.91,17.67,17.36,18.08,20.94,20.42,21.29,3499,2059,74
2022,2022.04,5,Statistische Quartiere,91,Albisrieden,9,"2 , 3  und 4 Zimmer",2,Nicht gemeinnützig,2,Quadratmeter,2,brutto,26.38,25.66,27.1,21.67,20.51,22.79,25.89,24.6,26.87,30.26,29.0,30.79,5263,1040,106
2024,2024.04,5,Statistische Quartiere,91,Albisrieden,9,"2 , 3  und 4 Zimmer",2,Nicht gemeinnützig,2,Quadratmeter,2,brutto,29.08,28.61,29.56,23.08,22.28,23.87,28.2,27.71,28.93,34.29,32.78,34.98,5492,1255,157
2022,2022.04,5,Statistische Quartiere,92,Altstetten,9,"2 , 3  und 4 Zimmer",1,Gemeinnützig,2,Quadratmeter,2,brutto,16.87,16.56,17.18,14.38,14.08,14.64,16.29,15.9,16.94,18.72,18.25,19.11,4406,2407,83
2024,2024.04,5,Statistische Quartiere,92,Altstetten,9,"2 , 3  und 4 Zimmer",1,Gemeinnützig,2,Quadratmeter,2,brutto,17.79,17.54,18.05,15.41,15.23,15.68,17.13,16.89,17.61,19.45,18.84,19.82,4336,2523,80
2022,2022.04,5,Statistische Quartiere,92,Altstetten,9,"2 , 3  und 4 Zimmer",2,Nicht gemeinnützig,2,Quadratmeter,2,brutto,26.23,25.61,26.85,22.02,21.19,22.85,25.02,24.41,26.22,29.48,28.57,31.29,9704,1387,139
2024,2024.04,5,Statistische Quartiere,92,Altstetten,9,"2 , 3  und 4 Zimmer",2,Nicht gemeinnützig,2,Quadratmeter,2,brutto,28.08,27.64,28.52,23.05,22.23,23.76,27.5,26.82,28.09,32.82,31.78,33.7,9919,2800,194
2022,2022.04,5,Statistische Quartiere,101,Höngg,9,"2 , 3  und 4 Zimmer",1,Gemeinnützig,2,Quadratmeter,2,brutto,16.93,16.57,17.3,14.58,14.38,14.71,15.85,15.7,16.1,18.26,17.9,18.65,2345,1764,59
2024,2024.04,5,Statistische Quartiere,101,Höngg,9,"2 , 3  und 4 Zimmer",1,Gemeinnützig,2,Quadratmeter,2,brutto,17.99,17.72,18.26,15.44,15.32,15.66,17.39,17.03,17.64,19.67,19.28,20.1,2320,1779,54
2022,2022.04,5,Statistische Quartiere,101,Höngg,9,"2 , 3  und 4 Zimmer",2,Nicht gemeinnützig,2,Quadratmeter,2,brutto,26.57,25.52,27.62,21.77,21.0,22.78,25.64,24.79,26.71,30.18,29.45,31.15,5907,1280,115
2024,2024.04,5,Statistische Quartiere,101,Höngg,9,"2 , 3  und 4 Zimmer",2,Nicht gemeinnützig,2,Quadratmeter,2,brutto,26.49,25.92,27.05,22.02,21.28,22.86,25.84,25.05,26.87,30.6,29.72,31.25,5877,1339,171
2022,2022.04,5,Statistische Quartiere,102,Wipkingen,9,"2 , 3  und 4 Zimmer",1,Gemeinnützig,2,Quadratmeter,2,brutto,17.26,16.93,17.59,14.44,14.03,14.85,17.11,16.36,17.59,19.69,19.04,20.24,2338,1347,86
2024,2024.04,5,Statistische Quartiere,102,Wipkingen,9,"2 , 3  und 4 Zimmer",1,Gemeinnützig,2,Quadratmeter,2,brutto,18.33,18.07,18.59,15.98,15.47,16.16,17.64,17.35,18.12,20.26,19.81,21.03,2349,1351,80
2022,2022.04,5,Statistische Quartiere,102,Wipkingen,9,"2 , 3  und 4 Zimmer",2,Nicht gemeinnützig,2,Quadratmeter,2,brutto,27.67,26.48,28.85,22.05,21.29,23.73,26.87,25.22,28.22,31.4,30.46,33.03,4499,569,113
2024,2024.04,5,Statistische Quartiere,102,Wipkingen,9,"2 , 3  und 4 Zimmer",2,Nicht gemeinnützig,2,Quadratmeter,2,brutto,28.76,27.86,29.67,23.88,22.33,25.1,28.03,26.99,29.17,33.15,31.43,34.54,4447,459,159
2022,2022.04,5,Statistische Quartiere,111,Affoltern,9,"2 , 3  und 4 Zimmer",1,Gemeinnützig,2,Quadratmeter,2,brutto,17.05,16.85,17.26,15.03,14.93,15.15,16.13,15.93,16.38,18.75,18.37,18.88,3739,2393,129
2024,2024.04,5,Statistische Quartiere,111,Affoltern,9,"2 , 3  und 4 Zimmer",1,Gemeinnützig,2,Quadratmeter,2,brutto,18.54,18.28,18.8,15.87,15.78,16.03,17.86,17.63,18.13,20.29,19.91,20.8,3835,2304,120
2022,2022.04,5,Statistische Quartiere,111,Affoltern,9,"2 , 3  und 4 Zimmer",2,Nicht gemeinnützig,2,Quadratmeter,2,brutto,23.46,22.87,24.05,19.65,18.8,20.41,23.47,22.32,24.26,26.88,25.6,27.45,5124,1397,106
2024,2024.04,5,Statistische Quartiere,111,Affoltern,9,"2 , 3  und 4 Zimmer",2,Nicht gemeinnützig,2,Quadratmeter,2,brutto,25.35,24.82,25.88,21.0,20.45,22.03,24.96,24.45,25.29,29.01,28.0,29.86,4985,1188,154
2022,2022.04,5,Statistische Quartiere,115,Oerlikon,9,"2 , 3  und 4 Zimmer",1,Gemeinnützig,2,Quadratmeter,2,brutto,16.34,16.05,16.63,14.29,14.03,14.39,15.76,15.58,15.91,17.83,17.02,18.37,1341,969,64
2024,2024.04,5,Statistische Quartiere,115,Oerlikon,9,"2 , 3  und 4 Zimmer",1,Gemeinnützig,2,Quadratmeter,2,brutto,17.91,17.58,18.23,15.58,15.41,15.7,16.92,16.85,17.13,19.88,19.29,20.63,1403,1065,48
2022,2022.04,5,Statistische Quartiere,115,Oerlikon,9,"2 , 3  und 4 Zimmer",2,Nicht gemeinnützig,2,Quadratmeter,2,brutto,26.48,25.84,27.11,22.37,21.35,23.14,25.92,25.17,26.61,29.82,29.38,31.17,7609,1425,140
2024,2024.04,5,Statistische Quartiere,115,Oerlikon,9,"2 , 3  und 4 Zimmer",2,Nicht gemeinnützig,2,Quadratmeter,2,brutto,27.96,27.4,28.52,23.11,22.68,23.8,27.29,26.58,28.09,32.28,31.55,33.14,7164,1493,185
2022,2022.04,5,Statistische Quartiere,119,Seebach,9,"2 , 3  und 4 Zimmer",1,Gemeinnützig,2,Quadratmeter,2,brutto,16.12,15.9,16.35,13.83,13.68,14.0,15.22,15.01,15.51,18.36,17.64,18.69,2387,1724,80
2024,2024.04,5,Statistische Quartiere,119,Seebach,9,"2 , 3  und 4 Zimmer",1,Gemeinnützig,2,Quadratmeter,2,brutto,17.23,17.07,17.4,14.36,14.22,14.48,16.3,16.09,16.57,19.43,19.12,19.68,2425,1923,79
2022,2022.04,5,Statistische Quartiere,119,Seebach,9,"2 , 3  und 4 Zimmer",2,Nicht gemeinnützig,2,Quadratmeter,2,brutto,24.78,24.26,25.31,21.3,20.21,21.98,24.21,23.67,24.92,27.97,26.96,29.06,6461,1378,140
2024,2024.04,5,Statistische Quartiere,119,Seebach,9,"2 , 3  und 4 Zimmer",2,Nicht gemeinnützig,2,Quadratmeter,2,brutto,26.45,25.89,27.0,21.69,21.09,22.2,25.83,25.35,26.65,30.23,29.25,31.25,6606,1328,196
2022,2022.04,5,Statistische Quartiere,121,Saatlen,9,"2 , 3  und 4 Zimmer",1,Gemeinnützig,2,Quadratmeter,2,brutto,15.84,15.67,16.01,13.64,13.4,13.76,15.6,15.4,15.67,17.95,17.52,18.42,2351,1641,52
2024,2024.04,5,Statistische Quartiere,121,Saatlen,9,"2 , 3  und 4 Zimmer",1,Gemeinnützig,2,Quadratmeter,2,brutto,16.58,16.31,16.85,14.37,14.13,14.78,16.07,15.72,16.49,18.65,18.15,19.27,2350,1467,51
2022,2022.04,5,Statistische Quartiere,121,Saatlen,9,"2 , 3  und 4 Zimmer",2,Nicht gemeinnützig,2,Quadratmeter,2,brutto,24.44,23.47,25.4,19.93,17.45,21.78,25.07,24.48,25.96,28.35,26.87,29.68,517,48,59
2024,2024.04,5,Statistische Quartiere,121,Saatlen,9,"2 , 3  und 4 Zimmer",2,Nicht gemeinnützig,2,Quadratmeter,2,brutto,25.64,24.85,26.43,21.71,20.67,22.92,26.04,25.52,26.77,28.33,28.14,29.56,480,50,83
2022,2022.04,5,Statistische Quartiere,122,Schwamendingen-Mitte,9,"2 , 3  und 4 Zimmer",1,Gemeinnützig,2,Quadratmeter,2,brutto,15.51,15.24,15.79,12.62,12.45,12.84,15.0,14.8,15.17,17.79,17.06,18.08,1652,931,94
2024,2024.04,5,Statistische Quartiere,122,Schwamendingen-Mitte,9,"2 , 3  und 4 Zimmer",1,Gemeinnützig,2,Quadratmeter,2,brutto,16.76,16.53,16.99,14.18,13.8,14.72,16.23,15.91,16.67,19.31,18.8,19.81,1768,941,90
2022,2022.04,5,Statistische Quartiere,122,Schwamendingen-Mitte,9,"2 , 3  und 4 Zimmer",2,Nicht gemeinnützig,2,Quadratmeter,2,brutto,23.43,22.69,24.18,19.76,19.1,20.68,23.66,23.08,24.74,26.51,25.59,27.68,2760,346,96
2024,2024.04,5,Statistische Quartiere,122,Schwamendingen-Mitte,9,"2 , 3  und 4 Zimmer",2,Nicht gemeinnützig,2,Quadratmeter,2,brutto,24.46,23.8,25.11,21.12,20.0,21.73,24.19,23.41,25.26,27.64,26.52,28.62,2753,319,140
2022,2022.04,5,Statistische Quartiere,123,Hirzenbach,9,"2 , 3  und 4 Zimmer",1,Gemeinnützig,2,Quadratmeter,2,brutto,16.0,15.82,16.18,13.05,12.94,13.25,15.15,14.83,15.62,18.65,18.37,18.89,2388,1721,69
2024,2024.04,5,Statistische Quartiere,123,Hirzenbach,9,"2 , 3  und 4 Zimmer",1,Gemeinnützig,2,Quadratmeter,2,brutto,16.79,16.65,16.93,14.4,14.19,14.56,16.66,16.53,16.88,18.97,18.84,19.09,2471,1810,68
2022,2022.04,5,Statistische Quartiere,123,Hirzenbach,9,"2 , 3  und 4 Zimmer",2,Nicht gemeinnützig,2,Quadratmeter,2,brutto,24.39,23.84,24.93,20.89,20.28,21.55,24.45,23.19,25.19,27.64,27.01,28.43,2476,888,76
2024,2024.04,5,Statistische Quartiere,123,Hirzenbach,9,"2 , 3  und 4 Zimmer",2,Nicht gemeinnützig,2,Quadratmeter,2,brutto,25.94,25.52,26.37,22.52,21.85,23.27,26.17,25.55,26.66,29.33,28.72,30.07,2145,789,126
